{"data": [{"all_awardings": [{"award_sub_type": "PREMIUM", "award_type": "global", "awardings_required_to_grant_benefits": null, "coin_price": 30, "coin_reward": 0, "count": 1, "days_of_drip_extension": null, "days_of_premium": null, "description": "A glittering stamp for a feel-good thing", "end_date": null, "giver_coin_reward": null, "icon_format": null, "icon_height": 2048, "icon_url": "https://i.redd.it/award_images/t5_22cerq/b9ks3a5k7jj41_WholesomeSealofApproval.png", "icon_width": 2048, "id": "award_c4b2e438-16bb-4568-88e7-7893b7662944", "is_enabled": true, "is_new": false, "name": "Wholesome Seal of Approval", "penny_donate": null, "penny_price": null, "resized_icons": [{"height": 16, "url": "https://preview.redd.it/award_images/t5_22cerq/b9ks3a5k7jj41_WholesomeSealofApproval.png?width=16&amp;height=16&amp;auto=webp&amp;v=enabled&amp;s=703f779c36fa6c24a87048219c8ad79c38f588dc", "width": 16}, {"height": 32, "url": "https://preview.redd.it/award_images/t5_22cerq/b9ks3a5k7jj41_WholesomeSealofApproval.png?width=32&amp;height=32&amp;auto=webp&amp;v=enabled&amp;s=f1353fd49988371ae4b98114d2f30ad3abd2435e", "width": 32}, {"height": 48, "url": "https://preview.redd.it/award_images/t5_22cerq/b9ks3a5k7jj41_WholesomeSealofApproval.png?width=48&amp;height=48&amp;auto=webp&amp;v=enabled&amp;s=a6325378b5acbd6940233feeeab0d6cc936467c9", "width": 48}, {"height": 64, "url": "https://preview.redd.it/award_images/t5_22cerq/b9ks3a5k7jj41_WholesomeSealofApproval.png?width=64&amp;height=64&amp;auto=webp&amp;v=enabled&amp;s=aa1d8321e60dc611ebc686f814b0ad996d1056c5", "width": 64}, {"height": 128, "url": "https://preview.redd.it/award_images/t5_22cerq/b9ks3a5k7jj41_WholesomeSealofApproval.png?width=128&amp;height=128&amp;auto=webp&amp;v=enabled&amp;s=4c5a9a5cf1591f7074c67a67339e34fbf34a3107", "width": 128}], "resized_static_icons": [{"height": 16, "url": "https://preview.redd.it/award_images/t5_22cerq/b9ks3a5k7jj41_WholesomeSealofApproval.png?width=16&amp;height=16&amp;auto=webp&amp;v=enabled&amp;s=703f779c36fa6c24a87048219c8ad79c38f588dc", "width": 16}, {"height": 32, "url": "https://preview.redd.it/award_images/t5_22cerq/b9ks3a5k7jj41_WholesomeSealofApproval.png?width=32&amp;height=32&amp;auto=webp&amp;v=enabled&amp;s=f1353fd49988371ae4b98114d2f30ad3abd2435e", "width": 32}, {"height": 48, "url": "https://preview.redd.it/award_images/t5_22cerq/b9ks3a5k7jj41_WholesomeSealofApproval.png?width=48&amp;height=48&amp;auto=webp&amp;v=enabled&amp;s=a6325378b5acbd6940233feeeab0d6cc936467c9", "width": 48}, {"height": 64, "url": "https://preview.redd.it/award_images/t5_22cerq/b9ks3a5k7jj41_WholesomeSealofApproval.png?width=64&amp;height=64&amp;auto=webp&amp;v=enabled&amp;s=aa1d8321e60dc611ebc686f814b0ad996d1056c5", "width": 64}, {"height": 128, "url": "https://preview.redd.it/award_images/t5_22cerq/b9ks3a5k7jj41_WholesomeSealofApproval.png?width=128&amp;height=128&amp;auto=webp&amp;v=enabled&amp;s=4c5a9a5cf1591f7074c67a67339e34fbf34a3107", "width": 128}], "start_date": null, "static_icon_height": 2048, "static_icon_url": "https://i.redd.it/award_images/t5_22cerq/b9ks3a5k7jj41_WholesomeSealofApproval.png", "static_icon_width": 2048, "sticky_duration_seconds": null, "subreddit_coin_reward": 0, "subreddit_id": null, "tiers_by_required_awardings": null}], "allow_live_comments": false, "archived": false, "author": "ppseeds", "author_created_utc": 1518222553, "author_flair_background_color": null, "author_flair_css_class": null, "author_flair_richtext": [], "author_flair_template_id": null, "author_flair_text": null, "author_flair_text_color": null, "author_flair_type": "text", "author_fullname": "t2_w7v9rg0", "author_patreon_flair": false, "author_premium": true, "awarders": [], "banned_by": null, "can_gild": true, "can_mod_post": false, "category": null, "content_categories": null, "contest_mode": false, "created_utc": 1678656327, "discussion_type": null, "distinguished": "moderator", "domain": "i.redd.it", "edited": false, "gilded": 0, "gildings": {}, "hidden": false, "hide_score": false, "id": "11pqc9s", "is_created_from_ads_ui": false, "is_crosspostable": true, "is_meta": false, "is_original_content": false, "is_reddit_media_domain": true, "is_robot_indexable": true, "is_self": false, "is_video": false, "link_flair_background_color": "", "link_flair_css_class": null, "link_flair_richtext": [], "link_flair_text": null, "link_flair_text_color": "dark", "link_flair_type": "text", "locked": false, "media": null, "media_embed": {}, "media_only": false, "name": "t3_11pqc9s", "no_follow": false, "num_comments": 12, "num_crossposts": 0, "over_18": false, "parent_whitelist_status": null, "permalink": "/r/ThePPShow/comments/11pqc9s/lighting_warrior_will_be_scheduled_on_wednesday/", "pinned": false, "post_hint": "image", "preview": {"enabled": true, "images": [{"id": "cIWKyuwXXGreX8RZ-tHveXK91e4Ix2Kgn5Uaqn2FZbg", "resolutions": [{"height": 56, "url": "https://preview.redd.it/rcw039623fna1.jpg?width=108&amp;crop=smart&amp;auto=webp&amp;v=enabled&amp;s=6a4a38df4d6978b964ddb321f94179f8ce1d68d3", "width": 108}, {"height": 113, "url": "https://preview.redd.it/rcw039623fna1.jpg?width=216&amp;crop=smart&amp;auto=webp&amp;v=enabled&amp;s=d557e88160707751b96c4a73655ca57ea5fcea7b", "width": 216}, {"height": 168, "url": "https://preview.redd.it/rcw039623fna1.jpg?width=320&amp;crop=smart&amp;auto=webp&amp;v=enabled&amp;s=c5ac9cfc28f180f80baac79318d8a01044059519", "width": 320}, {"height": 337, "url": "https://preview.redd.it/rcw039623fna1.jpg?width=640&amp;crop=smart&amp;auto=webp&amp;v=enabled&amp;s=729081b1624a35ab9ebcd18de63ea8455f1083ea", "width": 640}], "source": {"height": 436, "url": "https://preview.redd.it/rcw039623fna1.jpg?auto=webp&amp;v=enabled&amp;s=7fcfcc787b48205acfda6763ddb9dea69c31354b", "width": 828}, "variants": {}}]}, "pwls": null, "quarantine": false, "removed_by": null, "removed_by_category": null, "retrieved_on": 1681011074, "score": 49, "secure_media": null, "secure_media_embed": {}, "selftext": "", "send_replies": true, "spoiler": false, "stickied": false, "subreddit": "ThePPShow", "subreddit_id": "t5_7q5o7y", "subreddit_name_prefixed": "r/ThePPShow", "subreddit_subscribers": 1239, "subreddit_type": "public", "suggested_sort": null, "thumbnail": "https://b.thumbs.redditmedia.com/Smu-uMm52UFt9bI9BcamxWXJ2JdzJOROsBV0-3t1Dng.jpg", "thumbnail_height": 73, "thumbnail_width": 140, "title": "Lighting Warrior will be scheduled on Wednesday or Thursday for ThePPShow as well this week! Nice line up of guests! Let\u2019s keep growing!", "top_awarded_type": null, "total_awards_received": 1, "treatment_tags": [], "upvote_ratio": 0.95, "url": "https://i.redd.it/rcw039623fna1.jpg", "url_overridden_by_dest": "https://i.redd.it/rcw039623fna1.jpg", "view_count": null, "whitelist_status": null, "wls": null}, {"all_awardings": [{"award_sub_type": "PREMIUM", "award_type": "global", "awardings_required_to_grant_benefits": null, "coin_price": 30, "coin_reward": 0, "count": 1, "days_of_drip_extension": null, "days_of_premium": null, "description": "A golden splash of respect", "end_date": null, "giver_coin_reward": null, "icon_format": null, "icon_height": 2048, "icon_url": "https://i.redd.it/award_images/t5_22cerq/80j20o397jj41_NarwhalSalute.png", "icon_width": 2048, "id": "award_a2506925-fc82-4d6c-ae3b-b7217e09d7f0", "is_enabled": true, "is_new": false, "name": "Narwhal Salute", "penny_donate": null, "penny_price": null, "resized_icons": [{"height": 16, "url": "https://preview.redd.it/award_images/t5_22cerq/80j20o397jj41_NarwhalSalute.png?width=16&amp;height=16&amp;auto=webp&amp;v=enabled&amp;s=8a2a2acbd09705a194b77e9d555b630ec0ed9966", "width": 16}, {"height": 32, "url": "https://preview.redd.it/award_images/t5_22cerq/80j20o397jj41_NarwhalSalute.png?width=32&amp;height=32&amp;auto=webp&amp;v=enabled&amp;s=a1b4dc570c54d4835d396ce6f327cc5df2cd067c", "width": 32}, {"height": 48, "url": "https://preview.redd.it/award_images/t5_22cerq/80j20o397jj41_NarwhalSalute.png?width=48&amp;height=48&amp;auto=webp&amp;v=enabled&amp;s=e4979f617effb9d355397aa2c3f8032870f96fd3", "width": 48}, {"height": 64, "url": "https://preview.redd.it/award_images/t5_22cerq/80j20o397jj41_NarwhalSalute.png?width=64&amp;height=64&amp;auto=webp&amp;v=enabled&amp;s=12d699f41173c6ed50555c5689b463020696a5d3", "width": 64}, {"height": 128, "url": "https://preview.redd.it/award_images/t5_22cerq/80j20o397jj41_NarwhalSalute.png?width=128&amp;height=128&amp;auto=webp&amp;v=enabled&amp;s=5716709f7a329eb81103a5acfee4a545ec0be9b0", "width": 128}], "resized_static_icons": [{"height": 16, "url": "https://preview.redd.it/award_images/t5_22cerq/80j20o397jj41_NarwhalSalute.png?width=16&amp;height=16&amp;auto=webp&amp;v=enabled&amp;s=8a2a2acbd09705a194b77e9d555b630ec0ed9966", "width": 16}, {"height": 32, "url": "https://preview.redd.it/award_images/t5_22cerq/80j20o397jj41_NarwhalSalute.png?width=32&amp;height=32&amp;auto=webp&amp;v=enabled&amp;s=a1b4dc570c54d4835d396ce6f327cc5df2cd067c", "width": 32}, {"height": 48, "url": "https://preview.redd.it/award_images/t5_22cerq/80j20o397jj41_NarwhalSalute.png?width=48&amp;height=48&amp;auto=webp&amp;v=enabled&amp;s=e4979f617effb9d355397aa2c3f8032870f96fd3", "width": 48}, {"height": 64, "url": "https://preview.redd.it/award_images/t5_22cerq/80j20o397jj41_NarwhalSalute.png?width=64&amp;height=64&amp;auto=webp&amp;v=enabled&amp;s=12d699f41173c6ed50555c5689b463020696a5d3", "width": 64}, {"height": 128, "url": "https://preview.redd.it/award_images/t5_22cerq/80j20o397jj41_NarwhalSalute.png?width=128&amp;height=128&amp;auto=webp&amp;v=enabled&amp;s=5716709f7a329eb81103a5acfee4a545ec0be9b0", "width": 128}], "start_date": null, "static_icon_height": 2048, "static_icon_url": "https://i.redd.it/award_images/t5_22cerq/80j20o397jj41_NarwhalSalute.png", "static_icon_width": 2048, "sticky_duration_seconds": null, "subreddit_coin_reward": 0, "subreddit_id": null, "tiers_by_required_awardings": null}, {"award_sub_type": "PREMIUM", "award_type": "global", "awardings_required_to_grant_benefits": null, "coin_price": 30, "coin_reward": 0, "count": 1, "days_of_drip_extension": null, "days_of_premium": null, "description": "A glittering stamp for a feel-good thing", "end_date": null, "giver_coin_reward": null, "icon_format": null, "icon_height": 2048, "icon_url": "https://i.redd.it/award_images/t5_22cerq/b9ks3a5k7jj41_WholesomeSealofApproval.png", "icon_width": 2048, "id": "award_c4b2e438-16bb-4568-88e7-7893b7662944", "is_enabled": true, "is_new": false, "name": "Wholesome Seal of Approval", "penny_donate": null, "penny_price": null, "resized_icons": [{"height": 16, "url": "https://preview.redd.it/award_images/t5_22cerq/b9ks3a5k7jj41_WholesomeSealofApproval.png?width=16&amp;height=16&amp;auto=webp&amp;v=enabled&amp;s=703f779c36fa6c24a87048219c8ad79c38f588dc", "width": 16}, {"height": 32, "url": "https://preview.redd.it/award_images/t5_22cerq/b9ks3a5k7jj41_WholesomeSealofApproval.png?width=32&amp;height=32&amp;auto=webp&amp;v=enabled&amp;s=f1353fd49988371ae4b98114d2f30ad3abd2435e", "width": 32}, {"height": 48, "url": "https://preview.redd.it/award_images/t5_22cerq/b9ks3a5k7jj41_WholesomeSealofApproval.png?width=48&amp;height=48&amp;auto=webp&amp;v=enabled&amp;s=a6325378b5acbd6940233feeeab0d6cc936467c9", "width": 48}, {"height": 64, "url": "https://preview.redd.it/award_images/t5_22cerq/b9ks3a5k7jj41_WholesomeSealofApproval.png?width=64&amp;height=64&amp;auto=webp&amp;v=enabled&amp;s=aa1d8321e60dc611ebc686f814b0ad996d1056c5", "width": 64}, {"height": 128, "url": "https://preview.redd.it/award_images/t5_22cerq/b9ks3a5k7jj41_WholesomeSealofApproval.png?width=128&amp;height=128&amp;auto=webp&amp;v=enabled&amp;s=4c5a9a5cf1591f7074c67a67339e34fbf34a3107", "width": 128}], "resized_static_icons": [{"height": 16, "url": "https://preview.redd.it/award_images/t5_22cerq/b9ks3a5k7jj41_WholesomeSealofApproval.png?width=16&amp;height=16&amp;auto=webp&amp;v=enabled&amp;s=703f779c36fa6c24a87048219c8ad79c38f588dc", "width": 16}, {"height": 32, "url": "https://preview.redd.it/award_images/t5_22cerq/b9ks3a5k7jj41_WholesomeSealofApproval.png?width=32&amp;height=32&amp;auto=webp&amp;v=enabled&amp;s=f1353fd49988371ae4b98114d2f30ad3abd2435e", "width": 32}, {"height": 48, "url": "https://preview.redd.it/award_images/t5_22cerq/b9ks3a5k7jj41_WholesomeSealofApproval.png?width=48&amp;height=48&amp;auto=webp&amp;v=enabled&amp;s=a6325378b5acbd6940233feeeab0d6cc936467c9", "width": 48}, {"height": 64, "url": "https://preview.redd.it/award_images/t5_22cerq/b9ks3a5k7jj41_WholesomeSealofApproval.png?width=64&amp;height=64&amp;auto=webp&amp;v=enabled&amp;s=aa1d8321e60dc611ebc686f814b0ad996d1056c5", "width": 64}, {"height": 128, "url": "https://preview.redd.it/award_images/t5_22cerq/b9ks3a5k7jj41_WholesomeSealofApproval.png?width=128&amp;height=128&amp;auto=webp&amp;v=enabled&amp;s=4c5a9a5cf1591f7074c67a67339e34fbf34a3107", "width": 128}], "start_date": null, "static_icon_height": 2048, "static_icon_url": "https://i.redd.it/award_images/t5_22cerq/b9ks3a5k7jj41_WholesomeSealofApproval.png", "static_icon_width": 2048, "sticky_duration_seconds": null, "subreddit_coin_reward": 0, "subreddit_id": null, "tiers_by_required_awardings": null}], "allow_live_comments": true, "archived": false, "author": "ppseeds", "author_created_utc": 1518222553, "author_flair_background_color": null, "author_flair_css_class": null, "author_flair_richtext": [], "author_flair_template_id": null, "author_flair_text": null, "author_flair_text_color": null, "author_flair_type": "text", "author_fullname": "t2_w7v9rg0", "author_patreon_flair": false, "author_premium": true, "awarders": [], "banned_by": null, "can_gild": true, "can_mod_post": false, "category": null, "content_categories": null, "contest_mode": false, "created_utc": 1678607400, "discussion_type": null, "distinguished": "moderator", "domain": "i.redd.it", "edited": false, "gilded": 0, "gildings": {}, "hidden": false, "hide_score": false, "id": "11p8t1u", "is_created_from_ads_ui": false, "is_crosspostable": true, "is_meta": false, "is_original_content": false, "is_reddit_media_domain": true, "is_robot_indexable": true, "is_self": false, "is_video": false, "link_flair_background_color": "", "link_flair_css_class": null, "link_flair_richtext": [], "link_flair_text": null, "link_flair_text_color": "dark", "link_flair_type": "text", "locked": false, "media": null, "media_embed": {}, "media_only": false, "name": "t3_11p8t1u", "no_follow": false, "num_comments": 20, "num_crossposts": 0, "over_18": false, "parent_whitelist_status": null, "permalink": "/r/ThePPShow/comments/11p8t1u/the_guy_who_wrote_the_60_page_indepth_carl_icahn/", "pinned": false, "post_hint": "image", "preview": {"enabled": true, "images": [{"id": "i8GeyQTk8t4gwT-lz8a5h3y8ViaJ8Ap6egf92EaUlpY", "resolutions": [{"height": 216, "url": "https://preview.redd.it/nr3qgckm1bna1.jpg?width=108&amp;crop=smart&amp;auto=webp&amp;v=enabled&amp;s=1a93cc7acdf20748e9de8aeaf78efa4ae76145cc", "width": 108}, {"height": 432, "url": "https://preview.redd.it/nr3qgckm1bna1.jpg?width=216&amp;crop=smart&amp;auto=webp&amp;v=enabled&amp;s=1fc757880291e26cda27b09a09b8764e295a7d0d", "width": 216}, {"height": 640, "url": "https://preview.redd.it/nr3qgckm1bna1.jpg?width=320&amp;crop=smart&amp;auto=webp&amp;v=enabled&amp;s=4e8a0eb312f3f06cb3315a7265e1cebb108e42cb", "width": 320}, {"height": 1280, "url": "https://preview.redd.it/nr3qgckm1bna1.jpg?width=640&amp;crop=smart&amp;auto=webp&amp;v=enabled&amp;s=5a58d5b5488b5a3136f71331801cc8dd75664342", "width": 640}], "source": {"height": 1792, "url": "https://preview.redd.it/nr3qgckm1bna1.jpg?auto=webp&amp;v=enabled&amp;s=ee70f47adc60e27ff8b060ea8e34f713cb533f22", "width": 828}, "variants": {}}]}, "pwls": null, "quarantine": false, "removed_by": null, "removed_by_category": null, "retrieved_on": 1681011749, "score": 94, "secure_media": null, "secure_media_embed": {}, "selftext": "", "send_replies": true, "spoiler": false, "stickied": false, "subreddit": "ThePPShow", "subreddit_id": "t5_7q5o7y", "subreddit_name_prefixed": "r/ThePPShow", "subreddit_subscribers": 1239, "subreddit_type": "public", "suggested_sort": null, "thumbnail": "https://b.thumbs.redditmedia.com/WWChY4NqOhnRP7Ku21KV5snbqtPgkS6D9LQmBZ8sUwA.jpg", "thumbnail_height": 140, "thumbnail_width": 140, "title": "The guy who wrote the 60 page in-depth Carl Icahn thesis is coming on the show Monday. It\u2019s going to be heavy heavy dd see you then.", "top_awarded_type": null, "total_awards_received": 2, "treatment_tags": [], "upvote_ratio": 0.98, "url": "https://i.redd.it/nr3qgckm1bna1.jpg", "url_overridden_by_dest": "https://i.redd.it/nr3qgckm1bna1.jpg", "view_count": null, "whitelist_status": null, "wls": null}, {"all_awardings": [], "allow_live_comments": false, "archived": false, "author": "TendieSupasta", "author_created_utc": 1611775107, "author_flair_background_color": null, "author_flair_css_class": null, "author_flair_richtext": [], "author_flair_template_id": null, "author_flair_text": null, "author_flair_text_color": null, "author_flair_type": "text", "author_fullname": "t2_a0uup1m6", "author_patreon_flair": false, "author_premium": false, "awarders": [], "banned_by": null, "can_gild": true, "can_mod_post": false, "category": null, "content_categories": null, "contest_mode": false, "created_utc": 1678595876, "crosspost_parent": "t3_11p5cwc", "crosspost_parent_list": [{"all_awardings": [], "allow_live_comments": false, "approved_at_utc": null, "approved_by": null, "archived": false, "author": "TendieSupasta", "author_flair_background_color": null, "author_flair_css_class": null, "author_flair_richtext": [], "author_flair_template_id": null, "author_flair_text": null, "author_flair_text_color": null, "author_flair_type": "text", "author_fullname": "t2_a0uup1m6", "author_is_blocked": false, "author_patreon_flair": false, "author_premium": false, "awarders": [], "banned_at_utc": null, "banned_by": null, "can_gild": true, "can_mod_post": false, "category": null, "clicked": false, "content_categories": null, "contest_mode": false, "created": 1678595845.0, "created_utc": 1678595845.0, "discussion_type": null, "distinguished": null, "domain": "self.bbby_remastered", "downs": 0, "edited": 1678604909.0, "gilded": 0, "gildings": {}, "hidden": false, "hide_score": false, "id": "11p5cwc", "is_created_from_ads_ui": false, "is_crosspostable": true, "is_meta": false, "is_original_content": false, "is_reddit_media_domain": false, "is_robot_indexable": true, "is_self": true, "is_video": false, "likes": null, "link_flair_background_color": "#46d160", "link_flair_css_class": "", "link_flair_richtext": [], "link_flair_template_id": "80fe723c-9c23-11ed-9b55-7ab6cab9aad5", "link_flair_text": "Kais Maleej", "link_flair_text_color": "dark", "link_flair_type": "text", "locked": false, "media": null, "media_embed": {}, "media_only": false, "mod_note": null, "mod_reason_by": null, "mod_reason_title": null, "mod_reports": [], "name": "t3_11p5cwc", "no_follow": false, "num_comments": 3, "num_crossposts": 2, "num_reports": null, "over_18": false, "parent_whitelist_status": null, "permalink": "/r/bbby_remastered/comments/11p5cwc/game_theory_rational_trading_strategies_maximize/", "pinned": false, "pwls": null, "quarantine": false, "removal_reason": null, "removed_by": null, "removed_by_category": null, "report_reasons": null, "saved": false, "score": 12, "secure_media": null, "secure_media_embed": {}, "selftext": "I can't find the post again but someone, I think on superstonk?, did a game theory table. Wanted to share it and paraphrase what I gained from it, made tons of sense to me and will be my strategy because the rational of it for me can't be beat. NFA.\n\n&amp;#x200B;\n\nChoices &gt; Sell on the way up or Sell on the way down?   Players -&gt; SHFs and Longs.\n\nSell on the way up -&gt; Restricts maximizing gains for all Longs. Long against long on the way up. Serves SHFs in minimizing losses, allows them to keep their cool longer and does not force their hand with full force.\n\nSell on the way down -&gt; Maximizes gains for all Longs. Long with Long till peak. Makes SHFs sweat in the 12th hour, maximizes their stress and wrecks their rational decision ability, basically guarantees breaking them.\n\n&amp;#x200B;\n\nFor Longs. A set number / amount is great, serves your personal purpose. But applying game theory will reap the most benefits for the most Longs and cause the most loss for SHFs.\n\nFor SHFs, if most Longs choose Sell on the way down. They are ideally purely rational entities (SHFs) who will stay the course until it is literally no longer possible and they are forced to change course. If not forced, they will not change direction. We know Kenny is a calculating robot.\n\nI believe that in this situation fire must be fought with fire. A purely greedy rational entity can only truly be beaten by the same and a Longs selling on the way down is this, game theory, rational cold and calculating. Maximize gains for all Longs. Maximize losses for all Shorts.\n\n&amp;#x200B;\n\n(I'd like to share this on r/BBBY as well but don't have the karma requirements, if someone does and feels it is worth cross-posting there)", "selftext_html": "&lt;!-- SC_OFF --&gt;&lt;div class=\"md\"&gt;&lt;p&gt;I can&amp;#39;t find the post again but someone, I think on superstonk?, did a game theory table. Wanted to share it and paraphrase what I gained from it, made tons of sense to me and will be my strategy because the rational of it for me can&amp;#39;t be beat. NFA.&lt;/p&gt;\n\n&lt;p&gt;&amp;#x200B;&lt;/p&gt;\n\n&lt;p&gt;Choices &amp;gt; Sell on the way up or Sell on the way down?   Players -&amp;gt; SHFs and Longs.&lt;/p&gt;\n\n&lt;p&gt;Sell on the way up -&amp;gt; Restricts maximizing gains for all Longs. Long against long on the way up. Serves SHFs in minimizing losses, allows them to keep their cool longer and does not force their hand with full force.&lt;/p&gt;\n\n&lt;p&gt;Sell on the way down -&amp;gt; Maximizes gains for all Longs. Long with Long till peak. Makes SHFs sweat in the 12th hour, maximizes their stress and wrecks their rational decision ability, basically guarantees breaking them.&lt;/p&gt;\n\n&lt;p&gt;&amp;#x200B;&lt;/p&gt;\n\n&lt;p&gt;For Longs. A set number / amount is great, serves your personal purpose. But applying game theory will reap the most benefits for the most Longs and cause the most loss for SHFs.&lt;/p&gt;\n\n&lt;p&gt;For SHFs, if most Longs choose Sell on the way down. They are ideally purely rational entities (SHFs) who will stay the course until it is literally no longer possible and they are forced to change course. If not forced, they will not change direction. We know Kenny is a calculating robot.&lt;/p&gt;\n\n&lt;p&gt;I believe that in this situation fire must be fought with fire. A purely greedy rational entity can only truly be beaten by the same and a Longs selling on the way down is this, game theory, rational cold and calculating. Maximize gains for all Longs. Maximize losses for all Shorts.&lt;/p&gt;\n\n&lt;p&gt;&amp;#x200B;&lt;/p&gt;\n\n&lt;p&gt;(I&amp;#39;d like to share this on &lt;a href=\"/r/BBBY\"&gt;r/BBBY&lt;/a&gt; as well but don&amp;#39;t have the karma requirements, if someone does and feels it is worth cross-posting there)&lt;/p&gt;\n&lt;/div&gt;&lt;!-- SC_ON --&gt;", "send_replies": true, "spoiler": false, "stickied": false, "subreddit": "bbby_remastered", "subreddit_id": "t5_7tgjqd", "subreddit_name_prefixed": "r/bbby_remastered", "subreddit_subscribers": 1557, "subreddit_type": "public", "suggested_sort": null, "thumbnail": "self", "thumbnail_height": null, "thumbnail_width": null, "title": "Game Theory -&gt; rational trading strategies. Maximize gains / force max losses.", "top_awarded_type": null, "total_awards_received": 0, "treatment_tags": [], "ups": 12, "upvote_ratio": 0.88, "url": "https://www.reddit.com/r/bbby_remastered/comments/11p5cwc/game_theory_rational_trading_strategies_maximize/", "user_reports": [], "view_count": null, "visited": false, "whitelist_status": null, "wls": null}], "discussion_type": null, "distinguished": null, "domain": "self.bbby_remastered", "edited": false, "gilded": 0, "gildings": {}, "hidden": false, "hide_score": false, "id": "11p5d8p", "is_created_from_ads_ui": false, "is_crosspostable": true, "is_meta": false, "is_original_content": false, "is_reddit_media_domain": false, "is_robot_indexable": true, "is_self": false, "is_video": false, "link_flair_background_color": "", "link_flair_css_class": null, "link_flair_richtext": [], "link_flair_text": null, "link_flair_text_color": "dark", "link_flair_type": "text", "locked": false, "media": null, "media_embed": {}, "media_only": false, "name": "t3_11p5d8p", "no_follow": false, "num_comments": 0, "num_crossposts": 0, "over_18": false, "parent_whitelist_status": null, "permalink": "/r/ThePPShow/comments/11p5d8p/game_theory_rational_trading_strategies_maximize/", "pinned": false, "pwls": null, "quarantine": false, "removed_by": null, "removed_by_category": null, "retrieved_on": 1681011882, "score": 0, "secure_media": null, "secure_media_embed": {}, "selftext": "", "send_replies": true, "spoiler": false, "stickied": false, "subreddit": "ThePPShow", "subreddit_id": "t5_7q5o7y", "subreddit_name_prefixed": "r/ThePPShow", "subreddit_subscribers": 1239, "subreddit_type": "public", "suggested_sort": null, "thumbnail": "default", "thumbnail_height": null, "thumbnail_width": null, "title": "Game Theory -&gt; rational trading strategies. Maximize gains / force max losses.", "top_awarded_type": null, "total_awards_received": 0, "treatment_tags": [], "upvote_ratio": 0.5, "url": "/r/bbby_remastered/comments/11p5cwc/game_theory_rational_trading_strategies_maximize/", "url_overridden_by_dest": "/r/bbby_remastered/comments/11p5cwc/game_theory_rational_trading_strategies_maximize/", "view_count": null, "whitelist_status": null, "wls": null}, {"all_awardings": [], "allow_live_comments": false, "archived": false, "author": "[deleted]", "author_created_utc": null, "author_flair_background_color": "", "author_flair_css_class": null, "author_flair_template_id": null, "author_flair_text": null, "author_flair_text_color": "dark", "awarders": [], "banned_by": null, "can_gild": false, "can_mod_post": false, "category": null, "content_categories": null, "contest_mode": false, "created_utc": 1678592576, "crosspost_parent": "t3_11p0cxr", "crosspost_parent_list": [{"all_awardings": [], "allow_live_comments": true, "approved_at_utc": null, "approved_by": null, "archived": false, "author": "edwinbarnesc", "author_flair_background_color": null, "author_flair_css_class": null, "author_flair_richtext": [], "author_flair_template_id": null, "author_flair_text": null, "author_flair_text_color": null, "author_flair_type": "text", "author_fullname": "t2_1pae43zr", "author_is_blocked": false, "author_patreon_flair": false, "author_premium": true, "awarders": [], "banned_at_utc": null, "banned_by": null, "can_gild": true, "can_mod_post": false, "category": null, "clicked": false, "content_categories": null, "contest_mode": false, "created": 1678581616.0, "created_utc": 1678581616.0, "discussion_type": null, "distinguished": null, "domain": "i.redd.it", "downs": 0, "edited": false, "gilded": 0, "gildings": {}, "hidden": false, "hide_score": false, "id": "11p0cxr", "is_created_from_ads_ui": false, "is_crosspostable": true, "is_meta": false, "is_original_content": false, "is_reddit_media_domain": true, "is_robot_indexable": true, "is_self": false, "is_video": false, "likes": null, "link_flair_background_color": "#0079d3", "link_flair_css_class": "", "link_flair_richtext": [], "link_flair_template_id": "dd2ad61e-dbd9-11ec-9cf3-82b148ae1239", "link_flair_text": "\u2601 Hype/ Fluff", "link_flair_text_color": "light", "link_flair_type": "text", "locked": false, "media": null, "media_embed": {}, "media_only": false, "mod_note": null, "mod_reason_by": null, "mod_reason_title": null, "mod_reports": [], "name": "t3_11p0cxr", "no_follow": false, "num_comments": 123, "num_crossposts": 1, "num_reports": null, "over_18": false, "parent_whitelist_status": null, "permalink": "/r/BBBY/comments/11p0cxr/one_word_parabolic/", "pinned": false, "post_hint": "image", "preview": {"enabled": true, "images": [{"id": "zXEfTDiH0-UeamA49E7cU3shwZ5P5-6KwlYTJyQBVsk", "resolutions": [{"height": 100, "url": "https://preview.redd.it/bcqm6nfyw8na1.jpg?width=108&amp;crop=smart&amp;auto=webp&amp;v=enabled&amp;s=dbb0cdaf4624b4af125443087f080f278e22a725", "width": 108}, {"height": 201, "url": "https://preview.redd.it/bcqm6nfyw8na1.jpg?width=216&amp;crop=smart&amp;auto=webp&amp;v=enabled&amp;s=be15e5fb773eea5013c104e4354e938ff64602d3", "width": 216}, {"height": 298, "url": "https://preview.redd.it/bcqm6nfyw8na1.jpg?width=320&amp;crop=smart&amp;auto=webp&amp;v=enabled&amp;s=b4b3f9fd28d4f35d81a41530c2b8c45ac9adb30c", "width": 320}, {"height": 597, "url": "https://preview.redd.it/bcqm6nfyw8na1.jpg?width=640&amp;crop=smart&amp;auto=webp&amp;v=enabled&amp;s=7e1dc72846fede63b9cefa6bbf978eacaed73496", "width": 640}, {"height": 896, "url": "https://preview.redd.it/bcqm6nfyw8na1.jpg?width=960&amp;crop=smart&amp;auto=webp&amp;v=enabled&amp;s=54d43626cd63b56c4acf4712c1e373639d0e3b64", "width": 960}, {"height": 1009, "url": "https://preview.redd.it/bcqm6nfyw8na1.jpg?width=1080&amp;crop=smart&amp;auto=webp&amp;v=enabled&amp;s=48c81f737c05f1db3beef7554bccb26ae8932028", "width": 1080}], "source": {"height": 1009, "url": "https://preview.redd.it/bcqm6nfyw8na1.jpg?auto=webp&amp;v=enabled&amp;s=3b5955af0fa66de23ea44a92d51f34affb66a0a7", "width": 1080}, "variants": {}}]}, "pwls": null, "quarantine": false, "removal_reason": null, "removed_by": null, "removed_by_category": null, "report_reasons": null, "saved": false, "score": 985, "secure_media": null, "secure_media_embed": {}, "selftext": "", "selftext_html": null, "send_replies": true, "spoiler": false, "stickied": false, "subreddit": "BBBY", "subreddit_id": "t5_3q5hel", "subreddit_name_prefixed": "r/BBBY", "subreddit_subscribers": 61076, "subreddit_type": "public", "suggested_sort": null, "thumbnail": "https://b.thumbs.redditmedia.com/a0Sz6sW45rdGcDAmE8dKPxyw10ZdhpjYo7_HB5Rm97g.jpg", "thumbnail_height": 130, "thumbnail_width": 140, "title": "one word: PARABOLIC", "top_awarded_type": null, "total_awards_received": 0, "treatment_tags": [], "ups": 985, "upvote_ratio": 0.96, "url": "https://i.redd.it/bcqm6nfyw8na1.jpg", "url_overridden_by_dest": "https://i.redd.it/bcqm6nfyw8na1.jpg", "user_reports": [], "view_count": null, "visited": false, "whitelist_status": null, "wls": null}], "discussion_type": null, "distinguished": null, "domain": "", "edited": false, "gilded": 0, "gildings": {}, "hidden": false, "hide_score": false, "id": "11p4a2v", "is_created_from_ads_ui": false, "is_crosspostable": false, "is_meta": false, "is_original_content": false, "is_reddit_media_domain": true, "is_robot_indexable": false, "is_self": false, "is_video": false, "link_flair_background_color": "", "link_flair_css_class": null, "link_flair_richtext": [], "link_flair_text": null, "link_flair_text_color": "dark", "link_flair_type": "text", "locked": false, "media": null, "media_embed": {}, "media_only": false, "name": "t3_11p4a2v", "no_follow": true, "num_comments": 0, "num_crossposts": 0, "over_18": false, "parent_whitelist_status": null, "permalink": "/r/ThePPShow/comments/11p4a2v/idk_how_things_may_go_buti_like_the_stock/", "pinned": false, "pwls": null, "quarantine": false, "removed_by": null, "removed_by_category": "deleted", "retrieved_on": 1681011924, "score": 1, "secure_media": null, "secure_media_embed": {}, "selftext": "[deleted]", "send_replies": false, "spoiler": false, "stickied": false, "subreddit": "ThePPShow", "subreddit_id": "t5_7q5o7y", "subreddit_name_prefixed": "r/ThePPShow", "subreddit_subscribers": 1239, "subreddit_type": "public", "suggested_sort": null, "thumbnail": "default", "thumbnail_height": 130, "thumbnail_width": 140, "title": "IDK HOW THINGS MAY GO BUT\u2026..I LIKE THE STOCK !!", "top_awarded_type": null, "total_awards_received": 0, "treatment_tags": [], "upvote_ratio": 0.67, "url": "", "url_overridden_by_dest": "", "view_count": null, "whitelist_status": null, "wls": null}, {"all_awardings": [], "allow_live_comments": false, "archived": false, "author": "moonshot_69", "author_created_utc": 1662328354, "author_flair_background_color": null, "author_flair_css_class": null, "author_flair_richtext": [], "author_flair_template_id": null, "author_flair_text": null, "author_flair_text_color": null, "author_flair_type": "text", "author_fullname": "t2_rpv9h1mq", "author_patreon_flair": false, "author_premium": true, "awarders": [], "banned_by": null, "can_gild": true, "can_mod_post": false, "category": null, "content_categories": null, "contest_mode": false, "created_utc": 1678582049, "crosspost_parent": "t3_11p0g4v", "crosspost_parent_list": [{"all_awardings": [{"award_sub_type": "GLOBAL", "award_type": "global", "awardings_required_to_grant_benefits": null, "coin_price": 100, "coin_reward": 0, "count": 1, "days_of_drip_extension": null, "days_of_premium": null, "description": "Let's sip to good health and good company", "end_date": null, "giver_coin_reward": null, "icon_format": "PNG", "icon_height": 2048, "icon_url": "https://i.redd.it/award_images/t5_22cerq/45aeu8mzvsj51_IllDrinktoThat.png", "icon_width": 2048, "id": "award_3267ca1c-127a-49e9-9a3d-4ba96224af18", "is_enabled": true, "is_new": false, "name": "I'll Drink to That", "penny_donate": null, "penny_price": 0, "resized_icons": [{"height": 16, "url": "https://preview.redd.it/award_images/t5_22cerq/45aeu8mzvsj51_IllDrinktoThat.png?width=16&amp;height=16&amp;auto=webp&amp;v=enabled&amp;s=c78880518e785342884be5bad63b3db8ea098600", "width": 16}, {"height": 32, "url": "https://preview.redd.it/award_images/t5_22cerq/45aeu8mzvsj51_IllDrinktoThat.png?width=32&amp;height=32&amp;auto=webp&amp;v=enabled&amp;s=98c89cc62ae89cd3fd0efd2fe578d94523f4696d", "width": 32}, {"height": 48, "url": "https://preview.redd.it/award_images/t5_22cerq/45aeu8mzvsj51_IllDrinktoThat.png?width=48&amp;height=48&amp;auto=webp&amp;v=enabled&amp;s=87abcc168afa3abc7f39013df3c858529245098d", "width": 48}, {"height": 64, "url": "https://preview.redd.it/award_images/t5_22cerq/45aeu8mzvsj51_IllDrinktoThat.png?width=64&amp;height=64&amp;auto=webp&amp;v=enabled&amp;s=974bcf06299c32888ecf30f51a1d0b0b1143b742", "width": 64}, {"height": 128, "url": "https://preview.redd.it/award_images/t5_22cerq/45aeu8mzvsj51_IllDrinktoThat.png?width=128&amp;height=128&amp;auto=webp&amp;v=enabled&amp;s=f5f64b8c1df8cb3fa6e9ecc6fc35de3dc9efeafa", "width": 128}], "resized_static_icons": [{"height": 16, "url": "https://preview.redd.it/award_images/t5_22cerq/45aeu8mzvsj51_IllDrinktoThat.png?width=16&amp;height=16&amp;auto=webp&amp;v=enabled&amp;s=c78880518e785342884be5bad63b3db8ea098600", "width": 16}, {"height": 32, "url": "https://preview.redd.it/award_images/t5_22cerq/45aeu8mzvsj51_IllDrinktoThat.png?width=32&amp;height=32&amp;auto=webp&amp;v=enabled&amp;s=98c89cc62ae89cd3fd0efd2fe578d94523f4696d", "width": 32}, {"height": 48, "url": "https://preview.redd.it/award_images/t5_22cerq/45aeu8mzvsj51_IllDrinktoThat.png?width=48&amp;height=48&amp;auto=webp&amp;v=enabled&amp;s=87abcc168afa3abc7f39013df3c858529245098d", "width": 48}, {"height": 64, "url": "https://preview.redd.it/award_images/t5_22cerq/45aeu8mzvsj51_IllDrinktoThat.png?width=64&amp;height=64&amp;auto=webp&amp;v=enabled&amp;s=974bcf06299c32888ecf30f51a1d0b0b1143b742", "width": 64}, {"height": 128, "url": "https://preview.redd.it/award_images/t5_22cerq/45aeu8mzvsj51_IllDrinktoThat.png?width=128&amp;height=128&amp;auto=webp&amp;v=enabled&amp;s=f5f64b8c1df8cb3fa6e9ecc6fc35de3dc9efeafa", "width": 128}], "start_date": null, "static_icon_height": 2048, "static_icon_url": "https://i.redd.it/award_images/t5_22cerq/45aeu8mzvsj51_IllDrinktoThat.png", "static_icon_width": 2048, "sticky_duration_seconds": null, "subreddit_coin_reward": 0, "subreddit_id": null, "tiers_by_required_awardings": null}], "allow_live_comments": true, "approved_at_utc": null, "approved_by": null, "archived": false, "author": "moonshot_69", "author_flair_background_color": "#373c3f", "author_flair_css_class": null, "author_flair_richtext": [{"e": "text", "t": "Teddy unlocks MOASS \ud83e\udd2c\ud83d\udc3b\ud83c\udde8\ud83c\uddf3"}], "author_flair_template_id": "8abdf72e-f3ce-11eb-b3e3-22147bc43b70", "author_flair_text": "Teddy unlocks MOASS \ud83e\udd2c\ud83d\udc3b\ud83c\udde8\ud83c\uddf3", "author_flair_text_color": "light", "author_flair_type": "richtext", "author_fullname": "t2_rpv9h1mq", "author_is_blocked": false, "author_patreon_flair": false, "author_premium": true, "awarders": [], "banned_at_utc": null, "banned_by": null, "can_gild": true, "can_mod_post": false, "category": null, "clicked": false, "content_categories": null, "contest_mode": false, "created": 1678581845.0, "created_utc": 1678581845.0, "discussion_type": null, "distinguished": null, "domain": "reddit.com", "downs": 0, "edited": false, "gallery_data": {"items": [{"id": 249958036, "media_id": "qmcvpfy3g7na1"}, {"id": 249958037, "media_id": "pduo9fy3g7na1"}, {"id": 249958038, "media_id": "xgo0pfy3g7na1"}, {"id": 249958039, "media_id": "npigafy3g7na1"}, {"id": 249958040, "media_id": "w12u3fy3g7na1"}, {"id": 249958041, "media_id": "5ofkjfy3g7na1"}, {"id": 249958042, "media_id": "fnwqrfy3g7na1"}, {"id": 249958043, "media_id": "cqz6bfy3g7na1"}, {"id": 249958044, "media_id": "hpyy8gy3g7na1"}, {"id": 249958045, "media_id": "ngynrfy3g7na1"}, {"id": 249958046, "media_id": "fa98jfy3g7na1"}, {"id": 249958047, "media_id": "e566yfy3g7na1"}, {"id": 249958048, "media_id": "6uxhgfy3g7na1"}, {"id": 249958049, "media_id": "h4lv9fy3g7na1"}, {"id": 249958050, "media_id": "pkbckfy3g7na1"}, {"id": 249958051, "media_id": "l1huafy3g7na1"}, {"id": 249958052, "media_id": "mnbz8fy3g7na1"}]}, "gilded": 0, "gildings": {}, "hidden": false, "hide_score": false, "id": "11p0g4v", "is_created_from_ads_ui": false, "is_crosspostable": true, "is_gallery": true, "is_meta": false, "is_original_content": false, "is_reddit_media_domain": false, "is_robot_indexable": true, "is_self": false, "is_video": false, "likes": null, "link_flair_background_color": "#ffd635", "link_flair_css_class": "", "link_flair_richtext": [{"e": "text", "t": "\ud83d\udca1 Education"}], "link_flair_template_id": "37ec242e-984f-11eb-94c6-0e8d0acce789", "link_flair_text": "\ud83d\udca1 Education", "link_flair_text_color": "dark", "link_flair_type": "richtext", "locked": false, "media": null, "media_embed": {}, "media_metadata": {"5ofkjfy3g7na1": {"e": "Image", "id": "5ofkjfy3g7na1", "m": "image/jpg", "p": [{"u": "https://preview.redd.it/5ofkjfy3g7na1.jpg?width=108&amp;crop=smart&amp;auto=webp&amp;v=enabled&amp;s=5b9124d03bafa5d24b18f9c509a65de4a4223f23", "x": 108, "y": 49}, {"u": "https://preview.redd.it/5ofkjfy3g7na1.jpg?width=216&amp;crop=smart&amp;auto=webp&amp;v=enabled&amp;s=36455152188c1cded03eafddbd222feb777147d0", "x": 216, "y": 99}, {"u": "https://preview.redd.it/5ofkjfy3g7na1.jpg?width=320&amp;crop=smart&amp;auto=webp&amp;v=enabled&amp;s=e69b9dd92e82d4271bd1e62d47219f29fdecf1de", "x": 320, "y": 147}, {"u": "https://preview.redd.it/5ofkjfy3g7na1.jpg?width=640&amp;crop=smart&amp;auto=webp&amp;v=enabled&amp;s=1344460cb4740c9992aa28dbb1a4cb6acb34b5ba", "x": 640, "y": 295}, {"u": "https://preview.redd.it/5ofkjfy3g7na1.jpg?width=960&amp;crop=smart&amp;auto=webp&amp;v=enabled&amp;s=ad57dedd2e59ebbaf2974cd39b052c3ca26a1ac0", "x": 960, "y": 443}, {"u": "https://preview.redd.it/5ofkjfy3g7na1.jpg?width=1080&amp;crop=smart&amp;auto=webp&amp;v=enabled&amp;s=9fb07238aab02c88c41816a2d04d2367abf857e6", "x": 1080, "y": 498}], "s": {"u": "https://preview.redd.it/5ofkjfy3g7na1.jpg?width=2436&amp;format=pjpg&amp;auto=webp&amp;v=enabled&amp;s=59c4b4472fb57eb4fbfb1c75338ca7eec8cd198e", "x": 2436, "y": 1125}, "status": "valid"}, "6uxhgfy3g7na1": {"e": "Image", "id": "6uxhgfy3g7na1", "m": "image/jpg", "p": [{"u": "https://preview.redd.it/6uxhgfy3g7na1.jpg?width=108&amp;crop=smart&amp;auto=webp&amp;v=enabled&amp;s=0464ee9f3e22477c33776f9b6396c30e33987718", "x": 108, "y": 49}, {"u": "https://preview.redd.it/6uxhgfy3g7na1.jpg?width=216&amp;crop=smart&amp;auto=webp&amp;v=enabled&amp;s=fa498692c65dc39038e569fee34a40c42eae929d", "x": 216, "y": 99}, {"u": "https://preview.redd.it/6uxhgfy3g7na1.jpg?width=320&amp;crop=smart&amp;auto=webp&amp;v=enabled&amp;s=b781e4bd666935b754d49a4d5889a663a94b015c", "x": 320, "y": 147}, {"u": "https://preview.redd.it/6uxhgfy3g7na1.jpg?width=640&amp;crop=smart&amp;auto=webp&amp;v=enabled&amp;s=23241bc78e692929186d7a0bfa35882b44a9f6bc", "x": 640, "y": 295}, {"u": "https://preview.redd.it/6uxhgfy3g7na1.jpg?width=960&amp;crop=smart&amp;auto=webp&amp;v=enabled&amp;s=e710a3d0a15b9fe9149f3a8e7d4c7f299b22b6e7", "x": 960, "y": 443}, {"u": "https://preview.redd.it/6uxhgfy3g7na1.jpg?width=1080&amp;crop=smart&amp;auto=webp&amp;v=enabled&amp;s=0a20b2a65045dc9e7068355e8cdec7037175e654", "x": 1080, "y": 498}], "s": {"u": "https://preview.redd.it/6uxhgfy3g7na1.jpg?width=2436&amp;format=pjpg&amp;auto=webp&amp;v=enabled&amp;s=1121dc5d4403d5eea83d2d3c403ade1700b1b6cf", "x": 2436, "y": 1125}, "status": "valid"}, "cqz6bfy3g7na1": {"e": "Image", "id": "cqz6bfy3g7na1", "m": "image/jpg", "p": [{"u": "https://preview.redd.it/cqz6bfy3g7na1.jpg?width=108&amp;crop=smart&amp;auto=webp&amp;v=enabled&amp;s=bcbdb305b90715840a4c1ae134471eeca18bad75", "x": 108, "y": 49}, {"u": "https://preview.redd.it/cqz6bfy3g7na1.jpg?width=216&amp;crop=smart&amp;auto=webp&amp;v=enabled&amp;s=2d55f0951b2e30fddd59237d3ccd751f354d0efe", "x": 216, "y": 99}, {"u": "https://preview.redd.it/cqz6bfy3g7na1.jpg?width=320&amp;crop=smart&amp;auto=webp&amp;v=enabled&amp;s=1b74a72116e1f19348c44d81c724a531cbafba9d", "x": 320, "y": 147}, {"u": "https://preview.redd.it/cqz6bfy3g7na1.jpg?width=640&amp;crop=smart&amp;auto=webp&amp;v=enabled&amp;s=2db69027032dfb5e582310d42dcc423eef95d670", "x": 640, "y": 295}, {"u": "https://preview.redd.it/cqz6bfy3g7na1.jpg?width=960&amp;crop=smart&amp;auto=webp&amp;v=enabled&amp;s=46104d72d49a20cf234b3e5a5ee753c3d4677b4f", "x": 960, "y": 443}, {"u": "https://preview.redd.it/cqz6bfy3g7na1.jpg?width=1080&amp;crop=smart&amp;auto=webp&amp;v=enabled&amp;s=e610d30c2c48f0ce3bd42508b9814faedcaaff08", "x": 1080, "y": 498}], "s": {"u": "https://preview.redd.it/cqz6bfy3g7na1.jpg?width=2436&amp;format=pjpg&amp;auto=webp&amp;v=enabled&amp;s=98ed9091cc0107a0426afeecd9e971c276e10984", "x": 2436, "y": 1125}, "status": "valid"}, "e566yfy3g7na1": {"e": "Image", "id": "e566yfy3g7na1", "m": "image/jpg", "p": [{"u": "https://preview.redd.it/e566yfy3g7na1.jpg?width=108&amp;crop=smart&amp;auto=webp&amp;v=enabled&amp;s=226dc94b158f45bc580c867c970fc0a354047c12", "x": 108, "y": 49}, {"u": "https://preview.redd.it/e566yfy3g7na1.jpg?width=216&amp;crop=smart&amp;auto=webp&amp;v=enabled&amp;s=b406828747c7b288f626699fa394f5c6b9cabf8f", "x": 216, "y": 99}, {"u": "https://preview.redd.it/e566yfy3g7na1.jpg?width=320&amp;crop=smart&amp;auto=webp&amp;v=enabled&amp;s=7779c65e2f1ac0abef7ba744558e481e1ca8ff7e", "x": 320, "y": 147}, {"u": "https://preview.redd.it/e566yfy3g7na1.jpg?width=640&amp;crop=smart&amp;auto=webp&amp;v=enabled&amp;s=f255ae85f6d667d41ef6df8e0257af46106a44f0", "x": 640, "y": 295}, {"u": "https://preview.redd.it/e566yfy3g7na1.jpg?width=960&amp;crop=smart&amp;auto=webp&amp;v=enabled&amp;s=8b3f824d4a8df7e438d545d1ae6bd86b56d25970", "x": 960, "y": 443}, {"u": "https://preview.redd.it/e566yfy3g7na1.jpg?width=1080&amp;crop=smart&amp;auto=webp&amp;v=enabled&amp;s=57120ae6b28753a6d2ddf4869c6c99c9288be33a", "x": 1080, "y": 498}], "s": {"u": "https://preview.redd.it/e566yfy3g7na1.jpg?width=2436&amp;format=pjpg&amp;auto=webp&amp;v=enabled&amp;s=48d5e131dcbf734fcc7a861dff21d7adb88852a5", "x": 2436, "y": 1125}, "status": "valid"}, "fa98jfy3g7na1": {"e": "Image", "id": "fa98jfy3g7na1", "m": "image/jpg", "p": [{"u": "https://preview.redd.it/fa98jfy3g7na1.jpg?width=108&amp;crop=smart&amp;auto=webp&amp;v=enabled&amp;s=f9ee9a9098a2e45c8787eeeee1d38903ea7ecf8f", "x": 108, "y": 49}, {"u": "https://preview.redd.it/fa98jfy3g7na1.jpg?width=216&amp;crop=smart&amp;auto=webp&amp;v=enabled&amp;s=5596b08b24d482b460e28961df21a8182127ecea", "x": 216, "y": 99}, {"u": "https://preview.redd.it/fa98jfy3g7na1.jpg?width=320&amp;crop=smart&amp;auto=webp&amp;v=enabled&amp;s=a935fcc901d346134318d449798b3eb2abecab43", "x": 320, "y": 147}, {"u": "https://preview.redd.it/fa98jfy3g7na1.jpg?width=640&amp;crop=smart&amp;auto=webp&amp;v=enabled&amp;s=f234a3f4bfe0e8d8652b18a96eb05d4ecb6db440", "x": 640, "y": 295}, {"u": "https://preview.redd.it/fa98jfy3g7na1.jpg?width=960&amp;crop=smart&amp;auto=webp&amp;v=enabled&amp;s=a4524dc5a8140c7a973663e2fcb268986fbc892f", "x": 960, "y": 443}, {"u": "https://preview.redd.it/fa98jfy3g7na1.jpg?width=1080&amp;crop=smart&amp;auto=webp&amp;v=enabled&amp;s=83ff9d8eba8b1ea4ab6236129441425930c1ca56", "x": 1080, "y": 498}], "s": {"u": "https://preview.redd.it/fa98jfy3g7na1.jpg?width=2436&amp;format=pjpg&amp;auto=webp&amp;v=enabled&amp;s=ee203d4470dc0afb86faf93bd2fda87af72a23c0", "x": 2436, "y": 1125}, "status": "valid"}, "fnwqrfy3g7na1": {"e": "Image", "id": "fnwqrfy3g7na1", "m": "image/jpg", "p": [{"u": "https://preview.redd.it/fnwqrfy3g7na1.jpg?width=108&amp;crop=smart&amp;auto=webp&amp;v=enabled&amp;s=abd65f34b94c3650161a481503a64eace649dd13", "x": 108, "y": 49}, {"u": "https://preview.redd.it/fnwqrfy3g7na1.jpg?width=216&amp;crop=smart&amp;auto=webp&amp;v=enabled&amp;s=5ec1007313be0ae78d30b42059e65905b6d6ed59", "x": 216, "y": 99}, {"u": "https://preview.redd.it/fnwqrfy3g7na1.jpg?width=320&amp;crop=smart&amp;auto=webp&amp;v=enabled&amp;s=a61e17ab959c8dae7b605e02af4680dacd1a1440", "x": 320, "y": 147}, {"u": "https://preview.redd.it/fnwqrfy3g7na1.jpg?width=640&amp;crop=smart&amp;auto=webp&amp;v=enabled&amp;s=6a94a8f4b9d9d9dd74eafa94be02a1bfcb1c005d", "x": 640, "y": 295}, {"u": "https://preview.redd.it/fnwqrfy3g7na1.jpg?width=960&amp;crop=smart&amp;auto=webp&amp;v=enabled&amp;s=a3b94543d4cba0ec2b56f413f2ed53c188bd0d6b", "x": 960, "y": 443}, {"u": "https://preview.redd.it/fnwqrfy3g7na1.jpg?width=1080&amp;crop=smart&amp;auto=webp&amp;v=enabled&amp;s=79c28899b8c0886c364cfbba2b5d765845915b70", "x": 1080, "y": 498}], "s": {"u": "https://preview.redd.it/fnwqrfy3g7na1.jpg?width=2436&amp;format=pjpg&amp;auto=webp&amp;v=enabled&amp;s=392e767a374f725925af30f5484f8fddcbe419d3", "x": 2436, "y": 1125}, "status": "valid"}, "h4lv9fy3g7na1": {"e": "Image", "id": "h4lv9fy3g7na1", "m": "image/jpg", "p": [{"u": "https://preview.redd.it/h4lv9fy3g7na1.jpg?width=108&amp;crop=smart&amp;auto=webp&amp;v=enabled&amp;s=68a83294cfed115c16da2d72340b37d4210dbc96", "x": 108, "y": 49}, {"u": "https://preview.redd.it/h4lv9fy3g7na1.jpg?width=216&amp;crop=smart&amp;auto=webp&amp;v=enabled&amp;s=7f221ec7f91a614ca63a37b41c87e9ed6385bd92", "x": 216, "y": 99}, {"u": "https://preview.redd.it/h4lv9fy3g7na1.jpg?width=320&amp;crop=smart&amp;auto=webp&amp;v=enabled&amp;s=1d55426d33ecc0ac197a81fd4bb716b31f4a8c7d", "x": 320, "y": 147}, {"u": "https://preview.redd.it/h4lv9fy3g7na1.jpg?width=640&amp;crop=smart&amp;auto=webp&amp;v=enabled&amp;s=fc838344ecb5dce6ce437fad7316f228ee5b5189", "x": 640, "y": 295}, {"u": "https://preview.redd.it/h4lv9fy3g7na1.jpg?width=960&amp;crop=smart&amp;auto=webp&amp;v=enabled&amp;s=968de538e304fcb460d3a3972fbcb5e7bc517d10", "x": 960, "y": 443}, {"u": "https://preview.redd.it/h4lv9fy3g7na1.jpg?width=1080&amp;crop=smart&amp;auto=webp&amp;v=enabled&amp;s=53e93f69e04461c3555d62a3d7be11416a98b037", "x": 1080, "y": 498}], "s": {"u": "https://preview.redd.it/h4lv9fy3g7na1.jpg?width=2436&amp;format=pjpg&amp;auto=webp&amp;v=enabled&amp;s=42ad18d58345f35e99d935afc5af157872ce74af", "x": 2436, "y": 1125}, "status": "valid"}, "hpyy8gy3g7na1": {"e": "Image", "id": "hpyy8gy3g7na1", "m": "image/jpg", "p": [{"u": "https://preview.redd.it/hpyy8gy3g7na1.jpg?width=108&amp;crop=smart&amp;auto=webp&amp;v=enabled&amp;s=7eb7df4c8951280fcbde927346228a03f99c1bf2", "x": 108, "y": 49}, {"u": "https://preview.redd.it/hpyy8gy3g7na1.jpg?width=216&amp;crop=smart&amp;auto=webp&amp;v=enabled&amp;s=07a6bea0958b2f62a39da7148a5e7e031d2420ec", "x": 216, "y": 99}, {"u": "https://preview.redd.it/hpyy8gy3g7na1.jpg?width=320&amp;crop=smart&amp;auto=webp&amp;v=enabled&amp;s=2740ab05bb35fa8b48f3115bf95133f0d45fd742", "x": 320, "y": 147}, {"u": "https://preview.redd.it/hpyy8gy3g7na1.jpg?width=640&amp;crop=smart&amp;auto=webp&amp;v=enabled&amp;s=f8469ff3b484b9535b6bc885ea5de8d53bca8126", "x": 640, "y": 295}, {"u": "https://preview.redd.it/hpyy8gy3g7na1.jpg?width=960&amp;crop=smart&amp;auto=webp&amp;v=enabled&amp;s=691b1633150864a71441047dedf6b578f362742a", "x": 960, "y": 443}, {"u": "https://preview.redd.it/hpyy8gy3g7na1.jpg?width=1080&amp;crop=smart&amp;auto=webp&amp;v=enabled&amp;s=8a1314850ae3bec3f56fff92c07e10027cd8085c", "x": 1080, "y": 498}], "s": {"u": "https://preview.redd.it/hpyy8gy3g7na1.jpg?width=2436&amp;format=pjpg&amp;auto=webp&amp;v=enabled&amp;s=259f5487677d915c1da64451f3ff6fe4ab8a34e7", "x": 2436, "y": 1125}, "status": "valid"}, "l1huafy3g7na1": {"e": "Image", "id": "l1huafy3g7na1", "m": "image/jpg", "p": [{"u": "https://preview.redd.it/l1huafy3g7na1.jpg?width=108&amp;crop=smart&amp;auto=webp&amp;v=enabled&amp;s=342b2812a688507c0112d2d68951e62f4b0ebea4", "x": 108, "y": 49}, {"u": "https://preview.redd.it/l1huafy3g7na1.jpg?width=216&amp;crop=smart&amp;auto=webp&amp;v=enabled&amp;s=5d85f87513da2246acd81efe49fdac62f73a46ab", "x": 216, "y": 99}, {"u": "https://preview.redd.it/l1huafy3g7na1.jpg?width=320&amp;crop=smart&amp;auto=webp&amp;v=enabled&amp;s=df0adc693be85f51832106b0525bd045ed4bd7bf", "x": 320, "y": 147}, {"u": "https://preview.redd.it/l1huafy3g7na1.jpg?width=640&amp;crop=smart&amp;auto=webp&amp;v=enabled&amp;s=da440083e58240f4f4adf93fcf9c790448aaac29", "x": 640, "y": 295}, {"u": "https://preview.redd.it/l1huafy3g7na1.jpg?width=960&amp;crop=smart&amp;auto=webp&amp;v=enabled&amp;s=a642ae0bfa7fc6fbe3ec8879cdc4078c872cf758", "x": 960, "y": 443}, {"u": "https://preview.redd.it/l1huafy3g7na1.jpg?width=1080&amp;crop=smart&amp;auto=webp&amp;v=enabled&amp;s=da48c2a40e877e19541d5ff91140309ffa85901c", "x": 1080, "y": 498}], "s": {"u": "https://preview.redd.it/l1huafy3g7na1.jpg?width=2436&amp;format=pjpg&amp;auto=webp&amp;v=enabled&amp;s=dad550e3f12e90bbf38111e3450e4b08b508fdf9", "x": 2436, "y": 1125}, "status": "valid"}, "mnbz8fy3g7na1": {"e": "Image", "id": "mnbz8fy3g7na1", "m": "image/jpg", "p": [{"u": "https://preview.redd.it/mnbz8fy3g7na1.jpg?width=108&amp;crop=smart&amp;auto=webp&amp;v=enabled&amp;s=3c6433bf42c7a4bfd8843bd7b90e783b77f417de", "x": 108, "y": 49}, {"u": "https://preview.redd.it/mnbz8fy3g7na1.jpg?width=216&amp;crop=smart&amp;auto=webp&amp;v=enabled&amp;s=d97e6319e06c5aaaacbc837d6ca8a3ddfa94711c", "x": 216, "y": 99}, {"u": "https://preview.redd.it/mnbz8fy3g7na1.jpg?width=320&amp;crop=smart&amp;auto=webp&amp;v=enabled&amp;s=b79ad96a2cc011a9735d6859c85c2d786ba3fd17", "x": 320, "y": 147}, {"u": "https://preview.redd.it/mnbz8fy3g7na1.jpg?width=640&amp;crop=smart&amp;auto=webp&amp;v=enabled&amp;s=0b666247aff022172ed54158f96648a131ec9614", "x": 640, "y": 295}, {"u": "https://preview.redd.it/mnbz8fy3g7na1.jpg?width=960&amp;crop=smart&amp;auto=webp&amp;v=enabled&amp;s=3cc788cd337c8a0f38ae0d4c0f51f287bf7ce711", "x": 960, "y": 443}, {"u": "https://preview.redd.it/mnbz8fy3g7na1.jpg?width=1080&amp;crop=smart&amp;auto=webp&amp;v=enabled&amp;s=fe38edec1948cf378db22eb82c48cb6348fe44b7", "x": 1080, "y": 498}], "s": {"u": "https://preview.redd.it/mnbz8fy3g7na1.jpg?width=2436&amp;format=pjpg&amp;auto=webp&amp;v=enabled&amp;s=1b05234b0b7404271821357804a6fbbff2daa1d6", "x": 2436, "y": 1125}, "status": "valid"}, "ngynrfy3g7na1": {"e": "Image", "id": "ngynrfy3g7na1", "m": "image/jpg", "p": [{"u": "https://preview.redd.it/ngynrfy3g7na1.jpg?width=108&amp;crop=smart&amp;auto=webp&amp;v=enabled&amp;s=ead6427738d454056d5101ee1ef62c8225f1661f", "x": 108, "y": 49}, {"u": "https://preview.redd.it/ngynrfy3g7na1.jpg?width=216&amp;crop=smart&amp;auto=webp&amp;v=enabled&amp;s=963b6d3b71f948c31c8c66bcdc1ce75349c2a03d", "x": 216, "y": 99}, {"u": "https://preview.redd.it/ngynrfy3g7na1.jpg?width=320&amp;crop=smart&amp;auto=webp&amp;v=enabled&amp;s=64701906a6853335f4eec29c044958e4442115a5", "x": 320, "y": 147}, {"u": "https://preview.redd.it/ngynrfy3g7na1.jpg?width=640&amp;crop=smart&amp;auto=webp&amp;v=enabled&amp;s=6cd4ae1660c6aeca2f880a367f3bcc05566030a6", "x": 640, "y": 295}, {"u": "https://preview.redd.it/ngynrfy3g7na1.jpg?width=960&amp;crop=smart&amp;auto=webp&amp;v=enabled&amp;s=ef0d34027ffc362a59c7d0ecbe0136bf341373a9", "x": 960, "y": 443}, {"u": "https://preview.redd.it/ngynrfy3g7na1.jpg?width=1080&amp;crop=smart&amp;auto=webp&amp;v=enabled&amp;s=06d96e15971baa011097678048780c20bebd240f", "x": 1080, "y": 498}], "s": {"u": "https://preview.redd.it/ngynrfy3g7na1.jpg?width=2436&amp;format=pjpg&amp;auto=webp&amp;v=enabled&amp;s=0faaa1953b5f41735a6e38ff373321eb5c0891e5", "x": 2436, "y": 1125}, "status": "valid"}, "npigafy3g7na1": {"e": "Image", "id": "npigafy3g7na1", "m": "image/jpg", "p": [{"u": "https://preview.redd.it/npigafy3g7na1.jpg?width=108&amp;crop=smart&amp;auto=webp&amp;v=enabled&amp;s=64ee2025a2f99bb50c85fc682f37d36750c858bc", "x": 108, "y": 49}, {"u": "https://preview.redd.it/npigafy3g7na1.jpg?width=216&amp;crop=smart&amp;auto=webp&amp;v=enabled&amp;s=47f4c7014caa3c7f0cb453c771b7eca38a008fe0", "x": 216, "y": 99}, {"u": "https://preview.redd.it/npigafy3g7na1.jpg?width=320&amp;crop=smart&amp;auto=webp&amp;v=enabled&amp;s=9d92514ca22701374f0ad183a11819d8fcf3a382", "x": 320, "y": 147}, {"u": "https://preview.redd.it/npigafy3g7na1.jpg?width=640&amp;crop=smart&amp;auto=webp&amp;v=enabled&amp;s=0f5fd67900919aff4a03fd41b3d321164c734a1e", "x": 640, "y": 295}, {"u": "https://preview.redd.it/npigafy3g7na1.jpg?width=960&amp;crop=smart&amp;auto=webp&amp;v=enabled&amp;s=4b3f52f3842b2f54e3f4d69cdc63ab25b5c265af", "x": 960, "y": 443}, {"u": "https://preview.redd.it/npigafy3g7na1.jpg?width=1080&amp;crop=smart&amp;auto=webp&amp;v=enabled&amp;s=192a32ca80c3913caf545d6615cde89067ad8e9c", "x": 1080, "y": 498}], "s": {"u": "https://preview.redd.it/npigafy3g7na1.jpg?width=2436&amp;format=pjpg&amp;auto=webp&amp;v=enabled&amp;s=f0bf921fa55884b6b06c358285d80e556c7cbf13", "x": 2436, "y": 1125}, "status": "valid"}, "pduo9fy3g7na1": {"e": "Image", "id": "pduo9fy3g7na1", "m": "image/jpg", "p": [{"u": "https://preview.redd.it/pduo9fy3g7na1.jpg?width=108&amp;crop=smart&amp;auto=webp&amp;v=enabled&amp;s=fe02a9b85ee579a6957199ead51abd9545115896", "x": 108, "y": 49}, {"u": "https://preview.redd.it/pduo9fy3g7na1.jpg?width=216&amp;crop=smart&amp;auto=webp&amp;v=enabled&amp;s=66920fc009396f7373bc63ab21990b27fee1a399", "x": 216, "y": 99}, {"u": "https://preview.redd.it/pduo9fy3g7na1.jpg?width=320&amp;crop=smart&amp;auto=webp&amp;v=enabled&amp;s=4c65f6f511922a5c83c9f4feb9288ef9382c265a", "x": 320, "y": 147}, {"u": "https://preview.redd.it/pduo9fy3g7na1.jpg?width=640&amp;crop=smart&amp;auto=webp&amp;v=enabled&amp;s=a18c4d4a78ce2771b70e85d4543e2069369bf86e", "x": 640, "y": 295}, {"u": "https://preview.redd.it/pduo9fy3g7na1.jpg?width=960&amp;crop=smart&amp;auto=webp&amp;v=enabled&amp;s=84fc5e548f3f1acc911560e460619630da8287cb", "x": 960, "y": 443}, {"u": "https://preview.redd.it/pduo9fy3g7na1.jpg?width=1080&amp;crop=smart&amp;auto=webp&amp;v=enabled&amp;s=69d48fc0b422c708f2d73afa006fce189eb80259", "x": 1080, "y": 498}], "s": {"u": "https://preview.redd.it/pduo9fy3g7na1.jpg?width=2436&amp;format=pjpg&amp;auto=webp&amp;v=enabled&amp;s=dcf9a9438555c7ecc150f29c5303319c5c09d723", "x": 2436, "y": 1125}, "status": "valid"}, "pkbckfy3g7na1": {"e": "Image", "id": "pkbckfy3g7na1", "m": "image/jpg", "p": [{"u": "https://preview.redd.it/pkbckfy3g7na1.jpg?width=108&amp;crop=smart&amp;auto=webp&amp;v=enabled&amp;s=c6d8aa7f1ebc5d718ffc0b3bb745526bf2913e3d", "x": 108, "y": 49}, {"u": "https://preview.redd.it/pkbckfy3g7na1.jpg?width=216&amp;crop=smart&amp;auto=webp&amp;v=enabled&amp;s=1e0f27d0f74e33e6046d6696dec7944c60d381ba", "x": 216, "y": 99}, {"u": "https://preview.redd.it/pkbckfy3g7na1.jpg?width=320&amp;crop=smart&amp;auto=webp&amp;v=enabled&amp;s=b221059aed33cd26ee18822017f38a49801ed905", "x": 320, "y": 147}, {"u": "https://preview.redd.it/pkbckfy3g7na1.jpg?width=640&amp;crop=smart&amp;auto=webp&amp;v=enabled&amp;s=29e318e450791afdb393591199e32e2dec872468", "x": 640, "y": 295}, {"u": "https://preview.redd.it/pkbckfy3g7na1.jpg?width=960&amp;crop=smart&amp;auto=webp&amp;v=enabled&amp;s=92cb47f60d020d5c0566cb9c2a42ab4fe40df53d", "x": 960, "y": 443}, {"u": "https://preview.redd.it/pkbckfy3g7na1.jpg?width=1080&amp;crop=smart&amp;auto=webp&amp;v=enabled&amp;s=a1bd74e2cfbe66df0a9648dcea936bf52f6d952d", "x": 1080, "y": 498}], "s": {"u": "https://preview.redd.it/pkbckfy3g7na1.jpg?width=2436&amp;format=pjpg&amp;auto=webp&amp;v=enabled&amp;s=14f1ef3d6a771644385bd7e8b624928a5af4971f", "x": 2436, "y": 1125}, "status": "valid"}, "qmcvpfy3g7na1": {"e": "Image", "id": "qmcvpfy3g7na1", "m": "image/jpg", "p": [{"u": "https://preview.redd.it/qmcvpfy3g7na1.jpg?width=108&amp;crop=smart&amp;auto=webp&amp;v=enabled&amp;s=991b903849ec85a4b69bd608d3e1d25f3c300247", "x": 108, "y": 49}, {"u": "https://preview.redd.it/qmcvpfy3g7na1.jpg?width=216&amp;crop=smart&amp;auto=webp&amp;v=enabled&amp;s=85be2345174e4eba1b30b14b4c543e0b5f92dad1", "x": 216, "y": 99}, {"u": "https://preview.redd.it/qmcvpfy3g7na1.jpg?width=320&amp;crop=smart&amp;auto=webp&amp;v=enabled&amp;s=7ce8e4a2764a6b9cbf26dc46dfa115c3a88db93a", "x": 320, "y": 147}, {"u": "https://preview.redd.it/qmcvpfy3g7na1.jpg?width=640&amp;crop=smart&amp;auto=webp&amp;v=enabled&amp;s=1064c80a8c8a0d342ed92391f286751a676efc24", "x": 640, "y": 295}, {"u": "https://preview.redd.it/qmcvpfy3g7na1.jpg?width=960&amp;crop=smart&amp;auto=webp&amp;v=enabled&amp;s=dfaa8c996e1cff07ea5d8f197f13e7dae1517ba9", "x": 960, "y": 443}, {"u": "https://preview.redd.it/qmcvpfy3g7na1.jpg?width=1080&amp;crop=smart&amp;auto=webp&amp;v=enabled&amp;s=fe7653cd3d8f96fc8725743fcf1ae7788f7f186f", "x": 1080, "y": 498}], "s": {"u": "https://preview.redd.it/qmcvpfy3g7na1.jpg?width=2436&amp;format=pjpg&amp;auto=webp&amp;v=enabled&amp;s=187f2ba9774f5a18a1ccd7de236a3f602fe41220", "x": 2436, "y": 1125}, "status": "valid"}, "w12u3fy3g7na1": {"e": "Image", "id": "w12u3fy3g7na1", "m": "image/jpg", "p": [{"u": "https://preview.redd.it/w12u3fy3g7na1.jpg?width=108&amp;crop=smart&amp;auto=webp&amp;v=enabled&amp;s=6f0aa18c2d129c155a07e758a207b85ec582d1eb", "x": 108, "y": 49}, {"u": "https://preview.redd.it/w12u3fy3g7na1.jpg?width=216&amp;crop=smart&amp;auto=webp&amp;v=enabled&amp;s=75495325462a530bb5bc6c44ad2c0506cb1047e7", "x": 216, "y": 99}, {"u": "https://preview.redd.it/w12u3fy3g7na1.jpg?width=320&amp;crop=smart&amp;auto=webp&amp;v=enabled&amp;s=330afa54f1d7fefccb39ae5e6b3893827b890156", "x": 320, "y": 147}, {"u": "https://preview.redd.it/w12u3fy3g7na1.jpg?width=640&amp;crop=smart&amp;auto=webp&amp;v=enabled&amp;s=39eec43eea2988e4afb65172becffb52ef27367b", "x": 640, "y": 295}, {"u": "https://preview.redd.it/w12u3fy3g7na1.jpg?width=960&amp;crop=smart&amp;auto=webp&amp;v=enabled&amp;s=2c98ef71a6ee3b8454ed6d658ca50f38a95300b7", "x": 960, "y": 443}, {"u": "https://preview.redd.it/w12u3fy3g7na1.jpg?width=1080&amp;crop=smart&amp;auto=webp&amp;v=enabled&amp;s=6031ee6e2555b02896b1dd7f5bb077bcc175db57", "x": 1080, "y": 498}], "s": {"u": "https://preview.redd.it/w12u3fy3g7na1.jpg?width=2436&amp;format=pjpg&amp;auto=webp&amp;v=enabled&amp;s=4ea5b64d3e93e06247811b10193ad0a5ff05013a", "x": 2436, "y": 1125}, "status": "valid"}, "xgo0pfy3g7na1": {"e": "Image", "id": "xgo0pfy3g7na1", "m": "image/jpg", "p": [{"u": "https://preview.redd.it/xgo0pfy3g7na1.jpg?width=108&amp;crop=smart&amp;auto=webp&amp;v=enabled&amp;s=263dbc6c9a117f4fd4f7ad7502f29f8bdcc8a261", "x": 108, "y": 49}, {"u": "https://preview.redd.it/xgo0pfy3g7na1.jpg?width=216&amp;crop=smart&amp;auto=webp&amp;v=enabled&amp;s=9d320a3e8e05a70fb6a580e219fed1545a15c7e6", "x": 216, "y": 99}, {"u": "https://preview.redd.it/xgo0pfy3g7na1.jpg?width=320&amp;crop=smart&amp;auto=webp&amp;v=enabled&amp;s=8dfd16e7daf3da2f0cbcf40001de4b7c40989766", "x": 320, "y": 147}, {"u": "https://preview.redd.it/xgo0pfy3g7na1.jpg?width=640&amp;crop=smart&amp;auto=webp&amp;v=enabled&amp;s=00bd83911946fba072e3678e6a450ecb27d65875", "x": 640, "y": 295}, {"u": "https://preview.redd.it/xgo0pfy3g7na1.jpg?width=960&amp;crop=smart&amp;auto=webp&amp;v=enabled&amp;s=e1df93f60dd3a61e13257ac40e4297c06062748c", "x": 960, "y": 443}, {"u": "https://preview.redd.it/xgo0pfy3g7na1.jpg?width=1080&amp;crop=smart&amp;auto=webp&amp;v=enabled&amp;s=d0a4f9baca5f41c45dc6b1f759e92420d666d7ab", "x": 1080, "y": 498}], "s": {"u": "https://preview.redd.it/xgo0pfy3g7na1.jpg?width=2436&amp;format=pjpg&amp;auto=webp&amp;v=enabled&amp;s=a317013bc17665ac1efb0de1b19db31ebcc50403", "x": 2436, "y": 1125}, "status": "valid"}}, "media_only": false, "mod_note": null, "mod_reason_by": null, "mod_reason_title": null, "mod_reports": [], "name": "t3_11p0g4v", "no_follow": false, "num_comments": 33, "num_crossposts": 3, "num_reports": null, "over_18": false, "parent_whitelist_status": "all_ads", "permalink": "/r/Superstonk/comments/11p0g4v/atobitt_the_everything_short_slideshow_adapted/", "pinned": false, "pwls": 6, "quarantine": false, "removal_reason": null, "removed_by": null, "removed_by_category": null, "report_reasons": null, "saved": false, "score": 2159, "secure_media": null, "secure_media_embed": {}, "selftext": "", "selftext_html": null, "send_replies": true, "spoiler": false, "stickied": false, "subreddit": "Superstonk", "subreddit_id": "t5_43zwn1", "subreddit_name_prefixed": "r/Superstonk", "subreddit_subscribers": 874409, "subreddit_type": "public", "suggested_sort": null, "thumbnail": "https://b.thumbs.redditmedia.com/twVhwwsrh_4bj2nRvUQEyPNpBKRG4vheC2qcdM6aVyU.jpg", "thumbnail_height": 64, "thumbnail_width": 140, "title": "atobitt \u201cThe EVERYTHING Short\u201d slideshow adapted ; feels like a good weekend to jack some tits on how fucked treasuries are \ud83d\ude80\ud83d\ude80\ud83d\ude80\ud83d\ude80\ud83d\ude80\ud83d\ude80", "top_awarded_type": null, "total_awards_received": 1, "treatment_tags": [], "ups": 2159, "upvote_ratio": 0.98, "url": "https://www.reddit.com/gallery/11p0g4v", "url_overridden_by_dest": "https://www.reddit.com/gallery/11p0g4v", "user_reports": [], "view_count": null, "visited": false, "whitelist_status": "all_ads", "wls": 6}], "discussion_type": null, "distinguished": null, "domain": "reddit.com", "edited": false, "gilded": 0, "gildings": {}, "hidden": false, "hide_score": false, "id": "11p0izi", "is_created_from_ads_ui": false, "is_crosspostable": true, "is_meta": false, "is_original_content": false, "is_reddit_media_domain": false, "is_robot_indexable": true, "is_self": false, "is_video": false, "link_flair_background_color": "", "link_flair_css_class": null, "link_flair_richtext": [], "link_flair_text": null, "link_flair_text_color": "dark", "link_flair_type": "text", "locked": false, "media": null, "media_embed": {}, "media_only": false, "name": "t3_11p0izi", "no_follow": false, "num_comments": 0, "num_crossposts": 0, "over_18": false, "parent_whitelist_status": null, "permalink": "/r/ThePPShow/comments/11p0izi/atobitt_the_everything_short_slideshow_adapted/", "pinned": false, "pwls": null, "quarantine": false, "removed_by": null, "removed_by_category": null, "retrieved_on": 1681012066, "score": 6, "secure_media": null, "secure_media_embed": {}, "selftext": "", "send_replies": false, "spoiler": false, "stickied": false, "subreddit": "ThePPShow", "subreddit_id": "t5_7q5o7y", "subreddit_name_prefixed": "r/ThePPShow", "subreddit_subscribers": 1239, "subreddit_type": "public", "suggested_sort": null, "thumbnail": "https://b.thumbs.redditmedia.com/twVhwwsrh_4bj2nRvUQEyPNpBKRG4vheC2qcdM6aVyU.jpg", "thumbnail_height": 64, "thumbnail_width": 140, "title": "atobitt \u201cThe EVERYTHING Short\u201d slideshow adapted ; feels like a good weekend to jack some tits on how fucked treasuries are \ud83d\ude80\ud83d\ude80\ud83d\ude80\ud83d\ude80\ud83d\ude80\ud83d\ude80", "top_awarded_type": null, "total_awards_received": 0, "treatment_tags": [], "upvote_ratio": 0.88, "url": "https://www.reddit.com/gallery/11p0g4v", "url_overridden_by_dest": "https://www.reddit.com/gallery/11p0g4v", "view_count": null, "whitelist_status": null, "wls": null}], "metadata": {"op_a": 57, "op_b": 50, "total": 108}, "error": null}