{"data": [{"all_awardings": [], "allow_live_comments": false, "archived": false, "author": "[deleted]", "author_created_utc": null, "author_flair_background_color": "", "author_flair_css_class": null, "author_flair_template_id": null, "author_flair_text": null, "author_flair_text_color": "dark", "awarders": [], "banned_by": null, "can_gild": false, "can_mod_post": false, "category": null, "content_categories": null, "contest_mode": false, "created_utc": 1677431841, "discussion_type": null, "distinguished": "moderator", "domain": "", "edited": false, "gilded": 0, "gildings": {}, "hidden": false, "hide_score": false, "id": "11cms0o", "is_created_from_ads_ui": false, "is_crosspostable": false, "is_meta": false, "is_original_content": false, "is_reddit_media_domain": true, "is_robot_indexable": false, "is_self": false, "is_video": false, "link_flair_background_color": "#ffd635", "link_flair_css_class": "", "link_flair_richtext": [], "link_flair_template_id": "bef22e6a-8f0a-11ed-affa-76ea4a8b63bf", "link_flair_text": "Memes ", "link_flair_text_color": "dark", "link_flair_type": "text", "locked": false, "media": null, "media_embed": {}, "media_only": false, "name": "t3_11cms0o", "no_follow": false, "num_comments": 6, "num_crossposts": 0, "over_18": false, "parent_whitelist_status": null, "permalink": "/r/ThePPShow/comments/11cms0o/og_gme_apes_teaching_new_bbby_apes_squeeze/", "pinned": false, "pwls": null, "quarantine": false, "removed_by": null, "removed_by_category": "deleted", "retrieved_on": 1678312828, "score": 19, "secure_media": null, "secure_media_embed": {}, "selftext": "[deleted]", "send_replies": true, "spoiler": false, "stickied": false, "subreddit": "ThePPShow", "subreddit_id": "t5_7q5o7y", "subreddit_name_prefixed": "r/ThePPShow", "subreddit_subscribers": 580, "subreddit_type": "public", "suggested_sort": null, "thumbnail": "default", "thumbnail_height": 140, "thumbnail_width": 140, "title": "OG GME apes teaching new BBBY apes squeeze theories", "top_awarded_type": null, "total_awards_received": 0, "treatment_tags": [], "upvote_ratio": 0.91, "url": "", "url_overridden_by_dest": "", "view_count": null, "whitelist_status": null, "wls": null}, {"all_awardings": [], "allow_live_comments": false, "archived": false, "author": "the_small_farmer", "author_created_utc": 1611650393, "author_flair_background_color": null, "author_flair_css_class": null, "author_flair_richtext": [], "author_flair_template_id": null, "author_flair_text": null, "author_flair_text_color": null, "author_flair_type": "text", "author_fullname": "t2_9zzaasnx", "author_patreon_flair": false, "author_premium": false, "awarders": [], "banned_by": null, "can_gild": true, "can_mod_post": false, "category": null, "content_categories": null, "contest_mode": false, "created_utc": 1677397838, "discussion_type": null, "distinguished": null, "domain": "m.youtube.com", "edited": false, "gilded": 0, "gildings": {}, "hidden": false, "hide_score": false, "id": "11c8m31", "is_created_from_ads_ui": false, "is_crosspostable": true, "is_meta": false, "is_original_content": false, "is_reddit_media_domain": false, "is_robot_indexable": true, "is_self": false, "is_video": false, "link_flair_background_color": "", "link_flair_css_class": null, "link_flair_richtext": [], "link_flair_text": null, "link_flair_text_color": "dark", "link_flair_type": "text", "locked": false, "media": null, "media_embed": {}, "media_only": false, "name": "t3_11c8m31", "no_follow": false, "num_comments": 5, "num_crossposts": 0, "over_18": false, "parent_whitelist_status": null, "permalink": "/r/ThePPShow/comments/11c8m31/someone_cares_to_debunk_mclovins_daydream/", "pinned": false, "post_hint": "link", "preview": {"enabled": false, "images": [{"id": "3Qf9jJZfd9UVpjskuMbAmefEJ1PXv8lONPonIK39jSk", "resolutions": [{"height": 60, "url": "https://external-preview.redd.it/c__IlNXsL6Bd6OJ1PDtBZJfwwSHUF9og0kTa0_3mdt4.jpg?width=108&amp;crop=smart&amp;auto=webp&amp;v=enabled&amp;s=de73f72b83366f3b9cbf3eccb52c43f48bed28cd", "width": 108}, {"height": 121, "url": "https://external-preview.redd.it/c__IlNXsL6Bd6OJ1PDtBZJfwwSHUF9og0kTa0_3mdt4.jpg?width=216&amp;crop=smart&amp;auto=webp&amp;v=enabled&amp;s=279477aaf49d5827b21130115347de92269d1ceb", "width": 216}, {"height": 180, "url": "https://external-preview.redd.it/c__IlNXsL6Bd6OJ1PDtBZJfwwSHUF9og0kTa0_3mdt4.jpg?width=320&amp;crop=smart&amp;auto=webp&amp;v=enabled&amp;s=5509dd28fb2a40e0ff729f890f201f71b3b1d691", "width": 320}, {"height": 360, "url": "https://external-preview.redd.it/c__IlNXsL6Bd6OJ1PDtBZJfwwSHUF9og0kTa0_3mdt4.jpg?width=640&amp;crop=smart&amp;auto=webp&amp;v=enabled&amp;s=d22750241d4ca33e0102db7e12b11cb82de004a4", "width": 640}, {"height": 540, "url": "https://external-preview.redd.it/c__IlNXsL6Bd6OJ1PDtBZJfwwSHUF9og0kTa0_3mdt4.jpg?width=960&amp;crop=smart&amp;auto=webp&amp;v=enabled&amp;s=25ca95d2171d7eb971303fdc0898b23d3b281902", "width": 960}, {"height": 607, "url": "https://external-preview.redd.it/c__IlNXsL6Bd6OJ1PDtBZJfwwSHUF9og0kTa0_3mdt4.jpg?width=1080&amp;crop=smart&amp;auto=webp&amp;v=enabled&amp;s=3640f925aa0e1120d4184669d187285b44fa3a22", "width": 1080}], "source": {"height": 720, "url": "https://external-preview.redd.it/c__IlNXsL6Bd6OJ1PDtBZJfwwSHUF9og0kTa0_3mdt4.jpg?auto=webp&amp;v=enabled&amp;s=a0f985f114ae83d7ad11797011697937ea99c78b", "width": 1280}, "variants": {}}]}, "pwls": null, "quarantine": false, "removed_by": null, "removed_by_category": null, "retrieved_on": 1678313340, "score": 10, "secure_media": null, "secure_media_embed": {}, "selftext": "", "send_replies": false, "spoiler": false, "stickied": false, "subreddit": "ThePPShow", "subreddit_id": "t5_7q5o7y", "subreddit_name_prefixed": "r/ThePPShow", "subreddit_subscribers": 580, "subreddit_type": "public", "suggested_sort": null, "thumbnail": "https://a.thumbs.redditmedia.com/zNHYznXFhp7kVlO8O5dOy_csP8sGm1gIA6bybCh9A24.jpg", "thumbnail_height": 78, "thumbnail_width": 140, "title": "Someone cares to debunk McLovin\u2019s daydream ?", "top_awarded_type": null, "total_awards_received": 0, "treatment_tags": [], "upvote_ratio": 1.0, "url": "https://m.youtube.com/watch?v=lNSKft1d3N8", "url_overridden_by_dest": "https://m.youtube.com/watch?v=lNSKft1d3N8", "view_count": null, "whitelist_status": null, "wls": null}, {"all_awardings": [], "allow_live_comments": false, "archived": false, "author": "coachchip246", "author_created_utc": 1672994787, "author_flair_background_color": null, "author_flair_css_class": null, "author_flair_richtext": [], "author_flair_template_id": null, "author_flair_text": null, "author_flair_text_color": null, "author_flair_type": "text", "author_fullname": "t2_vfm4ip55", "author_patreon_flair": false, "author_premium": false, "awarders": [], "banned_by": null, "can_gild": true, "can_mod_post": false, "category": null, "content_categories": null, "contest_mode": false, "created_utc": 1677384801, "discussion_type": null, "distinguished": null, "domain": "i.redd.it", "edited": false, "gilded": 0, "gildings": {}, "hidden": false, "hide_score": false, "id": "11c50jb", "is_created_from_ads_ui": false, "is_crosspostable": true, "is_meta": false, "is_original_content": false, "is_reddit_media_domain": true, "is_robot_indexable": true, "is_self": false, "is_video": false, "link_flair_background_color": "", "link_flair_css_class": null, "link_flair_richtext": [], "link_flair_text": null, "link_flair_text_color": "dark", "link_flair_type": "text", "locked": false, "media": null, "media_embed": {}, "media_only": false, "name": "t3_11c50jb", "no_follow": false, "num_comments": 12, "num_crossposts": 0, "over_18": false, "parent_whitelist_status": null, "permalink": "/r/ThePPShow/comments/11c50jb/regsho_ftd_si_reporting_dates_understood_there/", "pinned": false, "post_hint": "image", "preview": {"enabled": true, "images": [{"id": "6vBeerYRfkPLIwYA9nhR_5L_ZuWs65pfpTnzRSvmcmk", "resolutions": [{"height": 97, "url": "https://preview.redd.it/umhu31rmhgka1.png?width=108&amp;crop=smart&amp;auto=webp&amp;v=enabled&amp;s=e981c23ab78fb31c3ede799e20650e7934ec2b8c", "width": 108}, {"height": 195, "url": "https://preview.redd.it/umhu31rmhgka1.png?width=216&amp;crop=smart&amp;auto=webp&amp;v=enabled&amp;s=f3060986848d84cc6ae223ea5919ced45ff5716f", "width": 216}, {"height": 289, "url": "https://preview.redd.it/umhu31rmhgka1.png?width=320&amp;crop=smart&amp;auto=webp&amp;v=enabled&amp;s=559a44c8af0e9826c559d7a86e6e1887a6adc683", "width": 320}, {"height": 579, "url": "https://preview.redd.it/umhu31rmhgka1.png?width=640&amp;crop=smart&amp;auto=webp&amp;v=enabled&amp;s=fabff2aa40c4f3c7bf173a174d6f7fe2ad5729ba", "width": 640}, {"height": 869, "url": "https://preview.redd.it/umhu31rmhgka1.png?width=960&amp;crop=smart&amp;auto=webp&amp;v=enabled&amp;s=7f049e067fbe275c5e8a7dc8599b15bc805bad1b", "width": 960}], "source": {"height": 870, "url": "https://preview.redd.it/umhu31rmhgka1.png?auto=webp&amp;v=enabled&amp;s=a4e0781fe8e0ba99e913b80b04bcbe452d6e6267", "width": 961}, "variants": {}}]}, "pwls": null, "quarantine": false, "removed_by": null, "removed_by_category": null, "retrieved_on": 1678313499, "score": 18, "secure_media": null, "secure_media_embed": {}, "selftext": "", "send_replies": true, "spoiler": false, "stickied": false, "subreddit": "ThePPShow", "subreddit_id": "t5_7q5o7y", "subreddit_name_prefixed": "r/ThePPShow", "subreddit_subscribers": 580, "subreddit_type": "public", "suggested_sort": null, "thumbnail": "https://a.thumbs.redditmedia.com/JIDG8kIlo6JQmvqSfpfONyXN4708hRJ_v9ChbQDwLv4.jpg", "thumbnail_height": 126, "thumbnail_width": 140, "title": "RegSHO / FTD / SI Reporting Dates. Understood there are differences in opinion on when the T+35 date is. Merged some FINRA info with Stocksera FTD/RegSHO, listing RegSHO start date as of 1/10/23. dates should be lined w/ trading days as best as possible, lmk what y'all think and any errors. NFA.", "top_awarded_type": null, "total_awards_received": 0, "treatment_tags": [], "upvote_ratio": 1.0, "url": "https://i.redd.it/umhu31rmhgka1.png", "url_overridden_by_dest": "https://i.redd.it/umhu31rmhgka1.png", "view_count": null, "whitelist_status": null, "wls": null}, {"all_awardings": [], "allow_live_comments": false, "archived": false, "author": "ppseeds", "author_created_utc": 1518222553, "author_flair_background_color": null, "author_flair_css_class": null, "author_flair_richtext": [], "author_flair_template_id": null, "author_flair_text": null, "author_flair_text_color": null, "author_flair_type": "text", "author_fullname": "t2_w7v9rg0", "author_patreon_flair": false, "author_premium": true, "awarders": [], "banned_by": null, "can_gild": true, "can_mod_post": false, "category": null, "content_categories": null, "contest_mode": false, "created_utc": 1677377962, "discussion_type": null, "distinguished": "moderator", "domain": "i.redd.it", "edited": false, "gilded": 0, "gildings": {}, "hidden": false, "hide_score": false, "id": "11c2tab", "is_created_from_ads_ui": false, "is_crosspostable": true, "is_meta": false, "is_original_content": false, "is_reddit_media_domain": true, "is_robot_indexable": true, "is_self": false, "is_video": false, "link_flair_background_color": "#ffd635", "link_flair_css_class": "", "link_flair_richtext": [], "link_flair_template_id": "bef22e6a-8f0a-11ed-affa-76ea4a8b63bf", "link_flair_text": "Memes ", "link_flair_text_color": "dark", "link_flair_type": "text", "locked": false, "media": null, "media_embed": {}, "media_only": false, "name": "t3_11c2tab", "no_follow": false, "num_comments": 6, "num_crossposts": 0, "over_18": false, "parent_whitelist_status": null, "permalink": "/r/ThePPShow/comments/11c2tab/abc_might_actually_be_the_first_person_more/", "pinned": false, "post_hint": "image", "preview": {"enabled": true, "images": [{"id": "xq3C4pxBq8_f2VaCZkQeG2r1SlXOeYSWTYRy_bFoP6k", "resolutions": [{"height": 134, "url": "https://preview.redd.it/4gx8w3kvhhka1.jpg?width=108&amp;crop=smart&amp;auto=webp&amp;v=enabled&amp;s=7410bf5c1d35f252a894ef08cac952a2d008419a", "width": 108}, {"height": 268, "url": "https://preview.redd.it/4gx8w3kvhhka1.jpg?width=216&amp;crop=smart&amp;auto=webp&amp;v=enabled&amp;s=cc598dc7d990546c628435911808032a53e7a226", "width": 216}, {"height": 397, "url": "https://preview.redd.it/4gx8w3kvhhka1.jpg?width=320&amp;crop=smart&amp;auto=webp&amp;v=enabled&amp;s=e0770c6c2bc1e630a3dd3c71d47b4f13aa7c9ad0", "width": 320}, {"height": 794, "url": "https://preview.redd.it/4gx8w3kvhhka1.jpg?width=640&amp;crop=smart&amp;auto=webp&amp;v=enabled&amp;s=80ee23140438de129854c6198d3a4664d50dd0c7", "width": 640}], "source": {"height": 944, "url": "https://preview.redd.it/4gx8w3kvhhka1.jpg?auto=webp&amp;v=enabled&amp;s=fcdf413e9a386a6b1e5038e32857cf2c97e94d46", "width": 760}, "variants": {}}]}, "pwls": null, "quarantine": false, "removed_by": null, "removed_by_category": null, "retrieved_on": 1678313595, "score": 28, "secure_media": null, "secure_media_embed": {}, "selftext": "", "send_replies": true, "spoiler": false, "stickied": false, "subreddit": "ThePPShow", "subreddit_id": "t5_7q5o7y", "subreddit_name_prefixed": "r/ThePPShow", "subreddit_subscribers": 580, "subreddit_type": "public", "suggested_sort": null, "thumbnail": "https://b.thumbs.redditmedia.com/NPNTrV4wEixUrX7AOkb4UtxjsTYwHxPgJquUbhekJuY.jpg", "thumbnail_height": 140, "thumbnail_width": 140, "title": "ABC might actually be the first person more bullish than pp \ud83d\udc40", "top_awarded_type": null, "total_awards_received": 0, "treatment_tags": [], "upvote_ratio": 0.97, "url": "https://i.redd.it/4gx8w3kvhhka1.jpg", "url_overridden_by_dest": "https://i.redd.it/4gx8w3kvhhka1.jpg", "view_count": null, "whitelist_status": null, "wls": null}], "metadata": {"op_a": 57, "op_b": 50, "total": 107}, "error": null}