{"data": [{"all_awardings": [], "allow_live_comments": false, "archived": false, "author": "ppseeds", "author_created_utc": 1518222553, "author_flair_background_color": null, "author_flair_css_class": null, "author_flair_richtext": [], "author_flair_template_id": null, "author_flair_text": null, "author_flair_text_color": null, "author_flair_type": "text", "author_fullname": "t2_w7v9rg0", "author_patreon_flair": false, "author_premium": true, "awarders": [], "banned_by": null, "can_gild": true, "can_mod_post": false, "category": null, "content_categories": null, "contest_mode": false, "created_utc": 1678394411, "discussion_type": null, "distinguished": null, "domain": "self.ThePPShow", "edited": false, "gilded": 0, "gildings": {}, "hidden": false, "hide_score": false, "id": "11n346w", "is_created_from_ads_ui": false, "is_crosspostable": true, "is_meta": false, "is_original_content": false, "is_reddit_media_domain": false, "is_robot_indexable": true, "is_self": true, "is_video": false, "link_flair_background_color": "#ffd635", "link_flair_css_class": "", "link_flair_richtext": [], "link_flair_template_id": "b389bcaa-8f0a-11ed-9b6e-1e9f599434b1", "link_flair_text": "Stream announcement ", "link_flair_text_color": "dark", "link_flair_type": "text", "locked": false, "media": null, "media_embed": {}, "media_only": false, "name": "t3_11n346w", "no_follow": false, "num_comments": 21, "num_crossposts": 0, "over_18": false, "parent_whitelist_status": null, "permalink": "/r/ThePPShow/comments/11n346w/theppshow_airing_tonight_at_7pm_ct_spoke_to_abc/", "pinned": false, "pwls": null, "quarantine": false, "removed_by": null, "removed_by_category": null, "retrieved_on": 1681014656, "score": 34, "secure_media": null, "secure_media_embed": {}, "selftext": "", "send_replies": true, "spoiler": false, "stickied": false, "subreddit": "ThePPShow", "subreddit_id": "t5_7q5o7y", "subreddit_name_prefixed": "r/ThePPShow", "subreddit_subscribers": 1240, "subreddit_type": "public", "suggested_sort": null, "thumbnail": "self", "thumbnail_height": null, "thumbnail_width": null, "title": "ThePPShow airing tonight at 7PM CT spoke to ABC he will be coming in as well.", "top_awarded_type": null, "total_awards_received": 0, "treatment_tags": [], "upvote_ratio": 1.0, "url": "https://www.reddit.com/r/ThePPShow/comments/11n346w/theppshow_airing_tonight_at_7pm_ct_spoke_to_abc/", "view_count": null, "whitelist_status": null, "wls": null}, {"all_awardings": [], "allow_live_comments": false, "archived": false, "author": "moonshot_69", "author_created_utc": 1662328354, "author_flair_background_color": null, "author_flair_css_class": null, "author_flair_richtext": [], "author_flair_template_id": null, "author_flair_text": null, "author_flair_text_color": null, "author_flair_type": "text", "author_fullname": "t2_rpv9h1mq", "author_patreon_flair": false, "author_premium": true, "awarders": [], "banned_by": null, "can_gild": true, "can_mod_post": false, "category": null, "content_categories": null, "contest_mode": false, "created_utc": 1678391487, "crosspost_parent": "t3_11n1nt4", "crosspost_parent_list": [{"all_awardings": [], "allow_live_comments": false, "approved_at_utc": null, "approved_by": null, "archived": false, "author": "moonshot_69", "author_flair_background_color": "#d3d6da", "author_flair_css_class": null, "author_flair_richtext": [], "author_flair_template_id": "481f78aa-a004-11ed-ac31-5e57c8d9e576", "author_flair_text": "Kais Maleej", "author_flair_text_color": "dark", "author_flair_type": "text", "author_fullname": "t2_rpv9h1mq", "author_is_blocked": false, "author_patreon_flair": false, "author_premium": true, "awarders": [], "banned_at_utc": null, "banned_by": null, "can_gild": true, "can_mod_post": false, "category": null, "clicked": false, "content_categories": null, "contest_mode": false, "created": 1678391041.0, "created_utc": 1678391041.0, "discussion_type": null, "distinguished": "moderator", "domain": "self.bbby_remastered", "downs": 0, "edited": 1679497313.0, "gilded": 0, "gildings": {}, "hidden": false, "hide_score": false, "id": "11n1nt4", "is_created_from_ads_ui": false, "is_crosspostable": true, "is_meta": false, "is_original_content": false, "is_reddit_media_domain": false, "is_robot_indexable": true, "is_self": true, "is_video": false, "likes": null, "link_flair_background_color": "#46d160", "link_flair_css_class": "", "link_flair_richtext": [], "link_flair_template_id": "80fe723c-9c23-11ed-9b55-7ab6cab9aad5", "link_flair_text": "Kais Maleej", "link_flair_text_color": "dark", "link_flair_type": "text", "locked": false, "media": null, "media_embed": {}, "media_only": false, "mod_note": null, "mod_reason_by": null, "mod_reason_title": null, "mod_reports": [], "name": "t3_11n1nt4", "no_follow": false, "num_comments": 2, "num_crossposts": 1, "num_reports": null, "over_18": false, "parent_whitelist_status": null, "permalink": "/r/bbby_remastered/comments/11n1nt4/bbby_resources/", "pinned": false, "pwls": null, "quarantine": false, "removal_reason": null, "removed_by": null, "removed_by_category": null, "report_reasons": null, "saved": false, "score": 26, "secure_media": null, "secure_media_embed": {}, "selftext": "BBBY assorted trading data\n\nhttps://bbby.crazyawesomecompany.com\n\nOptions data, ortex data \n\nr/buybuyBBBY\n\nBBBY dd website, needs more additions but good start\n\nhttps://bbby-dd.com\n\nSuperstonk DD library\n\nhttps://fliphtml5.com/bookcase/kosyg\n\nBBBY investor relations\n\nhttps://bedbathandbeyond.gcs-web.com/\n\nDRS guides by broker and more\n\nhttps://www.drsgme.org/", "selftext_html": "&lt;!-- SC_OFF --&gt;&lt;div class=\"md\"&gt;&lt;p&gt;BBBY assorted trading data&lt;/p&gt;\n\n&lt;p&gt;&lt;a href=\"https://bbby.crazyawesomecompany.com\"&gt;https://bbby.crazyawesomecompany.com&lt;/a&gt;&lt;/p&gt;\n\n&lt;p&gt;Options data, ortex data &lt;/p&gt;\n\n&lt;p&gt;&lt;a href=\"/r/buybuyBBBY\"&gt;r/buybuyBBBY&lt;/a&gt;&lt;/p&gt;\n\n&lt;p&gt;BBBY dd website, needs more additions but good start&lt;/p&gt;\n\n&lt;p&gt;&lt;a href=\"https://bbby-dd.com\"&gt;https://bbby-dd.com&lt;/a&gt;&lt;/p&gt;\n\n&lt;p&gt;Superstonk DD library&lt;/p&gt;\n\n&lt;p&gt;&lt;a href=\"https://fliphtml5.com/bookcase/kosyg\"&gt;https://fliphtml5.com/bookcase/kosyg&lt;/a&gt;&lt;/p&gt;\n\n&lt;p&gt;BBBY investor relations&lt;/p&gt;\n\n&lt;p&gt;&lt;a href=\"https://bedbathandbeyond.gcs-web.com/\"&gt;https://bedbathandbeyond.gcs-web.com/&lt;/a&gt;&lt;/p&gt;\n\n&lt;p&gt;DRS guides by broker and more&lt;/p&gt;\n\n&lt;p&gt;&lt;a href=\"https://www.drsgme.org/\"&gt;https://www.drsgme.org/&lt;/a&gt;&lt;/p&gt;\n&lt;/div&gt;&lt;!-- SC_ON --&gt;", "send_replies": true, "spoiler": false, "stickied": true, "subreddit": "bbby_remastered", "subreddit_id": "t5_7tgjqd", "subreddit_name_prefixed": "r/bbby_remastered", "subreddit_subscribers": 1558, "subreddit_type": "public", "suggested_sort": null, "thumbnail": "self", "thumbnail_height": null, "thumbnail_width": null, "title": "BBBY resources", "top_awarded_type": null, "total_awards_received": 0, "treatment_tags": [], "ups": 26, "upvote_ratio": 1.0, "url": "https://www.reddit.com/r/bbby_remastered/comments/11n1nt4/bbby_resources/", "user_reports": [], "view_count": null, "visited": false, "whitelist_status": null, "wls": null}], "discussion_type": null, "distinguished": null, "domain": "self.bbby_remastered", "edited": false, "gilded": 0, "gildings": {}, "hidden": false, "hide_score": false, "id": "11n1ugq", "is_created_from_ads_ui": false, "is_crosspostable": true, "is_meta": false, "is_original_content": false, "is_reddit_media_domain": false, "is_robot_indexable": true, "is_self": false, "is_video": false, "link_flair_background_color": "", "link_flair_css_class": null, "link_flair_richtext": [], "link_flair_text": null, "link_flair_text_color": "dark", "link_flair_type": "text", "locked": false, "media": null, "media_embed": {}, "media_only": false, "name": "t3_11n1ugq", "no_follow": false, "num_comments": 0, "num_crossposts": 0, "over_18": false, "parent_whitelist_status": null, "permalink": "/r/ThePPShow/comments/11n1ugq/bbby_resources/", "pinned": false, "pwls": null, "quarantine": false, "removed_by": null, "removed_by_category": null, "retrieved_on": 1681014703, "score": 4, "secure_media": null, "secure_media_embed": {}, "selftext": "", "send_replies": false, "spoiler": false, "stickied": false, "subreddit": "ThePPShow", "subreddit_id": "t5_7q5o7y", "subreddit_name_prefixed": "r/ThePPShow", "subreddit_subscribers": 1240, "subreddit_type": "public", "suggested_sort": null, "thumbnail": "default", "thumbnail_height": null, "thumbnail_width": null, "title": "BBBY resources", "top_awarded_type": null, "total_awards_received": 0, "treatment_tags": [], "upvote_ratio": 0.83, "url": "/r/bbby_remastered/comments/11n1nt4/bbby_resources/", "url_overridden_by_dest": "/r/bbby_remastered/comments/11n1nt4/bbby_resources/", "view_count": null, "whitelist_status": null, "wls": null}, {"all_awardings": [], "allow_live_comments": false, "archived": false, "author": "moonshot_69", "author_created_utc": 1662328354, "author_flair_background_color": null, "author_flair_css_class": null, "author_flair_richtext": [], "author_flair_template_id": null, "author_flair_text": null, "author_flair_text_color": null, "author_flair_type": "text", "author_fullname": "t2_rpv9h1mq", "author_patreon_flair": false, "author_premium": true, "awarders": [], "banned_by": null, "can_gild": true, "can_mod_post": false, "category": null, "content_categories": null, "contest_mode": false, "created_utc": 1678389177, "crosspost_parent": "t3_11n0e32", "crosspost_parent_list": [{"all_awardings": [], "allow_live_comments": false, "approved_at_utc": null, "approved_by": null, "archived": false, "author": "moonshot_69", "author_flair_background_color": "#b8001f", "author_flair_css_class": null, "author_flair_richtext": [], "author_flair_template_id": "7d921a18-afbf-11ed-8dbe-0ab6e620e39c", "author_flair_text": "\ud83c\udf19\ud83d\udca5 r/bobbystock lord-shit-post \ud83c\udf19\ud83d\udca5", "author_flair_text_color": "light", "author_flair_type": "text", "author_fullname": "t2_rpv9h1mq", "author_is_blocked": false, "author_patreon_flair": false, "author_premium": true, "awarders": [], "banned_at_utc": null, "banned_by": null, "can_gild": true, "can_mod_post": false, "category": null, "clicked": false, "content_categories": null, "contest_mode": false, "created": 1678388158.0, "created_utc": 1678388158.0, "discussion_type": null, "distinguished": null, "domain": "i.redd.it", "downs": 0, "edited": false, "gilded": 0, "gildings": {}, "hidden": false, "hide_score": false, "id": "11n0e32", "is_created_from_ads_ui": false, "is_crosspostable": true, "is_meta": false, "is_original_content": false, "is_reddit_media_domain": true, "is_robot_indexable": true, "is_self": false, "is_video": false, "likes": null, "link_flair_background_color": "#ea0027", "link_flair_css_class": "", "link_flair_richtext": [], "link_flair_template_id": "c640e386-9c35-11ed-a492-a6e41223912e", "link_flair_text": "FUD \ud83d\udeab", "link_flair_text_color": "dark", "link_flair_type": "text", "locked": false, "media": null, "media_embed": {}, "media_only": false, "mod_note": null, "mod_reason_by": null, "mod_reason_title": null, "mod_reports": [], "name": "t3_11n0e32", "no_follow": false, "num_comments": 0, "num_crossposts": 1, "num_reports": null, "over_18": false, "parent_whitelist_status": null, "permalink": "/r/bobbystock/comments/11n0e32/_/", "pinned": false, "post_hint": "image", "preview": {"enabled": true, "images": [{"id": "83n4VbrOEKSoNM1d7ANT7lPc4lQP3bIygAMpo-O9g08", "resolutions": [{"height": 99, "url": "https://preview.redd.it/ehx5lehpxsma1.jpg?width=108&amp;crop=smart&amp;auto=webp&amp;v=enabled&amp;s=dac1d81ef1749f29b6d7e45d01d443b5683e905e", "width": 108}, {"height": 198, "url": "https://preview.redd.it/ehx5lehpxsma1.jpg?width=216&amp;crop=smart&amp;auto=webp&amp;v=enabled&amp;s=5578db9df7293d80ae80027fcb3612b3aa0f1d98", "width": 216}, {"height": 294, "url": "https://preview.redd.it/ehx5lehpxsma1.jpg?width=320&amp;crop=smart&amp;auto=webp&amp;v=enabled&amp;s=f2f52722240b3c3d93568ab0d57415255576155b", "width": 320}, {"height": 589, "url": "https://preview.redd.it/ehx5lehpxsma1.jpg?width=640&amp;crop=smart&amp;auto=webp&amp;v=enabled&amp;s=ec6f5ccd70d9f1772b9e82ed311127cbac3becd7", "width": 640}, {"height": 884, "url": "https://preview.redd.it/ehx5lehpxsma1.jpg?width=960&amp;crop=smart&amp;auto=webp&amp;v=enabled&amp;s=2788cff32109a383d0597cf8766227e572e0c40c", "width": 960}, {"height": 994, "url": "https://preview.redd.it/ehx5lehpxsma1.jpg?width=1080&amp;crop=smart&amp;auto=webp&amp;v=enabled&amp;s=6c5f71ccb9ca8998a34565c85790a1be2f73d7b9", "width": 1080}], "source": {"height": 1014, "url": "https://preview.redd.it/ehx5lehpxsma1.jpg?auto=webp&amp;v=enabled&amp;s=17b38cb24f2720fbc23360c3ee771dd97e406397", "width": 1101}, "variants": {}}]}, "pwls": null, "quarantine": false, "removal_reason": null, "removed_by": null, "removed_by_category": null, "report_reasons": null, "saved": false, "score": 20, "secure_media": null, "secure_media_embed": {}, "selftext": "", "selftext_html": null, "send_replies": true, "spoiler": false, "stickied": false, "subreddit": "bobbystock", "subreddit_id": "t5_7tgjwn", "subreddit_name_prefixed": "r/bobbystock", "subreddit_subscribers": 775, "subreddit_type": "public", "suggested_sort": null, "thumbnail": "https://b.thumbs.redditmedia.com/o2DI8AVmMQ6wlyTXPQseiImmI06-gGcwi61w0Xb6BUo.jpg", "thumbnail_height": 128, "thumbnail_width": 140, "title": "\ud83d\ude14\ud83d\ude80", "top_awarded_type": null, "total_awards_received": 0, "treatment_tags": [], "ups": 20, "upvote_ratio": 0.95, "url": "https://i.redd.it/ehx5lehpxsma1.jpg", "url_overridden_by_dest": "https://i.redd.it/ehx5lehpxsma1.jpg", "user_reports": [], "view_count": null, "visited": false, "whitelist_status": null, "wls": null}], "discussion_type": null, "distinguished": null, "domain": "i.redd.it", "edited": false, "gilded": 0, "gildings": {}, "hidden": false, "hide_score": false, "id": "11n0u8q", "is_created_from_ads_ui": false, "is_crosspostable": true, "is_meta": false, "is_original_content": false, "is_reddit_media_domain": true, "is_robot_indexable": true, "is_self": false, "is_video": false, "link_flair_background_color": "", "link_flair_css_class": null, "link_flair_richtext": [], "link_flair_text": null, "link_flair_text_color": "dark", "link_flair_type": "text", "locked": false, "media": null, "media_embed": {}, "media_only": false, "name": "t3_11n0u8q", "no_follow": false, "num_comments": 2, "num_crossposts": 0, "over_18": false, "parent_whitelist_status": null, "permalink": "/r/ThePPShow/comments/11n0u8q/_/", "pinned": false, "post_hint": "image", "preview": {"enabled": true, "images": [{"id": "83n4VbrOEKSoNM1d7ANT7lPc4lQP3bIygAMpo-O9g08", "resolutions": [{"height": 99, "url": "https://preview.redd.it/ehx5lehpxsma1.jpg?width=108&amp;crop=smart&amp;auto=webp&amp;v=enabled&amp;s=dac1d81ef1749f29b6d7e45d01d443b5683e905e", "width": 108}, {"height": 198, "url": "https://preview.redd.it/ehx5lehpxsma1.jpg?width=216&amp;crop=smart&amp;auto=webp&amp;v=enabled&amp;s=5578db9df7293d80ae80027fcb3612b3aa0f1d98", "width": 216}, {"height": 294, "url": "https://preview.redd.it/ehx5lehpxsma1.jpg?width=320&amp;crop=smart&amp;auto=webp&amp;v=enabled&amp;s=f2f52722240b3c3d93568ab0d57415255576155b", "width": 320}, {"height": 589, "url": "https://preview.redd.it/ehx5lehpxsma1.jpg?width=640&amp;crop=smart&amp;auto=webp&amp;v=enabled&amp;s=ec6f5ccd70d9f1772b9e82ed311127cbac3becd7", "width": 640}, {"height": 884, "url": "https://preview.redd.it/ehx5lehpxsma1.jpg?width=960&amp;crop=smart&amp;auto=webp&amp;v=enabled&amp;s=2788cff32109a383d0597cf8766227e572e0c40c", "width": 960}, {"height": 994, "url": "https://preview.redd.it/ehx5lehpxsma1.jpg?width=1080&amp;crop=smart&amp;auto=webp&amp;v=enabled&amp;s=6c5f71ccb9ca8998a34565c85790a1be2f73d7b9", "width": 1080}], "source": {"height": 1014, "url": "https://preview.redd.it/ehx5lehpxsma1.jpg?auto=webp&amp;v=enabled&amp;s=17b38cb24f2720fbc23360c3ee771dd97e406397", "width": 1101}, "variants": {}}]}, "pwls": null, "quarantine": false, "removed_by": null, "removed_by_category": null, "retrieved_on": 1681014740, "score": 13, "secure_media": null, "secure_media_embed": {}, "selftext": "", "send_replies": false, "spoiler": false, "stickied": false, "subreddit": "ThePPShow", "subreddit_id": "t5_7q5o7y", "subreddit_name_prefixed": "r/ThePPShow", "subreddit_subscribers": 1240, "subreddit_type": "public", "suggested_sort": null, "thumbnail": "https://b.thumbs.redditmedia.com/o2DI8AVmMQ6wlyTXPQseiImmI06-gGcwi61w0Xb6BUo.jpg", "thumbnail_height": 128, "thumbnail_width": 140, "title": "\ud83d\ude14\ud83d\ude80", "top_awarded_type": null, "total_awards_received": 0, "treatment_tags": [], "upvote_ratio": 0.93, "url": "https://i.redd.it/ehx5lehpxsma1.jpg", "url_overridden_by_dest": "https://i.redd.it/ehx5lehpxsma1.jpg", "view_count": null, "whitelist_status": null, "wls": null}, {"all_awardings": [], "allow_live_comments": false, "archived": false, "author": "Dizzy-Idea-1618", "author_created_utc": null, "author_flair_background_color": null, "author_flair_css_class": null, "author_flair_richtext": [], "author_flair_template_id": null, "author_flair_text": null, "author_flair_text_color": null, "author_flair_type": "text", "author_fullname": "t2_g6q7oegg", "author_patreon_flair": false, "author_premium": false, "awarders": [], "banned_by": null, "can_gild": true, "can_mod_post": false, "category": null, "content_categories": null, "contest_mode": false, "created_utc": 1678384326, "discussion_type": null, "distinguished": null, "domain": "self.ThePPShow", "edited": false, "gilded": 0, "gildings": {}, "hidden": false, "hide_score": false, "id": "11myq04", "is_created_from_ads_ui": false, "is_crosspostable": true, "is_meta": false, "is_original_content": false, "is_reddit_media_domain": false, "is_robot_indexable": true, "is_self": true, "is_video": false, "link_flair_background_color": "", "link_flair_css_class": null, "link_flair_richtext": [], "link_flair_text": null, "link_flair_text_color": "dark", "link_flair_type": "text", "locked": false, "media": null, "media_embed": {}, "media_metadata": {"6v8qtzrk4rma1": {"e": "Image", "id": "6v8qtzrk4rma1", "m": "image/png", "p": [{"u": "https://preview.redd.it/6v8qtzrk4rma1.png?width=108&amp;crop=smart&amp;auto=webp&amp;v=enabled&amp;s=031a0006aae4710895ca4768e305a5482ff57c99", "x": 108, "y": 46}, {"u": "https://preview.redd.it/6v8qtzrk4rma1.png?width=216&amp;crop=smart&amp;auto=webp&amp;v=enabled&amp;s=b9458c3772b80fb304b9e0599494c02ab25d04a4", "x": 216, "y": 93}, {"u": "https://preview.redd.it/6v8qtzrk4rma1.png?width=320&amp;crop=smart&amp;auto=webp&amp;v=enabled&amp;s=ec89f1ca38341bd05421704374e072e52642875b", "x": 320, "y": 139}, {"u": "https://preview.redd.it/6v8qtzrk4rma1.png?width=640&amp;crop=smart&amp;auto=webp&amp;v=enabled&amp;s=235b60ebecbbf76948bf82e518a74556e731816d", "x": 640, "y": 278}, {"u": "https://preview.redd.it/6v8qtzrk4rma1.png?width=960&amp;crop=smart&amp;auto=webp&amp;v=enabled&amp;s=6839805edfa9b83b6849e0a2e180e054d73c57ff", "x": 960, "y": 417}, {"u": "https://preview.redd.it/6v8qtzrk4rma1.png?width=1080&amp;crop=smart&amp;auto=webp&amp;v=enabled&amp;s=48c5d6d3b8a7297ea07571966384424ba19e898c", "x": 1080, "y": 469}], "s": {"u": "https://preview.redd.it/6v8qtzrk4rma1.png?width=2052&amp;format=png&amp;auto=webp&amp;v=enabled&amp;s=9a8dabc89c15d43ed6e1ae458bd376878c13fd08", "x": 2052, "y": 892}, "status": "valid"}}, "media_only": false, "name": "t3_11myq04", "no_follow": false, "num_comments": 2, "num_crossposts": 0, "over_18": false, "parent_whitelist_status": null, "permalink": "/r/ThePPShow/comments/11myq04/big_tinfoil_here_but_one_of_teddys_books_is/", "pinned": false, "pwls": null, "quarantine": false, "removed_by": null, "removed_by_category": null, "retrieved_on": 1681014819, "score": 7, "secure_media": null, "secure_media_embed": {}, "selftext": "&amp;#x200B;\n\nhttps://preview.redd.it/6v8qtzrk4rma1.png?width=2052&amp;format=png&amp;auto=webp&amp;v=enabled&amp;s=9a8dabc89c15d43ed6e1ae458bd376878c13fd08", "send_replies": true, "spoiler": false, "stickied": false, "subreddit": "ThePPShow", "subreddit_id": "t5_7q5o7y", "subreddit_name_prefixed": "r/ThePPShow", "subreddit_subscribers": 1240, "subreddit_type": "public", "suggested_sort": null, "thumbnail": "https://b.thumbs.redditmedia.com/mz5-QHjYFaS6ssf2vX7yiNkJn-qiFkOaHu3cmWSglLQ.jpg", "thumbnail_height": 60, "thumbnail_width": 140, "title": "Big Tinfoil here, but one of Teddys book's is titled \"Teddy goes to China\". Can anyone translate the script here.", "top_awarded_type": null, "total_awards_received": 0, "treatment_tags": [], "upvote_ratio": 0.89, "url": "https://www.reddit.com/r/ThePPShow/comments/11myq04/big_tinfoil_here_but_one_of_teddys_books_is/", "view_count": null, "whitelist_status": null, "wls": null}, {"all_awardings": [], "allow_live_comments": false, "archived": false, "author": "calibull2019", "author_created_utc": 1659657946, "author_flair_background_color": null, "author_flair_css_class": null, "author_flair_richtext": [], "author_flair_template_id": null, "author_flair_text": null, "author_flair_text_color": null, "author_flair_type": "text", "author_fullname": "t2_qxyp6d3x", "author_patreon_flair": false, "author_premium": false, "awarders": [], "banned_by": null, "can_gild": true, "can_mod_post": false, "category": null, "content_categories": null, "contest_mode": false, "created_utc": 1678379896, "discussion_type": null, "distinguished": null, "domain": "i.redd.it", "edited": false, "gilded": 0, "gildings": {}, "hidden": false, "hide_score": false, "id": "11mwtp3", "is_created_from_ads_ui": false, "is_crosspostable": true, "is_meta": false, "is_original_content": false, "is_reddit_media_domain": true, "is_robot_indexable": true, "is_self": false, "is_video": false, "link_flair_background_color": "", "link_flair_css_class": null, "link_flair_richtext": [], "link_flair_text": null, "link_flair_text_color": "dark", "link_flair_type": "text", "locked": false, "media": null, "media_embed": {}, "media_only": false, "name": "t3_11mwtp3", "no_follow": false, "num_comments": 4, "num_crossposts": 0, "over_18": false, "parent_whitelist_status": null, "permalink": "/r/ThePPShow/comments/11mwtp3/abc_has_been_identified_on_the_wild_in_miami/", "pinned": false, "post_hint": "image", "preview": {"enabled": true, "images": [{"id": "5fyt4Blo3jm7oiGfkjmPHvPjuG_yW8LWdkYzpHWCUxw", "resolutions": [{"height": 70, "url": "https://preview.redd.it/oiotai559sma1.jpg?width=108&amp;crop=smart&amp;auto=webp&amp;v=enabled&amp;s=fc5a02a781179c9fc8c68cca9ea5280c4a8ae34f", "width": 108}, {"height": 141, "url": "https://preview.redd.it/oiotai559sma1.jpg?width=216&amp;crop=smart&amp;auto=webp&amp;v=enabled&amp;s=197eb894cdab2c676c71027cedd3c8491dd75ae1", "width": 216}, {"height": 210, "url": "https://preview.redd.it/oiotai559sma1.jpg?width=320&amp;crop=smart&amp;auto=webp&amp;v=enabled&amp;s=510f7d144005394c63f254469f26f9f4e23fbbdc", "width": 320}, {"height": 420, "url": "https://preview.redd.it/oiotai559sma1.jpg?width=640&amp;crop=smart&amp;auto=webp&amp;v=enabled&amp;s=486b3d8d8f62a711987058b80f97ea9f4f34ef21", "width": 640}, {"height": 630, "url": "https://preview.redd.it/oiotai559sma1.jpg?width=960&amp;crop=smart&amp;auto=webp&amp;v=enabled&amp;s=73f51cd5f73f5b49d2c42b852e5ae2b596e2a262", "width": 960}], "source": {"height": 648, "url": "https://preview.redd.it/oiotai559sma1.jpg?auto=webp&amp;v=enabled&amp;s=36ce2d0cf76213391aad3a91d34ba890fafe172e", "width": 987}, "variants": {}}]}, "pwls": null, "quarantine": false, "removed_by": null, "removed_by_category": null, "retrieved_on": 1681014891, "score": 26, "secure_media": null, "secure_media_embed": {}, "selftext": "", "send_replies": true, "spoiler": false, "stickied": false, "subreddit": "ThePPShow", "subreddit_id": "t5_7q5o7y", "subreddit_name_prefixed": "r/ThePPShow", "subreddit_subscribers": 1240, "subreddit_type": "public", "suggested_sort": null, "thumbnail": "https://a.thumbs.redditmedia.com/itVetPGSoE3pkMZzIAl_WJPp3tIOiel19g_Lz9qHuk0.jpg", "thumbnail_height": 91, "thumbnail_width": 140, "title": "ABC has been identified on the wild in Miami", "top_awarded_type": null, "total_awards_received": 0, "treatment_tags": [], "upvote_ratio": 0.96, "url": "https://i.redd.it/oiotai559sma1.jpg", "url_overridden_by_dest": "https://i.redd.it/oiotai559sma1.jpg", "view_count": null, "whitelist_status": null, "wls": null}, {"all_awardings": [], "allow_live_comments": false, "archived": false, "author": "calibull2019", "author_created_utc": 1659657946, "author_flair_background_color": null, "author_flair_css_class": null, "author_flair_richtext": [], "author_flair_template_id": null, "author_flair_text": null, "author_flair_text_color": null, "author_flair_type": "text", "author_fullname": "t2_qxyp6d3x", "author_patreon_flair": false, "author_premium": false, "awarders": [], "banned_by": null, "can_gild": true, "can_mod_post": false, "category": null, "content_categories": null, "contest_mode": false, "created_utc": 1678369459, "discussion_type": null, "distinguished": null, "domain": "self.ThePPShow", "edited": false, "gilded": 0, "gildings": {}, "hidden": false, "hide_score": false, "id": "11msjsa", "is_created_from_ads_ui": false, "is_crosspostable": true, "is_meta": false, "is_original_content": false, "is_reddit_media_domain": false, "is_robot_indexable": true, "is_self": true, "is_video": false, "link_flair_background_color": "", "link_flair_css_class": null, "link_flair_richtext": [], "link_flair_text": null, "link_flair_text_color": "dark", "link_flair_type": "text", "locked": false, "media": null, "media_embed": {}, "media_only": false, "name": "t3_11msjsa", "no_follow": false, "num_comments": 12, "num_crossposts": 0, "over_18": false, "parent_whitelist_status": null, "permalink": "/r/ThePPShow/comments/11msjsa/buy_buy_baby_website_still_down_only_tinfoil/", "pinned": false, "pwls": null, "quarantine": false, "removed_by": null, "removed_by_category": null, "retrieved_on": 1681015051, "score": 12, "secure_media": null, "secure_media_embed": {}, "selftext": "", "send_replies": true, "spoiler": false, "stickied": false, "subreddit": "ThePPShow", "subreddit_id": "t5_7q5o7y", "subreddit_name_prefixed": "r/ThePPShow", "subreddit_subscribers": 1240, "subreddit_type": "public", "suggested_sort": null, "thumbnail": "self", "thumbnail_height": null, "thumbnail_width": null, "title": "Buy Buy Baby website still down !!! only tinfoil comments please lol", "top_awarded_type": null, "total_awards_received": 0, "treatment_tags": [], "upvote_ratio": 0.93, "url": "https://www.reddit.com/r/ThePPShow/comments/11msjsa/buy_buy_baby_website_still_down_only_tinfoil/", "view_count": null, "whitelist_status": null, "wls": null}, {"all_awardings": [], "allow_live_comments": false, "archived": false, "author": "ppseeds", "author_created_utc": 1518222553, "author_flair_background_color": null, "author_flair_css_class": null, "author_flair_richtext": [], "author_flair_template_id": null, "author_flair_text": null, "author_flair_text_color": null, "author_flair_type": "text", "author_fullname": "t2_w7v9rg0", "author_patreon_flair": false, "author_premium": true, "awarders": [], "banned_by": null, "can_gild": true, "can_mod_post": false, "category": null, "content_categories": null, "contest_mode": false, "created_utc": 1678323064, "discussion_type": null, "distinguished": null, "domain": "youtube.com", "edited": false, "gilded": 0, "gildings": {}, "hidden": false, "hide_score": false, "id": "11mdvw2", "is_created_from_ads_ui": false, "is_crosspostable": true, "is_meta": false, "is_original_content": false, "is_reddit_media_domain": false, "is_robot_indexable": true, "is_self": false, "is_video": false, "link_flair_background_color": "#ffd635", "link_flair_css_class": "", "link_flair_richtext": [], "link_flair_template_id": "cf8e4b00-8f0a-11ed-bcf5-ea5ecab695a0", "link_flair_text": "Stream Live Chat", "link_flair_text_color": "dark", "link_flair_type": "text", "locked": false, "media": {"oembed": {"author_name": "ThePPshow", "author_url": "https://www.youtube.com/@ThePPshow", "height": 200, "html": "&lt;iframe width=\"356\" height=\"200\" src=\"https://www.youtube.com/embed/Sbdh5PnY1y0?feature=oembed&amp;enablejsapi=1\" frameborder=\"0\" allow=\"accelerometer; autoplay; clipboard-write; encrypted-media; gyroscope; picture-in-picture; web-share\" allowfullscreen title=\"ThePPShow BBBY Livestream\"&gt;&lt;/iframe&gt;", "provider_name": "YouTube", "provider_url": "https://www.youtube.com/", "thumbnail_height": 360, "thumbnail_url": "https://i.ytimg.com/vi/Sbdh5PnY1y0/hqdefault.jpg", "thumbnail_width": 480, "title": "ThePPShow BBBY Livestream", "type": "video", "version": "1.0", "width": 356}, "type": "youtube.com"}, "media_embed": {"content": "&lt;iframe width=\"356\" height=\"200\" src=\"https://www.youtube.com/embed/Sbdh5PnY1y0?feature=oembed&amp;enablejsapi=1\" frameborder=\"0\" allow=\"accelerometer; autoplay; clipboard-write; encrypted-media; gyroscope; picture-in-picture; web-share\" allowfullscreen title=\"ThePPShow BBBY Livestream\"&gt;&lt;/iframe&gt;", "height": 200, "scrolling": false, "width": 356}, "media_only": false, "name": "t3_11mdvw2", "no_follow": false, "num_comments": 4, "num_crossposts": 0, "over_18": false, "parent_whitelist_status": null, "permalink": "/r/ThePPShow/comments/11mdvw2/theppshow_starting_shortly_come_enjoy_a_beer_and/", "pinned": false, "post_hint": "rich:video", "preview": {"enabled": false, "images": [{"id": "E1loU_22ZShlHwZcPMdVR9YOw1ctODoWDJLuQESBoHk", "resolutions": [{"height": 81, "url": "https://external-preview.redd.it/mevniBrxleFfoKTGFwK4pGXrewGtI-Clu0OUPRFUwMg.jpg?width=108&amp;crop=smart&amp;auto=webp&amp;v=enabled&amp;s=909da2dbe3e58cdeab3c4af2f56691e48d368607", "width": 108}, {"height": 162, "url": "https://external-preview.redd.it/mevniBrxleFfoKTGFwK4pGXrewGtI-Clu0OUPRFUwMg.jpg?width=216&amp;crop=smart&amp;auto=webp&amp;v=enabled&amp;s=8a8113902aed173f1dc190fa106d4ceb9476aed0", "width": 216}, {"height": 240, "url": "https://external-preview.redd.it/mevniBrxleFfoKTGFwK4pGXrewGtI-Clu0OUPRFUwMg.jpg?width=320&amp;crop=smart&amp;auto=webp&amp;v=enabled&amp;s=86e348691a87aec7cb6d37257e6bfb23dbfaf445", "width": 320}], "source": {"height": 360, "url": "https://external-preview.redd.it/mevniBrxleFfoKTGFwK4pGXrewGtI-Clu0OUPRFUwMg.jpg?auto=webp&amp;v=enabled&amp;s=02036a474996e015d8b56d8f7fdeabcaeed42d54", "width": 480}, "variants": {}}]}, "pwls": null, "quarantine": false, "removed_by": null, "removed_by_category": null, "retrieved_on": 1681015595, "score": 15, "secure_media": {"oembed": {"author_name": "ThePPshow", "author_url": "https://www.youtube.com/@ThePPshow", "height": 200, "html": "&lt;iframe width=\"356\" height=\"200\" src=\"https://www.youtube.com/embed/Sbdh5PnY1y0?feature=oembed&amp;enablejsapi=1\" frameborder=\"0\" allow=\"accelerometer; autoplay; clipboard-write; encrypted-media; gyroscope; picture-in-picture; web-share\" allowfullscreen title=\"ThePPShow BBBY Livestream\"&gt;&lt;/iframe&gt;", "provider_name": "YouTube", "provider_url": "https://www.youtube.com/", "thumbnail_height": 360, "thumbnail_url": "https://i.ytimg.com/vi/Sbdh5PnY1y0/hqdefault.jpg", "thumbnail_width": 480, "title": "ThePPShow BBBY Livestream", "type": "video", "version": "1.0", "width": 356}, "type": "youtube.com"}, "secure_media_embed": {"content": "&lt;iframe width=\"356\" height=\"200\" src=\"https://www.youtube.com/embed/Sbdh5PnY1y0?feature=oembed&amp;enablejsapi=1\" frameborder=\"0\" allow=\"accelerometer; autoplay; clipboard-write; encrypted-media; gyroscope; picture-in-picture; web-share\" allowfullscreen title=\"ThePPShow BBBY Livestream\"&gt;&lt;/iframe&gt;", "height": 200, "media_domain_url": "https://www.redditmedia.com/mediaembed/11mdvw2", "scrolling": false, "width": 356}, "selftext": "", "send_replies": true, "spoiler": false, "stickied": false, "subreddit": "ThePPShow", "subreddit_id": "t5_7q5o7y", "subreddit_name_prefixed": "r/ThePPShow", "subreddit_subscribers": 1240, "subreddit_type": "public", "suggested_sort": null, "thumbnail": "https://b.thumbs.redditmedia.com/RXyMrRNMycuhQJAXshiskzneZC9PmPqd5skW1k-v5gE.jpg", "thumbnail_height": 105, "thumbnail_width": 140, "title": "ThePPShow Starting shortly! Come enjoy a beer and lets talk BBBY!", "top_awarded_type": null, "total_awards_received": 0, "treatment_tags": [], "upvote_ratio": 0.94, "url": "https://www.youtube.com/watch?v=Sbdh5PnY1y0", "url_overridden_by_dest": "https://www.youtube.com/watch?v=Sbdh5PnY1y0", "view_count": null, "whitelist_status": null, "wls": null}, {"all_awardings": [], "allow_live_comments": false, "archived": false, "author": "calibull2019", "author_created_utc": 1659657946, "author_flair_background_color": null, "author_flair_css_class": null, "author_flair_richtext": [], "author_flair_template_id": null, "author_flair_text": null, "author_flair_text_color": null, "author_flair_type": "text", "author_fullname": "t2_qxyp6d3x", "author_patreon_flair": false, "author_premium": false, "awarders": [], "banned_by": null, "can_gild": true, "can_mod_post": false, "category": null, "content_categories": null, "contest_mode": false, "created_utc": 1678320823, "discussion_type": null, "distinguished": null, "domain": "reddit.com", "edited": false, "gilded": 0, "gildings": {}, "hidden": false, "hide_score": false, "id": "11md006", "is_created_from_ads_ui": false, "is_crosspostable": true, "is_meta": false, "is_original_content": false, "is_reddit_media_domain": false, "is_robot_indexable": true, "is_self": false, "is_video": false, "link_flair_background_color": "", "link_flair_css_class": null, "link_flair_richtext": [], "link_flair_text": null, "link_flair_text_color": "dark", "link_flair_type": "text", "locked": false, "media": null, "media_embed": {}, "media_only": false, "name": "t3_11md006", "no_follow": true, "num_comments": 1, "num_crossposts": 0, "over_18": false, "parent_whitelist_status": null, "permalink": "/r/ThePPShow/comments/11md006/crossposting_interesting/", "pinned": false, "post_hint": "link", "preview": {"enabled": false, "images": [{"id": "BMwV-uscwz77Hsu8SeRxHyz-AL469VGwvXOey21hPnU", "resolutions": [{"height": 161, "url": "https://external-preview.redd.it/QBfr0g4euK2cbopsPoFSbWLHUOON9_qVNYkffJbmL-A.jpg?width=108&amp;crop=smart&amp;auto=webp&amp;v=enabled&amp;s=13a269c494f427916f1362845512b94f27c6bf3a", "width": 108}, {"height": 323, "url": "https://external-preview.redd.it/QBfr0g4euK2cbopsPoFSbWLHUOON9_qVNYkffJbmL-A.jpg?width=216&amp;crop=smart&amp;auto=webp&amp;v=enabled&amp;s=6f8cb608b5b9aa5a90c5aff2faf65a535a94cfb5", "width": 216}, {"height": 479, "url": "https://external-preview.redd.it/QBfr0g4euK2cbopsPoFSbWLHUOON9_qVNYkffJbmL-A.jpg?width=320&amp;crop=smart&amp;auto=webp&amp;v=enabled&amp;s=02522d50e2067f605917e26bf716e83bf45135d4", "width": 320}, {"height": 959, "url": "https://external-preview.redd.it/QBfr0g4euK2cbopsPoFSbWLHUOON9_qVNYkffJbmL-A.jpg?width=640&amp;crop=smart&amp;auto=webp&amp;v=enabled&amp;s=4d43a4886906e7d504b4e7ab075799fd51394845", "width": 640}, {"height": 1439, "url": "https://external-preview.redd.it/QBfr0g4euK2cbopsPoFSbWLHUOON9_qVNYkffJbmL-A.jpg?width=960&amp;crop=smart&amp;auto=webp&amp;v=enabled&amp;s=c0589da12ed7aebd6a8e673272982d05a314c6aa", "width": 960}, {"height": 1619, "url": "https://external-preview.redd.it/QBfr0g4euK2cbopsPoFSbWLHUOON9_qVNYkffJbmL-A.jpg?width=1080&amp;crop=smart&amp;auto=webp&amp;v=enabled&amp;s=eafbd5d41c831d1bbd5d4be4f83ff8acb3652b0c", "width": 1080}], "source": {"height": 3464, "url": "https://external-preview.redd.it/QBfr0g4euK2cbopsPoFSbWLHUOON9_qVNYkffJbmL-A.jpg?auto=webp&amp;v=enabled&amp;s=f976e8f62e27aaa3b7ee46dda8234517d1dcdf1d", "width": 2310}, "variants": {}}]}, "pwls": null, "quarantine": false, "removed_by": null, "removed_by_category": null, "retrieved_on": 1681015628, "score": 1, "secure_media": null, "secure_media_embed": {}, "selftext": "", "send_replies": true, "spoiler": false, "stickied": false, "subreddit": "ThePPShow", "subreddit_id": "t5_7q5o7y", "subreddit_name_prefixed": "r/ThePPShow", "subreddit_subscribers": 1240, "subreddit_type": "public", "suggested_sort": null, "thumbnail": "https://b.thumbs.redditmedia.com/rz9XVoPgisrJuKE6pq3vga_VHKtjyXqwtdqG863Mwxc.jpg", "thumbnail_height": 140, "thumbnail_width": 140, "title": "crossposting .. interesting", "top_awarded_type": null, "total_awards_received": 0, "treatment_tags": [], "upvote_ratio": 1.0, "url": "https://www.reddit.com/r/BBBY/comments/11mbbnt/why_is_rc_lining_up_his_tweets_with_some_of_the/?utm_source=share&amp;utm_medium=android_app&amp;utm_name=androidcss&amp;utm_term=1&amp;utm_content=share_button", "url_overridden_by_dest": "https://www.reddit.com/r/BBBY/comments/11mbbnt/why_is_rc_lining_up_his_tweets_with_some_of_the/?utm_source=share&amp;utm_medium=android_app&amp;utm_name=androidcss&amp;utm_term=1&amp;utm_content=share_button", "view_count": null, "whitelist_status": null, "wls": null}], "metadata": {"op_a": 55, "op_b": 51, "total": 106}, "error": null}