{"data": [{"all_awardings": [], "allow_live_comments": false, "archived": false, "author": "Elevatedpnw", "author_created_utc": 1620438085, "author_flair_background_color": null, "author_flair_css_class": null, "author_flair_richtext": [], "author_flair_template_id": null, "author_flair_text": null, "author_flair_text_color": null, "author_flair_type": "text", "author_fullname": "t2_c03kd51i", "author_patreon_flair": false, "author_premium": false, "awarders": [], "banned_by": null, "can_gild": true, "can_mod_post": false, "category": null, "content_categories": null, "contest_mode": false, "created_utc": 1676408705, "discussion_type": null, "distinguished": null, "domain": "reddit.com", "edited": false, "gallery_data": {"items": [{"id": 240695392, "media_id": "00cjae19y7ia1"}, {"id": 240695393, "media_id": "sh5aif19y7ia1"}, {"id": 240695394, "media_id": "6dmr8e19y7ia1"}]}, "gilded": 0, "gildings": {}, "hidden": false, "hide_score": false, "id": "112g4pz", "is_created_from_ads_ui": false, "is_crosspostable": true, "is_gallery": true, "is_meta": false, "is_original_content": false, "is_reddit_media_domain": false, "is_robot_indexable": true, "is_self": false, "is_video": false, "link_flair_background_color": "", "link_flair_css_class": null, "link_flair_richtext": [], "link_flair_text": null, "link_flair_text_color": "dark", "link_flair_type": "text", "locked": false, "media": null, "media_embed": {}, "media_metadata": {"00cjae19y7ia1": {"e": "Image", "id": "00cjae19y7ia1", "m": "image/jpg", "p": [{"u": "https://preview.redd.it/00cjae19y7ia1.jpg?width=108&amp;crop=smart&amp;auto=webp&amp;v=enabled&amp;s=d63f8ffc06c500231f23084c8302e789e8bcdb2c", "x": 108, "y": 216}, {"u": "https://preview.redd.it/00cjae19y7ia1.jpg?width=216&amp;crop=smart&amp;auto=webp&amp;v=enabled&amp;s=3d5332331b4d96f757c80b909ec09c93fca8332b", "x": 216, "y": 432}, {"u": "https://preview.redd.it/00cjae19y7ia1.jpg?width=320&amp;crop=smart&amp;auto=webp&amp;v=enabled&amp;s=2db50042f423ea8515f9640c0325a418e4126028", "x": 320, "y": 640}, {"u": "https://preview.redd.it/00cjae19y7ia1.jpg?width=640&amp;crop=smart&amp;auto=webp&amp;v=enabled&amp;s=27ca673a9b437b455252c8f1bb1e2634c8a0c1e7", "x": 640, "y": 1280}, {"u": "https://preview.redd.it/00cjae19y7ia1.jpg?width=960&amp;crop=smart&amp;auto=webp&amp;v=enabled&amp;s=2cb02458312dc0a1b7751f01cba5c7c557c2907c", "x": 960, "y": 1920}, {"u": "https://preview.redd.it/00cjae19y7ia1.jpg?width=1080&amp;crop=smart&amp;auto=webp&amp;v=enabled&amp;s=4c60b3770390d81cd6260f3c459e8672342cfada", "x": 1080, "y": 2160}], "s": {"u": "https://preview.redd.it/00cjae19y7ia1.jpg?width=1284&amp;format=pjpg&amp;auto=webp&amp;v=enabled&amp;s=224f0dcd5987579811a3a0789e8e1e45e7ca8f24", "x": 1284, "y": 2778}, "status": "valid"}, "6dmr8e19y7ia1": {"e": "Image", "id": "6dmr8e19y7ia1", "m": "image/jpg", "p": [{"u": "https://preview.redd.it/6dmr8e19y7ia1.jpg?width=108&amp;crop=smart&amp;auto=webp&amp;v=enabled&amp;s=10697aaabbfde9321076212068cd1d516ffbb729", "x": 108, "y": 216}, {"u": "https://preview.redd.it/6dmr8e19y7ia1.jpg?width=216&amp;crop=smart&amp;auto=webp&amp;v=enabled&amp;s=0e53ddb2ead65af89e3c8d2415c22feeb339ca36", "x": 216, "y": 432}, {"u": "https://preview.redd.it/6dmr8e19y7ia1.jpg?width=320&amp;crop=smart&amp;auto=webp&amp;v=enabled&amp;s=13b5b3c283858da1131a424c75be46caecea4435", "x": 320, "y": 640}, {"u": "https://preview.redd.it/6dmr8e19y7ia1.jpg?width=640&amp;crop=smart&amp;auto=webp&amp;v=enabled&amp;s=a8146e2f6369fde8a9bd3c6974e940cd9d96adfd", "x": 640, "y": 1280}, {"u": "https://preview.redd.it/6dmr8e19y7ia1.jpg?width=960&amp;crop=smart&amp;auto=webp&amp;v=enabled&amp;s=7b5cafc1435903168e596b61293254a99d152aa6", "x": 960, "y": 1920}, {"u": "https://preview.redd.it/6dmr8e19y7ia1.jpg?width=1080&amp;crop=smart&amp;auto=webp&amp;v=enabled&amp;s=f806a7cd1ea49ff2196b848b1bc1d6423e030896", "x": 1080, "y": 2160}], "s": {"u": "https://preview.redd.it/6dmr8e19y7ia1.jpg?width=1284&amp;format=pjpg&amp;auto=webp&amp;v=enabled&amp;s=1f7f89120393f15289135aff5e256c9639bca0c3", "x": 1284, "y": 2778}, "status": "valid"}, "sh5aif19y7ia1": {"e": "Image", "id": "sh5aif19y7ia1", "m": "image/jpg", "p": [{"u": "https://preview.redd.it/sh5aif19y7ia1.jpg?width=108&amp;crop=smart&amp;auto=webp&amp;v=enabled&amp;s=1114217bfc6ed3d701bf1bbf14fca20a8f7f0b42", "x": 108, "y": 216}, {"u": "https://preview.redd.it/sh5aif19y7ia1.jpg?width=216&amp;crop=smart&amp;auto=webp&amp;v=enabled&amp;s=ff99d7fcf4b0e0c8bf5c58558173e6b65b17f303", "x": 216, "y": 432}, {"u": "https://preview.redd.it/sh5aif19y7ia1.jpg?width=320&amp;crop=smart&amp;auto=webp&amp;v=enabled&amp;s=f91083c009646b2cb7d8204f465cbe4d50c8cdca", "x": 320, "y": 640}, {"u": "https://preview.redd.it/sh5aif19y7ia1.jpg?width=640&amp;crop=smart&amp;auto=webp&amp;v=enabled&amp;s=7e01daa72f9f458d0086153d0a634f8cb0d2a51d", "x": 640, "y": 1280}, {"u": "https://preview.redd.it/sh5aif19y7ia1.jpg?width=960&amp;crop=smart&amp;auto=webp&amp;v=enabled&amp;s=34919fd6275e4ed8e1c2a10127ca80d1f14690a2", "x": 960, "y": 1920}, {"u": "https://preview.redd.it/sh5aif19y7ia1.jpg?width=1080&amp;crop=smart&amp;auto=webp&amp;v=enabled&amp;s=d24f246e26c7ba04f269dcb9ca15ae42dcbaf65c", "x": 1080, "y": 2160}], "s": {"u": "https://preview.redd.it/sh5aif19y7ia1.jpg?width=1284&amp;format=pjpg&amp;auto=webp&amp;v=enabled&amp;s=c9173b564abaa2858d38802c7fb77096db7bb9c1", "x": 1284, "y": 2778}, "status": "valid"}}, "media_only": false, "name": "t3_112g4pz", "no_follow": false, "num_comments": 0, "num_crossposts": 0, "over_18": false, "parent_whitelist_status": null, "permalink": "/r/ThePPShow/comments/112g4pz/213_closing_buy_order_book_on_webull/", "pinned": false, "pwls": null, "quarantine": false, "removed_by": null, "removed_by_category": null, "retrieved_on": 1678327818, "score": 7, "secure_media": null, "secure_media_embed": {}, "selftext": "", "send_replies": true, "spoiler": false, "stickied": false, "subreddit": "ThePPShow", "subreddit_id": "t5_7q5o7y", "subreddit_name_prefixed": "r/ThePPShow", "subreddit_subscribers": 581, "subreddit_type": "public", "suggested_sort": null, "thumbnail": "https://b.thumbs.redditmedia.com/b1SINydEZFlwbXCqju2W25idg54bBo8r8RXjxQ9gi_I.jpg", "thumbnail_height": 140, "thumbnail_width": 140, "title": "2/13 closing buy order book on Webull.", "top_awarded_type": null, "total_awards_received": 0, "treatment_tags": [], "upvote_ratio": 0.89, "url": "https://www.reddit.com/gallery/112g4pz", "url_overridden_by_dest": "https://www.reddit.com/gallery/112g4pz", "view_count": null, "whitelist_status": null, "wls": null}, {"all_awardings": [], "allow_live_comments": false, "archived": false, "author": "[deleted]", "author_created_utc": null, "author_flair_background_color": "", "author_flair_css_class": null, "author_flair_template_id": null, "author_flair_text": null, "author_flair_text_color": "dark", "awarders": [], "banned_by": null, "can_gild": false, "can_mod_post": false, "category": null, "content_categories": null, "contest_mode": false, "created_utc": 1676405663, "discussion_type": null, "distinguished": null, "domain": "", "edited": false, "gilded": 0, "gildings": {}, "hidden": false, "hide_score": false, "id": "112exs5", "is_created_from_ads_ui": false, "is_crosspostable": false, "is_meta": false, "is_original_content": false, "is_reddit_media_domain": false, "is_robot_indexable": false, "is_self": false, "is_video": false, "link_flair_background_color": "#ffd635", "link_flair_css_class": "", "link_flair_richtext": [], "link_flair_template_id": "cf8e4b00-8f0a-11ed-bcf5-ea5ecab695a0", "link_flair_text": "Stream Live Chat", "link_flair_text_color": "dark", "link_flair_type": "text", "locked": false, "media": {"oembed": {"author_name": "ThePPshow", "author_url": "https://www.youtube.com/@ThePPshow", "height": 200, "html": "&lt;iframe width=\"356\" height=\"200\" src=\"https://www.youtube.com/embed/FceuGHic4tw?feature=oembed&amp;enablejsapi=1\" frameborder=\"0\" allow=\"accelerometer; autoplay; clipboard-write; encrypted-media; gyroscope; picture-in-picture; web-share\" allowfullscreen title=\"ThePPShow BBBY Livestream\"&gt;&lt;/iframe&gt;", "provider_name": "YouTube", "provider_url": "https://www.youtube.com/", "thumbnail_height": 360, "thumbnail_url": "https://i.ytimg.com/vi/FceuGHic4tw/hqdefault.jpg", "thumbnail_width": 480, "title": "ThePPShow BBBY Livestream", "type": "video", "version": "1.0", "width": 356}, "type": "youtube.com"}, "media_embed": {"content": "&lt;iframe width=\"356\" height=\"200\" src=\"https://www.youtube.com/embed/FceuGHic4tw?feature=oembed&amp;enablejsapi=1\" frameborder=\"0\" allow=\"accelerometer; autoplay; clipboard-write; encrypted-media; gyroscope; picture-in-picture; web-share\" allowfullscreen title=\"ThePPShow BBBY Livestream\"&gt;&lt;/iframe&gt;", "height": 200, "scrolling": false, "width": 356}, "media_only": false, "name": "t3_112exs5", "no_follow": false, "num_comments": 4, "num_crossposts": 0, "over_18": false, "parent_whitelist_status": null, "permalink": "/r/ThePPShow/comments/112exs5/valentines_day_stream_bbby_lets_talk_stock/", "pinned": false, "pwls": null, "quarantine": false, "removed_by": null, "removed_by_category": "deleted", "retrieved_on": 1678327869, "score": 7, "secure_media": {"oembed": {"author_name": "ThePPshow", "author_url": "https://www.youtube.com/@ThePPshow", "height": 200, "html": "&lt;iframe width=\"356\" height=\"200\" src=\"https://www.youtube.com/embed/FceuGHic4tw?feature=oembed&amp;enablejsapi=1\" frameborder=\"0\" allow=\"accelerometer; autoplay; clipboard-write; encrypted-media; gyroscope; picture-in-picture; web-share\" allowfullscreen title=\"ThePPShow BBBY Livestream\"&gt;&lt;/iframe&gt;", "provider_name": "YouTube", "provider_url": "https://www.youtube.com/", "thumbnail_height": 360, "thumbnail_url": "https://i.ytimg.com/vi/FceuGHic4tw/hqdefault.jpg", "thumbnail_width": 480, "title": "ThePPShow BBBY Livestream", "type": "video", "version": "1.0", "width": 356}, "type": "youtube.com"}, "secure_media_embed": {"content": "&lt;iframe width=\"356\" height=\"200\" src=\"https://www.youtube.com/embed/FceuGHic4tw?feature=oembed&amp;enablejsapi=1\" frameborder=\"0\" allow=\"accelerometer; autoplay; clipboard-write; encrypted-media; gyroscope; picture-in-picture; web-share\" allowfullscreen title=\"ThePPShow BBBY Livestream\"&gt;&lt;/iframe&gt;", "height": 200, "media_domain_url": "https://www.redditmedia.com/mediaembed/112exs5", "scrolling": false, "width": 356}, "selftext": "[deleted]", "send_replies": true, "spoiler": false, "stickied": false, "subreddit": "ThePPShow", "subreddit_id": "t5_7q5o7y", "subreddit_name_prefixed": "r/ThePPShow", "subreddit_subscribers": 581, "subreddit_type": "public", "suggested_sort": null, "thumbnail": "default", "thumbnail_height": 105, "thumbnail_width": 140, "title": "Valentines Day Stream!! BBBY!!! Lets talk stock!", "top_awarded_type": null, "total_awards_received": 0, "treatment_tags": [], "upvote_ratio": 1.0, "url": "", "url_overridden_by_dest": "", "view_count": null, "whitelist_status": null, "wls": null}, {"all_awardings": [], "allow_live_comments": false, "archived": false, "author": "[deleted]", "author_created_utc": null, "author_flair_background_color": "", "author_flair_css_class": null, "author_flair_template_id": null, "author_flair_text": null, "author_flair_text_color": "dark", "awarders": [], "banned_by": null, "can_gild": false, "can_mod_post": false, "category": null, "content_categories": null, "contest_mode": false, "created_utc": 1676405339, "discussion_type": null, "distinguished": null, "domain": "", "edited": false, "gilded": 0, "gildings": {}, "hidden": false, "hide_score": false, "id": "112et9d", "is_created_from_ads_ui": false, "is_crosspostable": false, "is_meta": false, "is_original_content": false, "is_reddit_media_domain": false, "is_robot_indexable": false, "is_self": true, "is_video": false, "link_flair_background_color": "#ffd635", "link_flair_css_class": "", "link_flair_richtext": [], "link_flair_template_id": "b389bcaa-8f0a-11ed-9b6e-1e9f599434b1", "link_flair_text": "Stream announcement ", "link_flair_text_color": "dark", "link_flair_type": "text", "locked": false, "media": null, "media_embed": {}, "media_only": false, "name": "t3_112et9d", "no_follow": true, "num_comments": 0, "num_crossposts": 0, "over_18": false, "parent_whitelist_status": null, "permalink": "/r/ThePPShow/comments/112et9d/theppshow_valentines_day_special_starting_soon/", "pinned": false, "pwls": null, "quarantine": false, "removed_by": null, "removed_by_category": "deleted", "retrieved_on": 1678327873, "score": 1, "secure_media": null, "secure_media_embed": {}, "selftext": "[deleted]", "send_replies": true, "spoiler": false, "stickied": false, "subreddit": "ThePPShow", "subreddit_id": "t5_7q5o7y", "subreddit_name_prefixed": "r/ThePPShow", "subreddit_subscribers": 581, "subreddit_type": "public", "suggested_sort": null, "thumbnail": "default", "thumbnail_height": null, "thumbnail_width": null, "title": "ThePPShow Valentines Day special starting soon!", "top_awarded_type": null, "total_awards_received": 0, "treatment_tags": [], "upvote_ratio": 0.66, "url": "", "view_count": null, "whitelist_status": null, "wls": null}, {"all_awardings": [], "allow_live_comments": false, "archived": false, "author": "[deleted]", "author_created_utc": null, "author_flair_background_color": "", "author_flair_css_class": null, "author_flair_template_id": null, "author_flair_text": null, "author_flair_text_color": "dark", "awarders": [], "banned_by": null, "can_gild": false, "can_mod_post": false, "category": null, "content_categories": null, "contest_mode": false, "created_utc": 1676396376, "discussion_type": null, "distinguished": "moderator", "domain": "", "edited": false, "gilded": 0, "gildings": {}, "hidden": false, "hide_score": false, "id": "112b8kl", "is_created_from_ads_ui": false, "is_crosspostable": false, "is_meta": false, "is_original_content": false, "is_reddit_media_domain": false, "is_robot_indexable": false, "is_self": true, "is_video": false, "link_flair_background_color": "", "link_flair_css_class": null, "link_flair_richtext": [], "link_flair_text": null, "link_flair_text_color": "dark", "link_flair_type": "text", "locked": false, "media": null, "media_embed": {}, "media_only": false, "name": "t3_112b8kl", "no_follow": false, "num_comments": 14, "num_crossposts": 0, "over_18": false, "parent_whitelist_status": null, "permalink": "/r/ThePPShow/comments/112b8kl/pp_feeling_greedy_today_hehehe/", "pinned": false, "pwls": null, "quarantine": false, "removed_by": null, "removed_by_category": "deleted", "retrieved_on": 1678328028, "score": 13, "secure_media": null, "secure_media_embed": {}, "selftext": "[deleted]", "send_replies": true, "spoiler": false, "stickied": false, "subreddit": "ThePPShow", "subreddit_id": "t5_7q5o7y", "subreddit_name_prefixed": "r/ThePPShow", "subreddit_subscribers": 581, "subreddit_type": "public", "suggested_sort": null, "thumbnail": "default", "thumbnail_height": null, "thumbnail_width": null, "title": "Pp feeling greedy today hehehe", "top_awarded_type": null, "total_awards_received": 0, "treatment_tags": [], "upvote_ratio": 1.0, "url": "", "view_count": null, "whitelist_status": null, "wls": null}, {"all_awardings": [], "allow_live_comments": false, "archived": false, "author": "[deleted]", "author_created_utc": null, "author_flair_background_color": "", "author_flair_css_class": null, "author_flair_template_id": null, "author_flair_text": null, "author_flair_text_color": "dark", "awarders": [], "banned_by": null, "can_gild": false, "can_mod_post": false, "category": null, "content_categories": null, "contest_mode": false, "created_utc": 1676385286, "discussion_type": null, "distinguished": null, "domain": "", "edited": false, "gilded": 0, "gildings": {}, "hidden": false, "hide_score": false, "id": "1126tqq", "is_created_from_ads_ui": false, "is_crosspostable": false, "is_meta": false, "is_original_content": false, "is_reddit_media_domain": true, "is_robot_indexable": false, "is_self": false, "is_video": false, "link_flair_background_color": "", "link_flair_css_class": null, "link_flair_richtext": [], "link_flair_text": null, "link_flair_text_color": "dark", "link_flair_type": "text", "locked": false, "media": null, "media_embed": {}, "media_only": false, "name": "t3_1126tqq", "no_follow": true, "num_comments": 0, "num_crossposts": 0, "over_18": false, "parent_whitelist_status": null, "permalink": "/r/ThePPShow/comments/1126tqq/trading_idea/", "pinned": false, "pwls": null, "quarantine": false, "removed_by": null, "removed_by_category": "deleted", "retrieved_on": 1678328248, "score": 2, "secure_media": null, "secure_media_embed": {}, "selftext": "[removed]", "send_replies": true, "spoiler": false, "stickied": false, "subreddit": "ThePPShow", "subreddit_id": "t5_7q5o7y", "subreddit_name_prefixed": "r/ThePPShow", "subreddit_subscribers": 581, "subreddit_type": "public", "suggested_sort": null, "thumbnail": "default", "thumbnail_height": 140, "thumbnail_width": 140, "title": "Trading Idea", "top_awarded_type": null, "total_awards_received": 0, "treatment_tags": [], "upvote_ratio": 1.0, "url": "", "url_overridden_by_dest": "", "view_count": null, "whitelist_status": null, "wls": null}, {"all_awardings": [], "allow_live_comments": false, "archived": false, "author": "[deleted]", "author_created_utc": null, "author_flair_background_color": "", "author_flair_css_class": null, "author_flair_template_id": null, "author_flair_text": null, "author_flair_text_color": "dark", "awarders": [], "banned_by": null, "can_gild": false, "can_mod_post": false, "category": null, "content_categories": null, "contest_mode": false, "created_utc": 1676385187, "discussion_type": null, "distinguished": null, "domain": "", "edited": false, "gilded": 0, "gildings": {}, "hidden": false, "hide_score": false, "id": "1126sa6", "is_created_from_ads_ui": false, "is_crosspostable": false, "is_meta": false, "is_original_content": false, "is_reddit_media_domain": false, "is_robot_indexable": false, "is_self": true, "is_video": false, "link_flair_background_color": "", "link_flair_css_class": null, "link_flair_richtext": [], "link_flair_text": null, "link_flair_text_color": "dark", "link_flair_type": "text", "locked": false, "media": null, "media_embed": {}, "media_only": false, "name": "t3_1126sa6", "no_follow": false, "num_comments": 0, "num_crossposts": 0, "over_18": false, "parent_whitelist_status": null, "permalink": "/r/ThePPShow/comments/1126sa6/trading_idea/", "pinned": false, "pwls": null, "quarantine": false, "removed_by": null, "removed_by_category": "deleted", "retrieved_on": 1678328250, "score": 1, "secure_media": null, "secure_media_embed": {}, "selftext": "[deleted]", "send_replies": true, "spoiler": false, "stickied": false, "subreddit": "ThePPShow", "subreddit_id": "t5_7q5o7y", "subreddit_name_prefixed": "r/ThePPShow", "subreddit_subscribers": 581, "subreddit_type": "public", "suggested_sort": null, "thumbnail": "default", "thumbnail_height": null, "thumbnail_width": null, "title": "Trading Idea", "top_awarded_type": null, "total_awards_received": 0, "treatment_tags": [], "upvote_ratio": 1.0, "url": "", "view_count": null, "whitelist_status": null, "wls": null}, {"all_awardings": [], "allow_live_comments": false, "archived": false, "author": "[deleted]", "author_created_utc": null, "author_flair_background_color": "", "author_flair_css_class": null, "author_flair_template_id": null, "author_flair_text": null, "author_flair_text_color": "dark", "awarders": [], "banned_by": null, "can_gild": false, "can_mod_post": false, "category": null, "content_categories": null, "contest_mode": false, "created_utc": 1676336225, "discussion_type": null, "distinguished": null, "domain": "", "edited": false, "gallery_data": null, "gilded": 0, "gildings": {}, "hidden": false, "hide_score": false, "id": "111ph9s", "is_created_from_ads_ui": false, "is_crosspostable": false, "is_gallery": true, "is_meta": false, "is_original_content": false, "is_reddit_media_domain": false, "is_robot_indexable": false, "is_self": false, "is_video": false, "link_flair_background_color": "", "link_flair_css_class": null, "link_flair_richtext": [], "link_flair_text": null, "link_flair_text_color": "dark", "link_flair_type": "text", "locked": false, "media": null, "media_embed": {}, "media_metadata": null, "media_only": false, "name": "t3_111ph9s", "no_follow": false, "num_comments": 2, "num_crossposts": 0, "over_18": false, "parent_whitelist_status": null, "permalink": "/r/ThePPShow/comments/111ph9s/im_going_too_deep/", "pinned": false, "pwls": null, "quarantine": false, "removed_by": null, "removed_by_category": "deleted", "retrieved_on": 1678328902, "score": 2, "secure_media": null, "secure_media_embed": {}, "selftext": "[deleted]", "send_replies": true, "spoiler": false, "stickied": false, "subreddit": "ThePPShow", "subreddit_id": "t5_7q5o7y", "subreddit_name_prefixed": "r/ThePPShow", "subreddit_subscribers": 581, "subreddit_type": "public", "suggested_sort": null, "thumbnail": "default", "thumbnail_height": 140, "thumbnail_width": 140, "title": "i'm going too deep", "top_awarded_type": null, "total_awards_received": 0, "treatment_tags": [], "upvote_ratio": 0.75, "url": "", "url_overridden_by_dest": "", "view_count": null, "whitelist_status": null, "wls": null}, {"all_awardings": [], "allow_live_comments": false, "archived": false, "author": "[deleted]", "author_created_utc": null, "author_flair_background_color": "", "author_flair_css_class": null, "author_flair_template_id": null, "author_flair_text": null, "author_flair_text_color": "dark", "awarders": [], "banned_by": null, "can_gild": false, "can_mod_post": false, "category": null, "content_categories": null, "contest_mode": false, "created_utc": 1676335232, "discussion_type": null, "distinguished": null, "domain": "", "edited": false, "gilded": 0, "gildings": {}, "hidden": false, "hide_score": false, "id": "111p48e", "is_created_from_ads_ui": false, "is_crosspostable": false, "is_meta": false, "is_original_content": false, "is_reddit_media_domain": false, "is_robot_indexable": false, "is_self": false, "is_video": false, "link_flair_background_color": "#ffd635", "link_flair_css_class": "", "link_flair_richtext": [], "link_flair_template_id": "cf8e4b00-8f0a-11ed-bcf5-ea5ecab695a0", "link_flair_text": "Stream Live Chat", "link_flair_text_color": "dark", "link_flair_type": "text", "locked": false, "media": {"oembed": {"author_name": "ThePPshow", "author_url": "https://www.youtube.com/@ThePPshow", "height": 200, "html": "&lt;iframe width=\"356\" height=\"200\" src=\"https://www.youtube.com/embed/DIMtF8C8iwQ?feature=oembed&amp;enablejsapi=1\" frameborder=\"0\" allow=\"accelerometer; autoplay; clipboard-write; encrypted-media; gyroscope; picture-in-picture; web-share\" allowfullscreen title=\"ThePPShow BBBY Livestream\"&gt;&lt;/iframe&gt;", "provider_name": "YouTube", "provider_url": "https://www.youtube.com/", "thumbnail_height": 360, "thumbnail_url": "https://i.ytimg.com/vi/DIMtF8C8iwQ/hqdefault.jpg", "thumbnail_width": 480, "title": "ThePPShow BBBY Livestream", "type": "video", "version": "1.0", "width": 356}, "type": "youtube.com"}, "media_embed": {"content": "&lt;iframe width=\"356\" height=\"200\" src=\"https://www.youtube.com/embed/DIMtF8C8iwQ?feature=oembed&amp;enablejsapi=1\" frameborder=\"0\" allow=\"accelerometer; autoplay; clipboard-write; encrypted-media; gyroscope; picture-in-picture; web-share\" allowfullscreen title=\"ThePPShow BBBY Livestream\"&gt;&lt;/iframe&gt;", "height": 200, "scrolling": false, "width": 356}, "media_only": false, "name": "t3_111p48e", "no_follow": false, "num_comments": 1, "num_crossposts": 0, "over_18": false, "parent_whitelist_status": null, "permalink": "/r/ThePPShow/comments/111p48e/livestream_is_starting_shortly_roughly_15_minutes/", "pinned": false, "pwls": null, "quarantine": false, "removed_by": null, "removed_by_category": "deleted", "retrieved_on": 1678328918, "score": 10, "secure_media": {"oembed": {"author_name": "ThePPshow", "author_url": "https://www.youtube.com/@ThePPshow", "height": 200, "html": "&lt;iframe width=\"356\" height=\"200\" src=\"https://www.youtube.com/embed/DIMtF8C8iwQ?feature=oembed&amp;enablejsapi=1\" frameborder=\"0\" allow=\"accelerometer; autoplay; clipboard-write; encrypted-media; gyroscope; picture-in-picture; web-share\" allowfullscreen title=\"ThePPShow BBBY Livestream\"&gt;&lt;/iframe&gt;", "provider_name": "YouTube", "provider_url": "https://www.youtube.com/", "thumbnail_height": 360, "thumbnail_url": "https://i.ytimg.com/vi/DIMtF8C8iwQ/hqdefault.jpg", "thumbnail_width": 480, "title": "ThePPShow BBBY Livestream", "type": "video", "version": "1.0", "width": 356}, "type": "youtube.com"}, "secure_media_embed": {"content": "&lt;iframe width=\"356\" height=\"200\" src=\"https://www.youtube.com/embed/DIMtF8C8iwQ?feature=oembed&amp;enablejsapi=1\" frameborder=\"0\" allow=\"accelerometer; autoplay; clipboard-write; encrypted-media; gyroscope; picture-in-picture; web-share\" allowfullscreen title=\"ThePPShow BBBY Livestream\"&gt;&lt;/iframe&gt;", "height": 200, "media_domain_url": "https://www.redditmedia.com/mediaembed/111p48e", "scrolling": false, "width": 356}, "selftext": "[deleted]", "send_replies": true, "spoiler": false, "stickied": false, "subreddit": "ThePPShow", "subreddit_id": "t5_7q5o7y", "subreddit_name_prefixed": "r/ThePPShow", "subreddit_subscribers": 581, "subreddit_type": "public", "suggested_sort": null, "thumbnail": "default", "thumbnail_height": 105, "thumbnail_width": 140, "title": "Livestream is starting shortly! Roughly 15 minutes! Come enjoy a beer and talk about your favorite stock BBBY!", "top_awarded_type": null, "total_awards_received": 0, "treatment_tags": [], "upvote_ratio": 0.91, "url": "", "url_overridden_by_dest": "", "view_count": null, "whitelist_status": null, "wls": null}], "metadata": {"op_a": 55, "op_b": 52, "total": 107}, "error": null}