{"data": [{"all_awardings": [], "allow_live_comments": false, "archived": false, "author": "n3rdacalypso", "author_created_utc": 1635425423, "author_flair_background_color": null, "author_flair_css_class": null, "author_flair_richtext": [], "author_flair_template_id": null, "author_flair_text": null, "author_flair_text_color": null, "author_flair_type": "text", "author_fullname": "t2_fyp9wguz", "author_patreon_flair": false, "author_premium": true, "awarders": [], "banned_by": null, "can_gild": true, "can_mod_post": false, "category": null, "content_categories": null, "contest_mode": false, "created_utc": 1673569675, "crosspost_parent": "t3_10afrq3", "crosspost_parent_list": [{"all_awardings": [], "allow_live_comments": true, "approved_at_utc": null, "approved_by": null, "archived": false, "author": "[deleted]", "author_flair_background_color": "", "author_flair_css_class": null, "author_flair_template_id": null, "author_flair_text": null, "author_flair_text_color": "dark", "author_is_blocked": false, "awarders": [], "banned_at_utc": null, "banned_by": null, "can_gild": false, "can_mod_post": false, "category": null, "clicked": false, "content_categories": null, "contest_mode": false, "created": 1673569555.0, "created_utc": 1673569555.0, "discussion_type": null, "distinguished": null, "domain": "", "downs": 0, "edited": false, "gilded": 0, "gildings": {}, "hidden": false, "hide_score": false, "id": "10afrq3", "is_created_from_ads_ui": false, "is_crosspostable": false, "is_meta": false, "is_original_content": false, "is_reddit_media_domain": false, "is_robot_indexable": false, "is_self": false, "is_video": false, "likes": null, "link_flair_background_color": "#24a0ed", "link_flair_css_class": "", "link_flair_richtext": [], "link_flair_template_id": "4585f48c-78d0-11eb-8248-0e483b5907d1", "link_flair_text": "Giving Back", "link_flair_text_color": "dark", "link_flair_type": "text", "locked": false, "media": {"oembed": {"author_name": "RexxLifeRajVEVO", "author_url": "https://www.youtube.com/@RexxLifeRajVEVO", "height": 200, "html": "&lt;iframe width=\"356\" height=\"200\" src=\"https://www.youtube.com/embed/I7-47-xgf0w?feature=oembed&amp;enablejsapi=1\" frameborder=\"0\" allow=\"accelerometer; autoplay; clipboard-write; encrypted-media; gyroscope; picture-in-picture; web-share\" allowfullscreen title=\"Rexx Life Raj, Kenny Beats - Moonwalk (Official Video)\"&gt;&lt;/iframe&gt;", "provider_name": "YouTube", "provider_url": "https://www.youtube.com/", "thumbnail_height": 360, "thumbnail_url": "https://i.ytimg.com/vi/I7-47-xgf0w/hqdefault.jpg", "thumbnail_width": 480, "title": "Rexx Life Raj, Kenny Beats - Moonwalk (Official Video)", "type": "video", "version": "1.0", "width": 356}, "type": "youtube.com"}, "media_embed": {"content": "&lt;iframe width=\"356\" height=\"200\" src=\"https://www.youtube.com/embed/I7-47-xgf0w?feature=oembed&amp;enablejsapi=1\" frameborder=\"0\" allow=\"accelerometer; autoplay; clipboard-write; encrypted-media; gyroscope; picture-in-picture; web-share\" allowfullscreen title=\"Rexx Life Raj, Kenny Beats - Moonwalk (Official Video)\"&gt;&lt;/iframe&gt;", "height": 200, "scrolling": false, "width": 356}, "media_only": false, "mod_note": null, "mod_reason_by": null, "mod_reason_title": null, "mod_reports": [], "name": "t3_10afrq3", "no_follow": true, "num_comments": 1, "num_crossposts": 2, "num_reports": null, "over_18": false, "parent_whitelist_status": null, "permalink": "/r/BBBY/comments/10afrq3/this_just_in_bbby_anthem_tops_charts_in_the_uk/", "pinned": false, "pwls": null, "quarantine": false, "removal_reason": null, "removed_by": null, "removed_by_category": "deleted", "report_reasons": null, "saved": false, "score": 9, "secure_media": {"oembed": {"author_name": "RexxLifeRajVEVO", "author_url": "https://www.youtube.com/@RexxLifeRajVEVO", "height": 200, "html": "&lt;iframe width=\"356\" height=\"200\" src=\"https://www.youtube.com/embed/I7-47-xgf0w?feature=oembed&amp;enablejsapi=1\" frameborder=\"0\" allow=\"accelerometer; autoplay; clipboard-write; encrypted-media; gyroscope; picture-in-picture; web-share\" allowfullscreen title=\"Rexx Life Raj, Kenny Beats - Moonwalk (Official Video)\"&gt;&lt;/iframe&gt;", "provider_name": "YouTube", "provider_url": "https://www.youtube.com/", "thumbnail_height": 360, "thumbnail_url": "https://i.ytimg.com/vi/I7-47-xgf0w/hqdefault.jpg", "thumbnail_width": 480, "title": "Rexx Life Raj, Kenny Beats - Moonwalk (Official Video)", "type": "video", "version": "1.0", "width": 356}, "type": "youtube.com"}, "secure_media_embed": {"content": "&lt;iframe width=\"356\" height=\"200\" src=\"https://www.youtube.com/embed/I7-47-xgf0w?feature=oembed&amp;enablejsapi=1\" frameborder=\"0\" allow=\"accelerometer; autoplay; clipboard-write; encrypted-media; gyroscope; picture-in-picture; web-share\" allowfullscreen title=\"Rexx Life Raj, Kenny Beats - Moonwalk (Official Video)\"&gt;&lt;/iframe&gt;", "height": 200, "media_domain_url": "https://www.redditmedia.com/mediaembed/10afrq3", "scrolling": false, "width": 356}, "selftext": "[removed]", "selftext_html": "&lt;!-- SC_OFF --&gt;&lt;div class=\"md\"&gt;&lt;p&gt;[removed]&lt;/p&gt;\n&lt;/div&gt;&lt;!-- SC_ON --&gt;", "send_replies": true, "spoiler": false, "stickied": false, "subreddit": "BBBY", "subreddit_id": "t5_3q5hel", "subreddit_name_prefixed": "r/BBBY", "subreddit_subscribers": 52096, "subreddit_type": "public", "suggested_sort": null, "thumbnail": "default", "thumbnail_height": 105, "thumbnail_width": 140, "title": "This Just In: BBBY Anthem Tops Charts in the UK // Sources are saying \"GME 2.0 Get Money\" Across Various Online Social Media Platforms // Sources Confirmed", "top_awarded_type": null, "total_awards_received": 0, "treatment_tags": [], "ups": 9, "upvote_ratio": 0.92, "url": "", "url_overridden_by_dest": "", "user_reports": [], "view_count": null, "visited": false, "whitelist_status": null, "wls": null}], "discussion_type": null, "distinguished": null, "domain": "youtu.be", "edited": false, "gilded": 0, "gildings": {}, "hidden": false, "hide_score": false, "id": "10aftdo", "is_created_from_ads_ui": false, "is_crosspostable": true, "is_meta": false, "is_original_content": false, "is_reddit_media_domain": false, "is_robot_indexable": true, "is_self": false, "is_video": false, "link_flair_background_color": "", "link_flair_css_class": null, "link_flair_richtext": [], "link_flair_text": null, "link_flair_text_color": "dark", "link_flair_type": "text", "locked": false, "media": null, "media_embed": {}, "media_only": false, "name": "t3_10aftdo", "no_follow": false, "num_comments": 4, "num_crossposts": 0, "over_18": false, "parent_whitelist_status": null, "permalink": "/r/ThePPShow/comments/10aftdo/this_just_in_bbby_anthem_tops_charts_in_the_uk/", "pinned": false, "pwls": null, "quarantine": false, "removed_by": null, "removed_by_category": null, "retrieved_on": 1676240940, "score": 15, "secure_media": null, "secure_media_embed": {}, "selftext": "", "send_replies": false, "spoiler": false, "stickied": false, "subreddit": "ThePPShow", "subreddit_id": "t5_7q5o7y", "subreddit_name_prefixed": "r/ThePPShow", "subreddit_subscribers": 328, "subreddit_type": "public", "suggested_sort": null, "thumbnail": "https://b.thumbs.redditmedia.com/i96ZFdTwVddQmA0J77upGJiNB4OcEPNS_73004XxBFM.jpg", "thumbnail_height": 105, "thumbnail_width": 140, "title": "This Just In: BBBY Anthem Tops Charts in the UK // Sources are saying \"GME 2.0 Get Money\" Across Various Online Social Media Platforms // Sources Confirmed", "top_awarded_type": null, "total_awards_received": 0, "treatment_tags": [], "upvote_ratio": 0.94, "url": "https://youtu.be/I7-47-xgf0w", "url_overridden_by_dest": "https://youtu.be/I7-47-xgf0w", "view_count": null, "whitelist_status": null, "wls": null}], "metadata": {"op_a": 55, "op_b": 48, "total": 104}, "error": null}