{"data": [{"all_awardings": [], "allow_live_comments": false, "archived": false, "author": "[deleted]", "author_created_utc": null, "author_flair_background_color": "", "author_flair_css_class": null, "author_flair_template_id": null, "author_flair_text": null, "author_flair_text_color": "dark", "awarders": [], "banned_by": null, "can_gild": false, "can_mod_post": false, "category": null, "content_categories": null, "contest_mode": false, "created_utc": 1677703253, "discussion_type": null, "distinguished": null, "domain": "", "edited": false, "gilded": 0, "gildings": {}, "hidden": false, "hide_score": false, "id": "11fhdaz", "is_created_from_ads_ui": false, "is_crosspostable": false, "is_meta": false, "is_original_content": false, "is_reddit_media_domain": false, "is_robot_indexable": false, "is_self": true, "is_video": false, "link_flair_background_color": "#ffd635", "link_flair_css_class": "", "link_flair_richtext": [], "link_flair_template_id": "b389bcaa-8f0a-11ed-9b6e-1e9f599434b1", "link_flair_text": "Stream announcement ", "link_flair_text_color": "dark", "link_flair_type": "text", "locked": false, "media": null, "media_embed": {}, "media_only": false, "name": "t3_11fhdaz", "no_follow": false, "num_comments": 11, "num_crossposts": 0, "over_18": false, "parent_whitelist_status": null, "permalink": "/r/ThePPShow/comments/11fhdaz/theppshow_tonight_at_7pmct/", "pinned": false, "pwls": null, "quarantine": false, "removed_by": null, "removed_by_category": "deleted", "retrieved_on": 1681024146, "score": 20, "secure_media": null, "secure_media_embed": {}, "selftext": "[deleted]", "send_replies": true, "spoiler": false, "stickied": false, "subreddit": "ThePPShow", "subreddit_id": "t5_7q5o7y", "subreddit_name_prefixed": "r/ThePPShow", "subreddit_subscribers": 1240, "subreddit_type": "public", "suggested_sort": null, "thumbnail": "default", "thumbnail_height": null, "thumbnail_width": null, "title": "ThePPShow tonight at 7PMCT!!!", "top_awarded_type": null, "total_awards_received": 0, "treatment_tags": [], "upvote_ratio": 0.96, "url": "", "view_count": null, "whitelist_status": null, "wls": null}, {"all_awardings": [], "allow_live_comments": false, "archived": false, "author": "calibull2019", "author_created_utc": 1659657946, "author_flair_background_color": null, "author_flair_css_class": null, "author_flair_richtext": [], "author_flair_template_id": null, "author_flair_text": null, "author_flair_text_color": null, "author_flair_type": "text", "author_fullname": "t2_qxyp6d3x", "author_patreon_flair": false, "author_premium": false, "awarders": [], "banned_by": null, "can_gild": true, "can_mod_post": false, "category": null, "content_categories": null, "contest_mode": false, "created_utc": 1677699889, "discussion_type": null, "distinguished": null, "domain": "i.redd.it", "edited": false, "gilded": 0, "gildings": {}, "hidden": false, "hide_score": false, "id": "11ff0pf", "is_created_from_ads_ui": false, "is_crosspostable": true, "is_meta": false, "is_original_content": false, "is_reddit_media_domain": true, "is_robot_indexable": true, "is_self": false, "is_video": false, "link_flair_background_color": "", "link_flair_css_class": null, "link_flair_richtext": [], "link_flair_text": null, "link_flair_text_color": "dark", "link_flair_type": "text", "locked": false, "media": null, "media_embed": {}, "media_only": false, "name": "t3_11ff0pf", "no_follow": false, "num_comments": 3, "num_crossposts": 0, "over_18": false, "parent_whitelist_status": null, "permalink": "/r/ThePPShow/comments/11ff0pf/beautiful_m_m_as_in_mama_mia/", "pinned": false, "post_hint": "image", "preview": {"enabled": true, "images": [{"id": "GMFrDG325n3_rtI9HAPu8abQhWXBUqykltymkA-pKIM", "resolutions": [{"height": 144, "url": "https://preview.redd.it/gse845j438la1.jpg?width=108&amp;crop=smart&amp;auto=webp&amp;v=enabled&amp;s=124ecfd72d262d8f9cee9247724840a9db095be6", "width": 108}, {"height": 288, "url": "https://preview.redd.it/gse845j438la1.jpg?width=216&amp;crop=smart&amp;auto=webp&amp;v=enabled&amp;s=f123fbef742eef1244a72c9d9698f0b4d9de5f53", "width": 216}, {"height": 426, "url": "https://preview.redd.it/gse845j438la1.jpg?width=320&amp;crop=smart&amp;auto=webp&amp;v=enabled&amp;s=5ef3f6eed804eb16ad42f110320d7a9295e33361", "width": 320}, {"height": 853, "url": "https://preview.redd.it/gse845j438la1.jpg?width=640&amp;crop=smart&amp;auto=webp&amp;v=enabled&amp;s=95f7f26715a7c1b0dfae8d85e8c575c7e5f54f5d", "width": 640}, {"height": 1280, "url": "https://preview.redd.it/gse845j438la1.jpg?width=960&amp;crop=smart&amp;auto=webp&amp;v=enabled&amp;s=50f7d0b6cd6637889ecd0879ade9c5a68b8ddce0", "width": 960}, {"height": 1440, "url": "https://preview.redd.it/gse845j438la1.jpg?width=1080&amp;crop=smart&amp;auto=webp&amp;v=enabled&amp;s=332e78c6b14112872cdb5bc77949f9ec5341e999", "width": 1080}], "source": {"height": 4000, "url": "https://preview.redd.it/gse845j438la1.jpg?auto=webp&amp;v=enabled&amp;s=34700fb2ab7f591c30bb44860a5d6b7cc7bc4e80", "width": 3000}, "variants": {}}]}, "pwls": null, "quarantine": false, "removed_by": null, "removed_by_category": null, "retrieved_on": 1681024209, "score": 16, "secure_media": null, "secure_media_embed": {}, "selftext": "", "send_replies": true, "spoiler": false, "stickied": false, "subreddit": "ThePPShow", "subreddit_id": "t5_7q5o7y", "subreddit_name_prefixed": "r/ThePPShow", "subreddit_subscribers": 1240, "subreddit_type": "public", "suggested_sort": null, "thumbnail": "https://b.thumbs.redditmedia.com/V552qyN_5lmgFnYKMa8Uvj1zTrtzf2dZzvkNEjXIp8Q.jpg", "thumbnail_height": 140, "thumbnail_width": 140, "title": "beautiful M .... M as in mama mia", "top_awarded_type": null, "total_awards_received": 0, "treatment_tags": [], "upvote_ratio": 1.0, "url": "https://i.redd.it/gse845j438la1.jpg", "url_overridden_by_dest": "https://i.redd.it/gse845j438la1.jpg", "view_count": null, "whitelist_status": null, "wls": null}, {"all_awardings": [], "allow_live_comments": false, "archived": false, "author": "ppseeds", "author_created_utc": 1518222553, "author_flair_background_color": null, "author_flair_css_class": null, "author_flair_richtext": [], "author_flair_template_id": null, "author_flair_text": null, "author_flair_text_color": null, "author_flair_type": "text", "author_fullname": "t2_w7v9rg0", "author_patreon_flair": false, "author_premium": true, "awarders": [], "banned_by": null, "can_gild": true, "can_mod_post": false, "category": null, "content_categories": null, "contest_mode": false, "created_utc": 1677695212, "discussion_type": null, "distinguished": "moderator", "domain": "self.ThePPShow", "edited": false, "gilded": 0, "gildings": {}, "hidden": false, "hide_score": false, "id": "11fb893", "is_created_from_ads_ui": false, "is_crosspostable": true, "is_meta": false, "is_original_content": false, "is_reddit_media_domain": false, "is_robot_indexable": true, "is_self": true, "is_video": false, "link_flair_background_color": "#ffd635", "link_flair_css_class": "", "link_flair_richtext": [], "link_flair_template_id": "b389bcaa-8f0a-11ed-9b6e-1e9f599434b1", "link_flair_text": "Stream announcement ", "link_flair_text_color": "dark", "link_flair_type": "text", "locked": false, "media": null, "media_embed": {}, "media_only": false, "name": "t3_11fb893", "no_follow": false, "num_comments": 13, "num_crossposts": 1, "over_18": false, "parent_whitelist_status": null, "permalink": "/r/ThePPShow/comments/11fb893/i_care_about_kais_m_as_a_friend_but_for_now_on_he/", "pinned": false, "pwls": null, "quarantine": false, "removed_by": null, "removed_by_category": null, "retrieved_on": 1681024304, "score": 41, "secure_media": null, "secure_media_embed": {}, "selftext": "Alright so I like Kais I think he\u2019s got a good heart and just needs some direction with some of the things he\u2019s doing, unfortunately because of some of the things going on lately IRL with Kais it\u2019s best at this point that I separate myself from some of the content. \n\nFor starters I fully believe Gustavo has passed away and I don\u2019t think putting his family through some of the things going on is right or okay. Please understand this is for the better, again I like Kais I see him as a good dude but I think some of this stuff lately is a bit too much for me. I\u2019ve had friends commit suicide over the years and I know the pain it brings not only family but loved ones and friends. So going forward I will not be calling Kais on the show until things get back to being settled down. I miss the old Kais the one who would just go to warehouses for dd, or interviewing nice people at bbby stores. I\u2019m sorry my friend I don\u2019t support the things your doing currently and separating myself from it is the best course of action.", "send_replies": true, "spoiler": false, "stickied": false, "subreddit": "ThePPShow", "subreddit_id": "t5_7q5o7y", "subreddit_name_prefixed": "r/ThePPShow", "subreddit_subscribers": 1240, "subreddit_type": "public", "suggested_sort": null, "thumbnail": "self", "thumbnail_height": null, "thumbnail_width": null, "title": "I care about Kais M. As a friend but for now on he will not be on the ppshow for now.", "top_awarded_type": null, "total_awards_received": 0, "treatment_tags": [], "upvote_ratio": 0.92, "url": "https://www.reddit.com/r/ThePPShow/comments/11fb893/i_care_about_kais_m_as_a_friend_but_for_now_on_he/", "view_count": null, "whitelist_status": null, "wls": null}, {"all_awardings": [], "allow_live_comments": false, "archived": false, "author": "Life_Relationship_77", "author_created_utc": 1611904496, "author_flair_background_color": null, "author_flair_css_class": null, "author_flair_richtext": [], "author_flair_template_id": null, "author_flair_text": null, "author_flair_text_color": null, "author_flair_type": "text", "author_fullname": "t2_4d87olhk", "author_patreon_flair": false, "author_premium": false, "awarders": [], "banned_by": null, "can_gild": true, "can_mod_post": false, "category": null, "content_categories": null, "contest_mode": false, "created_utc": 1677684372, "discussion_type": null, "distinguished": null, "domain": "self.ThePPShow", "edited": false, "gilded": 0, "gildings": {}, "hidden": false, "hide_score": false, "id": "11f6kp6", "is_created_from_ads_ui": false, "is_crosspostable": true, "is_meta": false, "is_original_content": false, "is_reddit_media_domain": false, "is_robot_indexable": true, "is_self": true, "is_video": false, "link_flair_background_color": "", "link_flair_css_class": null, "link_flair_richtext": [], "link_flair_text": null, "link_flair_text_color": "dark", "link_flair_type": "text", "locked": false, "media": null, "media_embed": {}, "media_only": false, "name": "t3_11f6kp6", "no_follow": false, "num_comments": 11, "num_crossposts": 1, "over_18": false, "parent_whitelist_status": null, "permalink": "/r/ThePPShow/comments/11f6kp6/nfa_buying_deep_itm_call_options_and_early/", "pinned": false, "post_hint": "self", "preview": {"enabled": false, "images": [{"id": "GU0c3d9ZQ53uVjTEeZ2M72CxfS9UkcKbPfjLF6soOH8", "resolutions": [{"height": 108, "url": "https://external-preview.redd.it/hwlTeVSoKOsufN5j0SUxZrKi3zTTZfEXU8s7xDzhBKo.jpg?width=108&amp;crop=smart&amp;auto=webp&amp;v=enabled&amp;s=9b87d9215724a8f6994ecdbd60d17f2be785b10c", "width": 108}, {"height": 216, "url": "https://external-preview.redd.it/hwlTeVSoKOsufN5j0SUxZrKi3zTTZfEXU8s7xDzhBKo.jpg?width=216&amp;crop=smart&amp;auto=webp&amp;v=enabled&amp;s=6c1ba706aa002678d6a960d119f1aae233052113", "width": 216}, {"height": 320, "url": "https://external-preview.redd.it/hwlTeVSoKOsufN5j0SUxZrKi3zTTZfEXU8s7xDzhBKo.jpg?width=320&amp;crop=smart&amp;auto=webp&amp;v=enabled&amp;s=4dd96c9876f91f6ca4381d99549a063dc9801866", "width": 320}, {"height": 640, "url": "https://external-preview.redd.it/hwlTeVSoKOsufN5j0SUxZrKi3zTTZfEXU8s7xDzhBKo.jpg?width=640&amp;crop=smart&amp;auto=webp&amp;v=enabled&amp;s=d347dd36674853fbc6625eb5a815ebd866a165eb", "width": 640}, {"height": 960, "url": "https://external-preview.redd.it/hwlTeVSoKOsufN5j0SUxZrKi3zTTZfEXU8s7xDzhBKo.jpg?width=960&amp;crop=smart&amp;auto=webp&amp;v=enabled&amp;s=e759cacd93dd75a803ba0ec1fba903d5adb066cd", "width": 960}, {"height": 1080, "url": "https://external-preview.redd.it/hwlTeVSoKOsufN5j0SUxZrKi3zTTZfEXU8s7xDzhBKo.jpg?width=1080&amp;crop=smart&amp;auto=webp&amp;v=enabled&amp;s=cc058cbb7a74cb3df3ec6f0477166670d0824697", "width": 1080}], "source": {"height": 1080, "url": "https://external-preview.redd.it/hwlTeVSoKOsufN5j0SUxZrKi3zTTZfEXU8s7xDzhBKo.jpg?auto=webp&amp;v=enabled&amp;s=303148b60126cefd87f2340aa2ad225eefb1e476", "width": 1080}, "variants": {}}]}, "pwls": null, "quarantine": false, "removed_by": null, "removed_by_category": null, "retrieved_on": 1681024473, "score": 7, "secure_media": null, "secure_media_embed": {}, "selftext": "Has anyone considered buying deep in the money call options and [early exercising](https://www.investopedia.com/terms/e/earlyexercise.asp) them right away, as is allowed for American style options, as a way to take guaranteed delivery of the shares without encountering any FTDs? This was previously discussed in this [WSB post](https://www.reddit.com/r/wallstreetbets/comments/wrt365/start_tomorrows_bbby_face_ripper_by_calling_your/?utm_source=share&amp;utm_medium=android_app&amp;utm_name=androidcss&amp;utm_term=1&amp;utm_content=share_button). The call options ask price + the strike price of the current deep ITM calls are currently pretty close to current market price, as can be seen in the [options chain](https://finance.yahoo.com/quote/BBBY/options). The tax implications of this strategy are also no different than buying the stock at the market price, as the option premium price is added to the strike price to form the cost basis (which is pretty close to the market price) for tax calculation purposes, as described in this [article](https://www.moneyshow.com/articles/optionsidea-42816/tax-treatment-for-call-and-put-options/). IMHO, this may be a strategy that can be used to avoid the price suppression via naked shorting that we are all experiencing, right now? What do you all say?\n\nu/ppseeds, can we discuss this on your show?", "send_replies": true, "spoiler": false, "stickied": false, "subreddit": "ThePPShow", "subreddit_id": "t5_7q5o7y", "subreddit_name_prefixed": "r/ThePPShow", "subreddit_subscribers": 1240, "subreddit_type": "public", "suggested_sort": null, "thumbnail": "self", "thumbnail_height": null, "thumbnail_width": null, "title": "NFA: Buying Deep ITM Call Options And Early Exercising Them Right Away To Avoid FTDs", "top_awarded_type": null, "total_awards_received": 0, "treatment_tags": [], "upvote_ratio": 0.89, "url": "https://www.reddit.com/r/ThePPShow/comments/11f6kp6/nfa_buying_deep_itm_call_options_and_early/", "view_count": null, "whitelist_status": null, "wls": null}, {"all_awardings": [], "allow_live_comments": false, "archived": false, "author": "coachchip246", "author_created_utc": 1672994787, "author_flair_background_color": null, "author_flair_css_class": null, "author_flair_richtext": [], "author_flair_template_id": null, "author_flair_text": null, "author_flair_text_color": null, "author_flair_type": "text", "author_fullname": "t2_vfm4ip55", "author_patreon_flair": false, "author_premium": false, "awarders": [], "banned_by": null, "can_gild": true, "can_mod_post": false, "category": null, "content_categories": null, "contest_mode": false, "created_utc": 1677637594, "discussion_type": null, "distinguished": null, "domain": "self.ThePPShow", "edited": false, "gilded": 0, "gildings": {}, "hidden": false, "hide_score": false, "id": "11erlnt", "is_created_from_ads_ui": false, "is_crosspostable": true, "is_meta": false, "is_original_content": false, "is_reddit_media_domain": false, "is_robot_indexable": true, "is_self": true, "is_video": false, "link_flair_background_color": "", "link_flair_css_class": null, "link_flair_richtext": [], "link_flair_text": null, "link_flair_text_color": "dark", "link_flair_type": "text", "locked": false, "media": null, "media_embed": {}, "media_metadata": {"48w7g9e7g1la1": {"e": "Image", "id": "48w7g9e7g1la1", "m": "image/png", "p": [{"u": "https://preview.redd.it/48w7g9e7g1la1.png?width=108&amp;crop=smart&amp;auto=webp&amp;v=enabled&amp;s=1ca380291fcf9aa886edee061c53d6028ad9d708", "x": 108, "y": 102}, {"u": "https://preview.redd.it/48w7g9e7g1la1.png?width=216&amp;crop=smart&amp;auto=webp&amp;v=enabled&amp;s=fe848e10d752df7c87ca1509c73367240a5ecfd1", "x": 216, "y": 204}, {"u": "https://preview.redd.it/48w7g9e7g1la1.png?width=320&amp;crop=smart&amp;auto=webp&amp;v=enabled&amp;s=4695c6d817fd6caa60ffa0ba7ba7858265d45d30", "x": 320, "y": 303}, {"u": "https://preview.redd.it/48w7g9e7g1la1.png?width=640&amp;crop=smart&amp;auto=webp&amp;v=enabled&amp;s=e974f480bc64060e7269e52f0429d1a1a3d0205b", "x": 640, "y": 606}, {"u": "https://preview.redd.it/48w7g9e7g1la1.png?width=960&amp;crop=smart&amp;auto=webp&amp;v=enabled&amp;s=2ff8472d591565c57e84cdedcb46ef8e219b8918", "x": 960, "y": 910}], "s": {"u": "https://preview.redd.it/48w7g9e7g1la1.png?width=1004&amp;format=png&amp;auto=webp&amp;v=enabled&amp;s=60bad3c03385e89c84b507ab94df55d6d6b7b429", "x": 1004, "y": 952}, "status": "valid"}}, "media_only": false, "name": "t3_11erlnt", "no_follow": false, "num_comments": 6, "num_crossposts": 0, "over_18": false, "parent_whitelist_status": null, "permalink": "/r/ThePPShow/comments/11erlnt/28_feb_regsho_ftd_si_reporting_dates_combined/", "pinned": false, "pwls": null, "quarantine": false, "removed_by": null, "removed_by_category": null, "retrieved_on": 1678309548, "score": 8, "secure_media": null, "secure_media_embed": {}, "selftext": "https://preview.redd.it/48w7g9e7g1la1.png?width=1004&amp;format=png&amp;auto=webp&amp;v=enabled&amp;s=60bad3c03385e89c84b507ab94df55d6d6b7b429\n\nUnderstood there are differences in opinion on when the +35 date is. Merged FINRA info with Stocksera FTD/RegSHO, listing RegSHO start date as of 1/10/23. Dates should be lined w/ trading days as best as possible. NFA.", "send_replies": true, "spoiler": false, "stickied": false, "subreddit": "ThePPShow", "subreddit_id": "t5_7q5o7y", "subreddit_name_prefixed": "r/ThePPShow", "subreddit_subscribers": 580, "subreddit_type": "public", "suggested_sort": null, "thumbnail": "https://b.thumbs.redditmedia.com/rSXJZgoscWGeTI2j8WJijVaiyTZceAYtOGsWEu3eWZM.jpg", "thumbnail_height": 132, "thumbnail_width": 140, "title": "28 Feb: RegSHO / FTD / SI Reporting Dates combined update.", "top_awarded_type": null, "total_awards_received": 0, "treatment_tags": [], "upvote_ratio": 1.0, "url": "https://www.reddit.com/r/ThePPShow/comments/11erlnt/28_feb_regsho_ftd_si_reporting_dates_combined/", "view_count": null, "whitelist_status": null, "wls": null}, {"all_awardings": [], "allow_live_comments": false, "archived": false, "author": "garveybjr", "author_created_utc": 1549683366, "author_flair_background_color": null, "author_flair_css_class": null, "author_flair_richtext": [], "author_flair_template_id": null, "author_flair_text": null, "author_flair_text_color": null, "author_flair_type": "text", "author_fullname": "t2_2vg0tzzc", "author_patreon_flair": false, "author_premium": false, "awarders": [], "banned_by": null, "can_gild": true, "can_mod_post": false, "category": null, "content_categories": null, "contest_mode": false, "created_utc": 1677636716, "discussion_type": null, "distinguished": null, "domain": "i.redd.it", "edited": false, "gilded": 0, "gildings": {}, "hidden": false, "hide_score": false, "id": "11erab8", "is_created_from_ads_ui": false, "is_crosspostable": true, "is_meta": false, "is_original_content": false, "is_reddit_media_domain": true, "is_robot_indexable": true, "is_self": false, "is_video": false, "link_flair_background_color": "", "link_flair_css_class": null, "link_flair_richtext": [], "link_flair_text": null, "link_flair_text_color": "dark", "link_flair_type": "text", "locked": false, "media": null, "media_embed": {}, "media_only": false, "name": "t3_11erab8", "no_follow": false, "num_comments": 1, "num_crossposts": 0, "over_18": false, "parent_whitelist_status": null, "permalink": "/r/ThePPShow/comments/11erab8/made_this_for_you_guys_after_today/", "pinned": false, "post_hint": "image", "preview": {"enabled": true, "images": [{"id": "Cu_loLLzjsrZV6i-hPyuETIlJntZKY38MCqwLBPM2Bk", "resolutions": [{"height": 81, "url": "https://preview.redd.it/93zg4zhqd1la1.png?width=108&amp;crop=smart&amp;auto=webp&amp;v=enabled&amp;s=363f9522639634342864599abfaf2c1775df009a", "width": 108}, {"height": 162, "url": "https://preview.redd.it/93zg4zhqd1la1.png?width=216&amp;crop=smart&amp;auto=webp&amp;v=enabled&amp;s=44866b50109689a2d122121224f443e1114ff76c", "width": 216}, {"height": 240, "url": "https://preview.redd.it/93zg4zhqd1la1.png?width=320&amp;crop=smart&amp;auto=webp&amp;v=enabled&amp;s=67e77c14661bd14c0d1208976e8658d2efff3b1f", "width": 320}, {"height": 480, "url": "https://preview.redd.it/93zg4zhqd1la1.png?width=640&amp;crop=smart&amp;auto=webp&amp;v=enabled&amp;s=d615a1ce2f5fb5269036143a82e69a86f1ffd546", "width": 640}], "source": {"height": 600, "url": "https://preview.redd.it/93zg4zhqd1la1.png?auto=webp&amp;v=enabled&amp;s=8e2187547017284d6628c517acce7cc3836b0949", "width": 800}, "variants": {}}]}, "pwls": null, "quarantine": false, "removed_by": null, "removed_by_category": null, "retrieved_on": 1678309560, "score": 14, "secure_media": null, "secure_media_embed": {}, "selftext": "", "send_replies": true, "spoiler": false, "stickied": false, "subreddit": "ThePPShow", "subreddit_id": "t5_7q5o7y", "subreddit_name_prefixed": "r/ThePPShow", "subreddit_subscribers": 580, "subreddit_type": "public", "suggested_sort": null, "thumbnail": "https://b.thumbs.redditmedia.com/dtgc04CRb2me0mq7k8wp9rkZvUN9Df2gM4An4b08npM.jpg", "thumbnail_height": 105, "thumbnail_width": 140, "title": "Made this for you guys after today", "top_awarded_type": null, "total_awards_received": 0, "treatment_tags": [], "upvote_ratio": 0.95, "url": "https://i.redd.it/93zg4zhqd1la1.png", "url_overridden_by_dest": "https://i.redd.it/93zg4zhqd1la1.png", "view_count": null, "whitelist_status": null, "wls": null}, {"all_awardings": [], "allow_live_comments": false, "archived": false, "author": "U-Copy", "author_created_utc": 1612164058, "author_flair_background_color": null, "author_flair_css_class": null, "author_flair_richtext": [], "author_flair_template_id": null, "author_flair_text": null, "author_flair_text_color": null, "author_flair_type": "text", "author_fullname": "t2_a0xbsu4d", "author_patreon_flair": false, "author_premium": false, "awarders": [], "banned_by": null, "can_gild": true, "can_mod_post": false, "category": null, "content_categories": null, "contest_mode": false, "created_utc": 1677632031, "discussion_type": null, "distinguished": null, "domain": "self.ThePPShow", "edited": 1677633195.0, "gilded": 0, "gildings": {}, "hidden": false, "hide_score": false, "id": "11epjb5", "is_created_from_ads_ui": false, "is_crosspostable": true, "is_meta": false, "is_original_content": false, "is_reddit_media_domain": false, "is_robot_indexable": true, "is_self": true, "is_video": false, "link_flair_background_color": "", "link_flair_css_class": null, "link_flair_richtext": [], "link_flair_text": null, "link_flair_text_color": "dark", "link_flair_type": "text", "locked": false, "media": null, "media_embed": {}, "media_metadata": {"7og26jfoy0la1": {"e": "Image", "id": "7og26jfoy0la1", "m": "image/jpg", "p": [{"u": "https://preview.redd.it/7og26jfoy0la1.jpg?width=108&amp;crop=smart&amp;auto=webp&amp;v=enabled&amp;s=f31435824b90cd47813c88a6243d823f22e61390", "x": 108, "y": 65}, {"u": "https://preview.redd.it/7og26jfoy0la1.jpg?width=216&amp;crop=smart&amp;auto=webp&amp;v=enabled&amp;s=71977e42cd20ed214d61a274ab2e9bd7cd5ff1c7", "x": 216, "y": 131}, {"u": "https://preview.redd.it/7og26jfoy0la1.jpg?width=320&amp;crop=smart&amp;auto=webp&amp;v=enabled&amp;s=924bd505a11337473c04999aaa56212866ea56fd", "x": 320, "y": 194}, {"u": "https://preview.redd.it/7og26jfoy0la1.jpg?width=640&amp;crop=smart&amp;auto=webp&amp;v=enabled&amp;s=cb76b90b7351c9a47dabdd9d5fe99bca9a387351", "x": 640, "y": 388}, {"u": "https://preview.redd.it/7og26jfoy0la1.jpg?width=960&amp;crop=smart&amp;auto=webp&amp;v=enabled&amp;s=0e5b2984f679dfc877a2c69e265f7a5990836354", "x": 960, "y": 583}, {"u": "https://preview.redd.it/7og26jfoy0la1.jpg?width=1080&amp;crop=smart&amp;auto=webp&amp;v=enabled&amp;s=528faf4c410df28b6c6e1249c2cea2faf66f56a2", "x": 1080, "y": 656}], "s": {"u": "https://preview.redd.it/7og26jfoy0la1.jpg?width=1475&amp;format=pjpg&amp;auto=webp&amp;v=enabled&amp;s=8cf0d6d7c6f902d19cf5ec407365ea8546edbe1d", "x": 1475, "y": 896}, "status": "valid"}, "c9xtffja31la1": {"e": "Image", "id": "c9xtffja31la1", "m": "image/jpg", "p": [{"u": "https://preview.redd.it/c9xtffja31la1.jpg?width=108&amp;crop=smart&amp;auto=webp&amp;v=enabled&amp;s=d62f142492f673227a0e1e96ce4da1ab9a135843", "x": 108, "y": 56}, {"u": "https://preview.redd.it/c9xtffja31la1.jpg?width=216&amp;crop=smart&amp;auto=webp&amp;v=enabled&amp;s=2b1b8c2f12a12570cf349cfef38a9f37f1154bd4", "x": 216, "y": 113}, {"u": "https://preview.redd.it/c9xtffja31la1.jpg?width=320&amp;crop=smart&amp;auto=webp&amp;v=enabled&amp;s=83357139d27dd09823a0a7370c2b21239bac0539", "x": 320, "y": 167}, {"u": "https://preview.redd.it/c9xtffja31la1.jpg?width=640&amp;crop=smart&amp;auto=webp&amp;v=enabled&amp;s=21d283f50742f62ea810b62ba938bc240d322ab3", "x": 640, "y": 335}, {"u": "https://preview.redd.it/c9xtffja31la1.jpg?width=960&amp;crop=smart&amp;auto=webp&amp;v=enabled&amp;s=70a3fd4a853b4409effe9959804710d6a54038eb", "x": 960, "y": 502}, {"u": "https://preview.redd.it/c9xtffja31la1.jpg?width=1080&amp;crop=smart&amp;auto=webp&amp;v=enabled&amp;s=f9c0e3aee420c30e97a3909f5e25d07f1a956eed", "x": 1080, "y": 565}], "s": {"u": "https://preview.redd.it/c9xtffja31la1.jpg?width=1705&amp;format=pjpg&amp;auto=webp&amp;v=enabled&amp;s=ce8530009a89700bf0b89360c8c295d90c3caaa4", "x": 1705, "y": 893}, "status": "valid"}, "imyb9qg531la1": {"e": "Image", "id": "imyb9qg531la1", "m": "image/jpg", "p": [{"u": "https://preview.redd.it/imyb9qg531la1.jpg?width=108&amp;crop=smart&amp;auto=webp&amp;v=enabled&amp;s=98d97562e4c69eacb091196566ee2b7aea0ab67b", "x": 108, "y": 128}, {"u": "https://preview.redd.it/imyb9qg531la1.jpg?width=216&amp;crop=smart&amp;auto=webp&amp;v=enabled&amp;s=167d8cf721334e6c22360289728dfd25739d6542", "x": 216, "y": 256}, {"u": "https://preview.redd.it/imyb9qg531la1.jpg?width=320&amp;crop=smart&amp;auto=webp&amp;v=enabled&amp;s=226ca10cd0ef7daeb5a473628f1509497ff9cdb8", "x": 320, "y": 379}, {"u": "https://preview.redd.it/imyb9qg531la1.jpg?width=640&amp;crop=smart&amp;auto=webp&amp;v=enabled&amp;s=3b12f6918ff61e4f9a6a148cb32706d35796b024", "x": 640, "y": 759}, {"u": "https://preview.redd.it/imyb9qg531la1.jpg?width=960&amp;crop=smart&amp;auto=webp&amp;v=enabled&amp;s=cc0b7fb516a2cd0ad4fc468cbfbb22e9bfdc5ea8", "x": 960, "y": 1139}, {"u": "https://preview.redd.it/imyb9qg531la1.jpg?width=1080&amp;crop=smart&amp;auto=webp&amp;v=enabled&amp;s=dc0de3e6757eb21e1a220bf4a27b557fc545e289", "x": 1080, "y": 1281}], "s": {"u": "https://preview.redd.it/imyb9qg531la1.jpg?width=1573&amp;format=pjpg&amp;auto=webp&amp;v=enabled&amp;s=19754a52523b936fd313821c9df054441ead8baa", "x": 1573, "y": 1867}, "status": "valid"}, "m0po44uuy0la1": {"e": "Image", "id": "m0po44uuy0la1", "m": "image/jpg", "p": [{"u": "https://preview.redd.it/m0po44uuy0la1.jpg?width=108&amp;crop=smart&amp;auto=webp&amp;v=enabled&amp;s=b8de21e8e63b79ca80887303d6d0271fef87b154", "x": 108, "y": 51}, {"u": "https://preview.redd.it/m0po44uuy0la1.jpg?width=216&amp;crop=smart&amp;auto=webp&amp;v=enabled&amp;s=020c5e0c62c9e854f4edbf0905c75220120685cc", "x": 216, "y": 103}, {"u": "https://preview.redd.it/m0po44uuy0la1.jpg?width=320&amp;crop=smart&amp;auto=webp&amp;v=enabled&amp;s=16dd5c92b697b32ad8dbb40fc4104aa3323e92b2", "x": 320, "y": 153}, {"u": "https://preview.redd.it/m0po44uuy0la1.jpg?width=640&amp;crop=smart&amp;auto=webp&amp;v=enabled&amp;s=8af33faa2383bc0a5c05aee33adff4a160eb35bc", "x": 640, "y": 307}, {"u": "https://preview.redd.it/m0po44uuy0la1.jpg?width=960&amp;crop=smart&amp;auto=webp&amp;v=enabled&amp;s=3768830bd7d869eed3b9f3b2132d0fb64a478917", "x": 960, "y": 461}, {"u": "https://preview.redd.it/m0po44uuy0la1.jpg?width=1080&amp;crop=smart&amp;auto=webp&amp;v=enabled&amp;s=e5fd5e3f4ffca04f9c9cc45661114092fa5af658", "x": 1080, "y": 519}], "s": {"u": "https://preview.redd.it/m0po44uuy0la1.jpg?width=1907&amp;format=pjpg&amp;auto=webp&amp;v=enabled&amp;s=f79f662b229651e3cdf65d7002dd8c6031bd4ba0", "x": 1907, "y": 917}, "status": "valid"}}, "media_only": false, "name": "t3_11epjb5", "no_follow": false, "num_comments": 6, "num_crossposts": 0, "over_18": false, "parent_whitelist_status": null, "permalink": "/r/ThePPShow/comments/11epjb5/t35_regsho_comparison_between_gme_vs_bbby_si_on/", "pinned": false, "pwls": null, "quarantine": false, "removed_by": null, "removed_by_category": null, "retrieved_on": 1678309635, "score": 25, "secure_media": null, "secure_media_embed": {}, "selftext": "In next PPshow, I will be sharing this REGSHO comparison between GME vs BBBY. Currently BBBY is T+32 and T+35 ends this Thursday. I was exepcting similar price movement like GME before but it does look like shorts are doubling down as if they are betting BBBY to zero.\n\nAs we understand, T+35 is forced short covering period and I would give T+2 settlement days and hoping to see explosive upside next Monday. Anyway I will walk you guys through tomorrow.\n\n[BBBY vs GME REGSHO comparison](https://preview.redd.it/7og26jfoy0la1.jpg?width=1475&amp;format=pjpg&amp;auto=webp&amp;v=enabled&amp;s=8cf0d6d7c6f902d19cf5ec407365ea8546edbe1d)\n\nHere is today's ORETEX information. SI% is now showing 63%, which is now almost as high as 2021 Jan. It's just ridiculous.\n\n[ORTEX](https://preview.redd.it/m0po44uuy0la1.jpg?width=1907&amp;format=pjpg&amp;auto=webp&amp;v=enabled&amp;s=f79f662b229651e3cdf65d7002dd8c6031bd4ba0)\n\nFinra SI, BBBY vs GME \n\nhttps://preview.redd.it/imyb9qg531la1.jpg?width=1573&amp;format=pjpg&amp;auto=webp&amp;v=enabled&amp;s=19754a52523b936fd313821c9df054441ead8baa\n\nNew FTDs \ud83d\udd25\n\nhttps://preview.redd.it/c9xtffja31la1.jpg?width=1705&amp;format=pjpg&amp;auto=webp&amp;v=enabled&amp;s=ce8530009a89700bf0b89360c8c295d90c3caaa4\n\n&amp;#x200B;", "send_replies": false, "spoiler": false, "stickied": false, "subreddit": "ThePPShow", "subreddit_id": "t5_7q5o7y", "subreddit_name_prefixed": "r/ThePPShow", "subreddit_subscribers": 580, "subreddit_type": "public", "suggested_sort": null, "thumbnail": "https://b.thumbs.redditmedia.com/1q8EWi0su2t_eVaDDz7nUXaoFqYq5_wq8ViSN0YZMKQ.jpg", "thumbnail_height": 85, "thumbnail_width": 140, "title": "T+35 REGSHO comparison between GME vs BBBY &amp; SI% on ORTEX", "top_awarded_type": null, "total_awards_received": 0, "treatment_tags": [], "upvote_ratio": 1.0, "url": "https://www.reddit.com/r/ThePPShow/comments/11epjb5/t35_regsho_comparison_between_gme_vs_bbby_si_on/", "view_count": null, "whitelist_status": null, "wls": null}], "metadata": {"op_a": 56, "op_b": 53, "total": 110}, "error": null}