{"data": [{"all_awardings": [], "allow_live_comments": false, "archived": false, "author": "MidnightNo5312", "author_created_utc": 1657683977, "author_flair_background_color": null, "author_flair_css_class": null, "author_flair_richtext": [], "author_flair_template_id": null, "author_flair_text": null, "author_flair_text_color": null, "author_flair_type": "text", "author_fullname": "t2_cnjk4gf3", "author_patreon_flair": false, "author_premium": false, "awarders": [], "banned_by": null, "can_gild": true, "can_mod_post": false, "category": null, "content_categories": null, "contest_mode": false, "created_utc": 1679954402, "discussion_type": null, "distinguished": null, "domain": "i.redd.it", "edited": false, "gilded": 0, "gildings": {}, "hidden": false, "hide_score": false, "id": "12426ua", "is_created_from_ads_ui": false, "is_crosspostable": true, "is_meta": false, "is_original_content": false, "is_reddit_media_domain": true, "is_robot_indexable": true, "is_self": false, "is_video": false, "link_flair_background_color": "", "link_flair_css_class": null, "link_flair_richtext": [], "link_flair_text": null, "link_flair_text_color": "dark", "link_flair_type": "text", "locked": false, "media": null, "media_embed": {}, "media_only": false, "name": "t3_12426ua", "no_follow": false, "num_comments": 3, "num_crossposts": 0, "over_18": false, "parent_whitelist_status": null, "permalink": "/r/ThePPShow/comments/12426ua/when_you_hear_the_perfect_storm_coming_wednesday/", "pinned": false, "post_hint": "image", "preview": {"enabled": true, "images": [{"id": "K7UPL3utJwQ_NrC5Fk1qKT0jAJW1ve2_dM25GZPUV1s", "resolutions": [{"height": 88, "url": "https://preview.redd.it/xk8sz1eyaeqa1.gif?width=108&amp;crop=smart&amp;format=png8&amp;v=enabled&amp;s=eead30837600b23d3ff608e20ae1a9abd6d9ed39", "width": 108}, {"height": 176, "url": "https://preview.redd.it/xk8sz1eyaeqa1.gif?width=216&amp;crop=smart&amp;format=png8&amp;v=enabled&amp;s=1bc29914051a0a9ace1508be6b62eec133d0315c", "width": 216}], "source": {"height": 200, "url": "https://preview.redd.it/xk8sz1eyaeqa1.gif?format=png8&amp;v=enabled&amp;s=15111172e0cb2455992a17b7bbfb69377d30120a", "width": 245}, "variants": {"gif": {"resolutions": [{"height": 88, "url": "https://preview.redd.it/xk8sz1eyaeqa1.gif?width=108&amp;crop=smart&amp;v=enabled&amp;s=d55a72ed9922f471c28a8b63f13076734b5be24e", "width": 108}, {"height": 176, "url": "https://preview.redd.it/xk8sz1eyaeqa1.gif?width=216&amp;crop=smart&amp;v=enabled&amp;s=262a7c22d7210b0e39f405ceb5bae8eb7057e16c", "width": 216}], "source": {"height": 200, "url": "https://preview.redd.it/xk8sz1eyaeqa1.gif?s=f26bc811476f9d3180f632ac26d054453989608a", "width": 245}}, "mp4": {"resolutions": [{"height": 88, "url": "https://preview.redd.it/xk8sz1eyaeqa1.gif?width=108&amp;format=mp4&amp;v=enabled&amp;s=10254c0e5a5cc67ba1e3d3bba8858b7d681ab0fe", "width": 108}, {"height": 176, "url": "https://preview.redd.it/xk8sz1eyaeqa1.gif?width=216&amp;format=mp4&amp;v=enabled&amp;s=b316fdd5591294735c3a860d2afb0764e41dec53", "width": 216}], "source": {"height": 200, "url": "https://preview.redd.it/xk8sz1eyaeqa1.gif?format=mp4&amp;v=enabled&amp;s=7948d2e64dd288b996d92296d15600834a883985", "width": 245}}}}]}, "pwls": null, "quarantine": false, "removed_by": null, "removed_by_category": null, "retrieved_on": 1680992017, "score": 13, "secure_media": null, "secure_media_embed": {}, "selftext": "", "send_replies": true, "spoiler": false, "stickied": false, "subreddit": "ThePPShow", "subreddit_id": "t5_7q5o7y", "subreddit_name_prefixed": "r/ThePPShow", "subreddit_subscribers": 1236, "subreddit_type": "public", "suggested_sort": null, "thumbnail": "https://b.thumbs.redditmedia.com/AURzZXjBiHWZ72C8ioTCBI6dFSQSfIYAt8VVchoVvXY.jpg", "thumbnail_height": 114, "thumbnail_width": 140, "title": "When you hear the perfect storm coming Wednesday!!!!!! Go BBBY!!", "top_awarded_type": null, "total_awards_received": 0, "treatment_tags": [], "upvote_ratio": 0.85, "url": "https://i.redd.it/xk8sz1eyaeqa1.gif", "url_overridden_by_dest": "https://i.redd.it/xk8sz1eyaeqa1.gif", "view_count": null, "whitelist_status": null, "wls": null}, {"all_awardings": [], "allow_live_comments": false, "archived": false, "author": "Rai95", "author_created_utc": 1469492309, "author_flair_background_color": null, "author_flair_css_class": null, "author_flair_richtext": [], "author_flair_template_id": null, "author_flair_text": null, "author_flair_text_color": null, "author_flair_type": "text", "author_fullname": "t2_zt5al", "author_patreon_flair": false, "author_premium": false, "awarders": [], "banned_by": null, "can_gild": true, "can_mod_post": false, "category": null, "content_categories": null, "contest_mode": false, "created_utc": 1679951960, "discussion_type": null, "distinguished": null, "domain": "i.redd.it", "edited": false, "gilded": 0, "gildings": {}, "hidden": false, "hide_score": false, "id": "1240vye", "is_created_from_ads_ui": false, "is_crosspostable": true, "is_meta": false, "is_original_content": false, "is_reddit_media_domain": true, "is_robot_indexable": true, "is_self": false, "is_video": false, "link_flair_background_color": "", "link_flair_css_class": null, "link_flair_richtext": [], "link_flair_text": null, "link_flair_text_color": "dark", "link_flair_type": "text", "locked": false, "media": null, "media_embed": {}, "media_only": false, "name": "t3_1240vye", "no_follow": false, "num_comments": 21, "num_crossposts": 0, "over_18": false, "parent_whitelist_status": null, "permalink": "/r/ThePPShow/comments/1240vye/_/", "pinned": false, "post_hint": "image", "preview": {"enabled": true, "images": [{"id": "_XjiDR2xJAG9c5pKcLSRBkVvGUegIb48kyMqhn9N5B0", "resolutions": [{"height": 216, "url": "https://preview.redd.it/sq11t7zo3eqa1.jpg?width=108&amp;crop=smart&amp;auto=webp&amp;v=enabled&amp;s=e7934f451e2f687c7387c81eab4cfdced49578b3", "width": 108}, {"height": 432, "url": "https://preview.redd.it/sq11t7zo3eqa1.jpg?width=216&amp;crop=smart&amp;auto=webp&amp;v=enabled&amp;s=da9a6965f0698a4d286f7ebc760e59944fe6d4dc", "width": 216}, {"height": 640, "url": "https://preview.redd.it/sq11t7zo3eqa1.jpg?width=320&amp;crop=smart&amp;auto=webp&amp;v=enabled&amp;s=4dfc1bec08dcfab967853c343ac324df1083b98c", "width": 320}, {"height": 1280, "url": "https://preview.redd.it/sq11t7zo3eqa1.jpg?width=640&amp;crop=smart&amp;auto=webp&amp;v=enabled&amp;s=85dc1995e41493fd38d05745c355c907ffd718b2", "width": 640}, {"height": 1920, "url": "https://preview.redd.it/sq11t7zo3eqa1.jpg?width=960&amp;crop=smart&amp;auto=webp&amp;v=enabled&amp;s=ce182f763c89f45a7ae32d1ede2d721f3bd4eed3", "width": 960}, {"height": 2160, "url": "https://preview.redd.it/sq11t7zo3eqa1.jpg?width=1080&amp;crop=smart&amp;auto=webp&amp;v=enabled&amp;s=aeccb4feea51f017640559aca9f7ab064efd8211", "width": 1080}], "source": {"height": 2532, "url": "https://preview.redd.it/sq11t7zo3eqa1.jpg?auto=webp&amp;v=enabled&amp;s=e1f9821b5aedc6bad4cf090756e3d4d2ca760f89", "width": 1170}, "variants": {}}]}, "pwls": null, "quarantine": false, "removed_by": null, "removed_by_category": null, "retrieved_on": 1680992062, "score": 43, "secure_media": null, "secure_media_embed": {}, "selftext": "", "send_replies": true, "spoiler": false, "stickied": false, "subreddit": "ThePPShow", "subreddit_id": "t5_7q5o7y", "subreddit_name_prefixed": "r/ThePPShow", "subreddit_subscribers": 1236, "subreddit_type": "public", "suggested_sort": null, "thumbnail": "https://b.thumbs.redditmedia.com/pPHQ02MqvaEYlIRBNfCqA0aRS84zuhoklJoE7NFHcpc.jpg", "thumbnail_height": 140, "thumbnail_width": 140, "title": "\ud83e\udd14", "top_awarded_type": null, "total_awards_received": 0, "treatment_tags": [], "upvote_ratio": 0.92, "url": "https://i.redd.it/sq11t7zo3eqa1.jpg", "url_overridden_by_dest": "https://i.redd.it/sq11t7zo3eqa1.jpg", "view_count": null, "whitelist_status": null, "wls": null}, {"all_awardings": [], "allow_live_comments": false, "archived": false, "author": "U-Copy", "author_created_utc": 1612164058, "author_flair_background_color": null, "author_flair_css_class": null, "author_flair_richtext": [], "author_flair_template_id": null, "author_flair_text": null, "author_flair_text_color": null, "author_flair_type": "text", "author_fullname": "t2_a0xbsu4d", "author_patreon_flair": false, "author_premium": true, "awarders": [], "banned_by": null, "can_gild": true, "can_mod_post": false, "category": null, "content_categories": null, "contest_mode": false, "created_utc": 1679945152, "discussion_type": null, "distinguished": null, "domain": "self.ThePPShow", "edited": false, "gilded": 0, "gildings": {}, "hidden": false, "hide_score": false, "id": "123xgs4", "is_created_from_ads_ui": false, "is_crosspostable": true, "is_meta": false, "is_original_content": false, "is_reddit_media_domain": false, "is_robot_indexable": true, "is_self": true, "is_video": false, "link_flair_background_color": "", "link_flair_css_class": null, "link_flair_richtext": [], "link_flair_text": null, "link_flair_text_color": "dark", "link_flair_type": "text", "locked": false, "media": null, "media_embed": {}, "media_metadata": {"03m0hv8x1cqa1": {"e": "Image", "id": "03m0hv8x1cqa1", "m": "image/jpg", "p": [{"u": "https://preview.redd.it/03m0hv8x1cqa1.jpg?width=108&amp;crop=smart&amp;auto=webp&amp;v=enabled&amp;s=b083b5f6e8d9ae5e1e6075d42aae59d64a95f884", "x": 108, "y": 108}, {"u": "https://preview.redd.it/03m0hv8x1cqa1.jpg?width=216&amp;crop=smart&amp;auto=webp&amp;v=enabled&amp;s=73f14563b4432ab29f1877978e42bfaf8a4c07fe", "x": 216, "y": 216}, {"u": "https://preview.redd.it/03m0hv8x1cqa1.jpg?width=320&amp;crop=smart&amp;auto=webp&amp;v=enabled&amp;s=ce457e7d204693a9062e0c2e3761e2de61c7bf87", "x": 320, "y": 320}], "s": {"u": "https://preview.redd.it/03m0hv8x1cqa1.jpg?width=400&amp;format=pjpg&amp;auto=webp&amp;v=enabled&amp;s=63dd112f4ae4c40a32685197c0cfe9868f8ae05a", "x": 400, "y": 400}, "status": "valid"}, "1hmwbzet1cqa1": {"e": "Image", "id": "1hmwbzet1cqa1", "m": "image/jpg", "p": [{"u": "https://preview.redd.it/1hmwbzet1cqa1.jpg?width=108&amp;crop=smart&amp;auto=webp&amp;v=enabled&amp;s=ee3b0d363be1af90aca227e57764867564b891c6", "x": 108, "y": 96}, {"u": "https://preview.redd.it/1hmwbzet1cqa1.jpg?width=216&amp;crop=smart&amp;auto=webp&amp;v=enabled&amp;s=bbed9099c9648cf3c9f18875e15976cef6443118", "x": 216, "y": 192}, {"u": "https://preview.redd.it/1hmwbzet1cqa1.jpg?width=320&amp;crop=smart&amp;auto=webp&amp;v=enabled&amp;s=3632a79b58c26ec779bd347a0b0420baee9db6c4", "x": 320, "y": 285}, {"u": "https://preview.redd.it/1hmwbzet1cqa1.jpg?width=640&amp;crop=smart&amp;auto=webp&amp;v=enabled&amp;s=15479a013b65c54714911c5d148957fcf0b9893b", "x": 640, "y": 571}], "s": {"u": "https://preview.redd.it/1hmwbzet1cqa1.jpg?width=691&amp;format=pjpg&amp;auto=webp&amp;v=enabled&amp;s=955e37be3678d8b8920d25a67eba1e610b62053b", "x": 691, "y": 617}, "status": "valid"}, "4x5l8kuv1cqa1": {"e": "Image", "id": "4x5l8kuv1cqa1", "m": "image/jpg", "p": [{"u": "https://preview.redd.it/4x5l8kuv1cqa1.jpg?width=108&amp;crop=smart&amp;auto=webp&amp;v=enabled&amp;s=bc1c4c2d2637a7d38e4020344f8d8d89bd3cd1ba", "x": 108, "y": 96}, {"u": "https://preview.redd.it/4x5l8kuv1cqa1.jpg?width=216&amp;crop=smart&amp;auto=webp&amp;v=enabled&amp;s=2cfa9f2e27b051cf63e35af4cb69ee9501118699", "x": 216, "y": 193}, {"u": "https://preview.redd.it/4x5l8kuv1cqa1.jpg?width=320&amp;crop=smart&amp;auto=webp&amp;v=enabled&amp;s=1c16654f97d22685ca489a007de177add8c3bd5f", "x": 320, "y": 286}, {"u": "https://preview.redd.it/4x5l8kuv1cqa1.jpg?width=640&amp;crop=smart&amp;auto=webp&amp;v=enabled&amp;s=b686ee89b3139ac4778f2da621358707e531b7df", "x": 640, "y": 572}, {"u": "https://preview.redd.it/4x5l8kuv1cqa1.jpg?width=960&amp;crop=smart&amp;auto=webp&amp;v=enabled&amp;s=882311de00f731310f767ff985670790e29bf05f", "x": 960, "y": 858}, {"u": "https://preview.redd.it/4x5l8kuv1cqa1.jpg?width=1080&amp;crop=smart&amp;auto=webp&amp;v=enabled&amp;s=b449645eec88096e9c70cdf3094087a36fa9e99a", "x": 1080, "y": 965}], "s": {"u": "https://preview.redd.it/4x5l8kuv1cqa1.jpg?width=1253&amp;format=pjpg&amp;auto=webp&amp;v=enabled&amp;s=648b671ed1d686b55086c706bc932d7a0198b3e1", "x": 1253, "y": 1120}, "status": "valid"}, "p2ipilou1cqa1": {"e": "Image", "id": "p2ipilou1cqa1", "m": "image/png", "p": [{"u": "https://preview.redd.it/p2ipilou1cqa1.png?width=108&amp;crop=smart&amp;auto=webp&amp;v=enabled&amp;s=c91c927b6bc2bd4eb7b931d9be4f3d03bf5797a0", "x": 108, "y": 31}, {"u": "https://preview.redd.it/p2ipilou1cqa1.png?width=216&amp;crop=smart&amp;auto=webp&amp;v=enabled&amp;s=58c26e95e27e205658e4b4f854fa8c695d30062f", "x": 216, "y": 62}, {"u": "https://preview.redd.it/p2ipilou1cqa1.png?width=320&amp;crop=smart&amp;auto=webp&amp;v=enabled&amp;s=8daa0cfb37ea09f6bfd1d8e1409598cb0b7250e0", "x": 320, "y": 92}, {"u": "https://preview.redd.it/p2ipilou1cqa1.png?width=640&amp;crop=smart&amp;auto=webp&amp;v=enabled&amp;s=b980d6e7f89dc36c475bca3cb3e8871d8d190f5f", "x": 640, "y": 184}], "s": {"u": "https://preview.redd.it/p2ipilou1cqa1.png?width=696&amp;format=png&amp;auto=webp&amp;v=enabled&amp;s=b42c5f943a1aa960ad7b1ba162ba2da8a336a891", "x": 696, "y": 201}, "status": "valid"}}, "media_only": false, "name": "t3_123xgs4", "no_follow": false, "num_comments": 17, "num_crossposts": 0, "over_18": false, "parent_whitelist_status": null, "permalink": "/r/ThePPShow/comments/123xgs4/gme_10k_should_drop_by_this_wedesday/", "pinned": false, "pwls": null, "quarantine": false, "removed_by": null, "removed_by_category": null, "retrieved_on": 1680992191, "score": 46, "secure_media": null, "secure_media_embed": {}, "selftext": "People wonder wen 10-k, wen 10-k? Based on the filing, 10-K should come out 60 days Fiscal year End, which is March 29, Wednesday and if they want to delay the filing, there is 15 days extension with NT 10-K filing which could line in within next BBBY earning date.\n\nhttps://preview.redd.it/1hmwbzet1cqa1.jpg?width=691&amp;format=pjpg&amp;auto=webp&amp;v=enabled&amp;s=955e37be3678d8b8920d25a67eba1e610b62053b\n\nhttps://preview.redd.it/p2ipilou1cqa1.png?width=696&amp;format=png&amp;auto=webp&amp;v=enabled&amp;s=b42c5f943a1aa960ad7b1ba162ba2da8a336a891\n\nAlso, current chart is forming the pennant formation towards Wenesday.\n\nhttps://preview.redd.it/4x5l8kuv1cqa1.jpg?width=1253&amp;format=pjpg&amp;auto=webp&amp;v=enabled&amp;s=648b671ed1d686b55086c706bc932d7a0198b3e1\n\nLet them fuk around and find out!\n\nhttps://preview.redd.it/03m0hv8x1cqa1.jpg?width=400&amp;format=pjpg&amp;auto=webp&amp;v=enabled&amp;s=63dd112f4ae4c40a32685197c0cfe9868f8ae05a", "send_replies": false, "spoiler": false, "stickied": false, "subreddit": "ThePPShow", "subreddit_id": "t5_7q5o7y", "subreddit_name_prefixed": "r/ThePPShow", "subreddit_subscribers": 1236, "subreddit_type": "public", "suggested_sort": null, "thumbnail": "https://b.thumbs.redditmedia.com/AZNSU2rQ96ujIremxvabA7tRBV4WicNEdzOkEaYa1sM.jpg", "thumbnail_height": 125, "thumbnail_width": 140, "title": "GME 10-K should drop by this Wedesday", "top_awarded_type": null, "total_awards_received": 0, "treatment_tags": [], "upvote_ratio": 0.96, "url": "https://www.reddit.com/r/ThePPShow/comments/123xgs4/gme_10k_should_drop_by_this_wedesday/", "view_count": null, "whitelist_status": null, "wls": null}, {"all_awardings": [], "allow_live_comments": false, "archived": false, "author": "Ewbinator_21", "author_created_utc": 1477410919, "author_flair_background_color": null, "author_flair_css_class": null, "author_flair_richtext": [], "author_flair_template_id": null, "author_flair_text": null, "author_flair_text_color": null, "author_flair_type": "text", "author_fullname": "t2_12dgb5", "author_patreon_flair": false, "author_premium": false, "awarders": [], "banned_by": null, "can_gild": true, "can_mod_post": false, "category": null, "content_categories": null, "contest_mode": false, "created_utc": 1679927594, "discussion_type": null, "distinguished": null, "domain": "self.ThePPShow", "edited": false, "gilded": 0, "gildings": {}, "hidden": false, "hide_score": false, "id": "123omon", "is_created_from_ads_ui": false, "is_crosspostable": true, "is_meta": false, "is_original_content": false, "is_reddit_media_domain": false, "is_robot_indexable": true, "is_self": true, "is_video": false, "link_flair_background_color": "", "link_flair_css_class": null, "link_flair_richtext": [], "link_flair_text": null, "link_flair_text_color": "dark", "link_flair_type": "text", "locked": false, "media": null, "media_embed": {}, "media_metadata": {"et1jznnhlaqa1": {"e": "Image", "id": "et1jznnhlaqa1", "m": "image/jpg", "p": [{"u": "https://preview.redd.it/et1jznnhlaqa1.jpg?width=108&amp;crop=smart&amp;auto=webp&amp;v=enabled&amp;s=d28f8af3c3ab0e5eb85d403426fb1e93e51b7d6f", "x": 108, "y": 28}, {"u": "https://preview.redd.it/et1jznnhlaqa1.jpg?width=216&amp;crop=smart&amp;auto=webp&amp;v=enabled&amp;s=8bb8812724e3a423c63f389680c9725aed2178f0", "x": 216, "y": 57}, {"u": "https://preview.redd.it/et1jznnhlaqa1.jpg?width=320&amp;crop=smart&amp;auto=webp&amp;v=enabled&amp;s=a1554b7e1b87a48d590d179772935c28c84d70ec", "x": 320, "y": 84}], "s": {"u": "https://preview.redd.it/et1jznnhlaqa1.jpg?width=552&amp;format=pjpg&amp;auto=webp&amp;v=enabled&amp;s=b56eecd78e7fbaab4816017cb0bf13ee3b30e691", "x": 552, "y": 146}, "status": "valid"}}, "media_only": false, "name": "t3_123omon", "no_follow": false, "num_comments": 19, "num_crossposts": 0, "over_18": false, "parent_whitelist_status": null, "permalink": "/r/ThePPShow/comments/123omon/rbbby_share_count_verification/", "pinned": false, "pwls": null, "quarantine": false, "removed_by": null, "removed_by_category": null, "retrieved_on": 1680992515, "score": 10, "secure_media": null, "secure_media_embed": {}, "selftext": "BBBY shareholder since 8/10/22  \n\nhttps://preview.redd.it/et1jznnhlaqa1.jpg?width=552&amp;format=pjpg&amp;auto=webp&amp;v=enabled&amp;s=b56eecd78e7fbaab4816017cb0bf13ee3b30e691", "send_replies": true, "spoiler": false, "stickied": false, "subreddit": "ThePPShow", "subreddit_id": "t5_7q5o7y", "subreddit_name_prefixed": "r/ThePPShow", "subreddit_subscribers": 1236, "subreddit_type": "public", "suggested_sort": null, "thumbnail": "https://b.thumbs.redditmedia.com/CEWOiUzNvt5zfOBDdMn6TeeSmwqjimh27pjAFyPNhGk.jpg", "thumbnail_height": 37, "thumbnail_width": 140, "title": "r/BBBY share count Verification", "top_awarded_type": null, "total_awards_received": 0, "treatment_tags": [], "upvote_ratio": 0.92, "url": "https://www.reddit.com/r/ThePPShow/comments/123omon/rbbby_share_count_verification/", "view_count": null, "whitelist_status": null, "wls": null}, {"all_awardings": [], "allow_live_comments": false, "archived": false, "author": "f1als1", "author_created_utc": 1615936577, "author_flair_background_color": null, "author_flair_css_class": null, "author_flair_richtext": [], "author_flair_template_id": null, "author_flair_text": null, "author_flair_text_color": null, "author_flair_type": "text", "author_fullname": "t2_aye9l0v5", "author_patreon_flair": false, "author_premium": false, "awarders": [], "banned_by": null, "can_gild": true, "can_mod_post": false, "category": null, "content_categories": null, "contest_mode": false, "created_utc": 1679926341, "discussion_type": null, "distinguished": null, "domain": "i.redd.it", "edited": false, "gilded": 0, "gildings": {}, "hidden": false, "hide_score": false, "id": "123o1vd", "is_created_from_ads_ui": false, "is_crosspostable": true, "is_meta": false, "is_original_content": false, "is_reddit_media_domain": true, "is_robot_indexable": true, "is_self": false, "is_video": false, "link_flair_background_color": "", "link_flair_css_class": null, "link_flair_richtext": [], "link_flair_text": null, "link_flair_text_color": "dark", "link_flair_type": "text", "locked": false, "media": null, "media_embed": {}, "media_only": false, "name": "t3_123o1vd", "no_follow": false, "num_comments": 14, "num_crossposts": 0, "over_18": false, "parent_whitelist_status": null, "permalink": "/r/ThePPShow/comments/123o1vd/bought_the_dip/", "pinned": false, "post_hint": "image", "preview": {"enabled": true, "images": [{"id": "4ksgzHoPJshpAInaSj5j-N2c9MbSxn6gAvVktnlK4Xs", "resolutions": [{"height": 216, "url": "https://preview.redd.it/dpylsxiizbqa1.png?width=108&amp;crop=smart&amp;auto=webp&amp;v=enabled&amp;s=a374007670702ec517770a4d9fc8e3a6e7a8bcac", "width": 108}, {"height": 432, "url": "https://preview.redd.it/dpylsxiizbqa1.png?width=216&amp;crop=smart&amp;auto=webp&amp;v=enabled&amp;s=4d5a30b3f9a4ac91a3c5d9ac90d8dae28567ae60", "width": 216}, {"height": 640, "url": "https://preview.redd.it/dpylsxiizbqa1.png?width=320&amp;crop=smart&amp;auto=webp&amp;v=enabled&amp;s=6ca4e1304606e16f71dd58271531a2b88a59b281", "width": 320}, {"height": 1280, "url": "https://preview.redd.it/dpylsxiizbqa1.png?width=640&amp;crop=smart&amp;auto=webp&amp;v=enabled&amp;s=2958826d73c56c2b864bb5ff5b72b9aa2008199d", "width": 640}, {"height": 1920, "url": "https://preview.redd.it/dpylsxiizbqa1.png?width=960&amp;crop=smart&amp;auto=webp&amp;v=enabled&amp;s=5480c46469432b546676ee26623838630b374f90", "width": 960}, {"height": 2160, "url": "https://preview.redd.it/dpylsxiizbqa1.png?width=1080&amp;crop=smart&amp;auto=webp&amp;v=enabled&amp;s=adbe76d4817e4683f7f97a1cee992e03fc0e5ec3", "width": 1080}], "source": {"height": 2460, "url": "https://preview.redd.it/dpylsxiizbqa1.png?auto=webp&amp;v=enabled&amp;s=d734794fd4b52ca454c207acaa107fa5689e051c", "width": 1080}, "variants": {}}]}, "pwls": null, "quarantine": false, "removed_by": null, "removed_by_category": null, "retrieved_on": 1680992536, "score": 35, "secure_media": null, "secure_media_embed": {}, "selftext": "Tried to post on BBBY,  got removed. I guess they upped the post karma. Bought 5k @ .80 and order pending for 5k shares @ .78 $$$", "send_replies": true, "spoiler": false, "stickied": false, "subreddit": "ThePPShow", "subreddit_id": "t5_7q5o7y", "subreddit_name_prefixed": "r/ThePPShow", "subreddit_subscribers": 1236, "subreddit_type": "public", "suggested_sort": null, "thumbnail": "https://b.thumbs.redditmedia.com/rZgvlovlCcTkXxPoyM0M7KbKROGahYbUHT9UFQYYmvE.jpg", "thumbnail_height": 140, "thumbnail_width": 140, "title": "Bought the dip!!!", "top_awarded_type": null, "total_awards_received": 0, "treatment_tags": [], "upvote_ratio": 0.93, "url": "https://i.redd.it/dpylsxiizbqa1.png", "url_overridden_by_dest": "https://i.redd.it/dpylsxiizbqa1.png", "view_count": null, "whitelist_status": null, "wls": null}, {"all_awardings": [], "allow_live_comments": false, "archived": false, "author": "[deleted]", "author_created_utc": null, "author_flair_background_color": "", "author_flair_css_class": null, "author_flair_template_id": null, "author_flair_text": null, "author_flair_text_color": "dark", "awarders": [], "banned_by": null, "can_gild": false, "can_mod_post": false, "category": null, "content_categories": null, "contest_mode": false, "created_utc": 1679915279, "crosspost_parent": "t3_123ig3j", "crosspost_parent_list": [{"all_awardings": [], "allow_live_comments": true, "approved_at_utc": null, "approved_by": null, "archived": false, "author": "Sherlock0502", "author_flair_background_color": null, "author_flair_css_class": null, "author_flair_richtext": [], "author_flair_template_id": null, "author_flair_text": null, "author_flair_text_color": null, "author_flair_type": "text", "author_fullname": "t2_vnmdq4dk", "author_is_blocked": false, "author_patreon_flair": false, "author_premium": false, "awarders": [], "banned_at_utc": null, "banned_by": null, "can_gild": true, "can_mod_post": false, "category": null, "clicked": false, "content_categories": null, "contest_mode": false, "created": 1679912051.0, "created_utc": 1679912051.0, "discussion_type": null, "distinguished": null, "domain": "sec.gov", "downs": 0, "edited": false, "gilded": 0, "gildings": {}, "hidden": false, "hide_score": false, "id": "123ig3j", "is_created_from_ads_ui": false, "is_crosspostable": true, "is_meta": false, "is_original_content": false, "is_reddit_media_domain": false, "is_robot_indexable": true, "is_self": false, "is_video": false, "likes": null, "link_flair_background_color": "#ff4500", "link_flair_css_class": "", "link_flair_richtext": [], "link_flair_template_id": "b2905146-fd4d-11ec-86b9-be1f6d3e2250", "link_flair_text": "\ud83d\udea8 Debunked", "link_flair_text_color": "dark", "link_flair_type": "text", "locked": false, "media": null, "media_embed": {}, "media_only": false, "mod_note": null, "mod_reason_by": null, "mod_reason_title": null, "mod_reports": [], "name": "t3_123ig3j", "no_follow": false, "num_comments": 68, "num_crossposts": 2, "num_reports": null, "over_18": false, "parent_whitelist_status": null, "permalink": "/r/BBBY/comments/123ig3j/have_we_seen_that_yet_if_so_i_will_delete_it/", "pinned": false, "pwls": null, "quarantine": false, "removal_reason": null, "removed_by": null, "removed_by_category": null, "report_reasons": null, "saved": false, "score": 41, "secure_media": null, "secure_media_embed": {}, "selftext": "", "selftext_html": null, "send_replies": true, "spoiler": false, "stickied": false, "subreddit": "BBBY", "subreddit_id": "t5_3q5hel", "subreddit_name_prefixed": "r/BBBY", "subreddit_subscribers": 61070, "subreddit_type": "public", "suggested_sort": null, "thumbnail": "default", "thumbnail_height": null, "thumbnail_width": null, "title": "Have we seen that yet? If so i will delete it\u2026", "top_awarded_type": null, "total_awards_received": 0, "treatment_tags": [], "ups": 41, "upvote_ratio": 0.6, "url": "https://www.sec.gov/Archives/edgar/data/1871549/000187154922000001/xslFormDX01/primary_doc.xml", "url_overridden_by_dest": "https://www.sec.gov/Archives/edgar/data/1871549/000187154922000001/xslFormDX01/primary_doc.xml", "user_reports": [], "view_count": null, "visited": false, "whitelist_status": null, "wls": null}], "discussion_type": null, "distinguished": null, "domain": "", "edited": false, "gilded": 0, "gildings": {}, "hidden": false, "hide_score": false, "id": "123jmb7", "is_created_from_ads_ui": false, "is_crosspostable": false, "is_meta": false, "is_original_content": false, "is_reddit_media_domain": false, "is_robot_indexable": false, "is_self": false, "is_video": false, "link_flair_background_color": "", "link_flair_css_class": null, "link_flair_richtext": [], "link_flair_text": null, "link_flair_text_color": "dark", "link_flair_type": "text", "locked": false, "media": null, "media_embed": {}, "media_only": false, "name": "t3_123jmb7", "no_follow": true, "num_comments": 4, "num_crossposts": 0, "over_18": false, "parent_whitelist_status": null, "permalink": "/r/ThePPShow/comments/123jmb7/have_we_seen_that_yet_if_so_i_will_delete_it/", "pinned": false, "pwls": null, "quarantine": false, "removed_by": null, "removed_by_category": "deleted", "retrieved_on": 1680992711, "score": 1, "secure_media": null, "secure_media_embed": {}, "selftext": "[deleted]", "send_replies": true, "spoiler": false, "stickied": false, "subreddit": "ThePPShow", "subreddit_id": "t5_7q5o7y", "subreddit_name_prefixed": "r/ThePPShow", "subreddit_subscribers": 1236, "subreddit_type": "public", "suggested_sort": null, "thumbnail": "default", "thumbnail_height": null, "thumbnail_width": null, "title": "Have we seen that yet? If so i will delete it\u2026", "top_awarded_type": null, "total_awards_received": 0, "treatment_tags": [], "upvote_ratio": 1.0, "url": "", "url_overridden_by_dest": "", "view_count": null, "whitelist_status": null, "wls": null}, {"all_awardings": [], "allow_live_comments": false, "archived": false, "author": "Hw4cashPro", "author_created_utc": 1662133772, "author_flair_background_color": null, "author_flair_css_class": null, "author_flair_richtext": [], "author_flair_template_id": null, "author_flair_text": null, "author_flair_text_color": null, "author_flair_type": "text", "author_fullname": "t2_9ayzf11t", "author_patreon_flair": false, "author_premium": false, "awarders": [], "banned_by": null, "can_gild": true, "can_mod_post": false, "category": null, "content_categories": null, "contest_mode": false, "created_utc": 1679896680, "discussion_type": null, "distinguished": null, "domain": "i.redd.it", "edited": false, "gilded": 0, "gildings": {}, "hidden": false, "hide_score": false, "id": "123d7e9", "is_created_from_ads_ui": false, "is_crosspostable": true, "is_meta": false, "is_original_content": false, "is_reddit_media_domain": true, "is_robot_indexable": true, "is_self": false, "is_video": false, "link_flair_background_color": "", "link_flair_css_class": null, "link_flair_richtext": [], "link_flair_text": null, "link_flair_text_color": "dark", "link_flair_type": "text", "locked": false, "media": null, "media_embed": {}, "media_only": false, "name": "t3_123d7e9", "no_follow": false, "num_comments": 10, "num_crossposts": 0, "over_18": false, "parent_whitelist_status": null, "permalink": "/r/ThePPShow/comments/123d7e9/shills_are_discouraging_calls_to_prevent_the/", "pinned": false, "post_hint": "image", "preview": {"enabled": true, "images": [{"id": "wYYoiuJmzmC3HtqcFAkRli5a7qGYjOskDCbjDxldzq8", "resolutions": [{"height": 58, "url": "https://preview.redd.it/m8qlf0ibj9qa1.jpg?width=108&amp;crop=smart&amp;auto=webp&amp;v=enabled&amp;s=affea8c87c93791ac84a6d1c2e2820cec2dda6da", "width": 108}, {"height": 117, "url": "https://preview.redd.it/m8qlf0ibj9qa1.jpg?width=216&amp;crop=smart&amp;auto=webp&amp;v=enabled&amp;s=c130aae63306c2d1e081e1a76d2bc0e8351caa52", "width": 216}, {"height": 173, "url": "https://preview.redd.it/m8qlf0ibj9qa1.jpg?width=320&amp;crop=smart&amp;auto=webp&amp;v=enabled&amp;s=49d94c8c842ac8fa6035b2244c7a74233ae2c7d0", "width": 320}, {"height": 346, "url": "https://preview.redd.it/m8qlf0ibj9qa1.jpg?width=640&amp;crop=smart&amp;auto=webp&amp;v=enabled&amp;s=057aeddfe30d4990bf2ddd6a48e396f9c6e3c2a6", "width": 640}, {"height": 520, "url": "https://preview.redd.it/m8qlf0ibj9qa1.jpg?width=960&amp;crop=smart&amp;auto=webp&amp;v=enabled&amp;s=8a7087c8b1ddcd6d1a7536911a9c9b2fd0069064", "width": 960}, {"height": 585, "url": "https://preview.redd.it/m8qlf0ibj9qa1.jpg?width=1080&amp;crop=smart&amp;auto=webp&amp;v=enabled&amp;s=b64b37a2aee948927398c1c1880a37e7e3f1e240", "width": 1080}], "source": {"height": 798, "url": "https://preview.redd.it/m8qlf0ibj9qa1.jpg?auto=webp&amp;v=enabled&amp;s=8f6fb821985fa889ccbf5e26dd26cc5f8f43204d", "width": 1472}, "variants": {}}]}, "pwls": null, "quarantine": false, "removed_by": null, "removed_by_category": null, "retrieved_on": 1680992942, "score": 24, "secure_media": null, "secure_media_embed": {}, "selftext": "", "send_replies": true, "spoiler": false, "stickied": false, "subreddit": "ThePPShow", "subreddit_id": "t5_7q5o7y", "subreddit_name_prefixed": "r/ThePPShow", "subreddit_subscribers": 1236, "subreddit_type": "public", "suggested_sort": null, "thumbnail": "https://b.thumbs.redditmedia.com/ofnDtyKb7GVnhS66ji265bqoHb0IO-nfY829stpXHhQ.jpg", "thumbnail_height": 75, "thumbnail_width": 140, "title": "Shills are discouraging calls to prevent the Gamma ramp. That or they\u2019re gonna squeeze this when the least people own call contracts. That\u2019s why you\u2019re seeing the Fud about options.", "top_awarded_type": null, "total_awards_received": 0, "treatment_tags": [], "upvote_ratio": 0.9, "url": "https://i.redd.it/m8qlf0ibj9qa1.jpg", "url_overridden_by_dest": "https://i.redd.it/m8qlf0ibj9qa1.jpg", "view_count": null, "whitelist_status": null, "wls": null}, {"all_awardings": [], "allow_live_comments": false, "archived": false, "author": "Life_Relationship_77", "author_created_utc": 1611904496, "author_flair_background_color": null, "author_flair_css_class": null, "author_flair_richtext": [], "author_flair_template_id": null, "author_flair_text": null, "author_flair_text_color": null, "author_flair_type": "text", "author_fullname": "t2_4d87olhk", "author_patreon_flair": false, "author_premium": false, "awarders": [], "banned_by": null, "can_gild": true, "can_mod_post": false, "category": null, "content_categories": null, "contest_mode": false, "created_utc": 1679894905, "crosspost_parent": "t3_123cfhj", "crosspost_parent_list": [{"all_awardings": [], "allow_live_comments": true, "approved_at_utc": null, "approved_by": null, "archived": false, "author": "Life_Relationship_77", "author_flair_background_color": null, "author_flair_css_class": null, "author_flair_richtext": [], "author_flair_template_id": null, "author_flair_text": null, "author_flair_text_color": null, "author_flair_type": "text", "author_fullname": "t2_4d87olhk", "author_is_blocked": false, "author_patreon_flair": false, "author_premium": false, "awarders": [], "banned_at_utc": null, "banned_by": null, "can_gild": true, "can_mod_post": false, "category": null, "clicked": false, "content_categories": null, "contest_mode": false, "created": 1679894373.0, "created_utc": 1679894373.0, "discussion_type": null, "distinguished": null, "domain": "self.BBBY", "downs": 0, "edited": false, "gilded": 0, "gildings": {}, "hidden": false, "hide_score": false, "id": "123cfhj", "is_created_from_ads_ui": false, "is_crosspostable": true, "is_meta": false, "is_original_content": false, "is_reddit_media_domain": false, "is_robot_indexable": true, "is_self": true, "is_video": false, "likes": null, "link_flair_background_color": "#ddbd37", "link_flair_css_class": "", "link_flair_richtext": [], "link_flair_template_id": "871e64ea-d20e-11ec-83b0-2647ce9addd9", "link_flair_text": "\ud83d\udcc8 TA / Charts", "link_flair_text_color": "dark", "link_flair_type": "text", "locked": false, "media": null, "media_embed": {}, "media_metadata": {"3jqrpuw097qa1": {"e": "Image", "id": "3jqrpuw097qa1", "m": "image/png", "p": [{"u": "https://preview.redd.it/3jqrpuw097qa1.png?width=108&amp;crop=smart&amp;auto=webp&amp;v=enabled&amp;s=100836c99654e47db8b28b841938263dc9bfcafc", "x": 108, "y": 60}, {"u": "https://preview.redd.it/3jqrpuw097qa1.png?width=216&amp;crop=smart&amp;auto=webp&amp;v=enabled&amp;s=1e66d99c54260186cf543c7074fa4fd5b6429194", "x": 216, "y": 121}, {"u": "https://preview.redd.it/3jqrpuw097qa1.png?width=320&amp;crop=smart&amp;auto=webp&amp;v=enabled&amp;s=12d9c98c6863c40359eb7ad987b535c58599e3bd", "x": 320, "y": 180}, {"u": "https://preview.redd.it/3jqrpuw097qa1.png?width=640&amp;crop=smart&amp;auto=webp&amp;v=enabled&amp;s=9bb8a2b832a5179ab6dcbfe5c34b0ee1dba997ce", "x": 640, "y": 360}, {"u": "https://preview.redd.it/3jqrpuw097qa1.png?width=960&amp;crop=smart&amp;auto=webp&amp;v=enabled&amp;s=84142785c638bdb68bd226849f5fe06930ab29ca", "x": 960, "y": 540}, {"u": "https://preview.redd.it/3jqrpuw097qa1.png?width=1080&amp;crop=smart&amp;auto=webp&amp;v=enabled&amp;s=b0da6244d52d2137c3141fd30846f14800eb3be7", "x": 1080, "y": 607}], "s": {"u": "https://preview.redd.it/3jqrpuw097qa1.png?width=1600&amp;format=png&amp;auto=webp&amp;v=enabled&amp;s=ab18de5c6a22b40472829034eaa44ba88b27d7bd", "x": 1600, "y": 900}, "status": "valid"}, "613wme7tw6qa1": {"dashUrl": "https://v.redd.it/link/123cfhj/asset/613wme7tw6qa1/DASHPlaylist.mpd?a=1683584963%2CYWM5ZDE4NjVmNDJjNmI4M2RmN2U2MThjMTE4MzM3ZmUzZTI3NzM2MDNmZGEwOTczMjFlMzBlMmVhNzczMTA0NA%3D%3D&amp;v=1&amp;f=sd", "e": "RedditVideo", "hlsUrl": "https://v.redd.it/link/123cfhj/asset/613wme7tw6qa1/HLSPlaylist.m3u8?a=1683584963%2CMzMyOTUzNmE2NmUxODk1MzNkZmRlNjcxNTMxNzFkNTFlNmNkMGExM2Y5Yzk4ODA0YmQ5OTc5MDUxZjUzZDI2OQ%3D%3D&amp;v=1&amp;f=sd", "id": "613wme7tw6qa1", "isGif": false, "status": "valid", "x": 1920, "y": 1080}, "nh56m4qyf6qa1": {"dashUrl": "https://v.redd.it/link/123cfhj/asset/nh56m4qyf6qa1/DASHPlaylist.mpd?a=1683584963%2COTc4ZWE2NjM4YmYwOTY0NzhkODA5ZDQ0NDIyM2MxZmQ3MWUxNmU5NGE1NjYwN2YzMmY4ZGU5ZWQ5ZmM4NzcwOA%3D%3D&amp;v=1&amp;f=sd", "e": "RedditVideo", "hlsUrl": "https://v.redd.it/link/123cfhj/asset/nh56m4qyf6qa1/HLSPlaylist.m3u8?a=1683584963%2CYmQ0ZjgwNWVmZmE4ZGRlNTM2ZjY4ZDBhODUyODM3NGFjZGZlYmNhODY4MDI2MjRmMDQ0ODJjZTViNDFlNmNlNA%3D%3D&amp;v=1&amp;f=sd", "id": "nh56m4qyf6qa1", "isGif": false, "status": "valid", "x": 1920, "y": 1080}, "se9ldicqj7qa1": {"e": "Image", "id": "se9ldicqj7qa1", "m": "image/png", "p": [{"u": "https://preview.redd.it/se9ldicqj7qa1.png?width=108&amp;crop=smart&amp;auto=webp&amp;v=enabled&amp;s=dfcb1694f3fffe2227f25110cec41207059530e5", "x": 108, "y": 60}, {"u": "https://preview.redd.it/se9ldicqj7qa1.png?width=216&amp;crop=smart&amp;auto=webp&amp;v=enabled&amp;s=e6983ed36a9f142a7f19fd4b237f20568d0e34b8", "x": 216, "y": 121}, {"u": "https://preview.redd.it/se9ldicqj7qa1.png?width=320&amp;crop=smart&amp;auto=webp&amp;v=enabled&amp;s=79d34ead034b29c484d4341c86be00aede353c82", "x": 320, "y": 180}, {"u": "https://preview.redd.it/se9ldicqj7qa1.png?width=640&amp;crop=smart&amp;auto=webp&amp;v=enabled&amp;s=97aab4b8f8ab42f7305cda350505018bed83e62a", "x": 640, "y": 360}, {"u": "https://preview.redd.it/se9ldicqj7qa1.png?width=960&amp;crop=smart&amp;auto=webp&amp;v=enabled&amp;s=4d5072d72533c4652580274048027fd886e35278", "x": 960, "y": 540}, {"u": "https://preview.redd.it/se9ldicqj7qa1.png?width=1080&amp;crop=smart&amp;auto=webp&amp;v=enabled&amp;s=c5542d7aa5d31850601e568694aaae94a3245f86", "x": 1080, "y": 607}], "s": {"u": "https://preview.redd.it/se9ldicqj7qa1.png?width=1600&amp;format=png&amp;auto=webp&amp;v=enabled&amp;s=763664a057198ef45675776f3c7e5d9a65f4b8e7", "x": 1600, "y": 900}, "status": "valid"}, "xxq5q80b97qa1": {"dashUrl": "https://v.redd.it/link/123cfhj/asset/xxq5q80b97qa1/DASHPlaylist.mpd?a=1683584963%2CYTYwY2EyYWQ4MjQ3YzVmOThlNGJiMGM2OTIyZjM0YmQwMjExNTgxY2YyN2M4ZjFiY2VmNjc1ZWVhMzA3NjY5Zg%3D%3D&amp;v=1&amp;f=sd", "e": "RedditVideo", "hlsUrl": "https://v.redd.it/link/123cfhj/asset/xxq5q80b97qa1/HLSPlaylist.m3u8?a=1683584963%2CMDZmNGY3MmQ3MTllYmU1MjNmMjMxMzNiYzIwNTA0MjE4NjE0NTRlMzE0ZGM3NGM1MzAxNTA4MDNiOGE5YjViMw%3D%3D&amp;v=1&amp;f=sd", "id": "xxq5q80b97qa1", "isGif": false, "status": "valid", "x": 1920, "y": 1080}}, "media_only": false, "mod_note": null, "mod_reason_by": null, "mod_reason_title": null, "mod_reports": [], "name": "t3_123cfhj", "no_follow": false, "num_comments": 16, "num_crossposts": 3, "num_reports": null, "over_18": false, "parent_whitelist_status": null, "permalink": "/r/BBBY/comments/123cfhj/antidote_for_price_suppression_bbby_chart/", "pinned": false, "pwls": null, "quarantine": false, "removal_reason": null, "removed_by": null, "removed_by_category": null, "report_reasons": null, "saved": false, "score": 174, "secure_media": null, "secure_media_embed": {}, "selftext": "I observed call options purchase volume activity and its correlation to SP jumps on the chart via TDA ThinkOrSwim OnDemand mode, for the run-ups observed on Friday 03/24/23 and on Tuesday 03/21/23. I recorded the above activity and it is shown in the videos below, which have been sped up 2.5-2.75x times to reduce the video duration. The timestamps shown towards the top right of the videos are in PDT time zone.\n\n&amp;#x200B;\n\n[Friday 03\\/24\\/23 Chart And Call Options Trading Activity During Run-up](https://reddit.com/link/123cfhj/video/nh56m4qyf6qa1/player)\n\nIn the above recording, at time 1:32 in the video, it can be seen that there is a jump in SP observed in the chart after the purchase of 3 ITM $0.50 calls expiring the same day (03/24/23) and then the price jump subsequently continues on the subsequent purchase of 200 $1 just OTM calls expiring 6 APR and 50 $1 calls expiring 31 MAR. The price subsequently keeps increasing and then stabilizes after further purchases of $1 just OTM calls, until at time 07:23 in the video when there is a big purchase of $1 calls expiring MAR 31, where the call volume jumps from 878 to 1916 and subsequently keeps increasing considerably, along with $1 call volumes for other expiry dates. That is when a considerable run-up to $0.89 is observed. The above replay of the trading activity clearly shows that under the conditions that existed on Friday, when there were no real shares available to borrow to short, delta hedging triggered share purchases caused the SP run-up, as a result of the big volume jump in purchases of just OTM $1 calls. This is because delta hedging triggered share purchase orders are not filled by synthetic shares sold naked short, unlike market buy orders, which can be filled by such synthetic shares that cause price suppression.\n\n&amp;#x200B;\n\n[Tuesday 03\\/21\\/23 Chart And Call Options Trading Activity During First Run-up](https://reddit.com/link/123cfhj/video/613wme7tw6qa1/player)\n\nThe above video replays the trading activity for the SP run-up from below $0.81 to $0.84 observed on Tuesday 03/21/23, when there were still some shares available to borrow to short, albeit few, as seen in the Fintel screenshot below. In the above replay it can be seen that the SP starts increasing, when at time 01:14 in the video there is an increase of 50 in 24 MAR $1 call volume and then subsequently at time 2:02 in the video there is an increase of 15 in 31 MAR $1 call volume. Then, subsequently the volume of the above calls keeps gradually increasing, with the SP gradually increasing in tandem to $0.83. Then at time 9:51 in the video there is an increase of 500 in 31 MAR $1 call volume and at time 10:06 in the video there is an increase of 683 in 24 MAR $1 call volume, soon after which SP increases to $0.84. Subsequently, 24 MAR $1 call volume keeps increasing and as a result the SP keeps being pushed up to $0.84, in spite of the apparent ongoing shorting.\n\n&amp;#x200B;\n\n[Fintel Short Shares Availability On 03\\/21\\/23](https://preview.redd.it/3jqrpuw097qa1.png?width=1600&amp;format=png&amp;auto=webp&amp;v=enabled&amp;s=ab18de5c6a22b40472829034eaa44ba88b27d7bd)\n\n&amp;#x200B;\n\n[Tuesday 03\\/21\\/23 Chart And Call Options Trading Activity During Run-up At Market Close And After Hours](https://reddit.com/link/123cfhj/video/xxq5q80b97qa1/player)\n\nThe above video replays the trading activity for the run-up at the end of market hours and start of after hours trading observed on Tuesday 03/21/23. The price did not start increasing until the shorts ran out of shares available to borrow to short at 15:43 EDT (i.e. at 12:43 PDT timestamp seen in the video). Subsequently, the SP can be seen increasing in tandem with gradual increases in volume of 24 MAR and 31 MAR $1 calls and 24 MAR $1.50 calls. Then, in the last 4 minutes before market close there was a big increases in 24 MAR $1 call volume, which caused shares to be purchased via delta hedging after hours and that pushed the SP to $0.8949. In fact, I have conclusive evidence of that from the stock trades data extracted from Fidelity Active Trader Pro platform's Time &amp; Sales window, shown in the [Google spreadsheet](https://docs.google.com/spreadsheets/d/e/2PACX-1vQbZqwYXB0tyTjJ3brv4ysOYvxy9d2P8ulZhYMxwp588i913XZzsJd2LvS19IEd9Gj_T5EnBg2N14b-/pubhtml) screenshot below, where it can be seen that the bid price was jacked up to $0.8969, which was higher than the ask price and the bidding exchange was the NYSE Arca Options Market exchange, per the exchange code P in the spreadsheet and the exchange code mapping specified in this [Fidelity help article](https://www.fidelity.com/products/atp/help/ActiveTraderTools_Time_And_Sales_Help.html). In the spreadsheet below call options delta hedging or exercise triggered trades are highlighted in yellow.\n\n&amp;#x200B;\n\n[Call Options Hedging Triggered Trades Executing Above Ask on 03\\/21\\/23 During After Hours Trading](https://preview.redd.it/se9ldicqj7qa1.png?width=1600&amp;format=png&amp;auto=webp&amp;v=enabled&amp;s=763664a057198ef45675776f3c7e5d9a65f4b8e7)\n\n[Fintel still shows](https://fintel.io/ss/us/bbby) that there are no shares available to borrow to short and that is likely to be unchanged tomorrow, it being the date of record for the special shareholder's meeting for which tutes have recalled their shares. So, if more people buy OTM $1 calls (available to purchase for single digit pennies per share, right now) and the call options purchase volume increases more frequently than what was observed last week, the SP could soon cross above $1 and that will trigger [max pain for the gamma ramp](https://chartexchange.com/symbol/nasdaq-bbby/optionchain/summary/) this week. \n\nYou know, who else was big on calls? Yeah, you guessed it right, u/deepfuckingvalue had huge call purchases, like many others during the 2021 GME run-up and we all know that it was massively successful in ensuring fair price appreciation, which forced the shorts to close. No wonder, SHF shills have been FUD posting on multiple subs, for the past few weeks, discouraging people from buying calls, in order to prevent the gamma ramp.\n\n**PS:** I am not a financial advisor and nothing in this post should be treated as financial advice. The above information is being shared just for educational purposes.", "selftext_html": "&lt;!-- SC_OFF --&gt;&lt;div class=\"md\"&gt;&lt;p&gt;I observed call options purchase volume activity and its correlation to SP jumps on the chart via TDA ThinkOrSwim OnDemand mode, for the run-ups observed on Friday 03/24/23 and on Tuesday 03/21/23. I recorded the above activity and it is shown in the videos below, which have been sped up 2.5-2.75x times to reduce the video duration. The timestamps shown towards the top right of the videos are in PDT time zone.&lt;/p&gt;\n\n&lt;p&gt;&amp;#x200B;&lt;/p&gt;\n\n&lt;p&gt;&lt;a href=\"https://reddit.com/link/123cfhj/video/nh56m4qyf6qa1/player\"&gt;Friday 03/24/23 Chart And Call Options Trading Activity During Run-up&lt;/a&gt;&lt;/p&gt;\n\n&lt;p&gt;In the above recording, at time 1:32 in the video, it can be seen that there is a jump in SP observed in the chart after the purchase of 3 ITM $0.50 calls expiring the same day (03/24/23) and then the price jump subsequently continues on the subsequent purchase of 200 $1 just OTM calls expiring 6 APR and 50 $1 calls expiring 31 MAR. The price subsequently keeps increasing and then stabilizes after further purchases of $1 just OTM calls, until at time 07:23 in the video when there is a big purchase of $1 calls expiring MAR 31, where the call volume jumps from 878 to 1916 and subsequently keeps increasing considerably, along with $1 call volumes for other expiry dates. That is when a considerable run-up to $0.89 is observed. The above replay of the trading activity clearly shows that under the conditions that existed on Friday, when there were no real shares available to borrow to short, delta hedging triggered share purchases caused the SP run-up, as a result of the big volume jump in purchases of just OTM $1 calls. This is because delta hedging triggered share purchase orders are not filled by synthetic shares sold naked short, unlike market buy orders, which can be filled by such synthetic shares that cause price suppression.&lt;/p&gt;\n\n&lt;p&gt;&amp;#x200B;&lt;/p&gt;\n\n&lt;p&gt;&lt;a href=\"https://reddit.com/link/123cfhj/video/613wme7tw6qa1/player\"&gt;Tuesday 03/21/23 Chart And Call Options Trading Activity During First Run-up&lt;/a&gt;&lt;/p&gt;\n\n&lt;p&gt;The above video replays the trading activity for the SP run-up from below $0.81 to $0.84 observed on Tuesday 03/21/23, when there were still some shares available to borrow to short, albeit few, as seen in the Fintel screenshot below. In the above replay it can be seen that the SP starts increasing, when at time 01:14 in the video there is an increase of 50 in 24 MAR $1 call volume and then subsequently at time 2:02 in the video there is an increase of 15 in 31 MAR $1 call volume. Then, subsequently the volume of the above calls keeps gradually increasing, with the SP gradually increasing in tandem to $0.83. Then at time 9:51 in the video there is an increase of 500 in 31 MAR $1 call volume and at time 10:06 in the video there is an increase of 683 in 24 MAR $1 call volume, soon after which SP increases to $0.84. Subsequently, 24 MAR $1 call volume keeps increasing and as a result the SP keeps being pushed up to $0.84, in spite of the apparent ongoing shorting.&lt;/p&gt;\n\n&lt;p&gt;&amp;#x200B;&lt;/p&gt;\n\n&lt;p&gt;&lt;a href=\"https://preview.redd.it/3jqrpuw097qa1.png?width=1600&amp;amp;format=png&amp;amp;auto=webp&amp;amp;v=enabled&amp;amp;s=ab18de5c6a22b40472829034eaa44ba88b27d7bd\"&gt;Fintel Short Shares Availability On 03/21/23&lt;/a&gt;&lt;/p&gt;\n\n&lt;p&gt;&amp;#x200B;&lt;/p&gt;\n\n&lt;p&gt;&lt;a href=\"https://reddit.com/link/123cfhj/video/xxq5q80b97qa1/player\"&gt;Tuesday 03/21/23 Chart And Call Options Trading Activity During Run-up At Market Close And After Hours&lt;/a&gt;&lt;/p&gt;\n\n&lt;p&gt;The above video replays the trading activity for the run-up at the end of market hours and start of after hours trading observed on Tuesday 03/21/23. The price did not start increasing until the shorts ran out of shares available to borrow to short at 15:43 EDT (i.e. at 12:43 PDT timestamp seen in the video). Subsequently, the SP can be seen increasing in tandem with gradual increases in volume of 24 MAR and 31 MAR $1 calls and 24 MAR $1.50 calls. Then, in the last 4 minutes before market close there was a big increases in 24 MAR $1 call volume, which caused shares to be purchased via delta hedging after hours and that pushed the SP to $0.8949. In fact, I have conclusive evidence of that from the stock trades data extracted from Fidelity Active Trader Pro platform&amp;#39;s Time &amp;amp; Sales window, shown in the &lt;a href=\"https://docs.google.com/spreadsheets/d/e/2PACX-1vQbZqwYXB0tyTjJ3brv4ysOYvxy9d2P8ulZhYMxwp588i913XZzsJd2LvS19IEd9Gj_T5EnBg2N14b-/pubhtml\"&gt;Google spreadsheet&lt;/a&gt; screenshot below, where it can be seen that the bid price was jacked up to $0.8969, which was higher than the ask price and the bidding exchange was the NYSE Arca Options Market exchange, per the exchange code P in the spreadsheet and the exchange code mapping specified in this &lt;a href=\"https://www.fidelity.com/products/atp/help/ActiveTraderTools_Time_And_Sales_Help.html\"&gt;Fidelity help article&lt;/a&gt;. In the spreadsheet below call options delta hedging or exercise triggered trades are highlighted in yellow.&lt;/p&gt;\n\n&lt;p&gt;&amp;#x200B;&lt;/p&gt;\n\n&lt;p&gt;&lt;a href=\"https://preview.redd.it/se9ldicqj7qa1.png?width=1600&amp;amp;format=png&amp;amp;auto=webp&amp;amp;v=enabled&amp;amp;s=763664a057198ef45675776f3c7e5d9a65f4b8e7\"&gt;Call Options Hedging Triggered Trades Executing Above Ask on 03/21/23 During After Hours Trading&lt;/a&gt;&lt;/p&gt;\n\n&lt;p&gt;&lt;a href=\"https://fintel.io/ss/us/bbby\"&gt;Fintel still shows&lt;/a&gt; that there are no shares available to borrow to short and that is likely to be unchanged tomorrow, it being the date of record for the special shareholder&amp;#39;s meeting for which tutes have recalled their shares. So, if more people buy OTM $1 calls (available to purchase for single digit pennies per share, right now) and the call options purchase volume increases more frequently than what was observed last week, the SP could soon cross above $1 and that will trigger &lt;a href=\"https://chartexchange.com/symbol/nasdaq-bbby/optionchain/summary/\"&gt;max pain for the gamma ramp&lt;/a&gt; this week. &lt;/p&gt;\n\n&lt;p&gt;You know, who else was big on calls? Yeah, you guessed it right, &lt;a href=\"/u/deepfuckingvalue\"&gt;u/deepfuckingvalue&lt;/a&gt; had huge call purchases, like many others during the 2021 GME run-up and we all know that it was massively successful in ensuring fair price appreciation, which forced the shorts to close. No wonder, SHF shills have been FUD posting on multiple subs, for the past few weeks, discouraging people from buying calls, in order to prevent the gamma ramp.&lt;/p&gt;\n\n&lt;p&gt;&lt;strong&gt;PS:&lt;/strong&gt; I am not a financial advisor and nothing in this post should be treated as financial advice. The above information is being shared just for educational purposes.&lt;/p&gt;\n&lt;/div&gt;&lt;!-- SC_ON --&gt;", "send_replies": true, "spoiler": false, "stickied": false, "subreddit": "BBBY", "subreddit_id": "t5_3q5hel", "subreddit_name_prefixed": "r/BBBY", "subreddit_subscribers": 61070, "subreddit_type": "public", "suggested_sort": null, "thumbnail": "https://b.thumbs.redditmedia.com/DB6Ma27yYS7v289dKQESdAFaYfdjZkewAblMYt8rNOE.jpg", "thumbnail_height": 78, "thumbnail_width": 140, "title": "Antidote For Price Suppression - BBBY Chart Activity Recording And Trading Data Shows Clear Correlation Of Just OTM Call Option Purchase Volume Increase To Stock Price Increase.", "top_awarded_type": null, "total_awards_received": 0, "treatment_tags": [], "ups": 174, "upvote_ratio": 0.92, "url": "https://www.reddit.com/r/BBBY/comments/123cfhj/antidote_for_price_suppression_bbby_chart/", "user_reports": [], "view_count": null, "visited": false, "whitelist_status": null, "wls": null}], "discussion_type": null, "distinguished": null, "domain": "self.BBBY", "edited": false, "gilded": 0, "gildings": {}, "hidden": false, "hide_score": false, "id": "123cm0y", "is_created_from_ads_ui": false, "is_crosspostable": true, "is_meta": false, "is_original_content": false, "is_reddit_media_domain": false, "is_robot_indexable": true, "is_self": false, "is_video": false, "link_flair_background_color": "", "link_flair_css_class": null, "link_flair_richtext": [], "link_flair_text": null, "link_flair_text_color": "dark", "link_flair_type": "text", "locked": false, "media": null, "media_embed": {}, "media_only": false, "name": "t3_123cm0y", "no_follow": false, "num_comments": 0, "num_crossposts": 0, "over_18": false, "parent_whitelist_status": null, "permalink": "/r/ThePPShow/comments/123cm0y/antidote_for_price_suppression_bbby_chart/", "pinned": false, "pwls": null, "quarantine": false, "removed_by": null, "removed_by_category": null, "retrieved_on": 1680992964, "score": 2, "secure_media": null, "secure_media_embed": {}, "selftext": "", "send_replies": false, "spoiler": false, "stickied": false, "subreddit": "ThePPShow", "subreddit_id": "t5_7q5o7y", "subreddit_name_prefixed": "r/ThePPShow", "subreddit_subscribers": 1236, "subreddit_type": "public", "suggested_sort": null, "thumbnail": "https://b.thumbs.redditmedia.com/DB6Ma27yYS7v289dKQESdAFaYfdjZkewAblMYt8rNOE.jpg", "thumbnail_height": 78, "thumbnail_width": 140, "title": "Antidote For Price Suppression - BBBY Chart Activity Recording And Trading Data Shows Clear Correlation Of Just OTM Call Option Purchase Volume Increase To Stock Price Increase.", "top_awarded_type": null, "total_awards_received": 0, "treatment_tags": [], "upvote_ratio": 0.75, "url": "/r/BBBY/comments/123cfhj/antidote_for_price_suppression_bbby_chart/", "url_overridden_by_dest": "/r/BBBY/comments/123cfhj/antidote_for_price_suppression_bbby_chart/", "view_count": null, "whitelist_status": null, "wls": null}, {"all_awardings": [], "allow_live_comments": false, "archived": false, "author": "ppseeds", "author_created_utc": 1518222553, "author_flair_background_color": null, "author_flair_css_class": null, "author_flair_richtext": [], "author_flair_template_id": null, "author_flair_text": null, "author_flair_text_color": null, "author_flair_type": "text", "author_fullname": "t2_w7v9rg0", "author_patreon_flair": false, "author_premium": true, "awarders": [], "banned_by": null, "can_gild": true, "can_mod_post": false, "category": null, "content_categories": null, "contest_mode": false, "created_utc": 1679876875, "discussion_type": null, "distinguished": null, "domain": "youtube.com", "edited": false, "gilded": 0, "gildings": {}, "hidden": false, "hide_score": false, "id": "12358eu", "is_created_from_ads_ui": false, "is_crosspostable": true, "is_meta": false, "is_original_content": false, "is_reddit_media_domain": false, "is_robot_indexable": true, "is_self": false, "is_video": false, "link_flair_background_color": "#ffd635", "link_flair_css_class": "", "link_flair_richtext": [], "link_flair_template_id": "d96925a0-ae68-11ed-8a4a-0a2543e76d1b", "link_flair_text": "Speculation/Opinion", "link_flair_text_color": "dark", "link_flair_type": "text", "locked": false, "media": {"oembed": {"author_name": "ThePPshow", "author_url": "https://www.youtube.com/@ThePPshow", "height": 200, "html": "&lt;iframe width=\"356\" height=\"200\" src=\"https://www.youtube.com/embed/awZQM9VW76s?start=1358&amp;feature=oembed&amp;enablejsapi=1\" frameborder=\"0\" allow=\"accelerometer; autoplay; clipboard-write; encrypted-media; gyroscope; picture-in-picture; web-share\" allowfullscreen title=\"BBBY Breaking down D4nl0w Twitter DD on why buy buy baby will be spun off! Feat. Roach\"&gt;&lt;/iframe&gt;", "provider_name": "YouTube", "provider_url": "https://www.youtube.com/", "thumbnail_height": 360, "thumbnail_url": "https://i.ytimg.com/vi/awZQM9VW76s/hqdefault.jpg", "thumbnail_width": 480, "title": "BBBY Breaking down D4nl0w Twitter DD on why buy buy baby will be spun off! Feat. Roach", "type": "video", "version": "1.0", "width": 356}, "type": "youtube.com"}, "media_embed": {"content": "&lt;iframe width=\"356\" height=\"200\" src=\"https://www.youtube.com/embed/awZQM9VW76s?start=1358&amp;feature=oembed&amp;enablejsapi=1\" frameborder=\"0\" allow=\"accelerometer; autoplay; clipboard-write; encrypted-media; gyroscope; picture-in-picture; web-share\" allowfullscreen title=\"BBBY Breaking down D4nl0w Twitter DD on why buy buy baby will be spun off! Feat. Roach\"&gt;&lt;/iframe&gt;", "height": 200, "scrolling": false, "width": 356}, "media_only": false, "name": "t3_12358eu", "no_follow": false, "num_comments": 1, "num_crossposts": 0, "over_18": false, "parent_whitelist_status": null, "permalink": "/r/ThePPShow/comments/12358eu/twitter_dd_breakdown_of_buy_buy_baby_spin_off/", "pinned": false, "post_hint": "rich:video", "preview": {"enabled": false, "images": [{"id": "oNNdVwnzWFyF-nD7FhDzrfWnR3RWYkKM2vVLarD3gag", "resolutions": [{"height": 81, "url": "https://external-preview.redd.it/cwMTkreVQ4oAK4FgBhf_-3KSHBn7aY0KDgagCQ0ePcQ.jpg?width=108&amp;crop=smart&amp;auto=webp&amp;v=enabled&amp;s=4361fbdf982c0e8f5106e1c4392f41fe29d61f07", "width": 108}, {"height": 162, "url": "https://external-preview.redd.it/cwMTkreVQ4oAK4FgBhf_-3KSHBn7aY0KDgagCQ0ePcQ.jpg?width=216&amp;crop=smart&amp;auto=webp&amp;v=enabled&amp;s=ca6a02a4110c8a5abff2d9c89bb2130c26c5b604", "width": 216}, {"height": 240, "url": "https://external-preview.redd.it/cwMTkreVQ4oAK4FgBhf_-3KSHBn7aY0KDgagCQ0ePcQ.jpg?width=320&amp;crop=smart&amp;auto=webp&amp;v=enabled&amp;s=8ce3cebc262bf50c535c195f2799801b2c7acc8d", "width": 320}], "source": {"height": 360, "url": "https://external-preview.redd.it/cwMTkreVQ4oAK4FgBhf_-3KSHBn7aY0KDgagCQ0ePcQ.jpg?auto=webp&amp;v=enabled&amp;s=91a2431e2a4930aaf22ec6c9311e8e3798230808", "width": 480}, "variants": {}}]}, "pwls": null, "quarantine": false, "removed_by": null, "removed_by_category": null, "retrieved_on": 1680993231, "score": 20, "secure_media": {"oembed": {"author_name": "ThePPshow", "author_url": "https://www.youtube.com/@ThePPshow", "height": 200, "html": "&lt;iframe width=\"356\" height=\"200\" src=\"https://www.youtube.com/embed/awZQM9VW76s?start=1358&amp;feature=oembed&amp;enablejsapi=1\" frameborder=\"0\" allow=\"accelerometer; autoplay; clipboard-write; encrypted-media; gyroscope; picture-in-picture; web-share\" allowfullscreen title=\"BBBY Breaking down D4nl0w Twitter DD on why buy buy baby will be spun off! Feat. Roach\"&gt;&lt;/iframe&gt;", "provider_name": "YouTube", "provider_url": "https://www.youtube.com/", "thumbnail_height": 360, "thumbnail_url": "https://i.ytimg.com/vi/awZQM9VW76s/hqdefault.jpg", "thumbnail_width": 480, "title": "BBBY Breaking down D4nl0w Twitter DD on why buy buy baby will be spun off! Feat. Roach", "type": "video", "version": "1.0", "width": 356}, "type": "youtube.com"}, "secure_media_embed": {"content": "&lt;iframe width=\"356\" height=\"200\" src=\"https://www.youtube.com/embed/awZQM9VW76s?start=1358&amp;feature=oembed&amp;enablejsapi=1\" frameborder=\"0\" allow=\"accelerometer; autoplay; clipboard-write; encrypted-media; gyroscope; picture-in-picture; web-share\" allowfullscreen title=\"BBBY Breaking down D4nl0w Twitter DD on why buy buy baby will be spun off! Feat. Roach\"&gt;&lt;/iframe&gt;", "height": 200, "media_domain_url": "https://www.redditmedia.com/mediaembed/12358eu", "scrolling": false, "width": 356}, "selftext": "", "send_replies": true, "spoiler": false, "stickied": false, "subreddit": "ThePPShow", "subreddit_id": "t5_7q5o7y", "subreddit_name_prefixed": "r/ThePPShow", "subreddit_subscribers": 1236, "subreddit_type": "public", "suggested_sort": null, "thumbnail": "https://b.thumbs.redditmedia.com/khipq0YM795r7gUVPV1SiiX188XVz9FPZBUG-9nefsk.jpg", "thumbnail_height": 105, "thumbnail_width": 140, "title": "Twitter DD breakdown of buy buy baby spin off feat. Roach", "top_awarded_type": null, "total_awards_received": 0, "treatment_tags": [], "upvote_ratio": 0.89, "url": "https://www.youtube.com/watch?v=awZQM9VW76s&amp;t=1358s", "url_overridden_by_dest": "https://www.youtube.com/watch?v=awZQM9VW76s&amp;t=1358s", "view_count": null, "whitelist_status": null, "wls": null}], "metadata": {"op_a": 57, "op_b": 51, "total": 108}, "error": null}