{"data": [{"all_awardings": [], "allow_live_comments": false, "archived": false, "author": "ppseeds", "author_created_utc": 1518222553, "author_flair_background_color": null, "author_flair_css_class": null, "author_flair_richtext": [], "author_flair_template_id": null, "author_flair_text": null, "author_flair_text_color": null, "author_flair_type": "text", "author_fullname": "t2_w7v9rg0", "author_patreon_flair": false, "author_premium": true, "awarders": [], "banned_by": null, "can_gild": true, "can_mod_post": false, "category": null, "content_categories": null, "contest_mode": false, "created_utc": 1673484971, "discussion_type": null, "distinguished": null, "domain": "youtube.com", "edited": false, "gilded": 0, "gildings": {}, "hidden": false, "hide_score": false, "id": "109llkz", "is_created_from_ads_ui": false, "is_crosspostable": true, "is_meta": false, "is_original_content": false, "is_reddit_media_domain": false, "is_robot_indexable": true, "is_self": false, "is_video": false, "link_flair_background_color": "", "link_flair_css_class": null, "link_flair_richtext": [], "link_flair_text": null, "link_flair_text_color": "dark", "link_flair_type": "text", "locked": false, "media": null, "media_embed": {}, "media_only": false, "name": "t3_109llkz", "no_follow": false, "num_comments": 7, "num_crossposts": 0, "over_18": false, "parent_whitelist_status": null, "permalink": "/r/ThePPShow/comments/109llkz/going_live_come_have_a_beer_and_talk_bbby/", "pinned": false, "post_hint": "link", "preview": {"enabled": false, "images": [{"id": "P5lMm64qPm-zrLN5R-MwxghibtHllodaR4Qj9wT10ug", "resolutions": [{"height": 60, "url": "https://external-preview.redd.it/hhZhFdNyr0jCN3wjdUGohomToeWS3Iz2E-ClEOPEHUg.jpg?width=108&amp;crop=smart&amp;auto=webp&amp;v=enabled&amp;s=5a5b22f485647a7cee6b38844be48fdb325ca2fc", "width": 108}, {"height": 121, "url": "https://external-preview.redd.it/hhZhFdNyr0jCN3wjdUGohomToeWS3Iz2E-ClEOPEHUg.jpg?width=216&amp;crop=smart&amp;auto=webp&amp;v=enabled&amp;s=8480f38aebf29bd947116d8b6ba04c85ba0a9af9", "width": 216}, {"height": 180, "url": "https://external-preview.redd.it/hhZhFdNyr0jCN3wjdUGohomToeWS3Iz2E-ClEOPEHUg.jpg?width=320&amp;crop=smart&amp;auto=webp&amp;v=enabled&amp;s=edfe21865d82f8eb8c8daf89e315d9deefc922db", "width": 320}, {"height": 360, "url": "https://external-preview.redd.it/hhZhFdNyr0jCN3wjdUGohomToeWS3Iz2E-ClEOPEHUg.jpg?width=640&amp;crop=smart&amp;auto=webp&amp;v=enabled&amp;s=077db14be3fd452a300998e13abd40ba8c60173b", "width": 640}, {"height": 540, "url": "https://external-preview.redd.it/hhZhFdNyr0jCN3wjdUGohomToeWS3Iz2E-ClEOPEHUg.jpg?width=960&amp;crop=smart&amp;auto=webp&amp;v=enabled&amp;s=a7052f9487bc16ac43b0b9007a6742552460da9d", "width": 960}, {"height": 607, "url": "https://external-preview.redd.it/hhZhFdNyr0jCN3wjdUGohomToeWS3Iz2E-ClEOPEHUg.jpg?width=1080&amp;crop=smart&amp;auto=webp&amp;v=enabled&amp;s=f83ed05e6dd83244f6464faf3d4568d038ee60ad", "width": 1080}], "source": {"height": 720, "url": "https://external-preview.redd.it/hhZhFdNyr0jCN3wjdUGohomToeWS3Iz2E-ClEOPEHUg.jpg?auto=webp&amp;v=enabled&amp;s=4b44460e653cd0690d3ae099dc80c0c7e4a775ac", "width": 1280}, "variants": {}}]}, "pwls": null, "quarantine": false, "removed_by": null, "removed_by_category": null, "retrieved_on": 1676241823, "score": 16, "secure_media": null, "secure_media_embed": {}, "selftext": "", "send_replies": false, "spoiler": false, "stickied": false, "subreddit": "ThePPShow", "subreddit_id": "t5_7q5o7y", "subreddit_name_prefixed": "r/ThePPShow", "subreddit_subscribers": 329, "subreddit_type": "public", "suggested_sort": null, "thumbnail": "https://a.thumbs.redditmedia.com/yL7mR3jcrdC_D3gXzVeC7sLocmSOi5-6axjevLdyQD8.jpg", "thumbnail_height": 78, "thumbnail_width": 140, "title": "Going LIVE COME HAVE A BEER AND TALK BBBY!", "top_awarded_type": null, "total_awards_received": 0, "treatment_tags": [], "upvote_ratio": 1.0, "url": "https://www.youtube.com/live/zj7_yCVpqbM?feature=share", "url_overridden_by_dest": "https://www.youtube.com/live/zj7_yCVpqbM?feature=share", "view_count": null, "whitelist_status": null, "wls": null}], "metadata": {"op_a": 55, "op_b": 50, "total": 106}, "error": null}