{"data": [{"all_awardings": [], "allow_live_comments": false, "archived": false, "author": "portrepublic", "author_created_utc": 1576019863, "author_flair_background_color": null, "author_flair_css_class": null, "author_flair_richtext": [], "author_flair_template_id": null, "author_flair_text": null, "author_flair_text_color": null, "author_flair_type": "text", "author_fullname": "t2_4dnzmql1", "author_patreon_flair": false, "author_premium": true, "awarders": [], "banned_by": null, "can_gild": true, "can_mod_post": false, "category": null, "content_categories": null, "contest_mode": false, "created_utc": 1676746797, "discussion_type": null, "distinguished": null, "domain": "i.redd.it", "edited": false, "gilded": 0, "gildings": {}, "hidden": false, "hide_score": false, "id": "115mgp5", "is_created_from_ads_ui": false, "is_crosspostable": true, "is_meta": false, "is_original_content": false, "is_reddit_media_domain": true, "is_robot_indexable": true, "is_self": false, "is_video": false, "link_flair_background_color": "#ffd635", "link_flair_css_class": "", "link_flair_richtext": [], "link_flair_template_id": "b479f938-a5ec-11ed-8dc6-06e6317e03d0", "link_flair_text": "memes", "link_flair_text_color": "dark", "link_flair_type": "text", "locked": false, "media": null, "media_embed": {}, "media_only": false, "name": "t3_115mgp5", "no_follow": false, "num_comments": 4, "num_crossposts": 0, "over_18": false, "parent_whitelist_status": null, "permalink": "/r/ThePPShow/comments/115mgp5/request_to_change_name_to_theppsho/", "pinned": false, "post_hint": "image", "preview": {"enabled": true, "images": [{"id": "MWXpzkdk00SMNXHe87tFu5pV-ZhppUEcWHWPkeu9gRY", "resolutions": [{"height": 76, "url": "https://preview.redd.it/omf1g6k3d1ja1.jpg?width=108&amp;crop=smart&amp;auto=webp&amp;v=enabled&amp;s=36f9b983bf4976df3ea9742da5e3b230a54fd443", "width": 108}, {"height": 152, "url": "https://preview.redd.it/omf1g6k3d1ja1.jpg?width=216&amp;crop=smart&amp;auto=webp&amp;v=enabled&amp;s=b7c2e4034b170cd6120eefcd4a7a6e7097a80fc2", "width": 216}, {"height": 225, "url": "https://preview.redd.it/omf1g6k3d1ja1.jpg?width=320&amp;crop=smart&amp;auto=webp&amp;v=enabled&amp;s=356a5e34d0df20fe85028d7d608fb2b2182548ef", "width": 320}, {"height": 450, "url": "https://preview.redd.it/omf1g6k3d1ja1.jpg?width=640&amp;crop=smart&amp;auto=webp&amp;v=enabled&amp;s=683fa36268bef019c12e893b1e234a8ce7eb7476", "width": 640}, {"height": 675, "url": "https://preview.redd.it/omf1g6k3d1ja1.jpg?width=960&amp;crop=smart&amp;auto=webp&amp;v=enabled&amp;s=b8faec0af962b3ae70e435fdf26349952bbb771f", "width": 960}, {"height": 760, "url": "https://preview.redd.it/omf1g6k3d1ja1.jpg?width=1080&amp;crop=smart&amp;auto=webp&amp;v=enabled&amp;s=237b56dcd98a54a8e3a49e409317e57ffa8cecaf", "width": 1080}], "source": {"height": 1012, "url": "https://preview.redd.it/omf1g6k3d1ja1.jpg?auto=webp&amp;v=enabled&amp;s=c102cb2e7ef3909f79fd202a6a99649c8694cf07", "width": 1438}, "variants": {}}]}, "pwls": null, "quarantine": false, "removed_by": null, "removed_by_category": null, "retrieved_on": 1678323063, "score": 21, "secure_media": null, "secure_media_embed": {}, "selftext": "", "send_replies": true, "spoiler": false, "stickied": false, "subreddit": "ThePPShow", "subreddit_id": "t5_7q5o7y", "subreddit_name_prefixed": "r/ThePPShow", "subreddit_subscribers": 581, "subreddit_type": "public", "suggested_sort": null, "thumbnail": "https://b.thumbs.redditmedia.com/45GoPskGKeH1xuBN28GV1b_shb4KvD_zKuFDw00E5AU.jpg", "thumbnail_height": 98, "thumbnail_width": 140, "title": "Request to change name to ThePPSho", "top_awarded_type": null, "total_awards_received": 0, "treatment_tags": [], "upvote_ratio": 0.93, "url": "https://i.redd.it/omf1g6k3d1ja1.jpg", "url_overridden_by_dest": "https://i.redd.it/omf1g6k3d1ja1.jpg", "view_count": null, "whitelist_status": null, "wls": null}, {"all_awardings": [], "allow_live_comments": false, "archived": false, "author": "ppseeds", "author_created_utc": 1518222553, "author_flair_background_color": null, "author_flair_css_class": null, "author_flair_richtext": [], "author_flair_template_id": null, "author_flair_text": null, "author_flair_text_color": null, "author_flair_type": "text", "author_fullname": "t2_w7v9rg0", "author_patreon_flair": false, "author_premium": true, "awarders": [], "banned_by": null, "can_gild": true, "can_mod_post": false, "category": null, "content_categories": null, "contest_mode": false, "created_utc": 1676746575, "discussion_type": null, "distinguished": "moderator", "domain": "self.ThePPShow", "edited": 1676759544.0, "gilded": 0, "gildings": {}, "hidden": false, "hide_score": false, "id": "115mdxa", "is_created_from_ads_ui": false, "is_crosspostable": true, "is_meta": false, "is_original_content": false, "is_reddit_media_domain": false, "is_robot_indexable": true, "is_self": true, "is_video": false, "link_flair_background_color": "#ffd635", "link_flair_css_class": "", "link_flair_richtext": [], "link_flair_template_id": "b389bcaa-8f0a-11ed-9b6e-1e9f599434b1", "link_flair_text": "Stream announcement ", "link_flair_text_color": "dark", "link_flair_type": "text", "locked": false, "media": null, "media_embed": {}, "media_only": false, "name": "t3_115mdxa", "no_follow": false, "num_comments": 19, "num_crossposts": 0, "over_18": false, "parent_whitelist_status": null, "permalink": "/r/ThePPShow/comments/115mdxa/someone_convince_abc_to_do_a_8_hour_stream_with/", "pinned": false, "pwls": null, "quarantine": false, "removed_by": null, "removed_by_category": null, "retrieved_on": 1678323066, "score": 32, "secure_media": null, "secure_media_embed": {}, "selftext": "Basically what the title says, I want to run an 8 hour stream and drink all day long and talk shit and talk about my favorite stock BBBY! Let me know if you think this is a good idea or a very bad one. 8 hours of random guests, some TA, lots of drinks around the clock, and maybe some deep tinfoil segments. Let me know thoughts!\n\nUpdate ABC is down see you guys for the 8 hour stream Monday hehehe\n\nATTENTION! Monday will be an 8 hour stream starting at 12PMCT. I will try to make this my biggest show I have ever done. Segments of guests, DD writers, TA analysis, Interviews, Tinfoil, Deep DD, and also MEMES!!! Hope to see you guys for the holiday and hope to make this the biggest show period!!! LOVE YOU ALL!!!!", "send_replies": true, "spoiler": false, "stickied": false, "subreddit": "ThePPShow", "subreddit_id": "t5_7q5o7y", "subreddit_name_prefixed": "r/ThePPShow", "subreddit_subscribers": 581, "subreddit_type": "public", "suggested_sort": null, "thumbnail": "self", "thumbnail_height": null, "thumbnail_width": null, "title": "Someone convince ABC to do a 8 hour stream with me on Monday starting at 12PM for the holiday!", "top_awarded_type": null, "total_awards_received": 0, "treatment_tags": [], "upvote_ratio": 1.0, "url": "https://www.reddit.com/r/ThePPShow/comments/115mdxa/someone_convince_abc_to_do_a_8_hour_stream_with/", "view_count": null, "whitelist_status": null, "wls": null}, {"all_awardings": [], "allow_live_comments": false, "archived": false, "author": "[deleted]", "author_created_utc": null, "author_flair_background_color": "", "author_flair_css_class": null, "author_flair_template_id": null, "author_flair_text": null, "author_flair_text_color": "dark", "awarders": [], "banned_by": null, "can_gild": false, "can_mod_post": false, "category": null, "content_categories": null, "contest_mode": false, "created_utc": 1676685266, "discussion_type": null, "distinguished": null, "domain": "", "edited": false, "gilded": 0, "gildings": {}, "hidden": false, "hide_score": false, "id": "1153x2k", "is_created_from_ads_ui": false, "is_crosspostable": false, "is_meta": false, "is_original_content": false, "is_reddit_media_domain": false, "is_robot_indexable": false, "is_self": false, "is_video": false, "link_flair_background_color": "#ffd635", "link_flair_css_class": "", "link_flair_richtext": [], "link_flair_template_id": "cf8e4b00-8f0a-11ed-bcf5-ea5ecab695a0", "link_flair_text": "Stream Live Chat", "link_flair_text_color": "dark", "link_flair_type": "text", "locked": false, "media": {"oembed": {"author_name": "ThePPshow", "author_url": "https://www.youtube.com/@ThePPshow", "height": 200, "html": "&lt;iframe width=\"356\" height=\"200\" src=\"https://www.youtube.com/embed/-anY60_-Ue4?feature=oembed&amp;enablejsapi=1\" frameborder=\"0\" allow=\"accelerometer; autoplay; clipboard-write; encrypted-media; gyroscope; picture-in-picture; web-share\" allowfullscreen title=\"ThePPShow BBBY Livestream\"&gt;&lt;/iframe&gt;", "provider_name": "YouTube", "provider_url": "https://www.youtube.com/", "thumbnail_height": 360, "thumbnail_url": "https://i.ytimg.com/vi/-anY60_-Ue4/hqdefault.jpg", "thumbnail_width": 480, "title": "ThePPShow BBBY Livestream", "type": "video", "version": "1.0", "width": 356}, "type": "youtube.com"}, "media_embed": {"content": "&lt;iframe width=\"356\" height=\"200\" src=\"https://www.youtube.com/embed/-anY60_-Ue4?feature=oembed&amp;enablejsapi=1\" frameborder=\"0\" allow=\"accelerometer; autoplay; clipboard-write; encrypted-media; gyroscope; picture-in-picture; web-share\" allowfullscreen title=\"ThePPShow BBBY Livestream\"&gt;&lt;/iframe&gt;", "height": 200, "scrolling": false, "width": 356}, "media_only": false, "name": "t3_1153x2k", "no_follow": false, "num_comments": 0, "num_crossposts": 0, "over_18": false, "parent_whitelist_status": null, "permalink": "/r/ThePPShow/comments/1153x2k/theppshow_starting_now/", "pinned": false, "pwls": null, "quarantine": false, "removed_by": null, "removed_by_category": "deleted", "retrieved_on": 1678323838, "score": 8, "secure_media": {"oembed": {"author_name": "ThePPshow", "author_url": "https://www.youtube.com/@ThePPshow", "height": 200, "html": "&lt;iframe width=\"356\" height=\"200\" src=\"https://www.youtube.com/embed/-anY60_-Ue4?feature=oembed&amp;enablejsapi=1\" frameborder=\"0\" allow=\"accelerometer; autoplay; clipboard-write; encrypted-media; gyroscope; picture-in-picture; web-share\" allowfullscreen title=\"ThePPShow BBBY Livestream\"&gt;&lt;/iframe&gt;", "provider_name": "YouTube", "provider_url": "https://www.youtube.com/", "thumbnail_height": 360, "thumbnail_url": "https://i.ytimg.com/vi/-anY60_-Ue4/hqdefault.jpg", "thumbnail_width": 480, "title": "ThePPShow BBBY Livestream", "type": "video", "version": "1.0", "width": 356}, "type": "youtube.com"}, "secure_media_embed": {"content": "&lt;iframe width=\"356\" height=\"200\" src=\"https://www.youtube.com/embed/-anY60_-Ue4?feature=oembed&amp;enablejsapi=1\" frameborder=\"0\" allow=\"accelerometer; autoplay; clipboard-write; encrypted-media; gyroscope; picture-in-picture; web-share\" allowfullscreen title=\"ThePPShow BBBY Livestream\"&gt;&lt;/iframe&gt;", "height": 200, "media_domain_url": "https://www.redditmedia.com/mediaembed/1153x2k", "scrolling": false, "width": 356}, "selftext": "[deleted]", "send_replies": true, "spoiler": false, "stickied": false, "subreddit": "ThePPShow", "subreddit_id": "t5_7q5o7y", "subreddit_name_prefixed": "r/ThePPShow", "subreddit_subscribers": 581, "subreddit_type": "public", "suggested_sort": null, "thumbnail": "default", "thumbnail_height": 105, "thumbnail_width": 140, "title": "THEPPSHOW STARTING NOW!", "top_awarded_type": null, "total_awards_received": 0, "treatment_tags": [], "upvote_ratio": 1.0, "url": "", "url_overridden_by_dest": "", "view_count": null, "whitelist_status": null, "wls": null}], "metadata": {"op_a": 58, "op_b": 49, "total": 108}, "error": null}