{"data": [{"all_awardings": [], "allow_live_comments": false, "archived": false, "author": "Jfart1", "author_created_utc": 1623945867, "author_flair_background_color": null, "author_flair_css_class": null, "author_flair_richtext": [], "author_flair_template_id": null, "author_flair_text": null, "author_flair_text_color": null, "author_flair_type": "text", "author_fullname": "t2_cs30rwhj", "author_patreon_flair": false, "author_premium": false, "awarders": [], "banned_by": null, "can_gild": true, "can_mod_post": false, "category": null, "content_categories": null, "contest_mode": false, "created_utc": 1677196796, "discussion_type": null, "distinguished": null, "domain": "self.ThePPShow", "edited": false, "gilded": 0, "gildings": {}, "hidden": false, "hide_score": false, "id": "11acwrr", "is_created_from_ads_ui": false, "is_crosspostable": true, "is_meta": false, "is_original_content": false, "is_reddit_media_domain": false, "is_robot_indexable": true, "is_self": true, "is_video": false, "link_flair_background_color": "", "link_flair_css_class": null, "link_flair_richtext": [], "link_flair_text": null, "link_flair_text_color": "dark", "link_flair_type": "text", "locked": false, "media": null, "media_embed": {}, "media_only": false, "name": "t3_11acwrr", "no_follow": false, "num_comments": 3, "num_crossposts": 0, "over_18": false, "parent_whitelist_status": null, "permalink": "/r/ThePPShow/comments/11acwrr/you_know_youve_made_it_when_you_buy_a_turtleneck/", "pinned": false, "post_hint": "self", "preview": {"enabled": false, "images": [{"id": "4zk5yMMTnAR0-yLPM644EgC-7y58GyfEMCTzEqP6c2Q", "resolutions": [{"height": 56, "url": "https://external-preview.redd.it/LKHZIYF-rPN7dUwfu2P7P3v6IqnEiWNsFWIkhikSk3M.jpg?width=108&amp;crop=smart&amp;auto=webp&amp;v=enabled&amp;s=b526ab7d91f83b6bd8f82deadae0386a5d20cb2f", "width": 108}, {"height": 113, "url": "https://external-preview.redd.it/LKHZIYF-rPN7dUwfu2P7P3v6IqnEiWNsFWIkhikSk3M.jpg?width=216&amp;crop=smart&amp;auto=webp&amp;v=enabled&amp;s=36519e8177c6ccee7a32d50bc9f89076f6337907", "width": 216}, {"height": 168, "url": "https://external-preview.redd.it/LKHZIYF-rPN7dUwfu2P7P3v6IqnEiWNsFWIkhikSk3M.jpg?width=320&amp;crop=smart&amp;auto=webp&amp;v=enabled&amp;s=44506cc5a07d424d9bdf3eed934703bf24d173ec", "width": 320}, {"height": 336, "url": "https://external-preview.redd.it/LKHZIYF-rPN7dUwfu2P7P3v6IqnEiWNsFWIkhikSk3M.jpg?width=640&amp;crop=smart&amp;auto=webp&amp;v=enabled&amp;s=b74915cf72ac6de65a8f3adb6303b77abfa267cc", "width": 640}, {"height": 504, "url": "https://external-preview.redd.it/LKHZIYF-rPN7dUwfu2P7P3v6IqnEiWNsFWIkhikSk3M.jpg?width=960&amp;crop=smart&amp;auto=webp&amp;v=enabled&amp;s=8204db005a2bd15c812cb3fe9ff964903c5f771f", "width": 960}, {"height": 567, "url": "https://external-preview.redd.it/LKHZIYF-rPN7dUwfu2P7P3v6IqnEiWNsFWIkhikSk3M.jpg?width=1080&amp;crop=smart&amp;auto=webp&amp;v=enabled&amp;s=2d6f72d5bda7f151ddbc3b7a4062761a3eaa6f1b", "width": 1080}], "source": {"height": 630, "url": "https://external-preview.redd.it/LKHZIYF-rPN7dUwfu2P7P3v6IqnEiWNsFWIkhikSk3M.jpg?auto=webp&amp;v=enabled&amp;s=6d81a0c7cd5e39e77f1a9bc9f094976289f2f61a", "width": 1200}, "variants": {}}]}, "pwls": null, "quarantine": false, "removed_by": null, "removed_by_category": null, "retrieved_on": 1678316266, "score": 8, "secure_media": null, "secure_media_embed": {}, "selftext": "Any TA guys interested in digging into this this turtle strategy in comparison to BBBY\u2019s charts?\n\nAs ABC, JT and others mentioned on the PPshow, there has been a series of option ramps built months in advanced.  \n\nThere is a older trading strategy associated with the turtle. I believe the original involves long and short positions but when looking at [TradingView turtle strategies](https://www.tradingview.com/scripts/turtle/) I\u2019ve begun to wonder if ABC\u2019s long and strong bear trap squeeze play is correct. \n\nHave these option ramps been created time and time again as a play knowing the nature of a greedy SHF? \n\nIm starting to believe part of this turtle strategy has something to do with the setting of the bear trap. Did he bait the the shorts in with the turtle strategy and if so would the neck of the turtle strategy predict the squeeze, his entrance or exit? \n\nI swear its related in one way or another but my TA is no art form. Any thoughts?", "send_replies": true, "spoiler": false, "stickied": false, "subreddit": "ThePPShow", "subreddit_id": "t5_7q5o7y", "subreddit_name_prefixed": "r/ThePPShow", "subreddit_subscribers": 580, "subreddit_type": "public", "suggested_sort": null, "thumbnail": "self", "thumbnail_height": null, "thumbnail_width": null, "title": "\u201cYou know you\u2019ve made it when you buy a turtleneck\u201d play?", "top_awarded_type": null, "total_awards_received": 0, "treatment_tags": [], "upvote_ratio": 0.83, "url": "https://www.reddit.com/r/ThePPShow/comments/11acwrr/you_know_youve_made_it_when_you_buy_a_turtleneck/", "view_count": null, "whitelist_status": null, "wls": null}, {"all_awardings": [{"award_sub_type": "GLOBAL", "award_type": "global", "awardings_required_to_grant_benefits": null, "coin_price": 1800, "coin_reward": 0, "count": 1, "days_of_drip_extension": 31, "days_of_premium": 31, "description": "Gives 700 Reddit Coins and a month of r/lounge access and ad-free browsing.", "end_date": null, "giver_coin_reward": null, "icon_format": null, "icon_height": 512, "icon_url": "https://www.redditstatic.com/gold/awards/icon/platinum_512.png", "icon_width": 512, "id": "gid_3", "is_enabled": true, "is_new": false, "name": "Platinum", "penny_donate": null, "penny_price": null, "resized_icons": [{"height": 16, "url": "https://www.redditstatic.com/gold/awards/icon/platinum_16.png", "width": 16}, {"height": 32, "url": "https://www.redditstatic.com/gold/awards/icon/platinum_32.png", "width": 32}, {"height": 48, "url": "https://www.redditstatic.com/gold/awards/icon/platinum_48.png", "width": 48}, {"height": 64, "url": "https://www.redditstatic.com/gold/awards/icon/platinum_64.png", "width": 64}, {"height": 128, "url": "https://www.redditstatic.com/gold/awards/icon/platinum_128.png", "width": 128}], "resized_static_icons": [{"height": 16, "url": "https://www.redditstatic.com/gold/awards/icon/platinum_16.png", "width": 16}, {"height": 32, "url": "https://www.redditstatic.com/gold/awards/icon/platinum_32.png", "width": 32}, {"height": 48, "url": "https://www.redditstatic.com/gold/awards/icon/platinum_48.png", "width": 48}, {"height": 64, "url": "https://www.redditstatic.com/gold/awards/icon/platinum_64.png", "width": 64}, {"height": 128, "url": "https://www.redditstatic.com/gold/awards/icon/platinum_128.png", "width": 128}], "start_date": null, "static_icon_height": 512, "static_icon_url": "https://www.redditstatic.com/gold/awards/icon/platinum_512.png", "static_icon_width": 512, "sticky_duration_seconds": null, "subreddit_coin_reward": 0, "subreddit_id": null, "tiers_by_required_awardings": null}], "allow_live_comments": false, "archived": false, "author": "ppseeds", "author_created_utc": 1518222553, "author_flair_background_color": null, "author_flair_css_class": null, "author_flair_richtext": [], "author_flair_template_id": null, "author_flair_text": null, "author_flair_text_color": null, "author_flair_type": "text", "author_fullname": "t2_w7v9rg0", "author_patreon_flair": false, "author_premium": true, "awarders": [], "banned_by": null, "can_gild": true, "can_mod_post": false, "category": null, "content_categories": null, "contest_mode": false, "created_utc": 1677192333, "discussion_type": null, "distinguished": null, "domain": "i.redd.it", "edited": false, "gilded": 0, "gildings": {"gid_3": 1}, "hidden": false, "hide_score": false, "id": "11ab67i", "is_created_from_ads_ui": false, "is_crosspostable": true, "is_meta": false, "is_original_content": false, "is_reddit_media_domain": true, "is_robot_indexable": true, "is_self": false, "is_video": false, "link_flair_background_color": "#ffd635", "link_flair_css_class": "", "link_flair_richtext": [], "link_flair_template_id": "b479f938-a5ec-11ed-8dc6-06e6317e03d0", "link_flair_text": "memes", "link_flair_text_color": "dark", "link_flair_type": "text", "locked": false, "media": null, "media_embed": {}, "media_only": false, "name": "t3_11ab67i", "no_follow": false, "num_comments": 14, "num_crossposts": 0, "over_18": false, "parent_whitelist_status": null, "permalink": "/r/ThePPShow/comments/11ab67i/thank_you_to_everyone_who_supports_theppshow_irl/", "pinned": false, "post_hint": "image", "preview": {"enabled": true, "images": [{"id": "poc_5x3STshSxb_caBmWXVe5fWRpqaG6t0GQNAMzL04", "resolutions": [{"height": 60, "url": "https://preview.redd.it/pr7cvtmw52ka1.jpg?width=108&amp;crop=smart&amp;auto=webp&amp;v=enabled&amp;s=9a710ad8ca2ad2ba2a47a810e6dd46ef138d126a", "width": 108}, {"height": 120, "url": "https://preview.redd.it/pr7cvtmw52ka1.jpg?width=216&amp;crop=smart&amp;auto=webp&amp;v=enabled&amp;s=b1c357eca7c10869712fc1e892521ccbd04c0c4f", "width": 216}, {"height": 178, "url": "https://preview.redd.it/pr7cvtmw52ka1.jpg?width=320&amp;crop=smart&amp;auto=webp&amp;v=enabled&amp;s=24b00f908631e74f45a91ea9a53fa50b22150e52", "width": 320}], "source": {"height": 328, "url": "https://preview.redd.it/pr7cvtmw52ka1.jpg?auto=webp&amp;v=enabled&amp;s=4547904c57d3efdb0154d22cbf93d1e1a9ca90de", "width": 587}, "variants": {}}]}, "pwls": null, "quarantine": false, "removed_by": null, "removed_by_category": null, "retrieved_on": 1678316342, "score": 46, "secure_media": null, "secure_media_embed": {}, "selftext": "", "send_replies": true, "spoiler": false, "stickied": false, "subreddit": "ThePPShow", "subreddit_id": "t5_7q5o7y", "subreddit_name_prefixed": "r/ThePPShow", "subreddit_subscribers": 580, "subreddit_type": "public", "suggested_sort": null, "thumbnail": "https://b.thumbs.redditmedia.com/Q-kyMIlzISu5b4KRpw82-G7oYg-2-78o4zJk8Mu2cJg.jpg", "thumbnail_height": 78, "thumbnail_width": 140, "title": "Thank you to everyone who supports ThePPShow!! IRL I\u2019m a huge introvert and hate hanging with people lol", "top_awarded_type": null, "total_awards_received": 1, "treatment_tags": [], "upvote_ratio": 0.98, "url": "https://i.redd.it/pr7cvtmw52ka1.jpg", "url_overridden_by_dest": "https://i.redd.it/pr7cvtmw52ka1.jpg", "view_count": null, "whitelist_status": null, "wls": null}, {"all_awardings": [], "allow_live_comments": false, "archived": false, "author": "[deleted]", "author_created_utc": null, "author_flair_background_color": "", "author_flair_css_class": null, "author_flair_template_id": null, "author_flair_text": null, "author_flair_text_color": "dark", "awarders": [], "banned_by": null, "can_gild": false, "can_mod_post": false, "category": null, "content_categories": null, "contest_mode": false, "created_utc": 1677187365, "discussion_type": null, "distinguished": null, "domain": "", "edited": false, "gilded": 0, "gildings": {}, "hidden": false, "hide_score": false, "id": "11a95pl", "is_created_from_ads_ui": false, "is_crosspostable": false, "is_meta": false, "is_original_content": false, "is_reddit_media_domain": false, "is_robot_indexable": false, "is_self": true, "is_video": false, "link_flair_background_color": "", "link_flair_css_class": null, "link_flair_richtext": [], "link_flair_text": null, "link_flair_text_color": "dark", "link_flair_type": "text", "locked": false, "media": null, "media_embed": {}, "media_metadata": null, "media_only": false, "name": "t3_11a95pl", "no_follow": false, "num_comments": 4, "num_crossposts": 0, "over_18": false, "parent_whitelist_status": null, "permalink": "/r/ThePPShow/comments/11a95pl/gmerica_is_now_a_live_trademark_published_for/", "pinned": false, "pwls": null, "quarantine": false, "removed_by": null, "removed_by_category": "deleted", "retrieved_on": 1678316431, "score": 18, "secure_media": null, "secure_media_embed": {}, "selftext": "[deleted]", "send_replies": true, "spoiler": false, "stickied": false, "subreddit": "ThePPShow", "subreddit_id": "t5_7q5o7y", "subreddit_name_prefixed": "r/ThePPShow", "subreddit_subscribers": 580, "subreddit_type": "public", "suggested_sort": null, "thumbnail": "default", "thumbnail_height": 140, "thumbnail_width": 140, "title": "GMERICA\u00ae is now a live trademark published for opposition - - LET's goooooo!!", "top_awarded_type": null, "total_awards_received": 0, "treatment_tags": [], "upvote_ratio": 0.95, "url": "", "view_count": null, "whitelist_status": null, "wls": null}, {"all_awardings": [], "allow_live_comments": false, "archived": false, "author": "[deleted]", "author_created_utc": null, "author_flair_background_color": "", "author_flair_css_class": null, "author_flair_template_id": null, "author_flair_text": null, "author_flair_text_color": "dark", "awarders": [], "banned_by": null, "can_gild": false, "can_mod_post": false, "category": null, "content_categories": null, "contest_mode": false, "created_utc": 1677113169, "discussion_type": null, "distinguished": null, "domain": "", "edited": false, "gilded": 0, "gildings": {}, "hidden": false, "hide_score": false, "id": "119jgja", "is_created_from_ads_ui": false, "is_crosspostable": false, "is_meta": false, "is_original_content": false, "is_reddit_media_domain": false, "is_robot_indexable": false, "is_self": false, "is_video": false, "link_flair_background_color": "#ffd635", "link_flair_css_class": "", "link_flair_richtext": [], "link_flair_template_id": "cf8e4b00-8f0a-11ed-bcf5-ea5ecab695a0", "link_flair_text": "Stream Live Chat", "link_flair_text_color": "dark", "link_flair_type": "text", "locked": false, "media": {"oembed": {"author_name": "ThePPshow", "author_url": "https://www.youtube.com/@ThePPshow", "height": 200, "html": "&lt;iframe width=\"356\" height=\"200\" src=\"https://www.youtube.com/embed/WfNC-Jy7OkM?feature=oembed&amp;enablejsapi=1\" frameborder=\"0\" allow=\"accelerometer; autoplay; clipboard-write; encrypted-media; gyroscope; picture-in-picture; web-share\" allowfullscreen title=\"ThePPShow BBBY Livestream\"&gt;&lt;/iframe&gt;", "provider_name": "YouTube", "provider_url": "https://www.youtube.com/", "thumbnail_height": 360, "thumbnail_url": "https://i.ytimg.com/vi/WfNC-Jy7OkM/hqdefault.jpg", "thumbnail_width": 480, "title": "ThePPShow BBBY Livestream", "type": "video", "version": "1.0", "width": 356}, "type": "youtube.com"}, "media_embed": {"content": "&lt;iframe width=\"356\" height=\"200\" src=\"https://www.youtube.com/embed/WfNC-Jy7OkM?feature=oembed&amp;enablejsapi=1\" frameborder=\"0\" allow=\"accelerometer; autoplay; clipboard-write; encrypted-media; gyroscope; picture-in-picture; web-share\" allowfullscreen title=\"ThePPShow BBBY Livestream\"&gt;&lt;/iframe&gt;", "height": 200, "scrolling": false, "width": 356}, "media_only": false, "name": "t3_119jgja", "no_follow": false, "num_comments": 1, "num_crossposts": 0, "over_18": false, "parent_whitelist_status": null, "permalink": "/r/ThePPShow/comments/119jgja/theppshow_is_starting_shortly_grab_a_beer_and/", "pinned": false, "pwls": null, "quarantine": false, "removed_by": null, "removed_by_category": "deleted", "retrieved_on": 1678317601, "score": 7, "secure_media": {"oembed": {"author_name": "ThePPshow", "author_url": "https://www.youtube.com/@ThePPshow", "height": 200, "html": "&lt;iframe width=\"356\" height=\"200\" src=\"https://www.youtube.com/embed/WfNC-Jy7OkM?feature=oembed&amp;enablejsapi=1\" frameborder=\"0\" allow=\"accelerometer; autoplay; clipboard-write; encrypted-media; gyroscope; picture-in-picture; web-share\" allowfullscreen title=\"ThePPShow BBBY Livestream\"&gt;&lt;/iframe&gt;", "provider_name": "YouTube", "provider_url": "https://www.youtube.com/", "thumbnail_height": 360, "thumbnail_url": "https://i.ytimg.com/vi/WfNC-Jy7OkM/hqdefault.jpg", "thumbnail_width": 480, "title": "ThePPShow BBBY Livestream", "type": "video", "version": "1.0", "width": 356}, "type": "youtube.com"}, "secure_media_embed": {"content": "&lt;iframe width=\"356\" height=\"200\" src=\"https://www.youtube.com/embed/WfNC-Jy7OkM?feature=oembed&amp;enablejsapi=1\" frameborder=\"0\" allow=\"accelerometer; autoplay; clipboard-write; encrypted-media; gyroscope; picture-in-picture; web-share\" allowfullscreen title=\"ThePPShow BBBY Livestream\"&gt;&lt;/iframe&gt;", "height": 200, "media_domain_url": "https://www.redditmedia.com/mediaembed/119jgja", "scrolling": false, "width": 356}, "selftext": "[deleted]", "send_replies": true, "spoiler": false, "stickied": false, "subreddit": "ThePPShow", "subreddit_id": "t5_7q5o7y", "subreddit_name_prefixed": "r/ThePPShow", "subreddit_subscribers": 580, "subreddit_type": "public", "suggested_sort": null, "thumbnail": "default", "thumbnail_height": 105, "thumbnail_width": 140, "title": "ThePPShow is starting shortly! Grab a beer and lets talk our fav stock!! BBBY!", "top_awarded_type": null, "total_awards_received": 0, "treatment_tags": [], "upvote_ratio": 0.82, "url": "", "url_overridden_by_dest": "", "view_count": null, "whitelist_status": null, "wls": null}], "metadata": {"op_a": 57, "op_b": 48, "total": 106}, "error": null}