{"data": [{"all_awardings": [], "allow_live_comments": false, "archived": false, "author": "[deleted]", "author_created_utc": null, "author_flair_background_color": "", "author_flair_css_class": null, "author_flair_template_id": null, "author_flair_text": null, "author_flair_text_color": "dark", "awarders": [], "banned_by": null, "can_gild": false, "can_mod_post": false, "category": null, "content_categories": null, "contest_mode": false, "created_utc": 1675294275, "discussion_type": null, "distinguished": null, "domain": "", "edited": 1675296203.0, "gilded": 0, "gildings": {}, "hidden": false, "hide_score": false, "id": "10r9w79", "is_created_from_ads_ui": false, "is_crosspostable": false, "is_meta": false, "is_original_content": false, "is_reddit_media_domain": false, "is_robot_indexable": false, "is_self": true, "is_video": false, "link_flair_background_color": "", "link_flair_css_class": null, "link_flair_richtext": [], "link_flair_text": null, "link_flair_text_color": "dark", "link_flair_type": "text", "locked": false, "media": null, "media_embed": {}, "media_metadata": null, "media_only": false, "name": "t3_10r9w79", "no_follow": false, "num_comments": 5, "num_crossposts": 1, "over_18": false, "parent_whitelist_status": null, "permalink": "/r/ThePPShow/comments/10r9w79/the_final_showdown_will_happen_soon_then_we_go/", "pinned": false, "pwls": null, "quarantine": false, "removed_by": null, "removed_by_category": "deleted", "retrieved_on": 1678343944, "score": 11, "secure_media": null, "secure_media_embed": {}, "selftext": "[deleted]", "send_replies": true, "spoiler": false, "stickied": false, "subreddit": "ThePPShow", "subreddit_id": "t5_7q5o7y", "subreddit_name_prefixed": "r/ThePPShow", "subreddit_subscribers": 582, "subreddit_type": "public", "suggested_sort": null, "thumbnail": "default", "thumbnail_height": null, "thumbnail_width": null, "title": "The final showdown will happen soon THEN we go \"Straight to the Moon\" Video. Spoiler Alert! BBBY / Bed Bath &amp; Beyond", "top_awarded_type": null, "total_awards_received": 0, "treatment_tags": [], "upvote_ratio": 0.92, "url": "", "view_count": null, "whitelist_status": null, "wls": null}, {"all_awardings": [], "allow_live_comments": false, "archived": false, "author": "[deleted]", "author_created_utc": null, "author_flair_background_color": "", "author_flair_css_class": null, "author_flair_template_id": null, "author_flair_text": null, "author_flair_text_color": "dark", "awarders": [], "banned_by": null, "can_gild": false, "can_mod_post": false, "category": null, "content_categories": null, "contest_mode": false, "created_utc": 1675284385, "discussion_type": null, "distinguished": null, "domain": "", "edited": false, "gilded": 0, "gildings": {}, "hidden": false, "hide_score": false, "id": "10r5ncf", "is_created_from_ads_ui": false, "is_crosspostable": false, "is_meta": false, "is_original_content": false, "is_reddit_media_domain": false, "is_robot_indexable": false, "is_self": true, "is_video": false, "link_flair_background_color": "", "link_flair_css_class": null, "link_flair_richtext": [], "link_flair_text": null, "link_flair_text_color": "dark", "link_flair_type": "text", "locked": false, "media": null, "media_embed": {}, "media_only": false, "name": "t3_10r5ncf", "no_follow": true, "num_comments": 0, "num_crossposts": 0, "over_18": false, "parent_whitelist_status": null, "permalink": "/r/ThePPShow/comments/10r5ncf/straight_to_the_moon_or_mars_bbby_teaser_video/", "pinned": false, "pwls": null, "quarantine": false, "removed_by": null, "removed_by_category": "deleted", "retrieved_on": 1678344117, "score": 1, "secure_media": null, "secure_media_embed": {}, "selftext": "[deleted]", "send_replies": true, "spoiler": true, "stickied": false, "subreddit": "ThePPShow", "subreddit_id": "t5_7q5o7y", "subreddit_name_prefixed": "r/ThePPShow", "subreddit_subscribers": 582, "subreddit_type": "public", "suggested_sort": null, "thumbnail": "default", "thumbnail_height": null, "thumbnail_width": null, "title": "Straight to the Moon or Mars - BBBY - Teaser Video", "top_awarded_type": null, "total_awards_received": 0, "treatment_tags": [], "upvote_ratio": 1.0, "url": "", "view_count": null, "whitelist_status": null, "wls": null}, {"all_awardings": [], "allow_live_comments": false, "archived": false, "author": "[deleted]", "author_created_utc": null, "author_flair_background_color": "", "author_flair_css_class": null, "author_flair_template_id": null, "author_flair_text": null, "author_flair_text_color": "dark", "awarders": [], "banned_by": null, "can_gild": false, "can_mod_post": false, "category": null, "content_categories": null, "contest_mode": false, "created_utc": 1675282373, "crosspost_parent": "t3_10r2nvh", "crosspost_parent_list": [{"all_awardings": [{"award_sub_type": "GLOBAL", "award_type": "global", "awardings_required_to_grant_benefits": null, "coin_price": 100, "coin_reward": 0, "count": 2, "days_of_drip_extension": null, "days_of_premium": null, "description": "C'est magnifique", "end_date": null, "giver_coin_reward": null, "icon_format": "PNG", "icon_height": 2048, "icon_url": "https://i.redd.it/award_images/t5_22cerq/2juh333m40n51_Masterpiece.png", "icon_width": 2048, "id": "award_b4072731-c0fb-4440-adc7-1063d6a5e6a0", "is_enabled": true, "is_new": false, "name": "Masterpiece", "penny_donate": null, "penny_price": 0, "resized_icons": [{"height": 16, "url": "https://preview.redd.it/award_images/t5_22cerq/2juh333m40n51_Masterpiece.png?width=16&amp;height=16&amp;auto=webp&amp;v=enabled&amp;s=f162f61ae363f12c02888e737f2cb16c1ef1ec76", "width": 16}, {"height": 32, "url": "https://preview.redd.it/award_images/t5_22cerq/2juh333m40n51_Masterpiece.png?width=32&amp;height=32&amp;auto=webp&amp;v=enabled&amp;s=302682d840033201255a2fe2a105ec45cf67a693", "width": 32}, {"height": 48, "url": "https://preview.redd.it/award_images/t5_22cerq/2juh333m40n51_Masterpiece.png?width=48&amp;height=48&amp;auto=webp&amp;v=enabled&amp;s=f3f42da8b2928719f6af5f911ee64bff5e974e99", "width": 48}, {"height": 64, "url": "https://preview.redd.it/award_images/t5_22cerq/2juh333m40n51_Masterpiece.png?width=64&amp;height=64&amp;auto=webp&amp;v=enabled&amp;s=c7cd07a1e46f052689ccab7ad98a6ae6c817d3fa", "width": 64}, {"height": 128, "url": "https://preview.redd.it/award_images/t5_22cerq/2juh333m40n51_Masterpiece.png?width=128&amp;height=128&amp;auto=webp&amp;v=enabled&amp;s=293a8a8f684b86bd4ecf9c5a02d4fb00fc37a105", "width": 128}], "resized_static_icons": [{"height": 16, "url": "https://preview.redd.it/award_images/t5_22cerq/2juh333m40n51_Masterpiece.png?width=16&amp;height=16&amp;auto=webp&amp;v=enabled&amp;s=f162f61ae363f12c02888e737f2cb16c1ef1ec76", "width": 16}, {"height": 32, "url": "https://preview.redd.it/award_images/t5_22cerq/2juh333m40n51_Masterpiece.png?width=32&amp;height=32&amp;auto=webp&amp;v=enabled&amp;s=302682d840033201255a2fe2a105ec45cf67a693", "width": 32}, {"height": 48, "url": "https://preview.redd.it/award_images/t5_22cerq/2juh333m40n51_Masterpiece.png?width=48&amp;height=48&amp;auto=webp&amp;v=enabled&amp;s=f3f42da8b2928719f6af5f911ee64bff5e974e99", "width": 48}, {"height": 64, "url": "https://preview.redd.it/award_images/t5_22cerq/2juh333m40n51_Masterpiece.png?width=64&amp;height=64&amp;auto=webp&amp;v=enabled&amp;s=c7cd07a1e46f052689ccab7ad98a6ae6c817d3fa", "width": 64}, {"height": 128, "url": "https://preview.redd.it/award_images/t5_22cerq/2juh333m40n51_Masterpiece.png?width=128&amp;height=128&amp;auto=webp&amp;v=enabled&amp;s=293a8a8f684b86bd4ecf9c5a02d4fb00fc37a105", "width": 128}], "start_date": null, "static_icon_height": 2048, "static_icon_url": "https://i.redd.it/award_images/t5_22cerq/2juh333m40n51_Masterpiece.png", "static_icon_width": 2048, "sticky_duration_seconds": null, "subreddit_coin_reward": 0, "subreddit_id": null, "tiers_by_required_awardings": null}], "allow_live_comments": true, "approved_at_utc": null, "approved_by": null, "archived": false, "author": "moonshot_69", "author_flair_background_color": "#373c3f", "author_flair_css_class": null, "author_flair_richtext": [{"e": "text", "t": "Teddy unlocks MOASS \ud83e\udd2c\ud83d\udc3b\ud83c\udde8\ud83c\uddf3"}], "author_flair_template_id": "8abdf72e-f3ce-11eb-b3e3-22147bc43b70", "author_flair_text": "Teddy unlocks MOASS \ud83e\udd2c\ud83d\udc3b\ud83c\udde8\ud83c\uddf3", "author_flair_text_color": "light", "author_flair_type": "richtext", "author_fullname": "t2_rpv9h1mq", "author_is_blocked": false, "author_patreon_flair": false, "author_premium": true, "awarders": [], "banned_at_utc": null, "banned_by": null, "can_gild": true, "can_mod_post": false, "category": null, "clicked": false, "content_categories": null, "contest_mode": false, "created": 1675277590.0, "created_utc": 1675277590.0, "discussion_type": null, "distinguished": null, "domain": "reddit.com", "downs": 0, "edited": false, "gallery_data": {"items": [{"id": 235999412, "media_id": "mcwl5n3vimfa1"}, {"id": 235999413, "media_id": "hjx17n3vimfa1"}, {"id": 235999414, "media_id": "w6nqym3vimfa1"}, {"id": 235999415, "media_id": "pwml7n3vimfa1"}, {"id": 235999416, "media_id": "wxzuen3vimfa1"}, {"id": 235999417, "media_id": "hvuo2n3vimfa1"}, {"id": 235999418, "media_id": "cvxpom3vimfa1"}, {"id": 235999419, "media_id": "00rfln3vimfa1"}, {"id": 235999420, "media_id": "wrpazm3vimfa1"}, {"id": 235999421, "media_id": "ztlvgn3vimfa1"}, {"id": 235999422, "media_id": "61sg5n3vimfa1"}, {"id": 235999423, "media_id": "3ynaym3vimfa1"}]}, "gilded": 0, "gildings": {}, "hidden": false, "hide_score": false, "id": "10r2nvh", "is_created_from_ads_ui": false, "is_crosspostable": true, "is_gallery": true, "is_meta": false, "is_original_content": false, "is_reddit_media_domain": false, "is_robot_indexable": true, "is_self": false, "is_video": false, "likes": null, "link_flair_background_color": "#ffd635", "link_flair_css_class": "", "link_flair_richtext": [{"e": "text", "t": "\ud83d\udca1 Education"}], "link_flair_template_id": "37ec242e-984f-11eb-94c6-0e8d0acce789", "link_flair_text": "\ud83d\udca1 Education", "link_flair_text_color": "dark", "link_flair_type": "richtext", "locked": false, "media": null, "media_embed": {}, "media_metadata": {"00rfln3vimfa1": {"e": "Image", "id": "00rfln3vimfa1", "m": "image/jpg", "p": [{"u": "https://preview.redd.it/00rfln3vimfa1.jpg?width=108&amp;crop=smart&amp;auto=webp&amp;v=enabled&amp;s=751be1bb1d573f6ea058bf7cb748c0ccc5342cf5", "x": 108, "y": 49}, {"u": "https://preview.redd.it/00rfln3vimfa1.jpg?width=216&amp;crop=smart&amp;auto=webp&amp;v=enabled&amp;s=ca26c09ac8e99745d594884b97f70d589806cd4f", "x": 216, "y": 99}, {"u": "https://preview.redd.it/00rfln3vimfa1.jpg?width=320&amp;crop=smart&amp;auto=webp&amp;v=enabled&amp;s=f0169a7ee7271e8d1ea68ebea7ad1094641f4183", "x": 320, "y": 147}, {"u": "https://preview.redd.it/00rfln3vimfa1.jpg?width=640&amp;crop=smart&amp;auto=webp&amp;v=enabled&amp;s=28f95a84880359964539002cd88984d44bbd0314", "x": 640, "y": 295}, {"u": "https://preview.redd.it/00rfln3vimfa1.jpg?width=960&amp;crop=smart&amp;auto=webp&amp;v=enabled&amp;s=53318751e5033ca16a0ab03e4d5f9dbb43cbda41", "x": 960, "y": 443}, {"u": "https://preview.redd.it/00rfln3vimfa1.jpg?width=1080&amp;crop=smart&amp;auto=webp&amp;v=enabled&amp;s=7cec10ca36a9d93fd414fac3d4b9242503b9007e", "x": 1080, "y": 498}], "s": {"u": "https://preview.redd.it/00rfln3vimfa1.jpg?width=2436&amp;format=pjpg&amp;auto=webp&amp;v=enabled&amp;s=d67c591a74a524e7bfbada06ce71fdfd7cbcdb06", "x": 2436, "y": 1125}, "status": "valid"}, "3ynaym3vimfa1": {"e": "Image", "id": "3ynaym3vimfa1", "m": "image/jpg", "p": [{"u": "https://preview.redd.it/3ynaym3vimfa1.jpg?width=108&amp;crop=smart&amp;auto=webp&amp;v=enabled&amp;s=20ebcd9ce9d19e9a926ebbeaabaee5c483a93ccc", "x": 108, "y": 49}, {"u": "https://preview.redd.it/3ynaym3vimfa1.jpg?width=216&amp;crop=smart&amp;auto=webp&amp;v=enabled&amp;s=c1666d9f1d422dcea71ec249708a80329b0f0457", "x": 216, "y": 99}, {"u": "https://preview.redd.it/3ynaym3vimfa1.jpg?width=320&amp;crop=smart&amp;auto=webp&amp;v=enabled&amp;s=b10d329dc5c781797a8fcaaf4b0b0e67310898b7", "x": 320, "y": 147}, {"u": "https://preview.redd.it/3ynaym3vimfa1.jpg?width=640&amp;crop=smart&amp;auto=webp&amp;v=enabled&amp;s=1a2ba799e07dced182a8530ef2f3843947deae17", "x": 640, "y": 295}, {"u": "https://preview.redd.it/3ynaym3vimfa1.jpg?width=960&amp;crop=smart&amp;auto=webp&amp;v=enabled&amp;s=7b02da6bc3d7e9895ce46a2067851a87eb93e2a6", "x": 960, "y": 443}, {"u": "https://preview.redd.it/3ynaym3vimfa1.jpg?width=1080&amp;crop=smart&amp;auto=webp&amp;v=enabled&amp;s=e6061c9301a0e4caf713aa74a9368ddf3e738aa2", "x": 1080, "y": 498}], "s": {"u": "https://preview.redd.it/3ynaym3vimfa1.jpg?width=2436&amp;format=pjpg&amp;auto=webp&amp;v=enabled&amp;s=e2b123014ebd738300b8adb3ecedd4e033a4937f", "x": 2436, "y": 1125}, "status": "valid"}, "61sg5n3vimfa1": {"e": "Image", "id": "61sg5n3vimfa1", "m": "image/jpg", "p": [{"u": "https://preview.redd.it/61sg5n3vimfa1.jpg?width=108&amp;crop=smart&amp;auto=webp&amp;v=enabled&amp;s=f081c23d5b6574d1d8d8e3442b8c6ebb4a67dec8", "x": 108, "y": 49}, {"u": "https://preview.redd.it/61sg5n3vimfa1.jpg?width=216&amp;crop=smart&amp;auto=webp&amp;v=enabled&amp;s=854fdd154bae6253989ffd2cb0e44d51a84b2718", "x": 216, "y": 99}, {"u": "https://preview.redd.it/61sg5n3vimfa1.jpg?width=320&amp;crop=smart&amp;auto=webp&amp;v=enabled&amp;s=51472c94e8b991273a5b2dba4bcbfcd07ed34e4f", "x": 320, "y": 147}, {"u": "https://preview.redd.it/61sg5n3vimfa1.jpg?width=640&amp;crop=smart&amp;auto=webp&amp;v=enabled&amp;s=c8725e623ace99e7846826aca98b7f97e6eb1b19", "x": 640, "y": 295}, {"u": "https://preview.redd.it/61sg5n3vimfa1.jpg?width=960&amp;crop=smart&amp;auto=webp&amp;v=enabled&amp;s=a40be12889fc209883e48ca9ec27ef7c472bdac4", "x": 960, "y": 443}, {"u": "https://preview.redd.it/61sg5n3vimfa1.jpg?width=1080&amp;crop=smart&amp;auto=webp&amp;v=enabled&amp;s=c48b5dc64685f92366eec1f94eaf5ee8efbdd2dc", "x": 1080, "y": 498}], "s": {"u": "https://preview.redd.it/61sg5n3vimfa1.jpg?width=2436&amp;format=pjpg&amp;auto=webp&amp;v=enabled&amp;s=799389eed3b67ade727330083d47dc8a4be08d21", "x": 2436, "y": 1125}, "status": "valid"}, "cvxpom3vimfa1": {"e": "Image", "id": "cvxpom3vimfa1", "m": "image/jpg", "p": [{"u": "https://preview.redd.it/cvxpom3vimfa1.jpg?width=108&amp;crop=smart&amp;auto=webp&amp;v=enabled&amp;s=f458898d09205cc17d115e940bf83c4e4a4d823d", "x": 108, "y": 49}, {"u": "https://preview.redd.it/cvxpom3vimfa1.jpg?width=216&amp;crop=smart&amp;auto=webp&amp;v=enabled&amp;s=628c9e8fe2c3a6e5eaaf4b5ca9e3319c2c3ef27a", "x": 216, "y": 99}, {"u": "https://preview.redd.it/cvxpom3vimfa1.jpg?width=320&amp;crop=smart&amp;auto=webp&amp;v=enabled&amp;s=846f0e534d87cb1271795b977d45598142a516c2", "x": 320, "y": 147}, {"u": "https://preview.redd.it/cvxpom3vimfa1.jpg?width=640&amp;crop=smart&amp;auto=webp&amp;v=enabled&amp;s=e169cbb07084c5b6cfb4b932ab9c92c60ccd38d2", "x": 640, "y": 295}, {"u": "https://preview.redd.it/cvxpom3vimfa1.jpg?width=960&amp;crop=smart&amp;auto=webp&amp;v=enabled&amp;s=5c1bfc75aa3f4c185d6637b973adeb26a83f666c", "x": 960, "y": 443}, {"u": "https://preview.redd.it/cvxpom3vimfa1.jpg?width=1080&amp;crop=smart&amp;auto=webp&amp;v=enabled&amp;s=211aa7b6ca51c3684a9da61c6675124131996b5d", "x": 1080, "y": 498}], "s": {"u": "https://preview.redd.it/cvxpom3vimfa1.jpg?width=2436&amp;format=pjpg&amp;auto=webp&amp;v=enabled&amp;s=571c0cd93b395e86537d229acd4df828d3409242", "x": 2436, "y": 1125}, "status": "valid"}, "hjx17n3vimfa1": {"e": "Image", "id": "hjx17n3vimfa1", "m": "image/jpg", "p": [{"u": "https://preview.redd.it/hjx17n3vimfa1.jpg?width=108&amp;crop=smart&amp;auto=webp&amp;v=enabled&amp;s=d3134e99bf8b3db5f882d56919fc35914d12b204", "x": 108, "y": 49}, {"u": "https://preview.redd.it/hjx17n3vimfa1.jpg?width=216&amp;crop=smart&amp;auto=webp&amp;v=enabled&amp;s=70b275c6fa339300f43fd138937aaee5daf14ffe", "x": 216, "y": 99}, {"u": "https://preview.redd.it/hjx17n3vimfa1.jpg?width=320&amp;crop=smart&amp;auto=webp&amp;v=enabled&amp;s=29ae45440fea5d5ec5cbc5038b9482b20762a3a5", "x": 320, "y": 147}, {"u": "https://preview.redd.it/hjx17n3vimfa1.jpg?width=640&amp;crop=smart&amp;auto=webp&amp;v=enabled&amp;s=c842cdf74ad9fb0ff03bcaf4e109e8dd255e0d9d", "x": 640, "y": 295}, {"u": "https://preview.redd.it/hjx17n3vimfa1.jpg?width=960&amp;crop=smart&amp;auto=webp&amp;v=enabled&amp;s=01808e86f3a14c5abfcabb7e4aa14e91bd62e617", "x": 960, "y": 443}, {"u": "https://preview.redd.it/hjx17n3vimfa1.jpg?width=1080&amp;crop=smart&amp;auto=webp&amp;v=enabled&amp;s=74310fdf2b8aa725324da18b3c9b352a71c81f7a", "x": 1080, "y": 498}], "s": {"u": "https://preview.redd.it/hjx17n3vimfa1.jpg?width=2436&amp;format=pjpg&amp;auto=webp&amp;v=enabled&amp;s=f169dd14440f93cf411ef4d45fb7deb81c71658b", "x": 2436, "y": 1125}, "status": "valid"}, "hvuo2n3vimfa1": {"e": "Image", "id": "hvuo2n3vimfa1", "m": "image/jpg", "p": [{"u": "https://preview.redd.it/hvuo2n3vimfa1.jpg?width=108&amp;crop=smart&amp;auto=webp&amp;v=enabled&amp;s=8f69e2d7aaeb688d8aedeb24b607b4598e3187e8", "x": 108, "y": 49}, {"u": "https://preview.redd.it/hvuo2n3vimfa1.jpg?width=216&amp;crop=smart&amp;auto=webp&amp;v=enabled&amp;s=e378df4cb4edbc2f6440680d471ff2c4383aa185", "x": 216, "y": 99}, {"u": "https://preview.redd.it/hvuo2n3vimfa1.jpg?width=320&amp;crop=smart&amp;auto=webp&amp;v=enabled&amp;s=99fe698b2e4ca60e59136ea1185debce1711254c", "x": 320, "y": 147}, {"u": "https://preview.redd.it/hvuo2n3vimfa1.jpg?width=640&amp;crop=smart&amp;auto=webp&amp;v=enabled&amp;s=61848b20c0bc14f3bf2a2c816d44eae010ae0fa2", "x": 640, "y": 295}, {"u": "https://preview.redd.it/hvuo2n3vimfa1.jpg?width=960&amp;crop=smart&amp;auto=webp&amp;v=enabled&amp;s=b832043604b36f7845c4fd185bf27ffc3545684e", "x": 960, "y": 443}, {"u": "https://preview.redd.it/hvuo2n3vimfa1.jpg?width=1080&amp;crop=smart&amp;auto=webp&amp;v=enabled&amp;s=20b8bdc2abc4668eedaf58f334814758797997d0", "x": 1080, "y": 498}], "s": {"u": "https://preview.redd.it/hvuo2n3vimfa1.jpg?width=2436&amp;format=pjpg&amp;auto=webp&amp;v=enabled&amp;s=faa4600a04a29aaed2b6934bbdd95237a6138352", "x": 2436, "y": 1125}, "status": "valid"}, "mcwl5n3vimfa1": {"e": "Image", "id": "mcwl5n3vimfa1", "m": "image/jpg", "p": [{"u": "https://preview.redd.it/mcwl5n3vimfa1.jpg?width=108&amp;crop=smart&amp;auto=webp&amp;v=enabled&amp;s=428cf639a27ddd016bab11fc6bdbc3a641438407", "x": 108, "y": 49}, {"u": "https://preview.redd.it/mcwl5n3vimfa1.jpg?width=216&amp;crop=smart&amp;auto=webp&amp;v=enabled&amp;s=0f3bb555dcf704b2f8d2d81815a78f21b43b85c2", "x": 216, "y": 99}, {"u": "https://preview.redd.it/mcwl5n3vimfa1.jpg?width=320&amp;crop=smart&amp;auto=webp&amp;v=enabled&amp;s=958dcef5ae8956a5898ab8cd42281e789b72618e", "x": 320, "y": 147}, {"u": "https://preview.redd.it/mcwl5n3vimfa1.jpg?width=640&amp;crop=smart&amp;auto=webp&amp;v=enabled&amp;s=2f6cfe7bd7dc87317ed6d26b5537762ea1acb66c", "x": 640, "y": 295}, {"u": "https://preview.redd.it/mcwl5n3vimfa1.jpg?width=960&amp;crop=smart&amp;auto=webp&amp;v=enabled&amp;s=e4b92484e51ab5b9d2a890a2b059ac1fe68f7ee7", "x": 960, "y": 443}, {"u": "https://preview.redd.it/mcwl5n3vimfa1.jpg?width=1080&amp;crop=smart&amp;auto=webp&amp;v=enabled&amp;s=1d5acbd8616be2497feac70fc36995995816818e", "x": 1080, "y": 498}], "s": {"u": "https://preview.redd.it/mcwl5n3vimfa1.jpg?width=2436&amp;format=pjpg&amp;auto=webp&amp;v=enabled&amp;s=3e9339ac3d7e1ab32a61c8286b15348f09a200f4", "x": 2436, "y": 1125}, "status": "valid"}, "pwml7n3vimfa1": {"e": "Image", "id": "pwml7n3vimfa1", "m": "image/jpg", "p": [{"u": "https://preview.redd.it/pwml7n3vimfa1.jpg?width=108&amp;crop=smart&amp;auto=webp&amp;v=enabled&amp;s=f495a6d8e87e3c71a5afaffd0565dca4326a7ab9", "x": 108, "y": 49}, {"u": "https://preview.redd.it/pwml7n3vimfa1.jpg?width=216&amp;crop=smart&amp;auto=webp&amp;v=enabled&amp;s=97061072df8c196e6b791494c3d94320d905573f", "x": 216, "y": 99}, {"u": "https://preview.redd.it/pwml7n3vimfa1.jpg?width=320&amp;crop=smart&amp;auto=webp&amp;v=enabled&amp;s=8eedc268dcbd66f7b66a08ee81de5da06c1185d7", "x": 320, "y": 147}, {"u": "https://preview.redd.it/pwml7n3vimfa1.jpg?width=640&amp;crop=smart&amp;auto=webp&amp;v=enabled&amp;s=48bda191bfbb088fc313e80b54fb0c658e73a6d8", "x": 640, "y": 295}, {"u": "https://preview.redd.it/pwml7n3vimfa1.jpg?width=960&amp;crop=smart&amp;auto=webp&amp;v=enabled&amp;s=7760afc0998a3ca5a38da2a47dd5e23231a79f80", "x": 960, "y": 443}, {"u": "https://preview.redd.it/pwml7n3vimfa1.jpg?width=1080&amp;crop=smart&amp;auto=webp&amp;v=enabled&amp;s=65b4127d8b5df400d2fba1845b24d6ba72819bd4", "x": 1080, "y": 498}], "s": {"u": "https://preview.redd.it/pwml7n3vimfa1.jpg?width=2436&amp;format=pjpg&amp;auto=webp&amp;v=enabled&amp;s=ce81765c424e0bb16cc8701b64e866a2d510ef78", "x": 2436, "y": 1125}, "status": "valid"}, "w6nqym3vimfa1": {"e": "Image", "id": "w6nqym3vimfa1", "m": "image/jpg", "p": [{"u": "https://preview.redd.it/w6nqym3vimfa1.jpg?width=108&amp;crop=smart&amp;auto=webp&amp;v=enabled&amp;s=f363f99df004675e3bf24e66493358d2e1f9a50d", "x": 108, "y": 49}, {"u": "https://preview.redd.it/w6nqym3vimfa1.jpg?width=216&amp;crop=smart&amp;auto=webp&amp;v=enabled&amp;s=c2fd2c4ae2dc7b29264bce2441177a30e3e9a296", "x": 216, "y": 99}, {"u": "https://preview.redd.it/w6nqym3vimfa1.jpg?width=320&amp;crop=smart&amp;auto=webp&amp;v=enabled&amp;s=78e12b093298b05ce5617ce4ff98afc962d4dd2b", "x": 320, "y": 147}, {"u": "https://preview.redd.it/w6nqym3vimfa1.jpg?width=640&amp;crop=smart&amp;auto=webp&amp;v=enabled&amp;s=95b857fc402dfa3cfc859ee95b082c6a8b9afa3f", "x": 640, "y": 295}, {"u": "https://preview.redd.it/w6nqym3vimfa1.jpg?width=960&amp;crop=smart&amp;auto=webp&amp;v=enabled&amp;s=f9e0b66c98d77eaf3b6443f2b1d5b184e29263e6", "x": 960, "y": 443}, {"u": "https://preview.redd.it/w6nqym3vimfa1.jpg?width=1080&amp;crop=smart&amp;auto=webp&amp;v=enabled&amp;s=7100f5453174897edf8e70553e814e92a28c755b", "x": 1080, "y": 498}], "s": {"u": "https://preview.redd.it/w6nqym3vimfa1.jpg?width=2436&amp;format=pjpg&amp;auto=webp&amp;v=enabled&amp;s=009650b854f9643c8dd9d9ce44d60dac54fc55b5", "x": 2436, "y": 1125}, "status": "valid"}, "wrpazm3vimfa1": {"e": "Image", "id": "wrpazm3vimfa1", "m": "image/jpg", "p": [{"u": "https://preview.redd.it/wrpazm3vimfa1.jpg?width=108&amp;crop=smart&amp;auto=webp&amp;v=enabled&amp;s=b1973d1d83fbcb4324586e76741831d52c7c3110", "x": 108, "y": 49}, {"u": "https://preview.redd.it/wrpazm3vimfa1.jpg?width=216&amp;crop=smart&amp;auto=webp&amp;v=enabled&amp;s=e52e48f64736ed07844a083bf40c4474a2805267", "x": 216, "y": 99}, {"u": "https://preview.redd.it/wrpazm3vimfa1.jpg?width=320&amp;crop=smart&amp;auto=webp&amp;v=enabled&amp;s=0195805e72f315d69e5ea7c413b8713404ef5afa", "x": 320, "y": 147}, {"u": "https://preview.redd.it/wrpazm3vimfa1.jpg?width=640&amp;crop=smart&amp;auto=webp&amp;v=enabled&amp;s=158b1c27c80c01f3a4d737bda3265a7e3338466e", "x": 640, "y": 295}, {"u": "https://preview.redd.it/wrpazm3vimfa1.jpg?width=960&amp;crop=smart&amp;auto=webp&amp;v=enabled&amp;s=00a1dd3fd2d08693a8b024073459ccb05070679f", "x": 960, "y": 443}, {"u": "https://preview.redd.it/wrpazm3vimfa1.jpg?width=1080&amp;crop=smart&amp;auto=webp&amp;v=enabled&amp;s=4155483d43e9469d6730bf60a433c1635d88600e", "x": 1080, "y": 498}], "s": {"u": "https://preview.redd.it/wrpazm3vimfa1.jpg?width=2436&amp;format=pjpg&amp;auto=webp&amp;v=enabled&amp;s=54cb0c08d7fe24b7421e22a862b627bc94e6928a", "x": 2436, "y": 1125}, "status": "valid"}, "wxzuen3vimfa1": {"e": "Image", "id": "wxzuen3vimfa1", "m": "image/jpg", "p": [{"u": "https://preview.redd.it/wxzuen3vimfa1.jpg?width=108&amp;crop=smart&amp;auto=webp&amp;v=enabled&amp;s=082c8d01b6a71e768bb90521e496bd523578cf24", "x": 108, "y": 49}, {"u": "https://preview.redd.it/wxzuen3vimfa1.jpg?width=216&amp;crop=smart&amp;auto=webp&amp;v=enabled&amp;s=62ea2ce3cab4261f5fa51cb13f02cf647782376b", "x": 216, "y": 99}, {"u": "https://preview.redd.it/wxzuen3vimfa1.jpg?width=320&amp;crop=smart&amp;auto=webp&amp;v=enabled&amp;s=187a90b4842bb9b586fd0befec184e36b121f405", "x": 320, "y": 147}, {"u": "https://preview.redd.it/wxzuen3vimfa1.jpg?width=640&amp;crop=smart&amp;auto=webp&amp;v=enabled&amp;s=96dae919869b2e9eb4b110c375e113fb269664c9", "x": 640, "y": 295}, {"u": "https://preview.redd.it/wxzuen3vimfa1.jpg?width=960&amp;crop=smart&amp;auto=webp&amp;v=enabled&amp;s=b0f18e618aa2a10a2939ce9f72bfa46cc55894e5", "x": 960, "y": 443}, {"u": "https://preview.redd.it/wxzuen3vimfa1.jpg?width=1080&amp;crop=smart&amp;auto=webp&amp;v=enabled&amp;s=8154d08477a0bf7fbe13c83c305f6095316e6f1e", "x": 1080, "y": 498}], "s": {"u": "https://preview.redd.it/wxzuen3vimfa1.jpg?width=2436&amp;format=pjpg&amp;auto=webp&amp;v=enabled&amp;s=1ca48b5dd3b0a9b0439c19d80bca7b15dc86046d", "x": 2436, "y": 1125}, "status": "valid"}, "ztlvgn3vimfa1": {"e": "Image", "id": "ztlvgn3vimfa1", "m": "image/jpg", "p": [{"u": "https://preview.redd.it/ztlvgn3vimfa1.jpg?width=108&amp;crop=smart&amp;auto=webp&amp;v=enabled&amp;s=e27c4a3da6140cb068415e8777007f3c838f6012", "x": 108, "y": 49}, {"u": "https://preview.redd.it/ztlvgn3vimfa1.jpg?width=216&amp;crop=smart&amp;auto=webp&amp;v=enabled&amp;s=338cb10ad1eeb2a336695a27e9f75e3f2cde01f9", "x": 216, "y": 99}, {"u": "https://preview.redd.it/ztlvgn3vimfa1.jpg?width=320&amp;crop=smart&amp;auto=webp&amp;v=enabled&amp;s=6d5ff1d541a596220ccb90064ca92ac0072acdf9", "x": 320, "y": 147}, {"u": "https://preview.redd.it/ztlvgn3vimfa1.jpg?width=640&amp;crop=smart&amp;auto=webp&amp;v=enabled&amp;s=8a2c5e7fbc84ab7bf14bd4b898e72aa205cc9423", "x": 640, "y": 295}, {"u": "https://preview.redd.it/ztlvgn3vimfa1.jpg?width=960&amp;crop=smart&amp;auto=webp&amp;v=enabled&amp;s=3cc7fa05c3fcccd8401670fdd505f3772b4dfaa9", "x": 960, "y": 443}, {"u": "https://preview.redd.it/ztlvgn3vimfa1.jpg?width=1080&amp;crop=smart&amp;auto=webp&amp;v=enabled&amp;s=506c61f30f986ac5983e8fdd7376a7137811c969", "x": 1080, "y": 498}], "s": {"u": "https://preview.redd.it/ztlvgn3vimfa1.jpg?width=2436&amp;format=pjpg&amp;auto=webp&amp;v=enabled&amp;s=27b5e84119b5f7ff1877473b5d180e42b240d131", "x": 2436, "y": 1125}, "status": "valid"}}, "media_only": false, "mod_note": null, "mod_reason_by": null, "mod_reason_title": null, "mod_reports": [], "name": "t3_10r2nvh", "no_follow": false, "num_comments": 17, "num_crossposts": 3, "num_reports": null, "over_18": false, "parent_whitelist_status": "all_ads", "permalink": "/r/Superstonk/comments/10r2nvh/uatobitt_house_of_cards_slideshow_adapted_part_2/", "pinned": false, "pwls": 6, "quarantine": false, "removal_reason": null, "removed_by": null, "removed_by_category": null, "report_reasons": null, "saved": false, "score": 1002, "secure_media": null, "secure_media_embed": {}, "selftext": "", "selftext_html": null, "send_replies": true, "spoiler": false, "stickied": false, "subreddit": "Superstonk", "subreddit_id": "t5_43zwn1", "subreddit_name_prefixed": "r/Superstonk", "subreddit_subscribers": 861570, "subreddit_type": "public", "suggested_sort": null, "thumbnail": "https://a.thumbs.redditmedia.com/joXeZQTdVOfJgKhNArYSac4ABopC5p0gjzWRL88Gvp8.jpg", "thumbnail_height": 64, "thumbnail_width": 140, "title": "u/atobitt \u201cHouse of Cards\u201d - slideshow adapted part 2", "top_awarded_type": null, "total_awards_received": 2, "treatment_tags": [], "ups": 1002, "upvote_ratio": 0.97, "url": "https://www.reddit.com/gallery/10r2nvh", "url_overridden_by_dest": "https://www.reddit.com/gallery/10r2nvh", "user_reports": [], "view_count": null, "visited": false, "whitelist_status": "all_ads", "wls": 6}], "discussion_type": null, "distinguished": null, "domain": "", "edited": false, "gilded": 0, "gildings": {}, "hidden": false, "hide_score": false, "id": "10r4rlf", "is_created_from_ads_ui": false, "is_crosspostable": false, "is_meta": false, "is_original_content": false, "is_reddit_media_domain": false, "is_robot_indexable": false, "is_self": false, "is_video": false, "link_flair_background_color": "", "link_flair_css_class": null, "link_flair_richtext": [], "link_flair_text": null, "link_flair_text_color": "dark", "link_flair_type": "text", "locked": false, "media": null, "media_embed": {}, "media_only": false, "name": "t3_10r4rlf", "no_follow": true, "num_comments": 0, "num_crossposts": 0, "over_18": false, "parent_whitelist_status": null, "permalink": "/r/ThePPShow/comments/10r4rlf/rip_pp/", "pinned": false, "pwls": null, "quarantine": false, "removed_by": null, "removed_by_category": "deleted", "retrieved_on": 1678344152, "score": 1, "secure_media": null, "secure_media_embed": {}, "selftext": "[deleted]", "send_replies": false, "spoiler": false, "stickied": false, "subreddit": "ThePPShow", "subreddit_id": "t5_7q5o7y", "subreddit_name_prefixed": "r/ThePPShow", "subreddit_subscribers": 582, "subreddit_type": "public", "suggested_sort": null, "thumbnail": "default", "thumbnail_height": 64, "thumbnail_width": 140, "title": "Rip pp", "top_awarded_type": null, "total_awards_received": 0, "treatment_tags": [], "upvote_ratio": 0.67, "url": "", "url_overridden_by_dest": "", "view_count": null, "whitelist_status": null, "wls": null}, {"all_awardings": [], "allow_live_comments": false, "archived": false, "author": "ForFuckSakeClive", "author_created_utc": 1564627613, "author_flair_background_color": null, "author_flair_css_class": null, "author_flair_richtext": [], "author_flair_template_id": null, "author_flair_text": null, "author_flair_text_color": null, "author_flair_type": "text", "author_fullname": "t2_49zzkx2h", "author_patreon_flair": false, "author_premium": false, "awarders": [], "banned_by": null, "can_gild": true, "can_mod_post": false, "category": null, "content_categories": null, "contest_mode": false, "created_utc": 1675216103, "discussion_type": null, "distinguished": null, "domain": "self.ThePPShow", "edited": 1675217758.0, "gilded": 0, "gildings": {}, "hidden": false, "hide_score": false, "id": "10qh6ea", "is_created_from_ads_ui": false, "is_crosspostable": true, "is_meta": false, "is_original_content": false, "is_reddit_media_domain": false, "is_robot_indexable": true, "is_self": true, "is_video": false, "link_flair_background_color": "", "link_flair_css_class": null, "link_flair_richtext": [], "link_flair_text": null, "link_flair_text_color": "dark", "link_flair_type": "text", "locked": false, "media": {"oembed": {"author_name": "DIXIE", "author_url": "https://soundcloud.com/dixieuk", "description": "Stream WHO ARE THE HEDGE FUNDS? by DIXIE on desktop and mobile. Play over 265 million tracks for free on SoundCloud.", "height": 500, "html": "&lt;iframe class=\"embedly-embed\" src=\"https://cdn.embedly.com/widgets/media.html?src=https%3A%2F%2Fw.soundcloud.com%2Fplayer%2F%3Fvisual%3Dtrue%26url%3Dhttps%253A%252F%252Fapi.soundcloud.com%252Ftracks%252F1435226998%26show_artwork%3Dtrue%26secret_token%3Ds-WFr7k48tIHZ&amp;display_name=SoundCloud&amp;url=https%3A%2F%2Fsoundcloud.com%2Fdixieuk%2Fwho-are-the-hedge-funds%2Fs-WFr7k48tIHZ%3Fsi%3D5d398b30f4ea4720b83de33a088cb38c%26utm_source%3Dclipboard%26utm_medium%3Dtext%26utm_campaign%3Dsocial_sharing&amp;image=https%3A%2F%2Fi1.sndcdn.com%2Fartworks-27mXpwyENz2PGPC3-hk0wFA-t500x500.jpg&amp;key=2aa3c4d5f3de4f5b9120b660ad850dc9&amp;type=text%2Fhtml&amp;schema=soundcloud\" width=\"500\" height=\"500\" scrolling=\"no\" title=\"SoundCloud embed\" frameborder=\"0\" allow=\"autoplay; fullscreen\" allowfullscreen=\"true\"&gt;&lt;/iframe&gt;", "provider_name": "SoundCloud", "provider_url": "https://soundcloud.com", "thumbnail_height": 500, "thumbnail_url": "https://i1.sndcdn.com/artworks-27mXpwyENz2PGPC3-hk0wFA-t500x500.jpg", "thumbnail_width": 500, "title": "WHO ARE THE HEDGE FUNDS? by DIXIE", "type": "rich", "version": "1.0", "width": 500}, "type": "soundcloud.com"}, "media_embed": {"content": "&lt;iframe class=\"embedly-embed\" src=\"https://cdn.embedly.com/widgets/media.html?src=https%3A%2F%2Fw.soundcloud.com%2Fplayer%2F%3Fvisual%3Dtrue%26url%3Dhttps%253A%252F%252Fapi.soundcloud.com%252Ftracks%252F1435226998%26show_artwork%3Dtrue%26secret_token%3Ds-WFr7k48tIHZ&amp;display_name=SoundCloud&amp;url=https%3A%2F%2Fsoundcloud.com%2Fdixieuk%2Fwho-are-the-hedge-funds%2Fs-WFr7k48tIHZ%3Fsi%3D5d398b30f4ea4720b83de33a088cb38c%26utm_source%3Dclipboard%26utm_medium%3Dtext%26utm_campaign%3Dsocial_sharing&amp;image=https%3A%2F%2Fi1.sndcdn.com%2Fartworks-27mXpwyENz2PGPC3-hk0wFA-t500x500.jpg&amp;key=2aa3c4d5f3de4f5b9120b660ad850dc9&amp;type=text%2Fhtml&amp;schema=soundcloud\" width=\"500\" height=\"500\" scrolling=\"no\" title=\"SoundCloud embed\" frameborder=\"0\" allow=\"autoplay; fullscreen\" allowfullscreen=\"true\"&gt;&lt;/iframe&gt;", "height": 500, "scrolling": false, "width": 500}, "media_metadata": {"2idwm0dufhfa1": {"dashUrl": "https://v.redd.it/link/10qh6ea/asset/2idwm0dufhfa1/DASHPlaylist.mpd?a=1678815730%2COGIyNGQ4ZDczYjViYmU2NTZjMTg4NmI4YzBkZWY5MGQxNDJlZWU1MzZjN2FkOWFkZTEzM2MzMzFhNDc3ZDY5OQ%3D%3D&amp;v=1&amp;f=sd", "e": "RedditVideo", "hlsUrl": "https://v.redd.it/link/10qh6ea/asset/2idwm0dufhfa1/HLSPlaylist.m3u8?a=1678815730%2CZDE1MmExOTg1YmVjNzQ0NjE1OGRkM2JjYjJiMTkzNjViMzYyMzQwNjA1OTA2NDY4MTE4OGUzZjAyMzJhOTgyMw%3D%3D&amp;v=1&amp;f=sd", "id": "2idwm0dufhfa1", "isGif": false, "status": "valid", "x": 990, "y": 720}}, "media_only": false, "name": "t3_10qh6ea", "no_follow": false, "num_comments": 4, "num_crossposts": 0, "over_18": false, "parent_whitelist_status": null, "permalink": "/r/ThePPShow/comments/10qh6ea/bbby_theme_tune_completed_version/", "pinned": false, "post_hint": "self", "preview": {"enabled": false, "images": [{"id": "ie6BUEA1J3qGjiUWVDr5JItG24pVvSBupZ4Cs8m6lSg", "resolutions": [{"height": 108, "url": "https://external-preview.redd.it/ExeS0x2x5WjeVcHF8jPUOIMPoUl0dwSODP-rdG8p2KI.jpg?width=108&amp;crop=smart&amp;auto=webp&amp;v=enabled&amp;s=34dd39d5ba5c9606ba10abb565309d77b84f0d60", "width": 108}, {"height": 216, "url": "https://external-preview.redd.it/ExeS0x2x5WjeVcHF8jPUOIMPoUl0dwSODP-rdG8p2KI.jpg?width=216&amp;crop=smart&amp;auto=webp&amp;v=enabled&amp;s=452e502ef358ad7cc65e73c958ac69ace48e8b9d", "width": 216}, {"height": 320, "url": "https://external-preview.redd.it/ExeS0x2x5WjeVcHF8jPUOIMPoUl0dwSODP-rdG8p2KI.jpg?width=320&amp;crop=smart&amp;auto=webp&amp;v=enabled&amp;s=d427bdc6144ef214a9d8076f39f2ffcda1545e37", "width": 320}], "source": {"height": 500, "url": "https://external-preview.redd.it/ExeS0x2x5WjeVcHF8jPUOIMPoUl0dwSODP-rdG8p2KI.jpg?auto=webp&amp;v=enabled&amp;s=3e365f9ed5a644683059a8e913cf795b5a744d90", "width": 500}, "variants": {}}]}, "pwls": null, "quarantine": false, "removed_by": null, "removed_by_category": null, "retrieved_on": 1676223730, "score": 9, "secure_media": {"oembed": {"author_name": "DIXIE", "author_url": "https://soundcloud.com/dixieuk", "description": "Stream WHO ARE THE HEDGE FUNDS? by DIXIE on desktop and mobile. Play over 265 million tracks for free on SoundCloud.", "height": 500, "html": "&lt;iframe class=\"embedly-embed\" src=\"https://cdn.embedly.com/widgets/media.html?src=https%3A%2F%2Fw.soundcloud.com%2Fplayer%2F%3Fvisual%3Dtrue%26url%3Dhttps%253A%252F%252Fapi.soundcloud.com%252Ftracks%252F1435226998%26show_artwork%3Dtrue%26secret_token%3Ds-WFr7k48tIHZ&amp;display_name=SoundCloud&amp;url=https%3A%2F%2Fsoundcloud.com%2Fdixieuk%2Fwho-are-the-hedge-funds%2Fs-WFr7k48tIHZ%3Fsi%3D5d398b30f4ea4720b83de33a088cb38c%26utm_source%3Dclipboard%26utm_medium%3Dtext%26utm_campaign%3Dsocial_sharing&amp;image=https%3A%2F%2Fi1.sndcdn.com%2Fartworks-27mXpwyENz2PGPC3-hk0wFA-t500x500.jpg&amp;key=2aa3c4d5f3de4f5b9120b660ad850dc9&amp;type=text%2Fhtml&amp;schema=soundcloud\" width=\"500\" height=\"500\" scrolling=\"no\" title=\"SoundCloud embed\" frameborder=\"0\" allow=\"autoplay; fullscreen\" allowfullscreen=\"true\"&gt;&lt;/iframe&gt;", "provider_name": "SoundCloud", "provider_url": "https://soundcloud.com", "thumbnail_height": 500, "thumbnail_url": "https://i1.sndcdn.com/artworks-27mXpwyENz2PGPC3-hk0wFA-t500x500.jpg", "thumbnail_width": 500, "title": "WHO ARE THE HEDGE FUNDS? by DIXIE", "type": "rich", "version": "1.0", "width": 500}, "type": "soundcloud.com"}, "secure_media_embed": {"content": "&lt;iframe class=\"embedly-embed\" src=\"https://cdn.embedly.com/widgets/media.html?src=https%3A%2F%2Fw.soundcloud.com%2Fplayer%2F%3Fvisual%3Dtrue%26url%3Dhttps%253A%252F%252Fapi.soundcloud.com%252Ftracks%252F1435226998%26show_artwork%3Dtrue%26secret_token%3Ds-WFr7k48tIHZ&amp;display_name=SoundCloud&amp;url=https%3A%2F%2Fsoundcloud.com%2Fdixieuk%2Fwho-are-the-hedge-funds%2Fs-WFr7k48tIHZ%3Fsi%3D5d398b30f4ea4720b83de33a088cb38c%26utm_source%3Dclipboard%26utm_medium%3Dtext%26utm_campaign%3Dsocial_sharing&amp;image=https%3A%2F%2Fi1.sndcdn.com%2Fartworks-27mXpwyENz2PGPC3-hk0wFA-t500x500.jpg&amp;key=2aa3c4d5f3de4f5b9120b660ad850dc9&amp;type=text%2Fhtml&amp;schema=soundcloud\" width=\"500\" height=\"500\" scrolling=\"no\" title=\"SoundCloud embed\" frameborder=\"0\" allow=\"autoplay; fullscreen\" allowfullscreen=\"true\"&gt;&lt;/iframe&gt;", "height": 500, "media_domain_url": "https://www.redditmedia.com/mediaembed/10qh6ea", "scrolling": false, "width": 500}, "selftext": "COMPLETED THE FULL TRACK. ADDED AN ADDITIONAL FEATURE... STOCKMASTER2000! BUT HE'S RATHER BULLISH ON MY TRACK?!\n\nFINAL VERSION, MAY NEED TO MIX DOWN THE SOUNDS A LITTLE BIT BETTER, BUT THE IDEA IS COMPLETE \ud83d\ude80\ud83d\ude80\ud83d\ude80\ud83d\ude80\ud83d\ude80\n\n&amp;#x200B;\n\n IF YOU CAN'T HEAR IT FOR SOME REASON, LINK IS HERE: [https://soundcloud.com/dixieuk/who-are-the-hedge-funds/s-WFr7k48tIHZ?si=5d398b30f4ea4720b83de33a088cb38c&amp;utm\\_source=clipboard&amp;utm\\_medium=text&amp;utm\\_campaign=social\\_sharing](https://soundcloud.com/dixieuk/who-are-the-hedge-funds/s-WFr7k48tIHZ?si=5d398b30f4ea4720b83de33a088cb38c&amp;utm_source=clipboard&amp;utm_medium=text&amp;utm_campaign=social_sharing) \n\n&amp;#x200B;\n\nhttps://reddit.com/link/10qh6ea/video/2idwm0dufhfa1/player", "send_replies": true, "spoiler": false, "stickied": false, "subreddit": "ThePPShow", "subreddit_id": "t5_7q5o7y", "subreddit_name_prefixed": "r/ThePPShow", "subreddit_subscribers": 327, "subreddit_type": "public", "suggested_sort": null, "thumbnail": "https://a.thumbs.redditmedia.com/DX90mkN4jS0U8kLMajYabQafi7T0a1Sj44-20klnmO8.jpg", "thumbnail_height": 140, "thumbnail_width": 140, "title": "BBBY THEME TUNE COMPLETED VERSION \ud83d\ude80\ud83d\udc8e\ud83d\ude80\ud83d\udc8e", "top_awarded_type": null, "total_awards_received": 0, "treatment_tags": [], "upvote_ratio": 0.91, "url": "https://www.reddit.com/r/ThePPShow/comments/10qh6ea/bbby_theme_tune_completed_version/", "view_count": null, "whitelist_status": null, "wls": null}], "metadata": {"op_a": 57, "op_b": 49, "total": 107}, "error": null}