{"data": [{"all_awardings": [], "allow_live_comments": false, "archived": false, "author": "[deleted]", "author_created_utc": null, "author_flair_background_color": "", "author_flair_css_class": null, "author_flair_template_id": null, "author_flair_text": null, "author_flair_text_color": "dark", "awarders": [], "banned_by": null, "can_gild": false, "can_mod_post": false, "category": null, "content_categories": null, "contest_mode": false, "created_utc": 1675551094, "discussion_type": null, "distinguished": null, "domain": "", "edited": false, "gilded": 0, "gildings": {}, "hidden": false, "hide_score": false, "id": "10ttt3h", "is_created_from_ads_ui": false, "is_crosspostable": false, "is_meta": false, "is_original_content": false, "is_reddit_media_domain": true, "is_robot_indexable": false, "is_self": false, "is_video": false, "link_flair_background_color": "", "link_flair_css_class": null, "link_flair_richtext": [], "link_flair_text": null, "link_flair_text_color": "dark", "link_flair_type": "text", "locked": false, "media": null, "media_embed": {}, "media_only": false, "name": "t3_10ttt3h", "no_follow": false, "num_comments": 13, "num_crossposts": 0, "over_18": false, "parent_whitelist_status": null, "permalink": "/r/ThePPShow/comments/10ttt3h/the_fam_is_reunited_again_should_ben_come_onto/", "pinned": false, "pwls": null, "quarantine": false, "removed_by": null, "removed_by_category": "deleted", "retrieved_on": 1678340323, "score": 25, "secure_media": null, "secure_media_embed": {}, "selftext": "[deleted]", "send_replies": true, "spoiler": false, "stickied": false, "subreddit": "ThePPShow", "subreddit_id": "t5_7q5o7y", "subreddit_name_prefixed": "r/ThePPShow", "subreddit_subscribers": 582, "subreddit_type": "public", "suggested_sort": null, "thumbnail": "default", "thumbnail_height": 48, "thumbnail_width": 140, "title": "The fam is reunited again, should Ben come onto ppshow?", "top_awarded_type": null, "total_awards_received": 0, "treatment_tags": [], "upvote_ratio": 0.91, "url": "", "url_overridden_by_dest": "", "view_count": null, "whitelist_status": null, "wls": null}, {"all_awardings": [], "allow_live_comments": false, "archived": false, "author": "ccmoran89", "author_created_utc": 1612229974, "author_flair_background_color": null, "author_flair_css_class": null, "author_flair_richtext": [], "author_flair_template_id": null, "author_flair_text": null, "author_flair_text_color": null, "author_flair_type": "text", "author_fullname": "t2_a4ge4d4i", "author_patreon_flair": false, "author_premium": false, "awarders": [], "banned_by": null, "can_gild": true, "can_mod_post": false, "category": null, "content_categories": null, "contest_mode": false, "created_utc": 1675549926, "discussion_type": null, "distinguished": null, "domain": "reddit.com", "edited": false, "gallery_data": {"items": [{"id": 237133609, "media_id": "lhtzfmun09ga1"}, {"id": 237133610, "media_id": "oev9hmun09ga1"}]}, "gilded": 0, "gildings": {}, "hidden": false, "hide_score": false, "id": "10ttcrl", "is_created_from_ads_ui": false, "is_crosspostable": true, "is_gallery": true, "is_meta": false, "is_original_content": false, "is_reddit_media_domain": false, "is_robot_indexable": true, "is_self": false, "is_video": false, "link_flair_background_color": "", "link_flair_css_class": null, "link_flair_richtext": [], "link_flair_text": null, "link_flair_text_color": "dark", "link_flair_type": "text", "locked": false, "media": null, "media_embed": {}, "media_metadata": {"lhtzfmun09ga1": {"e": "Image", "id": "lhtzfmun09ga1", "m": "image/jpg", "p": [{"u": "https://preview.redd.it/lhtzfmun09ga1.jpg?width=108&amp;crop=smart&amp;auto=webp&amp;v=enabled&amp;s=c176ecb4b840c3ccfa446ffe9313cab03631d741", "x": 108, "y": 144}, {"u": "https://preview.redd.it/lhtzfmun09ga1.jpg?width=216&amp;crop=smart&amp;auto=webp&amp;v=enabled&amp;s=ffedb400299598d83c78d0132639c3535d995907", "x": 216, "y": 288}, {"u": "https://preview.redd.it/lhtzfmun09ga1.jpg?width=320&amp;crop=smart&amp;auto=webp&amp;v=enabled&amp;s=8dbdc874a864194993b9c530a62e1d760a862413", "x": 320, "y": 426}, {"u": "https://preview.redd.it/lhtzfmun09ga1.jpg?width=640&amp;crop=smart&amp;auto=webp&amp;v=enabled&amp;s=be417c2988661c85b373ad872a1e9e79e80e2a54", "x": 640, "y": 853}, {"u": "https://preview.redd.it/lhtzfmun09ga1.jpg?width=960&amp;crop=smart&amp;auto=webp&amp;v=enabled&amp;s=5414f94639541cac32059b73cc41315523d52062", "x": 960, "y": 1280}, {"u": "https://preview.redd.it/lhtzfmun09ga1.jpg?width=1080&amp;crop=smart&amp;auto=webp&amp;v=enabled&amp;s=1103e27f85f9ee878ec870a8cfdaad9baddf53c2", "x": 1080, "y": 1440}], "s": {"u": "https://preview.redd.it/lhtzfmun09ga1.jpg?width=3024&amp;format=pjpg&amp;auto=webp&amp;v=enabled&amp;s=62298cab94dad13592815b9f6cd6ac849115ca0a", "x": 3024, "y": 4032}, "status": "valid"}, "oev9hmun09ga1": {"e": "Image", "id": "oev9hmun09ga1", "m": "image/jpg", "p": [{"u": "https://preview.redd.it/oev9hmun09ga1.jpg?width=108&amp;crop=smart&amp;auto=webp&amp;v=enabled&amp;s=51c25e06446ca3e92a6d911b6b52d1e36b9775a9", "x": 108, "y": 144}, {"u": "https://preview.redd.it/oev9hmun09ga1.jpg?width=216&amp;crop=smart&amp;auto=webp&amp;v=enabled&amp;s=730d6025bb2669a1c67361cd458d511b984670ff", "x": 216, "y": 288}, {"u": "https://preview.redd.it/oev9hmun09ga1.jpg?width=320&amp;crop=smart&amp;auto=webp&amp;v=enabled&amp;s=26cb763d243c0ed3bd6b6a2d8f24d752b4c240ff", "x": 320, "y": 426}, {"u": "https://preview.redd.it/oev9hmun09ga1.jpg?width=640&amp;crop=smart&amp;auto=webp&amp;v=enabled&amp;s=9cfbc520e5bbc47e0a7089dca43c82b45fa6f530", "x": 640, "y": 853}, {"u": "https://preview.redd.it/oev9hmun09ga1.jpg?width=960&amp;crop=smart&amp;auto=webp&amp;v=enabled&amp;s=973fb320fbdae0d2d46a44d2cbcb38eecd82a025", "x": 960, "y": 1280}, {"u": "https://preview.redd.it/oev9hmun09ga1.jpg?width=1080&amp;crop=smart&amp;auto=webp&amp;v=enabled&amp;s=9048edfb370ffe889868dc9a2eb7db8eda197cbf", "x": 1080, "y": 1440}], "s": {"u": "https://preview.redd.it/oev9hmun09ga1.jpg?width=3024&amp;format=pjpg&amp;auto=webp&amp;v=enabled&amp;s=8d90c0a58dcbf947b4675dda63991442d64080a2", "x": 3024, "y": 4032}, "status": "valid"}}, "media_only": false, "name": "t3_10ttcrl", "no_follow": false, "num_comments": 2, "num_crossposts": 0, "over_18": false, "parent_whitelist_status": null, "permalink": "/r/ThePPShow/comments/10ttcrl/in_case_you_needed_a_sign/", "pinned": false, "pwls": null, "quarantine": false, "removed_by": null, "removed_by_category": null, "retrieved_on": 1678340342, "score": 9, "secure_media": null, "secure_media_embed": {}, "selftext": "This is the way! \n\ud83d\ude80 \ud83d\ude80 \ud83d\ude80 \ud83e\udd8d \ud83d\ude80 \ud83d\ude80 \ud83d\ude80", "send_replies": true, "spoiler": false, "stickied": false, "subreddit": "ThePPShow", "subreddit_id": "t5_7q5o7y", "subreddit_name_prefixed": "r/ThePPShow", "subreddit_subscribers": 582, "subreddit_type": "public", "suggested_sort": null, "thumbnail": "https://a.thumbs.redditmedia.com/z7yzv2CPv9ctYrKg4tKwzgTR0lGRXpaRgSmOSGez1R4.jpg", "thumbnail_height": 140, "thumbnail_width": 140, "title": "In case you needed a sign!", "top_awarded_type": null, "total_awards_received": 0, "treatment_tags": [], "upvote_ratio": 1.0, "url": "https://www.reddit.com/gallery/10ttcrl", "url_overridden_by_dest": "https://www.reddit.com/gallery/10ttcrl", "view_count": null, "whitelist_status": null, "wls": null}, {"all_awardings": [], "allow_live_comments": false, "archived": false, "author": "MyApplesRipeToYolo", "author_created_utc": 1667329026, "author_flair_background_color": null, "author_flair_css_class": null, "author_flair_richtext": [], "author_flair_template_id": null, "author_flair_text": null, "author_flair_text_color": null, "author_flair_type": "text", "author_fullname": "t2_hja67dgy", "author_patreon_flair": false, "author_premium": false, "awarders": [], "banned_by": null, "can_gild": true, "can_mod_post": false, "category": null, "content_categories": null, "contest_mode": false, "created_utc": 1675540398, "discussion_type": null, "distinguished": null, "domain": "self.ThePPShow", "edited": false, "gilded": 0, "gildings": {}, "hidden": false, "hide_score": false, "id": "10tpior", "is_created_from_ads_ui": false, "is_crosspostable": true, "is_meta": false, "is_original_content": false, "is_reddit_media_domain": false, "is_robot_indexable": true, "is_self": true, "is_video": false, "link_flair_background_color": "", "link_flair_css_class": null, "link_flair_richtext": [], "link_flair_text": null, "link_flair_text_color": "dark", "link_flair_type": "text", "locked": false, "media": null, "media_embed": {}, "media_only": false, "name": "t3_10tpior", "no_follow": false, "num_comments": 8, "num_crossposts": 0, "over_18": false, "parent_whitelist_status": null, "permalink": "/r/ThePPShow/comments/10tpior/icahn_the_restless_billionaire_documentary/", "pinned": false, "pwls": null, "quarantine": false, "removed_by": null, "removed_by_category": null, "retrieved_on": 1678340493, "score": 22, "secure_media": null, "secure_media_embed": {}, "selftext": "I just finally watched this.... Bullish!\n\nI'm replaying it now in my mind and adding in the section on BBBY. We're a part of the next chapter folks. \ud83d\ude80\ud83d\ude80\ud83d\ude80\ud83d\ude80\ud83d\ude80\ud83d\ude80\ud83d\ude80\ud83d\ude80\ud83d\ude80", "send_replies": true, "spoiler": false, "stickied": false, "subreddit": "ThePPShow", "subreddit_id": "t5_7q5o7y", "subreddit_name_prefixed": "r/ThePPShow", "subreddit_subscribers": 582, "subreddit_type": "public", "suggested_sort": null, "thumbnail": "self", "thumbnail_height": null, "thumbnail_width": null, "title": "Icahn: The Restless Billionaire documentary", "top_awarded_type": null, "total_awards_received": 0, "treatment_tags": [], "upvote_ratio": 0.96, "url": "https://www.reddit.com/r/ThePPShow/comments/10tpior/icahn_the_restless_billionaire_documentary/", "view_count": null, "whitelist_status": null, "wls": null}, {"all_awardings": [], "allow_live_comments": true, "archived": false, "author": "ScratchExciting365", "author_created_utc": null, "author_flair_background_color": null, "author_flair_css_class": null, "author_flair_richtext": [], "author_flair_template_id": null, "author_flair_text": null, "author_flair_text_color": null, "author_flair_type": "text", "author_fullname": "t2_68uf2yz4", "author_patreon_flair": false, "author_premium": false, "awarders": [], "banned_by": null, "can_gild": true, "can_mod_post": false, "category": null, "content_categories": null, "contest_mode": false, "created_utc": 1675476411, "discussion_type": "CHAT", "distinguished": null, "domain": "i.redd.it", "edited": false, "gilded": 0, "gildings": {}, "hidden": false, "hide_score": false, "id": "10t26s6", "is_created_from_ads_ui": false, "is_crosspostable": true, "is_meta": false, "is_original_content": false, "is_reddit_media_domain": true, "is_robot_indexable": true, "is_self": false, "is_video": false, "link_flair_background_color": "", "link_flair_css_class": null, "link_flair_richtext": [], "link_flair_text": null, "link_flair_text_color": "dark", "link_flair_type": "text", "locked": false, "media": null, "media_embed": {}, "media_only": false, "name": "t3_10t26s6", "no_follow": false, "num_comments": 3, "num_crossposts": 0, "over_18": false, "parent_whitelist_status": null, "permalink": "/r/ThePPShow/comments/10t26s6/bbby_market_manipulation/", "pinned": false, "post_hint": "image", "preview": {"enabled": true, "images": [{"id": "tUY4Sw8cPH5HuOrRDrtlvEcRJpRL-gRJ8y_QQo2NfAY", "resolutions": [{"height": 74, "url": "https://preview.redd.it/m5esvi5lf4ga1.jpg?width=108&amp;crop=smart&amp;auto=webp&amp;v=enabled&amp;s=5e8993e48847b07ecc2f18a2738638aeb83f5f9c", "width": 108}, {"height": 149, "url": "https://preview.redd.it/m5esvi5lf4ga1.jpg?width=216&amp;crop=smart&amp;auto=webp&amp;v=enabled&amp;s=8c6d227785f6537919cb42d9dfd693144276d3cd", "width": 216}, {"height": 221, "url": "https://preview.redd.it/m5esvi5lf4ga1.jpg?width=320&amp;crop=smart&amp;auto=webp&amp;v=enabled&amp;s=190b8eefd7e281aa0b785a7e1e44a3b695873078", "width": 320}, {"height": 442, "url": "https://preview.redd.it/m5esvi5lf4ga1.jpg?width=640&amp;crop=smart&amp;auto=webp&amp;v=enabled&amp;s=0904a16eccad2be9eec6cda490de40f53c673a3e", "width": 640}], "source": {"height": 573, "url": "https://preview.redd.it/m5esvi5lf4ga1.jpg?auto=webp&amp;v=enabled&amp;s=e0310f7c028a223d43eb59ae8910278a2367697d", "width": 828}, "variants": {}}]}, "pwls": null, "quarantine": false, "removed_by": null, "removed_by_category": null, "retrieved_on": 1678341350, "score": 15, "secure_media": null, "secure_media_embed": {}, "selftext": "DO NOT FORGET THIS IS WHATS GOING ON ^^^^^ \nTo the moon \ud83d\ude80\ud83d\ude80\ud83d\ude80\ud83d\ude80\ud83d\ude80\ud83c\udf1d\ud83c\udf1d\ud83c\udf1d\ud83c\udf1d", "send_replies": true, "spoiler": false, "stickied": false, "subreddit": "ThePPShow", "subreddit_id": "t5_7q5o7y", "subreddit_name_prefixed": "r/ThePPShow", "subreddit_subscribers": 582, "subreddit_type": "public", "suggested_sort": "new", "thumbnail": "https://b.thumbs.redditmedia.com/Otc5BEWnCf1QDnYvvkn0vvZ0Qi0sOzjDYhX9ZumMEeo.jpg", "thumbnail_height": 96, "thumbnail_width": 140, "title": "$BBBY Market Manipulation", "top_awarded_type": null, "total_awards_received": 0, "treatment_tags": [], "upvote_ratio": 0.94, "url": "https://i.redd.it/m5esvi5lf4ga1.jpg", "url_overridden_by_dest": "https://i.redd.it/m5esvi5lf4ga1.jpg", "view_count": null, "whitelist_status": null, "wls": null}, {"all_awardings": [], "allow_live_comments": false, "archived": false, "author": "[deleted]", "author_created_utc": null, "author_flair_background_color": "", "author_flair_css_class": null, "author_flair_template_id": null, "author_flair_text": null, "author_flair_text_color": "dark", "awarders": [], "banned_by": null, "can_gild": false, "can_mod_post": false, "category": null, "content_categories": null, "contest_mode": false, "created_utc": 1675471641, "discussion_type": null, "distinguished": null, "domain": "", "edited": false, "gilded": 0, "gildings": {}, "hidden": false, "hide_score": false, "id": "10t0ior", "is_created_from_ads_ui": false, "is_crosspostable": false, "is_meta": false, "is_original_content": false, "is_reddit_media_domain": false, "is_robot_indexable": false, "is_self": false, "is_video": false, "link_flair_background_color": "#ffd635", "link_flair_css_class": "", "link_flair_richtext": [], "link_flair_template_id": "cf8e4b00-8f0a-11ed-bcf5-ea5ecab695a0", "link_flair_text": "Stream Live Chat", "link_flair_text_color": "dark", "link_flair_type": "text", "locked": false, "media": {"oembed": {"author_name": "ThePPshow", "author_url": "https://www.youtube.com/@ThePPshow", "height": 200, "html": "&lt;iframe width=\"356\" height=\"200\" src=\"https://www.youtube.com/embed/IwaIoTG8MuA?feature=oembed&amp;enablejsapi=1\" frameborder=\"0\" allow=\"accelerometer; autoplay; clipboard-write; encrypted-media; gyroscope; picture-in-picture; web-share\" allowfullscreen title=\"ThePPShow BBBY Livestream\"&gt;&lt;/iframe&gt;", "provider_name": "YouTube", "provider_url": "https://www.youtube.com/", "thumbnail_height": 360, "thumbnail_url": "https://i.ytimg.com/vi/IwaIoTG8MuA/hqdefault.jpg", "thumbnail_width": 480, "title": "ThePPShow BBBY Livestream", "type": "video", "version": "1.0", "width": 356}, "type": "youtube.com"}, "media_embed": {"content": "&lt;iframe width=\"356\" height=\"200\" src=\"https://www.youtube.com/embed/IwaIoTG8MuA?feature=oembed&amp;enablejsapi=1\" frameborder=\"0\" allow=\"accelerometer; autoplay; clipboard-write; encrypted-media; gyroscope; picture-in-picture; web-share\" allowfullscreen title=\"ThePPShow BBBY Livestream\"&gt;&lt;/iframe&gt;", "height": 200, "scrolling": false, "width": 356}, "media_only": false, "name": "t3_10t0ior", "no_follow": false, "num_comments": 0, "num_crossposts": 0, "over_18": false, "parent_whitelist_status": null, "permalink": "/r/ThePPShow/comments/10t0ior/theppshow_livestream_is_starting_soon_come_talk/", "pinned": false, "pwls": null, "quarantine": false, "removed_by": null, "removed_by_category": "deleted", "retrieved_on": 1678341416, "score": 6, "secure_media": {"oembed": {"author_name": "ThePPshow", "author_url": "https://www.youtube.com/@ThePPshow", "height": 200, "html": "&lt;iframe width=\"356\" height=\"200\" src=\"https://www.youtube.com/embed/IwaIoTG8MuA?feature=oembed&amp;enablejsapi=1\" frameborder=\"0\" allow=\"accelerometer; autoplay; clipboard-write; encrypted-media; gyroscope; picture-in-picture; web-share\" allowfullscreen title=\"ThePPShow BBBY Livestream\"&gt;&lt;/iframe&gt;", "provider_name": "YouTube", "provider_url": "https://www.youtube.com/", "thumbnail_height": 360, "thumbnail_url": "https://i.ytimg.com/vi/IwaIoTG8MuA/hqdefault.jpg", "thumbnail_width": 480, "title": "ThePPShow BBBY Livestream", "type": "video", "version": "1.0", "width": 356}, "type": "youtube.com"}, "secure_media_embed": {"content": "&lt;iframe width=\"356\" height=\"200\" src=\"https://www.youtube.com/embed/IwaIoTG8MuA?feature=oembed&amp;enablejsapi=1\" frameborder=\"0\" allow=\"accelerometer; autoplay; clipboard-write; encrypted-media; gyroscope; picture-in-picture; web-share\" allowfullscreen title=\"ThePPShow BBBY Livestream\"&gt;&lt;/iframe&gt;", "height": 200, "media_domain_url": "https://www.redditmedia.com/mediaembed/10t0ior", "scrolling": false, "width": 356}, "selftext": "[deleted]", "send_replies": true, "spoiler": false, "stickied": false, "subreddit": "ThePPShow", "subreddit_id": "t5_7q5o7y", "subreddit_name_prefixed": "r/ThePPShow", "subreddit_subscribers": 582, "subreddit_type": "public", "suggested_sort": null, "thumbnail": "default", "thumbnail_height": 105, "thumbnail_width": 140, "title": "Theppshow Livestream is starting soon come talk about your fav stock BBBY!", "top_awarded_type": null, "total_awards_received": 0, "treatment_tags": [], "upvote_ratio": 0.88, "url": "", "url_overridden_by_dest": "", "view_count": null, "whitelist_status": null, "wls": null}], "metadata": {"op_a": 54, "op_b": 48, "total": 102}, "error": null}