{"data": [{"all_awardings": [], "allow_live_comments": false, "archived": false, "author": "[deleted]", "author_created_utc": null, "author_flair_background_color": "", "author_flair_css_class": null, "author_flair_template_id": null, "author_flair_text": null, "author_flair_text_color": "dark", "awarders": [], "banned_by": null, "can_gild": false, "can_mod_post": false, "category": null, "content_categories": null, "contest_mode": false, "created_utc": 1677282900, "discussion_type": null, "distinguished": null, "domain": "", "edited": false, "gilded": 0, "gildings": {}, "hidden": false, "hide_score": false, "id": "11b644l", "is_created_from_ads_ui": false, "is_crosspostable": false, "is_meta": false, "is_original_content": false, "is_reddit_media_domain": false, "is_robot_indexable": false, "is_self": true, "is_video": false, "link_flair_background_color": "#ffd635", "link_flair_css_class": "", "link_flair_richtext": [], "link_flair_template_id": "b389bcaa-8f0a-11ed-9b6e-1e9f599434b1", "link_flair_text": "Stream announcement ", "link_flair_text_color": "dark", "link_flair_type": "text", "locked": false, "media": null, "media_embed": {}, "media_only": false, "name": "t3_11b644l", "no_follow": false, "num_comments": 6, "num_crossposts": 0, "over_18": false, "parent_whitelist_status": null, "permalink": "/r/ThePPShow/comments/11b644l/theppshow_live_tonight_about_8pmct/", "pinned": false, "pwls": null, "quarantine": false, "removed_by": null, "removed_by_category": "deleted", "retrieved_on": 1678314994, "score": 25, "secure_media": null, "secure_media_embed": {}, "selftext": "[deleted]", "send_replies": true, "spoiler": false, "stickied": false, "subreddit": "ThePPShow", "subreddit_id": "t5_7q5o7y", "subreddit_name_prefixed": "r/ThePPShow", "subreddit_subscribers": 580, "subreddit_type": "public", "suggested_sort": null, "thumbnail": "default", "thumbnail_height": null, "thumbnail_width": null, "title": "ThePPShow live tonight about 8PMCT", "top_awarded_type": null, "total_awards_received": 0, "treatment_tags": [], "upvote_ratio": 1.0, "url": "", "view_count": null, "whitelist_status": null, "wls": null}, {"all_awardings": [], "allow_live_comments": false, "archived": false, "author": "wilsash42", "author_created_utc": 1621173925, "author_flair_background_color": null, "author_flair_css_class": null, "author_flair_richtext": [], "author_flair_template_id": null, "author_flair_text": null, "author_flair_text_color": null, "author_flair_type": "text", "author_fullname": "t2_c5vzyhey", "author_patreon_flair": false, "author_premium": true, "awarders": [], "banned_by": null, "can_gild": true, "can_mod_post": false, "category": null, "content_categories": null, "contest_mode": false, "created_utc": 1677278257, "discussion_type": null, "distinguished": null, "domain": "i.redd.it", "edited": false, "gilded": 0, "gildings": {}, "hidden": false, "hide_score": false, "id": "11b4ahg", "is_created_from_ads_ui": false, "is_crosspostable": true, "is_meta": false, "is_original_content": false, "is_reddit_media_domain": true, "is_robot_indexable": true, "is_self": false, "is_video": false, "link_flair_background_color": "", "link_flair_css_class": null, "link_flair_richtext": [], "link_flair_text": null, "link_flair_text_color": "dark", "link_flair_type": "text", "locked": false, "media": null, "media_embed": {}, "media_only": false, "name": "t3_11b4ahg", "no_follow": false, "num_comments": 0, "num_crossposts": 0, "over_18": false, "parent_whitelist_status": null, "permalink": "/r/ThePPShow/comments/11b4ahg/just_reminded_me_of_pp_talking_about_bobby_this/", "pinned": false, "post_hint": "image", "preview": {"enabled": true, "images": [{"id": "pTUHjyqbzXFqJ50jfUYHcfFSAGvSoXP9YySMy85JeMY", "resolutions": [{"height": 89, "url": "https://preview.redd.it/d5i7r7he99ka1.jpg?width=108&amp;crop=smart&amp;auto=webp&amp;v=enabled&amp;s=becad2cc44f5056b0c1804df8242a490eace4989", "width": 108}, {"height": 178, "url": "https://preview.redd.it/d5i7r7he99ka1.jpg?width=216&amp;crop=smart&amp;auto=webp&amp;v=enabled&amp;s=c08b3bbd601519aecc3d3467d1d80d8eac69c037", "width": 216}, {"height": 264, "url": "https://preview.redd.it/d5i7r7he99ka1.jpg?width=320&amp;crop=smart&amp;auto=webp&amp;v=enabled&amp;s=409391a8678c10b4ae24ca05e7c0cf01aa4c4668", "width": 320}, {"height": 529, "url": "https://preview.redd.it/d5i7r7he99ka1.jpg?width=640&amp;crop=smart&amp;auto=webp&amp;v=enabled&amp;s=58d236466947b4bfb86bd1d9e9032563750a0ebd", "width": 640}, {"height": 793, "url": "https://preview.redd.it/d5i7r7he99ka1.jpg?width=960&amp;crop=smart&amp;auto=webp&amp;v=enabled&amp;s=6861e335b629e9cb1c0b59a401f0d486ff6b32bf", "width": 960}], "source": {"height": 841, "url": "https://preview.redd.it/d5i7r7he99ka1.jpg?auto=webp&amp;v=enabled&amp;s=c1c4ee0312a2995947caecbbe6f7b25c235ea92f", "width": 1017}, "variants": {}}]}, "pwls": null, "quarantine": false, "removed_by": null, "removed_by_category": null, "retrieved_on": 1678315072, "score": 9, "secure_media": null, "secure_media_embed": {}, "selftext": "", "send_replies": true, "spoiler": false, "stickied": false, "subreddit": "ThePPShow", "subreddit_id": "t5_7q5o7y", "subreddit_name_prefixed": "r/ThePPShow", "subreddit_subscribers": 580, "subreddit_type": "public", "suggested_sort": null, "thumbnail": "https://b.thumbs.redditmedia.com/yFB7CazaJXwlUsZUjwfJvPkuPPSLqiKFvj2UsjvJq8k.jpg", "thumbnail_height": 115, "thumbnail_width": 140, "title": "Just reminded me of PP talking about BoBBY this week!", "top_awarded_type": null, "total_awards_received": 0, "treatment_tags": [], "upvote_ratio": 1.0, "url": "https://i.redd.it/d5i7r7he99ka1.jpg", "url_overridden_by_dest": "https://i.redd.it/d5i7r7he99ka1.jpg", "view_count": null, "whitelist_status": null, "wls": null}, {"all_awardings": [], "allow_live_comments": false, "archived": false, "author": "Fraya2", "author_created_utc": 1664737241, "author_flair_background_color": null, "author_flair_css_class": null, "author_flair_richtext": [], "author_flair_template_id": null, "author_flair_text": null, "author_flair_text_color": null, "author_flair_type": "text", "author_fullname": "t2_t0nyhb3q", "author_patreon_flair": false, "author_premium": false, "awarders": [], "banned_by": null, "can_gild": true, "can_mod_post": false, "category": null, "content_categories": null, "contest_mode": false, "created_utc": 1677267948, "discussion_type": null, "distinguished": null, "domain": "i.redd.it", "edited": false, "gilded": 0, "gildings": {}, "hidden": false, "hide_score": false, "id": "11b05nh", "is_created_from_ads_ui": false, "is_crosspostable": true, "is_meta": false, "is_original_content": false, "is_reddit_media_domain": true, "is_robot_indexable": true, "is_self": false, "is_video": false, "link_flair_background_color": "", "link_flair_css_class": null, "link_flair_richtext": [], "link_flair_text": null, "link_flair_text_color": "dark", "link_flair_type": "text", "locked": false, "media": null, "media_embed": {}, "media_only": false, "name": "t3_11b05nh", "no_follow": false, "num_comments": 2, "num_crossposts": 0, "over_18": false, "parent_whitelist_status": null, "permalink": "/r/ThePPShow/comments/11b05nh/which_one_of_you_mfs_is_it/", "pinned": false, "post_hint": "image", "preview": {"enabled": true, "images": [{"id": "MMEYJZqk7b7V4WTJ8Il9wU8QfIrH11wnVR4LsvOUpjM", "resolutions": [{"height": 144, "url": "https://preview.redd.it/g3598lnqe8ka1.jpg?width=108&amp;crop=smart&amp;auto=webp&amp;v=enabled&amp;s=60939d53b9813584bb289188119b6da2a9512a80", "width": 108}, {"height": 288, "url": "https://preview.redd.it/g3598lnqe8ka1.jpg?width=216&amp;crop=smart&amp;auto=webp&amp;v=enabled&amp;s=98d233773ce392e2b07422b0ab53ca3625d9b894", "width": 216}, {"height": 426, "url": "https://preview.redd.it/g3598lnqe8ka1.jpg?width=320&amp;crop=smart&amp;auto=webp&amp;v=enabled&amp;s=3fcfe3194893c3526616a0563934338ac05297a4", "width": 320}, {"height": 853, "url": "https://preview.redd.it/g3598lnqe8ka1.jpg?width=640&amp;crop=smart&amp;auto=webp&amp;v=enabled&amp;s=09422524941cdd943aecb0e16c04234f87a3964a", "width": 640}, {"height": 1280, "url": "https://preview.redd.it/g3598lnqe8ka1.jpg?width=960&amp;crop=smart&amp;auto=webp&amp;v=enabled&amp;s=73f73cfaaf8900340e6929a628adf3fed4421bb9", "width": 960}, {"height": 1440, "url": "https://preview.redd.it/g3598lnqe8ka1.jpg?width=1080&amp;crop=smart&amp;auto=webp&amp;v=enabled&amp;s=d5fd05e3627973027b5bda58a8655f505fb84a16", "width": 1080}], "source": {"height": 4032, "url": "https://preview.redd.it/g3598lnqe8ka1.jpg?auto=webp&amp;v=enabled&amp;s=4237cd72f22c5247e92fa4080e5bfb2b3288c5d3", "width": 3024}, "variants": {}}]}, "pwls": null, "quarantine": false, "removed_by": null, "removed_by_category": null, "retrieved_on": 1678315252, "score": 12, "secure_media": null, "secure_media_embed": {}, "selftext": "", "send_replies": true, "spoiler": false, "stickied": false, "subreddit": "ThePPShow", "subreddit_id": "t5_7q5o7y", "subreddit_name_prefixed": "r/ThePPShow", "subreddit_subscribers": 580, "subreddit_type": "public", "suggested_sort": null, "thumbnail": "https://b.thumbs.redditmedia.com/zZ7_lKFd4CSINGb5hbRli20IARlsERfcvAGxCFtlMCI.jpg", "thumbnail_height": 140, "thumbnail_width": 140, "title": "Which one of you mfs is it?", "top_awarded_type": null, "total_awards_received": 0, "treatment_tags": [], "upvote_ratio": 1.0, "url": "https://i.redd.it/g3598lnqe8ka1.jpg", "url_overridden_by_dest": "https://i.redd.it/g3598lnqe8ka1.jpg", "view_count": null, "whitelist_status": null, "wls": null}, {"all_awardings": [], "allow_live_comments": false, "archived": false, "author": "[deleted]", "author_created_utc": null, "author_flair_background_color": "", "author_flair_css_class": null, "author_flair_template_id": null, "author_flair_text": null, "author_flair_text_color": "dark", "awarders": [], "banned_by": null, "can_gild": false, "can_mod_post": false, "category": null, "content_categories": null, "contest_mode": false, "created_utc": 1677242786, "discussion_type": null, "distinguished": null, "domain": "", "edited": false, "gilded": 0, "gildings": {}, "hidden": false, "hide_score": false, "id": "11aqkvb", "is_created_from_ads_ui": false, "is_crosspostable": false, "is_meta": false, "is_original_content": false, "is_reddit_media_domain": false, "is_robot_indexable": false, "is_self": false, "is_video": false, "link_flair_background_color": "", "link_flair_css_class": null, "link_flair_richtext": [], "link_flair_text": null, "link_flair_text_color": "dark", "link_flair_type": "text", "locked": false, "media": null, "media_embed": {}, "media_only": false, "name": "t3_11aqkvb", "no_follow": false, "num_comments": 0, "num_crossposts": 0, "over_18": false, "parent_whitelist_status": null, "permalink": "/r/ThePPShow/comments/11aqkvb/msm_posted_about_reg_sho/", "pinned": false, "pwls": null, "quarantine": false, "removed_by": null, "removed_by_category": "deleted", "retrieved_on": 1678315672, "score": 14, "secure_media": null, "secure_media_embed": {}, "selftext": "[deleted]", "send_replies": true, "spoiler": false, "stickied": false, "subreddit": "ThePPShow", "subreddit_id": "t5_7q5o7y", "subreddit_name_prefixed": "r/ThePPShow", "subreddit_subscribers": 580, "subreddit_type": "public", "suggested_sort": null, "thumbnail": "default", "thumbnail_height": null, "thumbnail_width": null, "title": "MSM Posted About.. Reg.. SHO....?", "top_awarded_type": null, "total_awards_received": 0, "treatment_tags": [], "upvote_ratio": 1.0, "url": "", "url_overridden_by_dest": "", "view_count": null, "whitelist_status": null, "wls": null}], "metadata": {"op_a": 55, "op_b": 47, "total": 103}, "error": null}