{"data": [{"all_awardings": [], "allow_live_comments": false, "archived": false, "author": "bootobin", "author_created_utc": null, "author_flair_background_color": null, "author_flair_css_class": null, "author_flair_richtext": [], "author_flair_template_id": null, "author_flair_text": null, "author_flair_text_color": null, "author_flair_type": "text", "author_fullname": "t2_3wcp1dmi0", "author_patreon_flair": false, "author_premium": false, "awarders": [], "banned_by": null, "can_gild": true, "can_mod_post": false, "category": null, "content_categories": null, "contest_mode": false, "created_utc": 1679775835, "discussion_type": null, "distinguished": null, "domain": "self.ThePPShow", "edited": false, "gilded": 0, "gildings": {}, "hidden": false, "hide_score": false, "id": "121xypu", "is_created_from_ads_ui": false, "is_crosspostable": true, "is_meta": false, "is_original_content": false, "is_reddit_media_domain": false, "is_robot_indexable": true, "is_self": true, "is_video": false, "link_flair_background_color": "", "link_flair_css_class": null, "link_flair_richtext": [], "link_flair_text": null, "link_flair_text_color": "dark", "link_flair_type": "text", "locked": false, "media": null, "media_embed": {}, "media_metadata": {"ubqzzjq12ypa1": {"e": "Image", "id": "ubqzzjq12ypa1", "m": "image/png", "p": [{"u": "https://preview.redd.it/ubqzzjq12ypa1.png?width=108&amp;crop=smart&amp;auto=webp&amp;v=enabled&amp;s=aa3f704d6bcf76ee4332e160b85d3453e4bb9e12", "x": 108, "y": 135}, {"u": "https://preview.redd.it/ubqzzjq12ypa1.png?width=216&amp;crop=smart&amp;auto=webp&amp;v=enabled&amp;s=045672bd59772bf294a2b0b1cf9ec84ea74f183d", "x": 216, "y": 271}, {"u": "https://preview.redd.it/ubqzzjq12ypa1.png?width=320&amp;crop=smart&amp;auto=webp&amp;v=enabled&amp;s=e730feb521c98ca7391109ec6a569dfcb02c961d", "x": 320, "y": 402}], "s": {"u": "https://preview.redd.it/ubqzzjq12ypa1.png?width=369&amp;format=png&amp;auto=webp&amp;v=enabled&amp;s=d4c7999126ec0525e08247d26dbe04affa6c1586", "x": 369, "y": 464}, "status": "valid"}}, "media_only": false, "name": "t3_121xypu", "no_follow": false, "num_comments": 5, "num_crossposts": 0, "over_18": false, "parent_whitelist_status": null, "permalink": "/r/ThePPShow/comments/121xypu/new_citadel_cayman_accounts_active_on_monday/", "pinned": false, "post_hint": "self", "preview": {"enabled": false, "images": [{"id": "Aqz1XeEpLKpYfADZLVNlgpGImKraqGk_adUYEovcLVA", "resolutions": [{"height": 108, "url": "https://external-preview.redd.it/GocGcKM06RJ_pV_gvgOSEspveYpou_4P03x_It3ji2A.jpg?width=108&amp;crop=smart&amp;auto=webp&amp;v=enabled&amp;s=07a1d1ba57487d58feffb315473a62e6c1f3e29c", "width": 108}], "source": {"height": 140, "url": "https://external-preview.redd.it/GocGcKM06RJ_pV_gvgOSEspveYpou_4P03x_It3ji2A.jpg?auto=webp&amp;v=enabled&amp;s=f5b4d3b4a73e63efce85ebc11b7d6457f226734e", "width": 140}, "variants": {}}]}, "pwls": null, "quarantine": false, "removed_by": null, "removed_by_category": null, "retrieved_on": 1680994801, "score": 21, "secure_media": null, "secure_media_embed": {}, "selftext": "&amp;#x200B;\n\nhttps://preview.redd.it/ubqzzjq12ypa1.png?width=369&amp;format=png&amp;auto=webp&amp;v=enabled&amp;s=d4c7999126ec0525e08247d26dbe04affa6c1586\n\n[https://twitter.com/741trey/status/1639623307954667520](https://twitter.com/741trey/status/1639623307954667520)", "send_replies": true, "spoiler": false, "stickied": false, "subreddit": "ThePPShow", "subreddit_id": "t5_7q5o7y", "subreddit_name_prefixed": "r/ThePPShow", "subreddit_subscribers": 1236, "subreddit_type": "public", "suggested_sort": null, "thumbnail": "https://b.thumbs.redditmedia.com/szzdROT7Yspx_57CMZQclG9sqS2pCncKzmIzF4dGAko.jpg", "thumbnail_height": 140, "thumbnail_width": 140, "title": "New Citadel Cayman Accounts Active on Monday", "top_awarded_type": null, "total_awards_received": 0, "treatment_tags": [], "upvote_ratio": 1.0, "url": "https://www.reddit.com/r/ThePPShow/comments/121xypu/new_citadel_cayman_accounts_active_on_monday/", "view_count": null, "whitelist_status": null, "wls": null}, {"all_awardings": [], "allow_live_comments": false, "archived": false, "author": "HonestBeing444", "author_created_utc": null, "author_flair_background_color": null, "author_flair_css_class": null, "author_flair_richtext": [], "author_flair_template_id": null, "author_flair_text": null, "author_flair_text_color": null, "author_flair_type": "text", "author_fullname": "t2_4ayw1i8fx", "author_patreon_flair": false, "author_premium": false, "awarders": [], "banned_by": null, "can_gild": true, "can_mod_post": false, "category": null, "content_categories": null, "contest_mode": false, "created_utc": 1679762640, "discussion_type": null, "distinguished": null, "domain": "self.ThePPShow", "edited": false, "gilded": 0, "gildings": {}, "hidden": false, "hide_score": false, "id": "121rgsx", "is_created_from_ads_ui": false, "is_crosspostable": true, "is_meta": false, "is_original_content": false, "is_reddit_media_domain": false, "is_robot_indexable": true, "is_self": true, "is_video": false, "link_flair_background_color": "", "link_flair_css_class": null, "link_flair_richtext": [], "link_flair_text": null, "link_flair_text_color": "dark", "link_flair_type": "text", "locked": false, "media": null, "media_embed": {}, "media_metadata": {"pxzztwebzwpa1": {"e": "Image", "id": "pxzztwebzwpa1", "m": "image/jpg", "p": [{"u": "https://preview.redd.it/pxzztwebzwpa1.jpg?width=108&amp;crop=smart&amp;auto=webp&amp;v=enabled&amp;s=f3b3e7ad7d634b661d744c683b74f26da1bc788e", "x": 108, "y": 60}, {"u": "https://preview.redd.it/pxzztwebzwpa1.jpg?width=216&amp;crop=smart&amp;auto=webp&amp;v=enabled&amp;s=e319b41296e6900f850e9464c2c235f0220c7045", "x": 216, "y": 121}, {"u": "https://preview.redd.it/pxzztwebzwpa1.jpg?width=320&amp;crop=smart&amp;auto=webp&amp;v=enabled&amp;s=b314ff6d06e63f4dbeddc2d1442b7a6e0126f5e9", "x": 320, "y": 179}, {"u": "https://preview.redd.it/pxzztwebzwpa1.jpg?width=640&amp;crop=smart&amp;auto=webp&amp;v=enabled&amp;s=4f5f45bf762be0f740c79312f26b9c5e38bf5869", "x": 640, "y": 359}], "s": {"u": "https://preview.redd.it/pxzztwebzwpa1.jpg?width=900&amp;format=pjpg&amp;auto=webp&amp;v=enabled&amp;s=4158b1c206885d26e4a1bdda9345a809996bd11f", "x": 900, "y": 506}, "status": "valid"}}, "media_only": false, "name": "t3_121rgsx", "no_follow": false, "num_comments": 68, "num_crossposts": 0, "over_18": false, "parent_whitelist_status": null, "permalink": "/r/ThePPShow/comments/121rgsx/why_i_am_not_playing_options_on_bbby_as_over_3128/", "pinned": false, "pwls": null, "quarantine": false, "removed_by": null, "removed_by_category": null, "retrieved_on": 1680995033, "score": 31, "secure_media": null, "secure_media_embed": {}, "selftext": "&amp;#x200B;\n\n&amp;#x200B;\n\nhttps://preview.redd.it/pxzztwebzwpa1.jpg?width=900&amp;format=pjpg&amp;auto=webp&amp;v=enabled&amp;s=4158b1c206885d26e4a1bdda9345a809996bd11f\n\nWelcome to the Casino - but remember - Icanh bootstrapped his career playing poker,\n\nFor me - shares are the way as if we have a reverse triangle merger, my shares are awarded with bonus shares in another company", "send_replies": true, "spoiler": false, "stickied": false, "subreddit": "ThePPShow", "subreddit_id": "t5_7q5o7y", "subreddit_name_prefixed": "r/ThePPShow", "subreddit_subscribers": 1236, "subreddit_type": "public", "suggested_sort": null, "thumbnail": "https://b.thumbs.redditmedia.com/aP9VG2xkOmYn82GZJZ62q3RgQpubPADt23dd3IrGMkI.jpg", "thumbnail_height": 78, "thumbnail_width": 140, "title": "Why I am not playing OPTIONS on BBBY - as over 3128% of placed calls or puts are OTM", "top_awarded_type": null, "total_awards_received": 0, "treatment_tags": [], "upvote_ratio": 0.91, "url": "https://www.reddit.com/r/ThePPShow/comments/121rgsx/why_i_am_not_playing_options_on_bbby_as_over_3128/", "view_count": null, "whitelist_status": null, "wls": null}, {"all_awardings": [], "allow_live_comments": false, "archived": false, "author": "stock_digest", "author_created_utc": 1661348940, "author_flair_background_color": null, "author_flair_css_class": null, "author_flair_richtext": [], "author_flair_template_id": null, "author_flair_text": null, "author_flair_text_color": null, "author_flair_type": "text", "author_fullname": "t2_rv162xtz", "author_patreon_flair": false, "author_premium": false, "awarders": [], "banned_by": null, "can_gild": true, "can_mod_post": false, "category": null, "content_categories": null, "contest_mode": false, "created_utc": 1679759622, "discussion_type": null, "distinguished": null, "domain": "i.redd.it", "edited": false, "gilded": 0, "gildings": {}, "hidden": false, "hide_score": false, "id": "121q2hs", "is_created_from_ads_ui": false, "is_crosspostable": true, "is_meta": false, "is_original_content": false, "is_reddit_media_domain": true, "is_robot_indexable": true, "is_self": false, "is_video": false, "link_flair_background_color": "", "link_flair_css_class": null, "link_flair_richtext": [], "link_flair_text": null, "link_flair_text_color": "dark", "link_flair_type": "text", "locked": false, "media": null, "media_embed": {}, "media_only": false, "name": "t3_121q2hs", "no_follow": false, "num_comments": 3, "num_crossposts": 0, "over_18": false, "parent_whitelist_status": null, "permalink": "/r/ThePPShow/comments/121q2hs/we_want_to_be_paid_this_amount_per_share_in_usd/", "pinned": false, "post_hint": "image", "preview": {"enabled": true, "images": [{"id": "0IbHxrGf4C57UToEsaCeS2brMmrIssAGFIiJ2hs3ROo", "resolutions": [{"height": 76, "url": "https://preview.redd.it/co1esnwz5xpa1.jpg?width=108&amp;crop=smart&amp;auto=webp&amp;v=enabled&amp;s=90b15234cdc1df77a7225d1a126453fb8603c53c", "width": 108}, {"height": 152, "url": "https://preview.redd.it/co1esnwz5xpa1.jpg?width=216&amp;crop=smart&amp;auto=webp&amp;v=enabled&amp;s=d5c49304d2f42ac1f7cd55dd36c04723a8c1503d", "width": 216}, {"height": 225, "url": "https://preview.redd.it/co1esnwz5xpa1.jpg?width=320&amp;crop=smart&amp;auto=webp&amp;v=enabled&amp;s=41d288550c68683288264509c07992f92d7b55bf", "width": 320}, {"height": 451, "url": "https://preview.redd.it/co1esnwz5xpa1.jpg?width=640&amp;crop=smart&amp;auto=webp&amp;v=enabled&amp;s=17c2d3f829010b770927d076b9c5125b0f923ad8", "width": 640}], "source": {"height": 529, "url": "https://preview.redd.it/co1esnwz5xpa1.jpg?auto=webp&amp;v=enabled&amp;s=1a1711c547c1376c8f9b101b7186be96304c9e41", "width": 750}, "variants": {}}]}, "pwls": null, "quarantine": false, "removed_by": null, "removed_by_category": null, "retrieved_on": 1680995085, "score": 9, "secure_media": null, "secure_media_embed": {}, "selftext": "", "send_replies": true, "spoiler": false, "stickied": false, "subreddit": "ThePPShow", "subreddit_id": "t5_7q5o7y", "subreddit_name_prefixed": "r/ThePPShow", "subreddit_subscribers": 1236, "subreddit_type": "public", "suggested_sort": null, "thumbnail": "https://b.thumbs.redditmedia.com/E0R2ji-gw1aW8ABl_BM57JJb5wtXrV5UVdSERsuCv2s.jpg", "thumbnail_height": 98, "thumbnail_width": 140, "title": "We want to be paid this amount per share in USD", "top_awarded_type": null, "total_awards_received": 0, "treatment_tags": [], "upvote_ratio": 0.85, "url": "https://i.redd.it/co1esnwz5xpa1.jpg", "url_overridden_by_dest": "https://i.redd.it/co1esnwz5xpa1.jpg", "view_count": null, "whitelist_status": null, "wls": null}, {"all_awardings": [], "allow_live_comments": false, "archived": false, "author": "moonshot_69", "author_created_utc": 1662328354, "author_flair_background_color": null, "author_flair_css_class": null, "author_flair_richtext": [], "author_flair_template_id": null, "author_flair_text": null, "author_flair_text_color": null, "author_flair_type": "text", "author_fullname": "t2_rpv9h1mq", "author_patreon_flair": false, "author_premium": true, "awarders": [], "banned_by": null, "can_gild": true, "can_mod_post": false, "category": null, "content_categories": null, "contest_mode": false, "created_utc": 1679754118, "crosspost_parent": "t3_1219t8w", "crosspost_parent_list": [{"all_awardings": [{"award_sub_type": "PREMIUM", "award_type": "global", "awardings_required_to_grant_benefits": null, "coin_price": 30, "coin_reward": 0, "count": 1, "days_of_drip_extension": null, "days_of_premium": null, "description": "A golden splash of respect", "end_date": null, "giver_coin_reward": null, "icon_format": null, "icon_height": 2048, "icon_url": "https://i.redd.it/award_images/t5_22cerq/80j20o397jj41_NarwhalSalute.png", "icon_width": 2048, "id": "award_a2506925-fc82-4d6c-ae3b-b7217e09d7f0", "is_enabled": true, "is_new": false, "name": "Narwhal Salute", "penny_donate": null, "penny_price": null, "resized_icons": [{"height": 16, "url": "https://preview.redd.it/award_images/t5_22cerq/80j20o397jj41_NarwhalSalute.png?width=16&amp;height=16&amp;auto=webp&amp;v=enabled&amp;s=8a2a2acbd09705a194b77e9d555b630ec0ed9966", "width": 16}, {"height": 32, "url": "https://preview.redd.it/award_images/t5_22cerq/80j20o397jj41_NarwhalSalute.png?width=32&amp;height=32&amp;auto=webp&amp;v=enabled&amp;s=a1b4dc570c54d4835d396ce6f327cc5df2cd067c", "width": 32}, {"height": 48, "url": "https://preview.redd.it/award_images/t5_22cerq/80j20o397jj41_NarwhalSalute.png?width=48&amp;height=48&amp;auto=webp&amp;v=enabled&amp;s=e4979f617effb9d355397aa2c3f8032870f96fd3", "width": 48}, {"height": 64, "url": "https://preview.redd.it/award_images/t5_22cerq/80j20o397jj41_NarwhalSalute.png?width=64&amp;height=64&amp;auto=webp&amp;v=enabled&amp;s=12d699f41173c6ed50555c5689b463020696a5d3", "width": 64}, {"height": 128, "url": "https://preview.redd.it/award_images/t5_22cerq/80j20o397jj41_NarwhalSalute.png?width=128&amp;height=128&amp;auto=webp&amp;v=enabled&amp;s=5716709f7a329eb81103a5acfee4a545ec0be9b0", "width": 128}], "resized_static_icons": [{"height": 16, "url": "https://preview.redd.it/award_images/t5_22cerq/80j20o397jj41_NarwhalSalute.png?width=16&amp;height=16&amp;auto=webp&amp;v=enabled&amp;s=8a2a2acbd09705a194b77e9d555b630ec0ed9966", "width": 16}, {"height": 32, "url": "https://preview.redd.it/award_images/t5_22cerq/80j20o397jj41_NarwhalSalute.png?width=32&amp;height=32&amp;auto=webp&amp;v=enabled&amp;s=a1b4dc570c54d4835d396ce6f327cc5df2cd067c", "width": 32}, {"height": 48, "url": "https://preview.redd.it/award_images/t5_22cerq/80j20o397jj41_NarwhalSalute.png?width=48&amp;height=48&amp;auto=webp&amp;v=enabled&amp;s=e4979f617effb9d355397aa2c3f8032870f96fd3", "width": 48}, {"height": 64, "url": "https://preview.redd.it/award_images/t5_22cerq/80j20o397jj41_NarwhalSalute.png?width=64&amp;height=64&amp;auto=webp&amp;v=enabled&amp;s=12d699f41173c6ed50555c5689b463020696a5d3", "width": 64}, {"height": 128, "url": "https://preview.redd.it/award_images/t5_22cerq/80j20o397jj41_NarwhalSalute.png?width=128&amp;height=128&amp;auto=webp&amp;v=enabled&amp;s=5716709f7a329eb81103a5acfee4a545ec0be9b0", "width": 128}], "start_date": null, "static_icon_height": 2048, "static_icon_url": "https://i.redd.it/award_images/t5_22cerq/80j20o397jj41_NarwhalSalute.png", "static_icon_width": 2048, "sticky_duration_seconds": null, "subreddit_coin_reward": 0, "subreddit_id": null, "tiers_by_required_awardings": null}, {"award_sub_type": "PREMIUM", "award_type": "global", "awardings_required_to_grant_benefits": null, "coin_price": 30, "coin_reward": 0, "count": 1, "days_of_drip_extension": null, "days_of_premium": null, "description": "A glittering stamp for a feel-good thing", "end_date": null, "giver_coin_reward": null, "icon_format": null, "icon_height": 2048, "icon_url": "https://i.redd.it/award_images/t5_22cerq/b9ks3a5k7jj41_WholesomeSealofApproval.png", "icon_width": 2048, "id": "award_c4b2e438-16bb-4568-88e7-7893b7662944", "is_enabled": true, "is_new": false, "name": "Wholesome Seal of Approval", "penny_donate": null, "penny_price": null, "resized_icons": [{"height": 16, "url": "https://preview.redd.it/award_images/t5_22cerq/b9ks3a5k7jj41_WholesomeSealofApproval.png?width=16&amp;height=16&amp;auto=webp&amp;v=enabled&amp;s=703f779c36fa6c24a87048219c8ad79c38f588dc", "width": 16}, {"height": 32, "url": "https://preview.redd.it/award_images/t5_22cerq/b9ks3a5k7jj41_WholesomeSealofApproval.png?width=32&amp;height=32&amp;auto=webp&amp;v=enabled&amp;s=f1353fd49988371ae4b98114d2f30ad3abd2435e", "width": 32}, {"height": 48, "url": "https://preview.redd.it/award_images/t5_22cerq/b9ks3a5k7jj41_WholesomeSealofApproval.png?width=48&amp;height=48&amp;auto=webp&amp;v=enabled&amp;s=a6325378b5acbd6940233feeeab0d6cc936467c9", "width": 48}, {"height": 64, "url": "https://preview.redd.it/award_images/t5_22cerq/b9ks3a5k7jj41_WholesomeSealofApproval.png?width=64&amp;height=64&amp;auto=webp&amp;v=enabled&amp;s=aa1d8321e60dc611ebc686f814b0ad996d1056c5", "width": 64}, {"height": 128, "url": "https://preview.redd.it/award_images/t5_22cerq/b9ks3a5k7jj41_WholesomeSealofApproval.png?width=128&amp;height=128&amp;auto=webp&amp;v=enabled&amp;s=4c5a9a5cf1591f7074c67a67339e34fbf34a3107", "width": 128}], "resized_static_icons": [{"height": 16, "url": "https://preview.redd.it/award_images/t5_22cerq/b9ks3a5k7jj41_WholesomeSealofApproval.png?width=16&amp;height=16&amp;auto=webp&amp;v=enabled&amp;s=703f779c36fa6c24a87048219c8ad79c38f588dc", "width": 16}, {"height": 32, "url": "https://preview.redd.it/award_images/t5_22cerq/b9ks3a5k7jj41_WholesomeSealofApproval.png?width=32&amp;height=32&amp;auto=webp&amp;v=enabled&amp;s=f1353fd49988371ae4b98114d2f30ad3abd2435e", "width": 32}, {"height": 48, "url": "https://preview.redd.it/award_images/t5_22cerq/b9ks3a5k7jj41_WholesomeSealofApproval.png?width=48&amp;height=48&amp;auto=webp&amp;v=enabled&amp;s=a6325378b5acbd6940233feeeab0d6cc936467c9", "width": 48}, {"height": 64, "url": "https://preview.redd.it/award_images/t5_22cerq/b9ks3a5k7jj41_WholesomeSealofApproval.png?width=64&amp;height=64&amp;auto=webp&amp;v=enabled&amp;s=aa1d8321e60dc611ebc686f814b0ad996d1056c5", "width": 64}, {"height": 128, "url": "https://preview.redd.it/award_images/t5_22cerq/b9ks3a5k7jj41_WholesomeSealofApproval.png?width=128&amp;height=128&amp;auto=webp&amp;v=enabled&amp;s=4c5a9a5cf1591f7074c67a67339e34fbf34a3107", "width": 128}], "start_date": null, "static_icon_height": 2048, "static_icon_url": "https://i.redd.it/award_images/t5_22cerq/b9ks3a5k7jj41_WholesomeSealofApproval.png", "static_icon_width": 2048, "sticky_duration_seconds": null, "subreddit_coin_reward": 0, "subreddit_id": null, "tiers_by_required_awardings": null}], "allow_live_comments": false, "approved_at_utc": null, "approved_by": null, "archived": false, "author": "moonshot_69", "author_flair_background_color": "#d3d6da", "author_flair_css_class": null, "author_flair_richtext": [], "author_flair_template_id": "481f78aa-a004-11ed-ac31-5e57c8d9e576", "author_flair_text": "Kais Maleej", "author_flair_text_color": "dark", "author_flair_type": "text", "author_fullname": "t2_rpv9h1mq", "author_is_blocked": false, "author_patreon_flair": false, "author_premium": true, "awarders": [], "banned_at_utc": null, "banned_by": null, "can_gild": true, "can_mod_post": false, "category": null, "clicked": false, "content_categories": null, "contest_mode": false, "created": 1679716626.0, "created_utc": 1679716626.0, "discussion_type": null, "distinguished": null, "domain": "self.bbby_remastered", "downs": 0, "edited": false, "gilded": 0, "gildings": {}, "hidden": false, "hide_score": false, "id": "1219t8w", "is_created_from_ads_ui": false, "is_crosspostable": true, "is_meta": false, "is_original_content": false, "is_reddit_media_domain": false, "is_robot_indexable": true, "is_self": true, "is_video": false, "likes": null, "link_flair_background_color": "#46d160", "link_flair_css_class": "", "link_flair_richtext": [], "link_flair_template_id": "80fe723c-9c23-11ed-9b55-7ab6cab9aad5", "link_flair_text": "Kais Maleej", "link_flair_text_color": "dark", "link_flair_type": "text", "locked": false, "media": null, "media_embed": {}, "media_only": false, "mod_note": null, "mod_reason_by": null, "mod_reason_title": null, "mod_reports": [], "name": "t3_1219t8w", "no_follow": false, "num_comments": 36, "num_crossposts": 1, "num_reports": null, "over_18": false, "parent_whitelist_status": null, "permalink": "/r/bbby_remastered/comments/1219t8w/kais_maleej_user_flair_contest_round_two_with_a/", "pinned": false, "pwls": null, "quarantine": false, "removal_reason": null, "removed_by": null, "removed_by_category": null, "report_reasons": null, "saved": false, "score": 14, "secure_media": null, "secure_media_embed": {}, "selftext": "", "selftext_html": null, "send_replies": true, "spoiler": false, "stickied": false, "subreddit": "bbby_remastered", "subreddit_id": "t5_7tgjqd", "subreddit_name_prefixed": "r/bbby_remastered", "subreddit_subscribers": 1550, "subreddit_type": "public", "suggested_sort": null, "thumbnail": "self", "thumbnail_height": null, "thumbnail_width": null, "title": "Kais Maleej user flair contest round two, with a twist - someone give the most bearish, dilution negative, company will fail etc.. post possible, be the shill, and then provide your own counter DD. An exercise on if your biases are actually logical.", "top_awarded_type": null, "total_awards_received": 2, "treatment_tags": [], "ups": 14, "upvote_ratio": 0.9, "url": "https://www.reddit.com/r/bbby_remastered/comments/1219t8w/kais_maleej_user_flair_contest_round_two_with_a/", "user_reports": [], "view_count": null, "visited": false, "whitelist_status": null, "wls": null}], "discussion_type": null, "distinguished": null, "domain": "self.bbby_remastered", "edited": false, "gilded": 0, "gildings": {}, "hidden": false, "hide_score": false, "id": "121n9ti", "is_created_from_ads_ui": false, "is_crosspostable": true, "is_meta": false, "is_original_content": false, "is_reddit_media_domain": false, "is_robot_indexable": true, "is_self": false, "is_video": false, "link_flair_background_color": "", "link_flair_css_class": null, "link_flair_richtext": [], "link_flair_text": null, "link_flair_text_color": "dark", "link_flair_type": "text", "locked": false, "media": null, "media_embed": {}, "media_only": false, "name": "t3_121n9ti", "no_follow": false, "num_comments": 1, "num_crossposts": 0, "over_18": false, "parent_whitelist_status": null, "permalink": "/r/ThePPShow/comments/121n9ti/weekend_thought_exercise_on_rbbby_remastered/", "pinned": false, "pwls": null, "quarantine": false, "removed_by": null, "removed_by_category": null, "retrieved_on": 1680995192, "score": 2, "secure_media": null, "secure_media_embed": {}, "selftext": "", "send_replies": true, "spoiler": false, "stickied": false, "subreddit": "ThePPShow", "subreddit_id": "t5_7q5o7y", "subreddit_name_prefixed": "r/ThePPShow", "subreddit_subscribers": 1236, "subreddit_type": "public", "suggested_sort": null, "thumbnail": "default", "thumbnail_height": null, "thumbnail_width": null, "title": "Weekend thought exercise on r/bbby_remastered", "top_awarded_type": null, "total_awards_received": 0, "treatment_tags": [], "upvote_ratio": 0.75, "url": "/r/bbby_remastered/comments/1219t8w/kais_maleej_user_flair_contest_round_two_with_a/", "url_overridden_by_dest": "/r/bbby_remastered/comments/1219t8w/kais_maleej_user_flair_contest_round_two_with_a/", "view_count": null, "whitelist_status": null, "wls": null}, {"all_awardings": [], "allow_live_comments": false, "archived": false, "author": "ppseeds", "author_created_utc": 1518222553, "author_flair_background_color": null, "author_flair_css_class": null, "author_flair_richtext": [], "author_flair_template_id": null, "author_flair_text": null, "author_flair_text_color": null, "author_flair_type": "text", "author_fullname": "t2_w7v9rg0", "author_patreon_flair": false, "author_premium": true, "awarders": [], "banned_by": null, "can_gild": true, "can_mod_post": false, "category": null, "content_categories": null, "contest_mode": false, "created_utc": 1679729041, "crosspost_parent": "t3_120sw0h", "crosspost_parent_list": [{"all_awardings": [{"award_sub_type": "GLOBAL", "award_type": "global", "awardings_required_to_grant_benefits": null, "coin_price": 125, "coin_reward": 0, "count": 1, "days_of_drip_extension": null, "days_of_premium": null, "description": "This goes a long way to restore my faith in the people of Earth", "end_date": null, "giver_coin_reward": null, "icon_format": "APNG", "icon_height": 512, "icon_url": "https://www.redditstatic.com/gold/awards/icon/Faith_in_Humanity_Restored_512.png", "icon_width": 512, "id": "award_611ff347-196b-4a14-ad4b-0076f2d8f9d2", "is_enabled": true, "is_new": false, "name": "Faith In Humanity Restored", "penny_donate": null, "penny_price": 0, "resized_icons": [{"height": 16, "url": "https://www.redditstatic.com/gold/awards/icon/Faith_in_Humanity_Restored_16.png", "width": 16}, {"height": 32, "url": "https://www.redditstatic.com/gold/awards/icon/Faith_in_Humanity_Restored_32.png", "width": 32}, {"height": 48, "url": "https://www.redditstatic.com/gold/awards/icon/Faith_in_Humanity_Restored_48.png", "width": 48}, {"height": 64, "url": "https://www.redditstatic.com/gold/awards/icon/Faith_in_Humanity_Restored_64.png", "width": 64}, {"height": 128, "url": "https://www.redditstatic.com/gold/awards/icon/Faith_in_Humanity_Restored_128.png", "width": 128}], "resized_static_icons": [{"height": 16, "url": "https://preview.redd.it/award_images/t5_22cerq/jlwc6uspakd61_FaithInHumanityRestored.png?width=16&amp;height=16&amp;auto=webp&amp;v=enabled&amp;s=08c73f1595b2f969da73ad8bf9fef83e9e3f79db", "width": 16}, {"height": 32, "url": "https://preview.redd.it/award_images/t5_22cerq/jlwc6uspakd61_FaithInHumanityRestored.png?width=32&amp;height=32&amp;auto=webp&amp;v=enabled&amp;s=58da3d6a8c678afc324db8ada6103e2e8b953bdc", "width": 32}, {"height": 48, "url": "https://preview.redd.it/award_images/t5_22cerq/jlwc6uspakd61_FaithInHumanityRestored.png?width=48&amp;height=48&amp;auto=webp&amp;v=enabled&amp;s=49a6559ef36478537654d37e2c929a6b9d512d01", "width": 48}, {"height": 64, "url": "https://preview.redd.it/award_images/t5_22cerq/jlwc6uspakd61_FaithInHumanityRestored.png?width=64&amp;height=64&amp;auto=webp&amp;v=enabled&amp;s=dcb92afecb2d9b8c637f1b38344bec6a91873838", "width": 64}, {"height": 128, "url": "https://preview.redd.it/award_images/t5_22cerq/jlwc6uspakd61_FaithInHumanityRestored.png?width=128&amp;height=128&amp;auto=webp&amp;v=enabled&amp;s=23d55b0d7a762eef629b7ab829fb3250d0dc4746", "width": 128}], "start_date": null, "static_icon_height": 512, "static_icon_url": "https://i.redd.it/award_images/t5_22cerq/jlwc6uspakd61_FaithInHumanityRestored.png", "static_icon_width": 512, "sticky_duration_seconds": null, "subreddit_coin_reward": 0, "subreddit_id": null, "tiers_by_required_awardings": null}, {"award_sub_type": "GLOBAL", "award_type": "global", "awardings_required_to_grant_benefits": null, "coin_price": 100, "coin_reward": 0, "count": 1, "days_of_drip_extension": null, "days_of_premium": null, "description": "I needed this today", "end_date": null, "giver_coin_reward": null, "icon_format": "PNG", "icon_height": 2048, "icon_url": "https://i.redd.it/award_images/t5_22cerq/v1mxw8i6wnf51_Heartwarming.png", "icon_width": 2048, "id": "award_19860e30-3331-4bac-b3d1-bd28de0c7974", "is_enabled": true, "is_new": false, "name": "Heartwarming", "penny_donate": null, "penny_price": 0, "resized_icons": [{"height": 16, "url": "https://preview.redd.it/award_images/t5_22cerq/v1mxw8i6wnf51_Heartwarming.png?width=16&amp;height=16&amp;auto=webp&amp;v=enabled&amp;s=7434e8ec65f434b811666ff6be1cbc18e675c5bf", "width": 16}, {"height": 32, "url": "https://preview.redd.it/award_images/t5_22cerq/v1mxw8i6wnf51_Heartwarming.png?width=32&amp;height=32&amp;auto=webp&amp;v=enabled&amp;s=aacfdc98efb123d6d4464d6a227aff2f9d90a3fb", "width": 32}, {"height": 48, "url": "https://preview.redd.it/award_images/t5_22cerq/v1mxw8i6wnf51_Heartwarming.png?width=48&amp;height=48&amp;auto=webp&amp;v=enabled&amp;s=af6b886c9a013bed09f09ef8bb3757f14a1286b9", "width": 48}, {"height": 64, "url": "https://preview.redd.it/award_images/t5_22cerq/v1mxw8i6wnf51_Heartwarming.png?width=64&amp;height=64&amp;auto=webp&amp;v=enabled&amp;s=0e3debe040221236e3cdde5840d9ea8f67d7dca9", "width": 64}, {"height": 128, "url": "https://preview.redd.it/award_images/t5_22cerq/v1mxw8i6wnf51_Heartwarming.png?width=128&amp;height=128&amp;auto=webp&amp;v=enabled&amp;s=bd5fb5fe09c1ac5e0d58faed4fc7e9108f6f7718", "width": 128}], "resized_static_icons": [{"height": 16, "url": "https://preview.redd.it/award_images/t5_22cerq/v1mxw8i6wnf51_Heartwarming.png?width=16&amp;height=16&amp;auto=webp&amp;v=enabled&amp;s=7434e8ec65f434b811666ff6be1cbc18e675c5bf", "width": 16}, {"height": 32, "url": "https://preview.redd.it/award_images/t5_22cerq/v1mxw8i6wnf51_Heartwarming.png?width=32&amp;height=32&amp;auto=webp&amp;v=enabled&amp;s=aacfdc98efb123d6d4464d6a227aff2f9d90a3fb", "width": 32}, {"height": 48, "url": "https://preview.redd.it/award_images/t5_22cerq/v1mxw8i6wnf51_Heartwarming.png?width=48&amp;height=48&amp;auto=webp&amp;v=enabled&amp;s=af6b886c9a013bed09f09ef8bb3757f14a1286b9", "width": 48}, {"height": 64, "url": "https://preview.redd.it/award_images/t5_22cerq/v1mxw8i6wnf51_Heartwarming.png?width=64&amp;height=64&amp;auto=webp&amp;v=enabled&amp;s=0e3debe040221236e3cdde5840d9ea8f67d7dca9", "width": 64}, {"height": 128, "url": "https://preview.redd.it/award_images/t5_22cerq/v1mxw8i6wnf51_Heartwarming.png?width=128&amp;height=128&amp;auto=webp&amp;v=enabled&amp;s=bd5fb5fe09c1ac5e0d58faed4fc7e9108f6f7718", "width": 128}], "start_date": null, "static_icon_height": 2048, "static_icon_url": "https://i.redd.it/award_images/t5_22cerq/v1mxw8i6wnf51_Heartwarming.png", "static_icon_width": 2048, "sticky_duration_seconds": null, "subreddit_coin_reward": 0, "subreddit_id": null, "tiers_by_required_awardings": null}, {"award_sub_type": "PREMIUM", "award_type": "global", "awardings_required_to_grant_benefits": null, "coin_price": 30, "coin_reward": 0, "count": 1, "days_of_drip_extension": null, "days_of_premium": null, "description": "A golden splash of respect", "end_date": null, "giver_coin_reward": null, "icon_format": null, "icon_height": 2048, "icon_url": "https://i.redd.it/award_images/t5_22cerq/80j20o397jj41_NarwhalSalute.png", "icon_width": 2048, "id": "award_a2506925-fc82-4d6c-ae3b-b7217e09d7f0", "is_enabled": true, "is_new": false, "name": "Narwhal Salute", "penny_donate": null, "penny_price": null, "resized_icons": [{"height": 16, "url": "https://preview.redd.it/award_images/t5_22cerq/80j20o397jj41_NarwhalSalute.png?width=16&amp;height=16&amp;auto=webp&amp;v=enabled&amp;s=8a2a2acbd09705a194b77e9d555b630ec0ed9966", "width": 16}, {"height": 32, "url": "https://preview.redd.it/award_images/t5_22cerq/80j20o397jj41_NarwhalSalute.png?width=32&amp;height=32&amp;auto=webp&amp;v=enabled&amp;s=a1b4dc570c54d4835d396ce6f327cc5df2cd067c", "width": 32}, {"height": 48, "url": "https://preview.redd.it/award_images/t5_22cerq/80j20o397jj41_NarwhalSalute.png?width=48&amp;height=48&amp;auto=webp&amp;v=enabled&amp;s=e4979f617effb9d355397aa2c3f8032870f96fd3", "width": 48}, {"height": 64, "url": "https://preview.redd.it/award_images/t5_22cerq/80j20o397jj41_NarwhalSalute.png?width=64&amp;height=64&amp;auto=webp&amp;v=enabled&amp;s=12d699f41173c6ed50555c5689b463020696a5d3", "width": 64}, {"height": 128, "url": "https://preview.redd.it/award_images/t5_22cerq/80j20o397jj41_NarwhalSalute.png?width=128&amp;height=128&amp;auto=webp&amp;v=enabled&amp;s=5716709f7a329eb81103a5acfee4a545ec0be9b0", "width": 128}], "resized_static_icons": [{"height": 16, "url": "https://preview.redd.it/award_images/t5_22cerq/80j20o397jj41_NarwhalSalute.png?width=16&amp;height=16&amp;auto=webp&amp;v=enabled&amp;s=8a2a2acbd09705a194b77e9d555b630ec0ed9966", "width": 16}, {"height": 32, "url": "https://preview.redd.it/award_images/t5_22cerq/80j20o397jj41_NarwhalSalute.png?width=32&amp;height=32&amp;auto=webp&amp;v=enabled&amp;s=a1b4dc570c54d4835d396ce6f327cc5df2cd067c", "width": 32}, {"height": 48, "url": "https://preview.redd.it/award_images/t5_22cerq/80j20o397jj41_NarwhalSalute.png?width=48&amp;height=48&amp;auto=webp&amp;v=enabled&amp;s=e4979f617effb9d355397aa2c3f8032870f96fd3", "width": 48}, {"height": 64, "url": "https://preview.redd.it/award_images/t5_22cerq/80j20o397jj41_NarwhalSalute.png?width=64&amp;height=64&amp;auto=webp&amp;v=enabled&amp;s=12d699f41173c6ed50555c5689b463020696a5d3", "width": 64}, {"height": 128, "url": "https://preview.redd.it/award_images/t5_22cerq/80j20o397jj41_NarwhalSalute.png?width=128&amp;height=128&amp;auto=webp&amp;v=enabled&amp;s=5716709f7a329eb81103a5acfee4a545ec0be9b0", "width": 128}], "start_date": null, "static_icon_height": 2048, "static_icon_url": "https://i.redd.it/award_images/t5_22cerq/80j20o397jj41_NarwhalSalute.png", "static_icon_width": 2048, "sticky_duration_seconds": null, "subreddit_coin_reward": 0, "subreddit_id": null, "tiers_by_required_awardings": null}, {"award_sub_type": "GLOBAL", "award_type": "global", "awardings_required_to_grant_benefits": null, "coin_price": 325, "coin_reward": 0, "count": 2, "days_of_drip_extension": null, "days_of_premium": null, "description": "Boldly go where we haven't been in a long, long time.", "end_date": null, "giver_coin_reward": null, "icon_format": "APNG", "icon_height": 512, "icon_url": "https://www.redditstatic.com/gold/awards/icon/Rocket_512.png", "icon_width": 512, "id": "award_2bc47247-b107-44a8-a78c-613da21869ff", "is_enabled": true, "is_new": false, "name": "To The Stars", "penny_donate": null, "penny_price": 0, "resized_icons": [{"height": 16, "url": "https://www.redditstatic.com/gold/awards/icon/Rocket_16.png", "width": 16}, {"height": 32, "url": "https://www.redditstatic.com/gold/awards/icon/Rocket_32.png", "width": 32}, {"height": 48, "url": "https://www.redditstatic.com/gold/awards/icon/Rocket_48.png", "width": 48}, {"height": 64, "url": "https://www.redditstatic.com/gold/awards/icon/Rocket_64.png", "width": 64}, {"height": 128, "url": "https://www.redditstatic.com/gold/awards/icon/Rocket_128.png", "width": 128}], "resized_static_icons": [{"height": 16, "url": "https://preview.redd.it/award_images/t5_22cerq/1sof6d93g9e51_ToTheStars.png?width=16&amp;height=16&amp;auto=webp&amp;v=enabled&amp;s=06f2d039483185440c5e566f72737a920237569b", "width": 16}, {"height": 32, "url": "https://preview.redd.it/award_images/t5_22cerq/1sof6d93g9e51_ToTheStars.png?width=32&amp;height=32&amp;auto=webp&amp;v=enabled&amp;s=d0ecc136d90892f44d543d59e829c16e5fb88e47", "width": 32}, {"height": 48, "url": "https://preview.redd.it/award_images/t5_22cerq/1sof6d93g9e51_ToTheStars.png?width=48&amp;height=48&amp;auto=webp&amp;v=enabled&amp;s=62b08d35d1a520218ef92eba8201ac610dce24d7", "width": 48}, {"height": 64, "url": "https://preview.redd.it/award_images/t5_22cerq/1sof6d93g9e51_ToTheStars.png?width=64&amp;height=64&amp;auto=webp&amp;v=enabled&amp;s=380d1eeb5fe919116bbafe61b1aa5a82e83d59c2", "width": 64}, {"height": 128, "url": "https://preview.redd.it/award_images/t5_22cerq/1sof6d93g9e51_ToTheStars.png?width=128&amp;height=128&amp;auto=webp&amp;v=enabled&amp;s=28263127cf796e9c53e91fb0a750106e59ac67c0", "width": 128}], "start_date": null, "static_icon_height": 512, "static_icon_url": "https://i.redd.it/award_images/t5_22cerq/1sof6d93g9e51_ToTheStars.png", "static_icon_width": 512, "sticky_duration_seconds": null, "subreddit_coin_reward": 0, "subreddit_id": null, "tiers_by_required_awardings": null}, {"award_sub_type": "GLOBAL", "award_type": "global", "awardings_required_to_grant_benefits": null, "coin_price": 100, "coin_reward": 0, "count": 1, "days_of_drip_extension": null, "days_of_premium": null, "description": "You look amazing, glowing, incredible!", "end_date": null, "giver_coin_reward": null, "icon_format": "PNG", "icon_height": 2048, "icon_url": "https://i.redd.it/award_images/t5_22cerq/2754pa5jvsj51_GlowUp.png", "icon_width": 2048, "id": "award_01178870-6a4f-4172-8f36-9ed5092ee4f9", "is_enabled": true, "is_new": false, "name": "Glow Up", "penny_donate": null, "penny_price": 0, "resized_icons": [{"height": 16, "url": "https://preview.redd.it/award_images/t5_22cerq/2754pa5jvsj51_GlowUp.png?width=16&amp;height=16&amp;auto=webp&amp;v=enabled&amp;s=536e85600c2faa0b2fa9865ffd79e2a35ad8eef3", "width": 16}, {"height": 32, "url": "https://preview.redd.it/award_images/t5_22cerq/2754pa5jvsj51_GlowUp.png?width=32&amp;height=32&amp;auto=webp&amp;v=enabled&amp;s=1dfdc315205cac96a8a4a2beb27a8b1612d379ee", "width": 32}, {"height": 48, "url": "https://preview.redd.it/award_images/t5_22cerq/2754pa5jvsj51_GlowUp.png?width=48&amp;height=48&amp;auto=webp&amp;v=enabled&amp;s=d955169cd70f671b4f4c3b1a24468b9e63860f8b", "width": 48}, {"height": 64, "url": "https://preview.redd.it/award_images/t5_22cerq/2754pa5jvsj51_GlowUp.png?width=64&amp;height=64&amp;auto=webp&amp;v=enabled&amp;s=e2ab87e22da28cdeda2e3a8d182fb7b27a9d7614", "width": 64}, {"height": 128, "url": "https://preview.redd.it/award_images/t5_22cerq/2754pa5jvsj51_GlowUp.png?width=128&amp;height=128&amp;auto=webp&amp;v=enabled&amp;s=0e169971075ca3d64c549024424c0fc709250266", "width": 128}], "resized_static_icons": [{"height": 16, "url": "https://preview.redd.it/award_images/t5_22cerq/2754pa5jvsj51_GlowUp.png?width=16&amp;height=16&amp;auto=webp&amp;v=enabled&amp;s=536e85600c2faa0b2fa9865ffd79e2a35ad8eef3", "width": 16}, {"height": 32, "url": "https://preview.redd.it/award_images/t5_22cerq/2754pa5jvsj51_GlowUp.png?width=32&amp;height=32&amp;auto=webp&amp;v=enabled&amp;s=1dfdc315205cac96a8a4a2beb27a8b1612d379ee", "width": 32}, {"height": 48, "url": "https://preview.redd.it/award_images/t5_22cerq/2754pa5jvsj51_GlowUp.png?width=48&amp;height=48&amp;auto=webp&amp;v=enabled&amp;s=d955169cd70f671b4f4c3b1a24468b9e63860f8b", "width": 48}, {"height": 64, "url": "https://preview.redd.it/award_images/t5_22cerq/2754pa5jvsj51_GlowUp.png?width=64&amp;height=64&amp;auto=webp&amp;v=enabled&amp;s=e2ab87e22da28cdeda2e3a8d182fb7b27a9d7614", "width": 64}, {"height": 128, "url": "https://preview.redd.it/award_images/t5_22cerq/2754pa5jvsj51_GlowUp.png?width=128&amp;height=128&amp;auto=webp&amp;v=enabled&amp;s=0e169971075ca3d64c549024424c0fc709250266", "width": 128}], "start_date": null, "static_icon_height": 2048, "static_icon_url": "https://i.redd.it/award_images/t5_22cerq/2754pa5jvsj51_GlowUp.png", "static_icon_width": 2048, "sticky_duration_seconds": null, "subreddit_coin_reward": 0, "subreddit_id": null, "tiers_by_required_awardings": null}, {"award_sub_type": "GLOBAL", "award_type": "global", "awardings_required_to_grant_benefits": null, "coin_price": 150, "coin_reward": 0, "count": 1, "days_of_drip_extension": null, "days_of_premium": null, "description": "My valentine makes my heart beat out of my chest.", "end_date": null, "giver_coin_reward": null, "icon_format": "APNG", "icon_height": 512, "icon_url": "https://www.redditstatic.com/gold/awards/icon/Beating_Heart_512.png", "icon_width": 512, "id": "award_0d762fb3-17e4-4477-ab6b-9770b71b493c", "is_enabled": true, "is_new": false, "name": "Beating Heart", "penny_donate": null, "penny_price": 0, "resized_icons": [{"height": 16, "url": "https://www.redditstatic.com/gold/awards/icon/Beating_Heart_16.png", "width": 16}, {"height": 32, "url": "https://www.redditstatic.com/gold/awards/icon/Beating_Heart_32.png", "width": 32}, {"height": 48, "url": "https://www.redditstatic.com/gold/awards/icon/Beating_Heart_48.png", "width": 48}, {"height": 64, "url": "https://www.redditstatic.com/gold/awards/icon/Beating_Heart_64.png", "width": 64}, {"height": 128, "url": "https://www.redditstatic.com/gold/awards/icon/Beating_Heart_128.png", "width": 128}], "resized_static_icons": [{"height": 16, "url": "https://preview.redd.it/award_images/t5_22cerq/ilrpmsl5icg61_BeatingHeart.png?width=16&amp;height=16&amp;auto=webp&amp;v=enabled&amp;s=c416418d93fa16ddbabe7d364faf307260f9dd1f", "width": 16}, {"height": 32, "url": "https://preview.redd.it/award_images/t5_22cerq/ilrpmsl5icg61_BeatingHeart.png?width=32&amp;height=32&amp;auto=webp&amp;v=enabled&amp;s=92b95a8c07e9a28a4dfa0452db46e4462fb3a173", "width": 32}, {"height": 48, "url": "https://preview.redd.it/award_images/t5_22cerq/ilrpmsl5icg61_BeatingHeart.png?width=48&amp;height=48&amp;auto=webp&amp;v=enabled&amp;s=873515b0aa6265aa0532493973e5970c15e26e7a", "width": 48}, {"height": 64, "url": "https://preview.redd.it/award_images/t5_22cerq/ilrpmsl5icg61_BeatingHeart.png?width=64&amp;height=64&amp;auto=webp&amp;v=enabled&amp;s=38327bfc540fea38ba4168a01e8311e263d5bf34", "width": 64}, {"height": 128, "url": "https://preview.redd.it/award_images/t5_22cerq/ilrpmsl5icg61_BeatingHeart.png?width=128&amp;height=128&amp;auto=webp&amp;v=enabled&amp;s=0622753c07bdaf6e796011086bd2ae53cf7e6982", "width": 128}], "start_date": null, "static_icon_height": 512, "static_icon_url": "https://i.redd.it/award_images/t5_22cerq/ilrpmsl5icg61_BeatingHeart.png", "static_icon_width": 512, "sticky_duration_seconds": null, "subreddit_coin_reward": 0, "subreddit_id": null, "tiers_by_required_awardings": null}, {"award_sub_type": "GLOBAL", "award_type": "global", "awardings_required_to_grant_benefits": null, "coin_price": 100, "coin_reward": 0, "count": 1, "days_of_drip_extension": null, "days_of_premium": null, "description": "Stop, chill, relax", "end_date": null, "giver_coin_reward": null, "icon_format": "PNG", "icon_height": 2048, "icon_url": "https://i.redd.it/award_images/t5_22cerq/g77c4oud7hb51_KeepCalm.png", "icon_width": 2048, "id": "award_1da6ff27-7c0d-4524-9954-86e5cda5fcac", "is_enabled": true, "is_new": false, "name": "Keep Calm", "penny_donate": null, "penny_price": 0, "resized_icons": [{"height": 16, "url": "https://preview.redd.it/award_images/t5_22cerq/g77c4oud7hb51_KeepCalm.png?width=16&amp;height=16&amp;auto=webp&amp;v=enabled&amp;s=e2a3df38434f323b4e8f160b69551ca4cfb744a3", "width": 16}, {"height": 32, "url": "https://preview.redd.it/award_images/t5_22cerq/g77c4oud7hb51_KeepCalm.png?width=32&amp;height=32&amp;auto=webp&amp;v=enabled&amp;s=aaeba7a32322e25e14d315dfcf19ecb9f6912900", "width": 32}, {"height": 48, "url": "https://preview.redd.it/award_images/t5_22cerq/g77c4oud7hb51_KeepCalm.png?width=48&amp;height=48&amp;auto=webp&amp;v=enabled&amp;s=ff31890e9a41600cd273ff1f739c9d64b2d9a059", "width": 48}, {"height": 64, "url": "https://preview.redd.it/award_images/t5_22cerq/g77c4oud7hb51_KeepCalm.png?width=64&amp;height=64&amp;auto=webp&amp;v=enabled&amp;s=908c580e20adfd1c052f729c35a6586cc17a0f56", "width": 64}, {"height": 128, "url": "https://preview.redd.it/award_images/t5_22cerq/g77c4oud7hb51_KeepCalm.png?width=128&amp;height=128&amp;auto=webp&amp;v=enabled&amp;s=744fd196f1295c4e9ec68c858753e935cdba4b2c", "width": 128}], "resized_static_icons": [{"height": 16, "url": "https://preview.redd.it/award_images/t5_22cerq/g77c4oud7hb51_KeepCalm.png?width=16&amp;height=16&amp;auto=webp&amp;v=enabled&amp;s=e2a3df38434f323b4e8f160b69551ca4cfb744a3", "width": 16}, {"height": 32, "url": "https://preview.redd.it/award_images/t5_22cerq/g77c4oud7hb51_KeepCalm.png?width=32&amp;height=32&amp;auto=webp&amp;v=enabled&amp;s=aaeba7a32322e25e14d315dfcf19ecb9f6912900", "width": 32}, {"height": 48, "url": "https://preview.redd.it/award_images/t5_22cerq/g77c4oud7hb51_KeepCalm.png?width=48&amp;height=48&amp;auto=webp&amp;v=enabled&amp;s=ff31890e9a41600cd273ff1f739c9d64b2d9a059", "width": 48}, {"height": 64, "url": "https://preview.redd.it/award_images/t5_22cerq/g77c4oud7hb51_KeepCalm.png?width=64&amp;height=64&amp;auto=webp&amp;v=enabled&amp;s=908c580e20adfd1c052f729c35a6586cc17a0f56", "width": 64}, {"height": 128, "url": "https://preview.redd.it/award_images/t5_22cerq/g77c4oud7hb51_KeepCalm.png?width=128&amp;height=128&amp;auto=webp&amp;v=enabled&amp;s=744fd196f1295c4e9ec68c858753e935cdba4b2c", "width": 128}], "start_date": null, "static_icon_height": 2048, "static_icon_url": "https://i.redd.it/award_images/t5_22cerq/g77c4oud7hb51_KeepCalm.png", "static_icon_width": 2048, "sticky_duration_seconds": null, "subreddit_coin_reward": 0, "subreddit_id": null, "tiers_by_required_awardings": null}, {"award_sub_type": "GLOBAL", "award_type": "global", "awardings_required_to_grant_benefits": null, "coin_price": 50, "coin_reward": 0, "count": 4, "days_of_drip_extension": null, "days_of_premium": null, "description": "I'm in this with you.", "end_date": null, "giver_coin_reward": null, "icon_format": "PNG", "icon_height": 2048, "icon_url": "https://i.redd.it/award_images/t5_q0gj4/p4yzxkaed5f61_oldtakemyenergy.png", "icon_width": 2048, "id": "award_02d9ab2c-162e-4c01-8438-317a016ed3d9", "is_enabled": true, "is_new": false, "name": "Take My Energy", "penny_donate": null, "penny_price": 0, "resized_icons": [{"height": 16, "url": "https://preview.redd.it/award_images/t5_q0gj4/p4yzxkaed5f61_oldtakemyenergy.png?width=16&amp;height=16&amp;auto=webp&amp;v=enabled&amp;s=32add54efce28cc8ce035c5e2bc89a27286a815e", "width": 16}, {"height": 32, "url": "https://preview.redd.it/award_images/t5_q0gj4/p4yzxkaed5f61_oldtakemyenergy.png?width=32&amp;height=32&amp;auto=webp&amp;v=enabled&amp;s=dfb00ece05340570177df7cfa1af6d2737c0910b", "width": 32}, {"height": 48, "url": "https://preview.redd.it/award_images/t5_q0gj4/p4yzxkaed5f61_oldtakemyenergy.png?width=48&amp;height=48&amp;auto=webp&amp;v=enabled&amp;s=e8b0b87b868f6cd6313e2c90975dac636e4a0412", "width": 48}, {"height": 64, "url": "https://preview.redd.it/award_images/t5_q0gj4/p4yzxkaed5f61_oldtakemyenergy.png?width=64&amp;height=64&amp;auto=webp&amp;v=enabled&amp;s=2a3ad7ec2ccc57b6c65b17e2b57647a81f335039", "width": 64}, {"height": 128, "url": "https://preview.redd.it/award_images/t5_q0gj4/p4yzxkaed5f61_oldtakemyenergy.png?width=128&amp;height=128&amp;auto=webp&amp;v=enabled&amp;s=d4a8ca64b391e8b057408067d77f503752c29b7e", "width": 128}], "resized_static_icons": [{"height": 16, "url": "https://preview.redd.it/award_images/t5_q0gj4/jtw7x06j68361_TakeMyEnergyElf.png?width=16&amp;height=16&amp;auto=webp&amp;v=enabled&amp;s=4efb20a46b5cee58042da74830ee914d1547236c", "width": 16}, {"height": 32, "url": "https://preview.redd.it/award_images/t5_q0gj4/jtw7x06j68361_TakeMyEnergyElf.png?width=32&amp;height=32&amp;auto=webp&amp;v=enabled&amp;s=83e8bea70baef2140842017e967f163a9f530a9d", "width": 32}, {"height": 48, "url": "https://preview.redd.it/award_images/t5_q0gj4/jtw7x06j68361_TakeMyEnergyElf.png?width=48&amp;height=48&amp;auto=webp&amp;v=enabled&amp;s=14fb29ce140b35a21a7cc7ee1c4d212ce0b1179d", "width": 48}, {"height": 64, "url": "https://preview.redd.it/award_images/t5_q0gj4/jtw7x06j68361_TakeMyEnergyElf.png?width=64&amp;height=64&amp;auto=webp&amp;v=enabled&amp;s=533b05085677b48f15004bd7f9ff19ec5b29099f", "width": 64}, {"height": 128, "url": "https://preview.redd.it/award_images/t5_q0gj4/jtw7x06j68361_TakeMyEnergyElf.png?width=128&amp;height=128&amp;auto=webp&amp;v=enabled&amp;s=6f767b3c289e5cb2a733b24da5f4c46d9c079bc7", "width": 128}], "start_date": null, "static_icon_height": 2048, "static_icon_url": "https://i.redd.it/award_images/t5_q0gj4/jtw7x06j68361_TakeMyEnergyElf.png", "static_icon_width": 2048, "sticky_duration_seconds": null, "subreddit_coin_reward": 0, "subreddit_id": null, "tiers_by_required_awardings": null}], "allow_live_comments": true, "approved_at_utc": null, "approved_by": null, "archived": false, "author": "Thump4", "author_flair_background_color": "#ffb000", "author_flair_css_class": null, "author_flair_richtext": [{"e": "text", "t": "Big Dick Energy"}], "author_flair_template_id": "098830fe-6529-11eb-a99e-0eae92e31cbb", "author_flair_text": "Big Dick Energy", "author_flair_text_color": "dark", "author_flair_type": "richtext", "author_fullname": "t2_10nz8k", "author_is_blocked": false, "author_patreon_flair": false, "author_premium": false, "awarders": [], "banned_at_utc": null, "banned_by": null, "can_gild": true, "can_mod_post": false, "category": null, "clicked": false, "content_categories": null, "contest_mode": false, "created": 1679681742.0, "created_utc": 1679681742.0, "discussion_type": null, "distinguished": null, "domain": "self.DeepFuckingValue", "downs": 0, "edited": 1680315379.0, "gilded": 0, "gildings": {}, "hidden": false, "hide_score": false, "id": "120sw0h", "is_created_from_ads_ui": false, "is_crosspostable": true, "is_meta": false, "is_original_content": false, "is_reddit_media_domain": false, "is_robot_indexable": true, "is_self": true, "is_video": false, "likes": null, "link_flair_background_color": "#1a1a1b", "link_flair_css_class": "", "link_flair_richtext": [{"e": "text", "t": "BBBY \ud83c\udf49"}], "link_flair_template_id": "56c8c562-36ed-11ed-85e2-86e4af89226b", "link_flair_text": "BBBY \ud83c\udf49", "link_flair_text_color": "light", "link_flair_type": "richtext", "locked": false, "media": null, "media_embed": {}, "media_metadata": {"bu2znltaaqpa1": {"e": "Image", "id": "bu2znltaaqpa1", "m": "image/png", "p": [{"u": "https://preview.redd.it/bu2znltaaqpa1.png?width=108&amp;crop=smart&amp;auto=webp&amp;v=enabled&amp;s=92e0d21843c46570c403fde170b63946659380e5", "x": 108, "y": 76}, {"u": "https://preview.redd.it/bu2znltaaqpa1.png?width=216&amp;crop=smart&amp;auto=webp&amp;v=enabled&amp;s=4a7eff839ecbc5349bfbd5d592c49aba851ded71", "x": 216, "y": 152}, {"u": "https://preview.redd.it/bu2znltaaqpa1.png?width=320&amp;crop=smart&amp;auto=webp&amp;v=enabled&amp;s=c3311b5efcca7fd5b8fd1f3c360e7d1dc738167f", "x": 320, "y": 226}, {"u": "https://preview.redd.it/bu2znltaaqpa1.png?width=640&amp;crop=smart&amp;auto=webp&amp;v=enabled&amp;s=36fa98930fb6d078ae93cfae8ef04dff3ce74112", "x": 640, "y": 452}], "s": {"u": "https://preview.redd.it/bu2znltaaqpa1.png?width=784&amp;format=png&amp;auto=webp&amp;v=enabled&amp;s=45c55d30f04c0b44cc1ab93ed33a38ec6fe0b3b3", "x": 784, "y": 554}, "status": "valid"}, "cs08q6tcaqpa1": {"e": "AnimatedImage", "id": "cs08q6tcaqpa1", "m": "image/gif", "p": [{"u": "https://preview.redd.it/cs08q6tcaqpa1.gif?width=108&amp;crop=smart&amp;format=png8&amp;v=enabled&amp;s=3b95a023a70c106d2ce585814a5b4df3497e3939", "x": 108, "y": 60}, {"u": "https://preview.redd.it/cs08q6tcaqpa1.gif?width=216&amp;crop=smart&amp;format=png8&amp;v=enabled&amp;s=a3a574591896a93295b3dfe0d3c0165acce878f4", "x": 216, "y": 121}, {"u": "https://preview.redd.it/cs08q6tcaqpa1.gif?width=320&amp;crop=smart&amp;format=png8&amp;v=enabled&amp;s=cbe157888c58a9a739d96828c4e811af72a97c12", "x": 320, "y": 179}], "s": {"gif": "https://i.redd.it/cs08q6tcaqpa1.gif", "mp4": "https://preview.redd.it/cs08q6tcaqpa1.gif?format=mp4&amp;v=enabled&amp;s=a84adc80847937f8fbace1076851bc7966fa7a90", "x": 498, "y": 280}, "status": "valid"}, "idpwl4i5aqpa1": {"e": "Image", "id": "idpwl4i5aqpa1", "m": "image/png", "p": [{"u": "https://preview.redd.it/idpwl4i5aqpa1.png?width=108&amp;crop=smart&amp;auto=webp&amp;v=enabled&amp;s=1b0adc59e7088fc190d92b2db1470e8375448a9f", "x": 108, "y": 48}, {"u": "https://preview.redd.it/idpwl4i5aqpa1.png?width=216&amp;crop=smart&amp;auto=webp&amp;v=enabled&amp;s=45c5c613aa422eaac7fc604d2e44b691267fa954", "x": 216, "y": 97}, {"u": "https://preview.redd.it/idpwl4i5aqpa1.png?width=320&amp;crop=smart&amp;auto=webp&amp;v=enabled&amp;s=e355cb8237e71c4e0b8d40e7e51ee39ef25800e7", "x": 320, "y": 144}, {"u": "https://preview.redd.it/idpwl4i5aqpa1.png?width=640&amp;crop=smart&amp;auto=webp&amp;v=enabled&amp;s=e223fde02bece2e11fda63fd4055b4ccd7195c72", "x": 640, "y": 289}], "s": {"u": "https://preview.redd.it/idpwl4i5aqpa1.png?width=888&amp;format=png&amp;auto=webp&amp;v=enabled&amp;s=3ebecc4acde2e5ddbfc236dffae3b8dbfe284fe8", "x": 888, "y": 402}, "status": "valid"}, "lsuc2h3caqpa1": {"e": "Image", "id": "lsuc2h3caqpa1", "m": "image/png", "p": [{"u": "https://preview.redd.it/lsuc2h3caqpa1.png?width=108&amp;crop=smart&amp;auto=webp&amp;v=enabled&amp;s=ae76dee9cd1cac184897074fcf437648676d02e1", "x": 108, "y": 139}, {"u": "https://preview.redd.it/lsuc2h3caqpa1.png?width=216&amp;crop=smart&amp;auto=webp&amp;v=enabled&amp;s=75fe2fe97161a92d42965d54b93e8ba47cc586d5", "x": 216, "y": 279}, {"u": "https://preview.redd.it/lsuc2h3caqpa1.png?width=320&amp;crop=smart&amp;auto=webp&amp;v=enabled&amp;s=7cbfd852cfed0b458e11e502fe9a93540eccdd95", "x": 320, "y": 413}, {"u": "https://preview.redd.it/lsuc2h3caqpa1.png?width=640&amp;crop=smart&amp;auto=webp&amp;v=enabled&amp;s=1e2dbd7a8e9a238dd7c410bc390f86b97e9d65f8", "x": 640, "y": 827}, {"u": "https://preview.redd.it/lsuc2h3caqpa1.png?width=960&amp;crop=smart&amp;auto=webp&amp;v=enabled&amp;s=30a60f8d299bdc376303fe536fdd604e4fcdc2e9", "x": 960, "y": 1241}, {"u": "https://preview.redd.it/lsuc2h3caqpa1.png?width=1080&amp;crop=smart&amp;auto=webp&amp;v=enabled&amp;s=567e9d5ec81250fef93aaca5eea875de7f49eba7", "x": 1080, "y": 1396}], "s": {"u": "https://preview.redd.it/lsuc2h3caqpa1.png?width=3272&amp;format=png&amp;auto=webp&amp;v=enabled&amp;s=f6a03846269763da52c1fd7c9dc48d6b20f11137", "x": 3272, "y": 4232}, "status": "valid"}, "r54h9rdvbqpa1": {"e": "Image", "id": "r54h9rdvbqpa1", "m": "image/png", "p": [{"u": "https://preview.redd.it/r54h9rdvbqpa1.png?width=108&amp;crop=smart&amp;auto=webp&amp;v=enabled&amp;s=b903f239976482f9505d239086c9bf17ba8c8981", "x": 108, "y": 93}, {"u": "https://preview.redd.it/r54h9rdvbqpa1.png?width=216&amp;crop=smart&amp;auto=webp&amp;v=enabled&amp;s=f67e4bde0155fd2e2d005c91a42b67b47d145db5", "x": 216, "y": 187}, {"u": "https://preview.redd.it/r54h9rdvbqpa1.png?width=320&amp;crop=smart&amp;auto=webp&amp;v=enabled&amp;s=f4cecd60cc1b47494f138d89ade1ffbc52a9106a", "x": 320, "y": 278}, {"u": "https://preview.redd.it/r54h9rdvbqpa1.png?width=640&amp;crop=smart&amp;auto=webp&amp;v=enabled&amp;s=f05faf847c864d1588d442000bfb7c6dd049c14e", "x": 640, "y": 556}], "s": {"u": "https://preview.redd.it/r54h9rdvbqpa1.png?width=801&amp;format=png&amp;auto=webp&amp;v=enabled&amp;s=48941023429fada1154738a6ca99155d89084871", "x": 801, "y": 696}, "status": "valid"}}, "media_only": false, "mod_note": null, "mod_reason_by": null, "mod_reason_title": null, "mod_reports": [], "name": "t3_120sw0h", "no_follow": false, "num_comments": 426, "num_crossposts": 7, "num_reports": null, "over_18": false, "parent_whitelist_status": "some_ads", "permalink": "/r/DeepFuckingValue/comments/120sw0h/b_b_b_y_the_math_reveals_that_the_buy_out_ie_the/", "pinned": false, "pwls": 7, "quarantine": false, "removal_reason": null, "removed_by": null, "removed_by_category": null, "report_reasons": null, "saved": false, "score": 862, "secure_media": null, "secure_media_embed": {}, "selftext": "&amp;#x200B;\n\n[$BBBY is beginning its move up:  the new trend has merit.](https://preview.redd.it/r54h9rdvbqpa1.png?width=801&amp;format=png&amp;auto=webp&amp;v=enabled&amp;s=48941023429fada1154738a6ca99155d89084871)\n\n# Undisputed Facts\n\nAs GameStop investors question why the company has not released its 10-Q, I figured I would analyze the matter regarding developments regarding that 10-Q, since the 10-Q delay like this routinely implies a buyout is taking place, or has already taken place.\n\nEveryone knows what Ryan Cohen previously asserted: Towel stock's ($BBBY's) Buy Buy Baby asset that he was interested in, right now, should be valued at $1 - 2 Billion. But what about the total value of Towel Stock assets (including its legacy liabilities) combined?\n\nNote that this analysis is independent of other popular facts: that the company still sells $6 Billion in product on an annual basis, that its price to sales analysis shows the company should be worth an order of magnitude more, completed expenditures reduction, exponential e-commerce growth, shipping upgrades to allow for 1day shipping already (this also happened with GameStop). This analysis also ignores Buy Buy Baby's valuation. That discussion no longer matters. Here's why:\n\n# Upcoming Developments\n\nAs we know, major questions about merger/acquisition and HBC being a proxy of sorts. Share recall and split is common for a dilutive acquisition that has already completed. The DD on why HBC would politely abide until April 3rd, from today's Towel Stock filing, means that April 3rd is very special. It evidences that they know and have every reason to expect that Towel Stock will be above $1.00 again already by that time. Yet, there are 6 open-market investing days until that point.\n\nTowel Stock is undergoing a share date of record on Monday the 27th (fascinatingly, this came quick) for an upcoming split vote. A lot can happen regarding the date of record for voting on the split. The filing says even if the vote passes, it may not be enacted (gee, I wonder what type of acute price action could render such a reverse split as unnecessary???). on Monday the 27th, and between now and that April 3rd date of further capital injection, droves of data points to a possibility that the true buyer could be revealed in that time.\n\nRyan Cohen joined Dragonfly sometime around July of 2020. He has been working on this a long time.Seeing the board stepdowns by Brett Icahn (i.e, apple not falling far from the tree) and Dragonfly (the profit-making squad) could be another giveaway. Nevertheless, Towel Stock's survival curiously mimics GameStops. After all, Towel Stock is still continuing operations after it was the subject of a historic MSM attack with financial managers falling from buildings. GameStop's and Towel Stock's survival does speak for itself. Yet, why has Towel Stock survived? How did they survive? Let's take a look.\n\nSo there we were - when media outlets were chanting Bed Bath and Beyond \"CoUlD FiLe FoR BaNkRuPtCy bY ThIs WeEkEnD.\" It didn't happen: and now nearly 60,000 of those investors are sync'd up in their own stalwart room. I have never before observed such a high rate of user growth for a subreddit. It could be higher than SuperStonk's initial rate of user runup. Anyway, I digress. Let's dig:\n\n# From Towel Stock's Recent Filings:\n\nMarch 8th, 2023: \"the Company has received an aggregate of $135.0 million of proceeds from certain exercises of the Preferred Stock Warrant, most recently reflecting the aforementioned $87.5 million of proceeds (the \u201cMarch Proceeds\u201d) received on March 7, 2023, for an aggregate amount of $360.0 million of proceeds received by the Company since, and including $225.0 million of proceeds received in connection with, the closing of the previously announced public offering of certain of the Company\u2019s securities on February 7, 2023\" Essentially, they're saying $225M + $135M = $360M (a third of a billion in cash added on top of their cash on hand)\n\nMarch 13th, 2023: Until April 3rd, 2023. In addition, the Threshold Share Amount referenced in the Price Failure definition is increased to 24,739. This amendment will further facilitate up to $100 million of additional funding in April 2023, for a cumulative total of $460 million to date in extra cash.\n\nThe simple calculation for net asset value is outstanding shares x share price. And if the most recent share outstanding report is accurate, then the net asset value is currently above a quarter billion dollars already.\n\n# The Friendly Takeover\n\n&amp;#x200B;\n\nhttps://preview.redd.it/idpwl4i5aqpa1.png?width=888&amp;format=png&amp;auto=webp&amp;v=enabled&amp;s=3ebecc4acde2e5ddbfc236dffae3b8dbfe284fe8\n\nShares outstanding after this offering is complete is based on a changing volume weighted average price (VWAP). Currently, 335,404,588 x $0.7861 = $263,661,546.62 market cap. After the offering, assuming (for whatever reason) the company stayed at $1.00. We'd end up with just about $0.5 Billion market cap, at around 450,000,000 shares. At a reduced stock price only due to these obvious buyout mechanics, the company will have about $0.8 Billion in liquid cash, with a $0.5 Billion market cap.\n\n&amp;#x200B;\n\nhttps://preview.redd.it/bu2znltaaqpa1.png?width=784&amp;format=png&amp;auto=webp&amp;v=enabled&amp;s=45c55d30f04c0b44cc1ab93ed33a38ec6fe0b3b3\n\nReferencing the diagram above, if all previous owners of Towel Stock represent 1, then today there are a total of 3 owners (2 new, 1 old). In 7 business days or so, there are 4: (1 old, 3 new). The definition for this is an already-completed dilutive acquisition. This explains why the freely-transacted float did not change upon the news of the 335k shares the other day versus 116k shares, and why costs to borrow to short have only gone up since the buyout.\n\nYet, the 'before and after' math, in the shares and market cap totals, prove a bona fide buyout and takeover of the whole company by raw share ownership. The buyout has already fundamentally occurred. This is prima facie evidence of new ownership. By April 3rd, the new owner(s) will get a tad more shares, and then the company will already be at $0.5 Billion in market cap and with about $0.8 Billion in raw cash in-hand.\n\n**$BBBY investors today are already now part of the** ***new*** **Bed Bath and Beyond**\n\nYes, this is independent of all of the other M&amp;A indicators that came, like GME pulling its credit, Towel Stock hiring of kirkland and ellis, hiring M&amp;A specialists, hiring power of attornies, the RSAs and vested shares, buying out the Towel Stock board's shares, Towel stock having the same lawyer team as GMERICA, recent icahn/dragonfly board dropouts, etc etc.\n\n&amp;#x200B;\n\nhttps://preview.redd.it/lsuc2h3caqpa1.png?width=3272&amp;format=png&amp;auto=webp&amp;v=enabled&amp;s=f6a03846269763da52c1fd7c9dc48d6b20f11137\n\n&amp;#x200B;\n\n&amp;#x200B;\n\nhttps://i.redd.it/cs08q6tcaqpa1.gif\n\n# TLDR:\n\n# By math, Towel Stock ($BBBY) has already been Bought Out via a completed friendly share takeover: now 2 new owner(s) in relative share count to the 1 joint/previous shareholders.\n\n# The new owner(s) currently own about a 2:1 share majority. After April 3rd, the new owner(s) will own about a 3:1 share majority. About half a Billion dollars inked the deal.\n\nGameStop is a stones throw away from HBC, and the fact that GMERICA's attorney IS the Towel Stock attorney is also the giveaway of the association of who bought it out. GameStop's board members are clearly involved, as is Brett Icahn, due to the proximity in timing of Chang, Day, Pulte, Icahn, and Cohen board movement.\n\nOut of respect for the company, I don't want to get ahead of their official announcement. Yet, since GameStop is clearly involved, by several facets, this prima facie evidence of a takeover indicates bona fide company strength of GameStop Corp, AND/OR it indicates clear company strength of GameStop's associated individual board members.\n\nGood luck to all, and I appreciate each and every one of you. Other hubbub on this no longer matters: the deal is done, and HBC was the proxy to conduct business. Perhaps it really is time, to march hand-in-hand with each of you, *into the Beyond*.  **Welcome to the new Bed Bath and Beyond.**\n\n&amp;#x200B;\n\nEdit: 3/31/2023:\n\n**BBBY: Filings: \"Fundamental Transaction\" at play $1B cash-for-control**\n\nRegarding the 8-K filings issued yesterday.  The company is in a \"Fundamental transaction\" and they issued the shares with contingencies to help *the prospective investor* to ensure they could complete this issuance and be protected.  The company is clearly paving the way for a fundamental change of some form. For $**BBBY** to be set as its continued preservation and existence...except for a circumstance whereby it undergoes an **M&amp;A, spins off an asset**, or carries out a structural change which results in it becoming two separate entities...\n\nConclusion: *B. Riley is another middleman for the mystery \"Investor\". This person or entity is providing cash-for-control of $BBBY, and appears to be a non-financial services institution that is restricted from further selling on the shares of the company that it purchases. The filings also make multiple references to a \"Fundamental Transaction\" being in play, which it defines as a major change to the structure of $BBBY, such as an* ***M&amp;A or spin-off.***", "selftext_html": "&lt;!-- SC_OFF --&gt;&lt;div class=\"md\"&gt;&lt;p&gt;&amp;#x200B;&lt;/p&gt;\n\n&lt;p&gt;&lt;a href=\"https://preview.redd.it/r54h9rdvbqpa1.png?width=801&amp;amp;format=png&amp;amp;auto=webp&amp;amp;v=enabled&amp;amp;s=48941023429fada1154738a6ca99155d89084871\"&gt;$BBBY is beginning its move up:  the new trend has merit.&lt;/a&gt;&lt;/p&gt;\n\n&lt;h1&gt;Undisputed Facts&lt;/h1&gt;\n\n&lt;p&gt;As GameStop investors question why the company has not released its 10-Q, I figured I would analyze the matter regarding developments regarding that 10-Q, since the 10-Q delay like this routinely implies a buyout is taking place, or has already taken place.&lt;/p&gt;\n\n&lt;p&gt;Everyone knows what Ryan Cohen previously asserted: Towel stock&amp;#39;s ($BBBY&amp;#39;s) Buy Buy Baby asset that he was interested in, right now, should be valued at $1 - 2 Billion. But what about the total value of Towel Stock assets (including its legacy liabilities) combined?&lt;/p&gt;\n\n&lt;p&gt;Note that this analysis is independent of other popular facts: that the company still sells $6 Billion in product on an annual basis, that its price to sales analysis shows the company should be worth an order of magnitude more, completed expenditures reduction, exponential e-commerce growth, shipping upgrades to allow for 1day shipping already (this also happened with GameStop). This analysis also ignores Buy Buy Baby&amp;#39;s valuation. That discussion no longer matters. Here&amp;#39;s why:&lt;/p&gt;\n\n&lt;h1&gt;Upcoming Developments&lt;/h1&gt;\n\n&lt;p&gt;As we know, major questions about merger/acquisition and HBC being a proxy of sorts. Share recall and split is common for a dilutive acquisition that has already completed. The DD on why HBC would politely abide until April 3rd, from today&amp;#39;s Towel Stock filing, means that April 3rd is very special. It evidences that they know and have every reason to expect that Towel Stock will be above $1.00 again already by that time. Yet, there are 6 open-market investing days until that point.&lt;/p&gt;\n\n&lt;p&gt;Towel Stock is undergoing a share date of record on Monday the 27th (fascinatingly, this came quick) for an upcoming split vote. A lot can happen regarding the date of record for voting on the split. The filing says even if the vote passes, it may not be enacted (gee, I wonder what type of acute price action could render such a reverse split as unnecessary???). on Monday the 27th, and between now and that April 3rd date of further capital injection, droves of data points to a possibility that the true buyer could be revealed in that time.&lt;/p&gt;\n\n&lt;p&gt;Ryan Cohen joined Dragonfly sometime around July of 2020. He has been working on this a long time.Seeing the board stepdowns by Brett Icahn (i.e, apple not falling far from the tree) and Dragonfly (the profit-making squad) could be another giveaway. Nevertheless, Towel Stock&amp;#39;s survival curiously mimics GameStops. After all, Towel Stock is still continuing operations after it was the subject of a historic MSM attack with financial managers falling from buildings. GameStop&amp;#39;s and Towel Stock&amp;#39;s survival does speak for itself. Yet, why has Towel Stock survived? How did they survive? Let&amp;#39;s take a look.&lt;/p&gt;\n\n&lt;p&gt;So there we were - when media outlets were chanting Bed Bath and Beyond &amp;quot;CoUlD FiLe FoR BaNkRuPtCy bY ThIs WeEkEnD.&amp;quot; It didn&amp;#39;t happen: and now nearly 60,000 of those investors are sync&amp;#39;d up in their own stalwart room. I have never before observed such a high rate of user growth for a subreddit. It could be higher than SuperStonk&amp;#39;s initial rate of user runup. Anyway, I digress. Let&amp;#39;s dig:&lt;/p&gt;\n\n&lt;h1&gt;From Towel Stock&amp;#39;s Recent Filings:&lt;/h1&gt;\n\n&lt;p&gt;March 8th, 2023: &amp;quot;the Company has received an aggregate of $135.0 million of proceeds from certain exercises of the Preferred Stock Warrant, most recently reflecting the aforementioned $87.5 million of proceeds (the \u201cMarch Proceeds\u201d) received on March 7, 2023, for an aggregate amount of $360.0 million of proceeds received by the Company since, and including $225.0 million of proceeds received in connection with, the closing of the previously announced public offering of certain of the Company\u2019s securities on February 7, 2023&amp;quot; Essentially, they&amp;#39;re saying $225M + $135M = $360M (a third of a billion in cash added on top of their cash on hand)&lt;/p&gt;\n\n&lt;p&gt;March 13th, 2023: Until April 3rd, 2023. In addition, the Threshold Share Amount referenced in the Price Failure definition is increased to 24,739. This amendment will further facilitate up to $100 million of additional funding in April 2023, for a cumulative total of $460 million to date in extra cash.&lt;/p&gt;\n\n&lt;p&gt;The simple calculation for net asset value is outstanding shares x share price. And if the most recent share outstanding report is accurate, then the net asset value is currently above a quarter billion dollars already.&lt;/p&gt;\n\n&lt;h1&gt;The Friendly Takeover&lt;/h1&gt;\n\n&lt;p&gt;&amp;#x200B;&lt;/p&gt;\n\n&lt;p&gt;&lt;a href=\"https://preview.redd.it/idpwl4i5aqpa1.png?width=888&amp;amp;format=png&amp;amp;auto=webp&amp;amp;v=enabled&amp;amp;s=3ebecc4acde2e5ddbfc236dffae3b8dbfe284fe8\"&gt;https://preview.redd.it/idpwl4i5aqpa1.png?width=888&amp;amp;format=png&amp;amp;auto=webp&amp;amp;v=enabled&amp;amp;s=3ebecc4acde2e5ddbfc236dffae3b8dbfe284fe8&lt;/a&gt;&lt;/p&gt;\n\n&lt;p&gt;Shares outstanding after this offering is complete is based on a changing volume weighted average price (VWAP). Currently, 335,404,588 x $0.7861 = $263,661,546.62 market cap. After the offering, assuming (for whatever reason) the company stayed at $1.00. We&amp;#39;d end up with just about $0.5 Billion market cap, at around 450,000,000 shares. At a reduced stock price only due to these obvious buyout mechanics, the company will have about $0.8 Billion in liquid cash, with a $0.5 Billion market cap.&lt;/p&gt;\n\n&lt;p&gt;&amp;#x200B;&lt;/p&gt;\n\n&lt;p&gt;&lt;a href=\"https://preview.redd.it/bu2znltaaqpa1.png?width=784&amp;amp;format=png&amp;amp;auto=webp&amp;amp;v=enabled&amp;amp;s=45c55d30f04c0b44cc1ab93ed33a38ec6fe0b3b3\"&gt;https://preview.redd.it/bu2znltaaqpa1.png?width=784&amp;amp;format=png&amp;amp;auto=webp&amp;amp;v=enabled&amp;amp;s=45c55d30f04c0b44cc1ab93ed33a38ec6fe0b3b3&lt;/a&gt;&lt;/p&gt;\n\n&lt;p&gt;Referencing the diagram above, if all previous owners of Towel Stock represent 1, then today there are a total of 3 owners (2 new, 1 old). In 7 business days or so, there are 4: (1 old, 3 new). The definition for this is an already-completed dilutive acquisition. This explains why the freely-transacted float did not change upon the news of the 335k shares the other day versus 116k shares, and why costs to borrow to short have only gone up since the buyout.&lt;/p&gt;\n\n&lt;p&gt;Yet, the &amp;#39;before and after&amp;#39; math, in the shares and market cap totals, prove a bona fide buyout and takeover of the whole company by raw share ownership. The buyout has already fundamentally occurred. This is prima facie evidence of new ownership. By April 3rd, the new owner(s) will get a tad more shares, and then the company will already be at $0.5 Billion in market cap and with about $0.8 Billion in raw cash in-hand.&lt;/p&gt;\n\n&lt;p&gt;&lt;strong&gt;$BBBY investors today are already now part of the&lt;/strong&gt; &lt;strong&gt;&lt;em&gt;new&lt;/em&gt;&lt;/strong&gt; &lt;strong&gt;Bed Bath and Beyond&lt;/strong&gt;&lt;/p&gt;\n\n&lt;p&gt;Yes, this is independent of all of the other M&amp;amp;A indicators that came, like GME pulling its credit, Towel Stock hiring of kirkland and ellis, hiring M&amp;amp;A specialists, hiring power of attornies, the RSAs and vested shares, buying out the Towel Stock board&amp;#39;s shares, Towel stock having the same lawyer team as GMERICA, recent icahn/dragonfly board dropouts, etc etc.&lt;/p&gt;\n\n&lt;p&gt;&amp;#x200B;&lt;/p&gt;\n\n&lt;p&gt;&lt;a href=\"https://preview.redd.it/lsuc2h3caqpa1.png?width=3272&amp;amp;format=png&amp;amp;auto=webp&amp;amp;v=enabled&amp;amp;s=f6a03846269763da52c1fd7c9dc48d6b20f11137\"&gt;https://preview.redd.it/lsuc2h3caqpa1.png?width=3272&amp;amp;format=png&amp;amp;auto=webp&amp;amp;v=enabled&amp;amp;s=f6a03846269763da52c1fd7c9dc48d6b20f11137&lt;/a&gt;&lt;/p&gt;\n\n&lt;p&gt;&amp;#x200B;&lt;/p&gt;\n\n&lt;p&gt;&amp;#x200B;&lt;/p&gt;\n\n&lt;p&gt;&lt;a href=\"https://i.redd.it/cs08q6tcaqpa1.gif\"&gt;https://i.redd.it/cs08q6tcaqpa1.gif&lt;/a&gt;&lt;/p&gt;\n\n&lt;h1&gt;TLDR:&lt;/h1&gt;\n\n&lt;h1&gt;By math, Towel Stock ($BBBY) has already been Bought Out via a completed friendly share takeover: now 2 new owner(s) in relative share count to the 1 joint/previous shareholders.&lt;/h1&gt;\n\n&lt;h1&gt;The new owner(s) currently own about a 2:1 share majority. After April 3rd, the new owner(s) will own about a 3:1 share majority. About half a Billion dollars inked the deal.&lt;/h1&gt;\n\n&lt;p&gt;GameStop is a stones throw away from HBC, and the fact that GMERICA&amp;#39;s attorney IS the Towel Stock attorney is also the giveaway of the association of who bought it out. GameStop&amp;#39;s board members are clearly involved, as is Brett Icahn, due to the proximity in timing of Chang, Day, Pulte, Icahn, and Cohen board movement.&lt;/p&gt;\n\n&lt;p&gt;Out of respect for the company, I don&amp;#39;t want to get ahead of their official announcement. Yet, since GameStop is clearly involved, by several facets, this prima facie evidence of a takeover indicates bona fide company strength of GameStop Corp, AND/OR it indicates clear company strength of GameStop&amp;#39;s associated individual board members.&lt;/p&gt;\n\n&lt;p&gt;Good luck to all, and I appreciate each and every one of you. Other hubbub on this no longer matters: the deal is done, and HBC was the proxy to conduct business. Perhaps it really is time, to march hand-in-hand with each of you, &lt;em&gt;into the Beyond&lt;/em&gt;.  &lt;strong&gt;Welcome to the new Bed Bath and Beyond.&lt;/strong&gt;&lt;/p&gt;\n\n&lt;p&gt;&amp;#x200B;&lt;/p&gt;\n\n&lt;p&gt;Edit: 3/31/2023:&lt;/p&gt;\n\n&lt;p&gt;&lt;strong&gt;BBBY: Filings: &amp;quot;Fundamental Transaction&amp;quot; at play $1B cash-for-control&lt;/strong&gt;&lt;/p&gt;\n\n&lt;p&gt;Regarding the 8-K filings issued yesterday.  The company is in a &amp;quot;Fundamental transaction&amp;quot; and they issued the shares with contingencies to help &lt;em&gt;the prospective investor&lt;/em&gt; to ensure they could complete this issuance and be protected.  The company is clearly paving the way for a fundamental change of some form. For $&lt;strong&gt;BBBY&lt;/strong&gt; to be set as its continued preservation and existence...except for a circumstance whereby it undergoes an &lt;strong&gt;M&amp;amp;A, spins off an asset&lt;/strong&gt;, or carries out a structural change which results in it becoming two separate entities...&lt;/p&gt;\n\n&lt;p&gt;Conclusion: &lt;em&gt;B. Riley is another middleman for the mystery &amp;quot;Investor&amp;quot;. This person or entity is providing cash-for-control of $BBBY, and appears to be a non-financial services institution that is restricted from further selling on the shares of the company that it purchases. The filings also make multiple references to a &amp;quot;Fundamental Transaction&amp;quot; being in play, which it defines as a major change to the structure of $BBBY, such as an&lt;/em&gt; &lt;strong&gt;&lt;em&gt;M&amp;amp;A or spin-off.&lt;/em&gt;&lt;/strong&gt;&lt;/p&gt;\n&lt;/div&gt;&lt;!-- SC_ON --&gt;", "send_replies": false, "spoiler": false, "stickied": true, "subreddit": "DeepFuckingValue", "subreddit_id": "t5_3q8lpf", "subreddit_name_prefixed": "r/DeepFuckingValue", "subreddit_subscribers": 157943, "subreddit_type": "public", "suggested_sort": null, "thumbnail": "https://b.thumbs.redditmedia.com/W45f7mDmIBvvlzBPAYH-4P7tlgdN6ulaAPiD9oYQ5vo.jpg", "thumbnail_height": 121, "thumbnail_width": 140, "title": "\ud83d\udcb2 B B B Y \ud83d\udcb5 The math reveals that the Buy Out (i.e. the friendly acquisition [i.e. the takeover of Bed Bath and Beyond]) has already been completed", "top_awarded_type": null, "total_awards_received": 12, "treatment_tags": [], "ups": 862, "upvote_ratio": 0.95, "url": "https://www.reddit.com/r/DeepFuckingValue/comments/120sw0h/b_b_b_y_the_math_reveals_that_the_buy_out_ie_the/", "user_reports": [], "view_count": null, "visited": false, "whitelist_status": "some_ads", "wls": 7}], "discussion_type": null, "distinguished": null, "domain": "self.DeepFuckingValue", "edited": false, "gilded": 0, "gildings": {}, "hidden": false, "hide_score": false, "id": "121e9l8", "is_created_from_ads_ui": false, "is_crosspostable": true, "is_meta": false, "is_original_content": false, "is_reddit_media_domain": false, "is_robot_indexable": true, "is_self": false, "is_video": false, "link_flair_background_color": "", "link_flair_css_class": null, "link_flair_richtext": [], "link_flair_text": null, "link_flair_text_color": "dark", "link_flair_type": "text", "locked": false, "media": null, "media_embed": {}, "media_only": false, "name": "t3_121e9l8", "no_follow": false, "num_comments": 8, "num_crossposts": 0, "over_18": false, "parent_whitelist_status": null, "permalink": "/r/ThePPShow/comments/121e9l8/b_b_b_y_the_math_reveals_that_the_buy_out_ie_the/", "pinned": false, "pwls": null, "quarantine": false, "removed_by": null, "removed_by_category": null, "retrieved_on": 1680995512, "score": 32, "secure_media": null, "secure_media_embed": {}, "selftext": "", "send_replies": true, "spoiler": false, "stickied": false, "subreddit": "ThePPShow", "subreddit_id": "t5_7q5o7y", "subreddit_name_prefixed": "r/ThePPShow", "subreddit_subscribers": 1236, "subreddit_type": "public", "suggested_sort": null, "thumbnail": "https://b.thumbs.redditmedia.com/W45f7mDmIBvvlzBPAYH-4P7tlgdN6ulaAPiD9oYQ5vo.jpg", "thumbnail_height": 121, "thumbnail_width": 140, "title": "\ud83d\udcb2 B B B Y \ud83d\udcb5 The math reveals that the Buy Out (i.e. the friendly acquisition [i.e. the takeover of Bed Bath and Beyond]) has already been completed", "top_awarded_type": null, "total_awards_received": 0, "treatment_tags": [], "upvote_ratio": 0.92, "url": "/r/DeepFuckingValue/comments/120sw0h/b_b_b_y_the_math_reveals_that_the_buy_out_ie_the/", "url_overridden_by_dest": "/r/DeepFuckingValue/comments/120sw0h/b_b_b_y_the_math_reveals_that_the_buy_out_ie_the/", "view_count": null, "whitelist_status": null, "wls": null}, {"all_awardings": [], "allow_live_comments": false, "archived": false, "author": "HonestBeing444", "author_created_utc": null, "author_flair_background_color": null, "author_flair_css_class": null, "author_flair_richtext": [], "author_flair_template_id": null, "author_flair_text": null, "author_flair_text_color": null, "author_flair_type": "text", "author_fullname": "t2_4ayw1i8fx", "author_patreon_flair": false, "author_premium": false, "awarders": [], "banned_by": null, "can_gild": true, "can_mod_post": false, "category": null, "content_categories": null, "contest_mode": false, "created_utc": 1679717766, "discussion_type": null, "distinguished": null, "domain": "i.redd.it", "edited": false, "gilded": 0, "gildings": {}, "hidden": false, "hide_score": false, "id": "121a9pg", "is_created_from_ads_ui": false, "is_crosspostable": true, "is_meta": false, "is_original_content": false, "is_reddit_media_domain": true, "is_robot_indexable": true, "is_self": false, "is_video": false, "link_flair_background_color": "", "link_flair_css_class": null, "link_flair_richtext": [], "link_flair_text": null, "link_flair_text_color": "dark", "link_flair_type": "text", "locked": false, "media": null, "media_embed": {}, "media_only": false, "name": "t3_121a9pg", "no_follow": false, "num_comments": 16, "num_crossposts": 0, "over_18": false, "parent_whitelist_status": null, "permalink": "/r/ThePPShow/comments/121a9pg/just_gonna_post_this_here_for_all_to_see_nuthin/", "pinned": false, "post_hint": "image", "preview": {"enabled": true, "images": [{"id": "5_ctLT6WNXYlXJHSHAYr8OrjCYxrOVPrXQCfVKNRTlk", "resolutions": [{"height": 118, "url": "https://preview.redd.it/obv6ojrr9tpa1.png?width=108&amp;crop=smart&amp;auto=webp&amp;v=enabled&amp;s=e102c96229fca6ad64ca5ab5ac0b8f438ed2af53", "width": 108}, {"height": 236, "url": "https://preview.redd.it/obv6ojrr9tpa1.png?width=216&amp;crop=smart&amp;auto=webp&amp;v=enabled&amp;s=a6c1474c64bf309ba9baa05bc11ab600bf9fa38e", "width": 216}, {"height": 351, "url": "https://preview.redd.it/obv6ojrr9tpa1.png?width=320&amp;crop=smart&amp;auto=webp&amp;v=enabled&amp;s=40dfc461142a80e31e1ae22ef459b4c3e772517f", "width": 320}, {"height": 702, "url": "https://preview.redd.it/obv6ojrr9tpa1.png?width=640&amp;crop=smart&amp;auto=webp&amp;v=enabled&amp;s=d9a59a60263c299f18ef2d543cb99a3cb8fd220e", "width": 640}, {"height": 1053, "url": "https://preview.redd.it/obv6ojrr9tpa1.png?width=960&amp;crop=smart&amp;auto=webp&amp;v=enabled&amp;s=9acfabdf41785dbad223eca3b79b7b265209ceef", "width": 960}, {"height": 1184, "url": "https://preview.redd.it/obv6ojrr9tpa1.png?width=1080&amp;crop=smart&amp;auto=webp&amp;v=enabled&amp;s=11864717c2b7d2980cb2c1726ff0e06ff6be54e2", "width": 1080}], "source": {"height": 1807, "url": "https://preview.redd.it/obv6ojrr9tpa1.png?auto=webp&amp;v=enabled&amp;s=7087e99017d86e71e68158b533d26bf1a346b9fd", "width": 1647}, "variants": {}}]}, "pwls": null, "quarantine": false, "removed_by": null, "removed_by_category": null, "retrieved_on": 1680995650, "score": 47, "secure_media": null, "secure_media_embed": {}, "selftext": "", "send_replies": true, "spoiler": false, "stickied": false, "subreddit": "ThePPShow", "subreddit_id": "t5_7q5o7y", "subreddit_name_prefixed": "r/ThePPShow", "subreddit_subscribers": 1236, "subreddit_type": "public", "suggested_sort": null, "thumbnail": "https://b.thumbs.redditmedia.com/LqCGgdlA_AmzFQnZ50AZS0DzJ2w6efuMW42bPNXfmJo.jpg", "thumbnail_height": 140, "thumbnail_width": 140, "title": "Just gonna post this here for all to see - Nuthin burger OR is it the key to PROSPERITY??", "top_awarded_type": null, "total_awards_received": 0, "treatment_tags": [], "upvote_ratio": 0.96, "url": "https://i.redd.it/obv6ojrr9tpa1.png", "url_overridden_by_dest": "https://i.redd.it/obv6ojrr9tpa1.png", "view_count": null, "whitelist_status": null, "wls": null}, {"all_awardings": [{"award_sub_type": "PREMIUM", "award_type": "global", "awardings_required_to_grant_benefits": null, "coin_price": 30, "coin_reward": 0, "count": 1, "days_of_drip_extension": null, "days_of_premium": null, "description": "A glowing commendation for all to see", "end_date": null, "giver_coin_reward": null, "icon_format": "APNG", "icon_height": 2048, "icon_url": "https://www.redditstatic.com/gold/awards/icon/Illuminati_512.png", "icon_width": 2048, "id": "award_b4ff447e-05a5-42dc-9002-63568807cfe6", "is_enabled": true, "is_new": false, "name": "All-Seeing Upvote", "penny_donate": null, "penny_price": null, "resized_icons": [{"height": 16, "url": "https://www.redditstatic.com/gold/awards/icon/Illuminati_16.png", "width": 16}, {"height": 32, "url": "https://www.redditstatic.com/gold/awards/icon/Illuminati_32.png", "width": 32}, {"height": 48, "url": "https://www.redditstatic.com/gold/awards/icon/Illuminati_48.png", "width": 48}, {"height": 64, "url": "https://www.redditstatic.com/gold/awards/icon/Illuminati_64.png", "width": 64}, {"height": 128, "url": "https://www.redditstatic.com/gold/awards/icon/Illuminati_128.png", "width": 128}], "resized_static_icons": [{"height": 16, "url": "https://preview.redd.it/award_images/t5_q0gj4/am40b8b08l581_All-SeeingUpvote2.png?width=16&amp;height=16&amp;auto=webp&amp;v=enabled&amp;s=25880d00e4283ff6a3851b64c83fea465c3fac48", "width": 16}, {"height": 32, "url": "https://preview.redd.it/award_images/t5_q0gj4/am40b8b08l581_All-SeeingUpvote2.png?width=32&amp;height=32&amp;auto=webp&amp;v=enabled&amp;s=67fae0c2af26488b9d70cb7afe877086707cf1d1", "width": 32}, {"height": 48, "url": "https://preview.redd.it/award_images/t5_q0gj4/am40b8b08l581_All-SeeingUpvote2.png?width=48&amp;height=48&amp;auto=webp&amp;v=enabled&amp;s=3033c6583809a27b998883b7c56c158102cb0420", "width": 48}, {"height": 64, "url": "https://preview.redd.it/award_images/t5_q0gj4/am40b8b08l581_All-SeeingUpvote2.png?width=64&amp;height=64&amp;auto=webp&amp;v=enabled&amp;s=cccb48d7518eaba72894a7ac4214bb70c7120793", "width": 64}, {"height": 128, "url": "https://preview.redd.it/award_images/t5_q0gj4/am40b8b08l581_All-SeeingUpvote2.png?width=128&amp;height=128&amp;auto=webp&amp;v=enabled&amp;s=4101e0eff424bbd818195853387db358bec74ed0", "width": 128}], "start_date": null, "static_icon_height": 2048, "static_icon_url": "https://i.redd.it/award_images/t5_q0gj4/am40b8b08l581_All-SeeingUpvote2.png", "static_icon_width": 2048, "sticky_duration_seconds": null, "subreddit_coin_reward": 0, "subreddit_id": null, "tiers_by_required_awardings": null}], "allow_live_comments": false, "archived": false, "author": "Affectionate_Book571", "author_created_utc": null, "author_flair_background_color": null, "author_flair_css_class": null, "author_flair_richtext": [], "author_flair_template_id": null, "author_flair_text": null, "author_flair_text_color": null, "author_flair_type": "text", "author_fullname": "t2_8um4lwyg", "author_patreon_flair": false, "author_premium": false, "awarders": [], "banned_by": null, "can_gild": true, "can_mod_post": false, "category": null, "content_categories": null, "contest_mode": false, "created_utc": 1679706609, "discussion_type": null, "distinguished": null, "domain": "i.redd.it", "edited": false, "gilded": 0, "gildings": {}, "hidden": false, "hide_score": false, "id": "1215mo0", "is_created_from_ads_ui": false, "is_crosspostable": true, "is_meta": false, "is_original_content": false, "is_reddit_media_domain": true, "is_robot_indexable": true, "is_self": false, "is_video": false, "link_flair_background_color": "", "link_flair_css_class": null, "link_flair_richtext": [], "link_flair_text": null, "link_flair_text_color": "dark", "link_flair_type": "text", "locked": false, "media": null, "media_embed": {}, "media_only": false, "name": "t3_1215mo0", "no_follow": false, "num_comments": 11, "num_crossposts": 0, "over_18": false, "parent_whitelist_status": null, "permalink": "/r/ThePPShow/comments/1215mo0/neverforget/", "pinned": false, "post_hint": "image", "preview": {"enabled": true, "images": [{"id": "6233oMXzmviAxxqQE5Uk1oSI7z5V3twZqA5plgrxc4Q", "resolutions": [{"height": 133, "url": "https://preview.redd.it/0pyug005utpa1.jpg?width=108&amp;crop=smart&amp;auto=webp&amp;v=enabled&amp;s=cd3692fe6fa736f271ebadc43a421f8794e858ce", "width": 108}, {"height": 266, "url": "https://preview.redd.it/0pyug005utpa1.jpg?width=216&amp;crop=smart&amp;auto=webp&amp;v=enabled&amp;s=eabfad2c81ab1f63d3be5b2c0b33b89c07f69141", "width": 216}, {"height": 395, "url": "https://preview.redd.it/0pyug005utpa1.jpg?width=320&amp;crop=smart&amp;auto=webp&amp;v=enabled&amp;s=ea5ce582d20858bfb5ec76c68b404408707541c3", "width": 320}, {"height": 790, "url": "https://preview.redd.it/0pyug005utpa1.jpg?width=640&amp;crop=smart&amp;auto=webp&amp;v=enabled&amp;s=678a463a0525f8d3b32483017f0acf075b33d988", "width": 640}, {"height": 1185, "url": "https://preview.redd.it/0pyug005utpa1.jpg?width=960&amp;crop=smart&amp;auto=webp&amp;v=enabled&amp;s=c4f0a92d17efa7666fda343d06e5fd4ebb751b03", "width": 960}, {"height": 1333, "url": "https://preview.redd.it/0pyug005utpa1.jpg?width=1080&amp;crop=smart&amp;auto=webp&amp;v=enabled&amp;s=d33685e432bc902855357ac9018d69bb53b234f2", "width": 1080}], "source": {"height": 1585, "url": "https://preview.redd.it/0pyug005utpa1.jpg?auto=webp&amp;v=enabled&amp;s=a78d8c77ec326c58d2766e1168963d712ad5a305", "width": 1284}, "variants": {}}]}, "pwls": null, "quarantine": false, "removed_by": null, "removed_by_category": null, "retrieved_on": 1680995813, "score": 23, "secure_media": null, "secure_media_embed": {}, "selftext": "", "send_replies": true, "spoiler": false, "stickied": false, "subreddit": "ThePPShow", "subreddit_id": "t5_7q5o7y", "subreddit_name_prefixed": "r/ThePPShow", "subreddit_subscribers": 1236, "subreddit_type": "public", "suggested_sort": null, "thumbnail": "https://b.thumbs.redditmedia.com/i3hNVHQN_2wodXstRkCRVR7PKbEpNUfe4PmMijI2HLA.jpg", "thumbnail_height": 140, "thumbnail_width": 140, "title": "#neverforget", "top_awarded_type": null, "total_awards_received": 1, "treatment_tags": [], "upvote_ratio": 0.85, "url": "https://i.redd.it/0pyug005utpa1.jpg", "url_overridden_by_dest": "https://i.redd.it/0pyug005utpa1.jpg", "view_count": null, "whitelist_status": null, "wls": null}, {"all_awardings": [], "allow_live_comments": false, "archived": false, "author": "upcellar", "author_created_utc": null, "author_flair_background_color": null, "author_flair_css_class": null, "author_flair_richtext": [], "author_flair_template_id": null, "author_flair_text": null, "author_flair_text_color": null, "author_flair_type": "text", "author_fullname": "t2_743j891la", "author_patreon_flair": false, "author_premium": false, "awarders": [], "banned_by": null, "can_gild": true, "can_mod_post": false, "category": null, "content_categories": null, "contest_mode": false, "created_utc": 1679705896, "discussion_type": null, "distinguished": null, "domain": "reddit.com", "edited": false, "gallery_data": {"items": [{"id": 255130050, "media_id": "q8iqw4uhaspa1"}, {"id": 255130051, "media_id": "lwxbk4uhaspa1"}]}, "gilded": 0, "gildings": {}, "hidden": false, "hide_score": false, "id": "1215bbd", "is_created_from_ads_ui": false, "is_crosspostable": true, "is_gallery": true, "is_meta": false, "is_original_content": false, "is_reddit_media_domain": false, "is_robot_indexable": true, "is_self": false, "is_video": false, "link_flair_background_color": "", "link_flair_css_class": null, "link_flair_richtext": [], "link_flair_text": null, "link_flair_text_color": "dark", "link_flair_type": "text", "locked": false, "media": null, "media_embed": {}, "media_metadata": {"lwxbk4uhaspa1": {"e": "Image", "id": "lwxbk4uhaspa1", "m": "image/jpg", "p": [{"u": "https://preview.redd.it/lwxbk4uhaspa1.jpg?width=108&amp;crop=smart&amp;auto=webp&amp;v=enabled&amp;s=3b508c028ee98c77de2efaf2a7688e5380a33303", "x": 108, "y": 130}, {"u": "https://preview.redd.it/lwxbk4uhaspa1.jpg?width=216&amp;crop=smart&amp;auto=webp&amp;v=enabled&amp;s=d55f3ced9c53e420d0885c4c5eed19aed60e2ce6", "x": 216, "y": 260}, {"u": "https://preview.redd.it/lwxbk4uhaspa1.jpg?width=320&amp;crop=smart&amp;auto=webp&amp;v=enabled&amp;s=56ab2d94d9b07ddc8f54c6ece084911bfaf7efaa", "x": 320, "y": 385}, {"u": "https://preview.redd.it/lwxbk4uhaspa1.jpg?width=640&amp;crop=smart&amp;auto=webp&amp;v=enabled&amp;s=6a05fc1539c2f21d9dbf4f8b7c25915439cf580d", "x": 640, "y": 770}, {"u": "https://preview.redd.it/lwxbk4uhaspa1.jpg?width=960&amp;crop=smart&amp;auto=webp&amp;v=enabled&amp;s=45fe6a34f5e73916336cb33f4a2fe878fa9f84ca", "x": 960, "y": 1156}, {"u": "https://preview.redd.it/lwxbk4uhaspa1.jpg?width=1080&amp;crop=smart&amp;auto=webp&amp;v=enabled&amp;s=d2276bd2f50a02441f06d4a2430da54283f935fb", "x": 1080, "y": 1300}], "s": {"u": "https://preview.redd.it/lwxbk4uhaspa1.jpg?width=1125&amp;format=pjpg&amp;auto=webp&amp;v=enabled&amp;s=7c703793978057da0f9bd1122d446cf3be5bd20f", "x": 1125, "y": 1355}, "status": "valid"}, "q8iqw4uhaspa1": {"e": "Image", "id": "q8iqw4uhaspa1", "m": "image/jpg", "p": [{"u": "https://preview.redd.it/q8iqw4uhaspa1.jpg?width=108&amp;crop=smart&amp;auto=webp&amp;v=enabled&amp;s=8bb2e26fea06856af2fe52864e36b7ededea23c9", "x": 108, "y": 131}, {"u": "https://preview.redd.it/q8iqw4uhaspa1.jpg?width=216&amp;crop=smart&amp;auto=webp&amp;v=enabled&amp;s=7d042e50b5d02f45b360865a5119e4953d95c12f", "x": 216, "y": 263}, {"u": "https://preview.redd.it/q8iqw4uhaspa1.jpg?width=320&amp;crop=smart&amp;auto=webp&amp;v=enabled&amp;s=3cc022d88534292159ce4871cf2878d923e06e2c", "x": 320, "y": 390}, {"u": "https://preview.redd.it/q8iqw4uhaspa1.jpg?width=640&amp;crop=smart&amp;auto=webp&amp;v=enabled&amp;s=20fe5f16df86347aa76b6f46d68b3efad8f654f0", "x": 640, "y": 781}, {"u": "https://preview.redd.it/q8iqw4uhaspa1.jpg?width=960&amp;crop=smart&amp;auto=webp&amp;v=enabled&amp;s=5290db09d2202c88cbb2df6c4afa8f49224513d1", "x": 960, "y": 1171}, {"u": "https://preview.redd.it/q8iqw4uhaspa1.jpg?width=1080&amp;crop=smart&amp;auto=webp&amp;v=enabled&amp;s=a819743dc4b11dfb7cfd2bea139bbfc4b2d341f9", "x": 1080, "y": 1318}], "s": {"u": "https://preview.redd.it/q8iqw4uhaspa1.jpg?width=1125&amp;format=pjpg&amp;auto=webp&amp;v=enabled&amp;s=c9970f25c430b3f28e3fcc53b318d8919d935f6e", "x": 1125, "y": 1373}, "status": "valid"}}, "media_only": false, "name": "t3_1215bbd", "no_follow": false, "num_comments": 13, "num_crossposts": 0, "over_18": false, "parent_whitelist_status": null, "permalink": "/r/ThePPShow/comments/1215bbd/some_lost_porn_for_ya_new_account_long_time/", "pinned": false, "pwls": null, "quarantine": false, "removed_by": null, "removed_by_category": null, "retrieved_on": 1680995824, "score": 7, "secure_media": null, "secure_media_embed": {}, "selftext": "", "send_replies": true, "spoiler": false, "stickied": false, "subreddit": "ThePPShow", "subreddit_id": "t5_7q5o7y", "subreddit_name_prefixed": "r/ThePPShow", "subreddit_subscribers": 1236, "subreddit_type": "public", "suggested_sort": null, "thumbnail": "https://a.thumbs.redditmedia.com/ijMLCfT3bUBHFxJR6J1QnTvEv-UgU5hKULpxijH_4n0.jpg", "thumbnail_height": 140, "thumbnail_width": 140, "title": "Some lost porn for ya ! New account , long time lurker r/bbby", "top_awarded_type": null, "total_awards_received": 0, "treatment_tags": [], "upvote_ratio": 0.82, "url": "https://www.reddit.com/gallery/1215bbd", "url_overridden_by_dest": "https://www.reddit.com/gallery/1215bbd", "view_count": null, "whitelist_status": null, "wls": null}], "metadata": {"op_a": 57, "op_b": 50, "total": 107}, "error": null}