{"data": [{"all_awardings": [], "allow_live_comments": false, "archived": false, "author": "moonshot_69", "author_created_utc": 1662328354, "author_flair_background_color": null, "author_flair_css_class": null, "author_flair_richtext": [], "author_flair_template_id": null, "author_flair_text": null, "author_flair_text_color": null, "author_flair_type": "text", "author_fullname": "t2_rpv9h1mq", "author_patreon_flair": false, "author_premium": true, "awarders": [], "banned_by": null, "can_gild": true, "can_mod_post": false, "category": null, "content_categories": null, "contest_mode": false, "created_utc": 1677540972, "crosspost_parent": "t3_11dq2ig", "crosspost_parent_list": [{"all_awardings": [], "allow_live_comments": false, "approved_at_utc": null, "approved_by": null, "archived": false, "author": "moonshot_69", "author_flair_background_color": "#d3d6da", "author_flair_css_class": null, "author_flair_richtext": [], "author_flair_template_id": "481f78aa-a004-11ed-ac31-5e57c8d9e576", "author_flair_text": "Kais Maleej", "author_flair_text_color": "dark", "author_flair_type": "text", "author_fullname": "t2_rpv9h1mq", "author_is_blocked": false, "author_patreon_flair": false, "author_premium": true, "awarders": [], "banned_at_utc": null, "banned_by": null, "can_gild": true, "can_mod_post": false, "category": null, "clicked": false, "content_categories": null, "contest_mode": false, "created": 1677539753.0, "created_utc": 1677539753.0, "discussion_type": null, "distinguished": null, "domain": "reddit.com", "downs": 0, "edited": false, "gallery_data": {"items": [{"caption": "170 M market cap, 117 M shares", "id": 245507029, "media_id": "qs380cnfdtka1"}, {"caption": "u/Bloodhound1144 dark pool data today - $124M short position, 85M shares", "id": 245507030, "media_id": "yh6tmfnfdtka1"}, {"caption": "BBBY private TSO from 2 months ago, vanished now, $5B short position at time price of stock was ~$3, 1 Billion shares give or tak", "id": 245507031, "media_id": "j1heyfnfdtka1"}, {"caption": "Swaps 200M, trust bro on 12.6 million shares", "id": 245507032, "media_id": "9eszjfnfdtka1"}, {"caption": "Official reported short interest 65M shares, add it all up &gt;1000% short interest of shares outstanding ", "id": 245507033, "media_id": "bat5kfnfdtka1"}]}, "gilded": 0, "gildings": {}, "hidden": false, "hide_score": false, "id": "11dq2ig", "is_created_from_ads_ui": false, "is_crosspostable": true, "is_gallery": true, "is_meta": false, "is_original_content": false, "is_reddit_media_domain": false, "is_robot_indexable": true, "is_self": false, "is_video": false, "likes": null, "link_flair_background_color": "#46d160", "link_flair_css_class": "", "link_flair_richtext": [], "link_flair_template_id": "80fe723c-9c23-11ed-9b55-7ab6cab9aad5", "link_flair_text": "Kais Maleej", "link_flair_text_color": "dark", "link_flair_type": "text", "locked": false, "media": null, "media_embed": {}, "media_metadata": {"9eszjfnfdtka1": {"e": "Image", "id": "9eszjfnfdtka1", "m": "image/jpg", "p": [{"u": "https://preview.redd.it/9eszjfnfdtka1.jpg?width=108&amp;crop=smart&amp;auto=webp&amp;v=enabled&amp;s=6f629036bd9906aa48d470414836d2ac5e98abad", "x": 108, "y": 114}, {"u": "https://preview.redd.it/9eszjfnfdtka1.jpg?width=216&amp;crop=smart&amp;auto=webp&amp;v=enabled&amp;s=9fef742e6f7b204c2b953c26a9af007c9209a154", "x": 216, "y": 229}, {"u": "https://preview.redd.it/9eszjfnfdtka1.jpg?width=320&amp;crop=smart&amp;auto=webp&amp;v=enabled&amp;s=0d288dbfd921adb5bd4fd72a6fc0b05618ab3ca4", "x": 320, "y": 339}, {"u": "https://preview.redd.it/9eszjfnfdtka1.jpg?width=640&amp;crop=smart&amp;auto=webp&amp;v=enabled&amp;s=21a8fa9300bfcdf26bb2108386ab85fb68d5bfeb", "x": 640, "y": 679}, {"u": "https://preview.redd.it/9eszjfnfdtka1.jpg?width=960&amp;crop=smart&amp;auto=webp&amp;v=enabled&amp;s=898078e331e97c04b86e40bf1f1eaf548ae15af1", "x": 960, "y": 1018}, {"u": "https://preview.redd.it/9eszjfnfdtka1.jpg?width=1080&amp;crop=smart&amp;auto=webp&amp;v=enabled&amp;s=da2b801c1851c0902711d697c2f4d12a957178dc", "x": 1080, "y": 1146}], "s": {"u": "https://preview.redd.it/9eszjfnfdtka1.jpg?width=1124&amp;format=pjpg&amp;auto=webp&amp;v=enabled&amp;s=376a926d8dc8179425e00a9c1486dba98ad929ba", "x": 1124, "y": 1193}, "status": "valid"}, "bat5kfnfdtka1": {"e": "Image", "id": "bat5kfnfdtka1", "m": "image/jpg", "p": [{"u": "https://preview.redd.it/bat5kfnfdtka1.jpg?width=108&amp;crop=smart&amp;auto=webp&amp;v=enabled&amp;s=27d93284254812229347c67960f1d69ef935f9ef", "x": 108, "y": 78}, {"u": "https://preview.redd.it/bat5kfnfdtka1.jpg?width=216&amp;crop=smart&amp;auto=webp&amp;v=enabled&amp;s=623686aa07bf489f65f6c28be13986f45a199a1c", "x": 216, "y": 157}, {"u": "https://preview.redd.it/bat5kfnfdtka1.jpg?width=320&amp;crop=smart&amp;auto=webp&amp;v=enabled&amp;s=0d1d5932f338d6e8156d25a0ae41a5e066cf8186", "x": 320, "y": 234}, {"u": "https://preview.redd.it/bat5kfnfdtka1.jpg?width=640&amp;crop=smart&amp;auto=webp&amp;v=enabled&amp;s=a43c5cc699371fe5c272ea0b351ad30f75134633", "x": 640, "y": 468}, {"u": "https://preview.redd.it/bat5kfnfdtka1.jpg?width=960&amp;crop=smart&amp;auto=webp&amp;v=enabled&amp;s=fea8d55bde8c534def6a6f2321b1824a243fc216", "x": 960, "y": 702}, {"u": "https://preview.redd.it/bat5kfnfdtka1.jpg?width=1080&amp;crop=smart&amp;auto=webp&amp;v=enabled&amp;s=f7b8e787e6bcd015dc9f1c2f7ffad68ea0bbc5e6", "x": 1080, "y": 789}], "s": {"u": "https://preview.redd.it/bat5kfnfdtka1.jpg?width=1124&amp;format=pjpg&amp;auto=webp&amp;v=enabled&amp;s=7e555b96ebf5004b9e1a52e0963f59367873e568", "x": 1124, "y": 822}, "status": "valid"}, "j1heyfnfdtka1": {"e": "Image", "id": "j1heyfnfdtka1", "m": "image/jpg", "p": [{"u": "https://preview.redd.it/j1heyfnfdtka1.jpg?width=108&amp;crop=smart&amp;auto=webp&amp;v=enabled&amp;s=df8a801bde0d23f8898bb70752ff1f23a337e1fa", "x": 108, "y": 133}, {"u": "https://preview.redd.it/j1heyfnfdtka1.jpg?width=216&amp;crop=smart&amp;auto=webp&amp;v=enabled&amp;s=8c99546010729212e9a494799062481658cdddc0", "x": 216, "y": 267}, {"u": "https://preview.redd.it/j1heyfnfdtka1.jpg?width=320&amp;crop=smart&amp;auto=webp&amp;v=enabled&amp;s=edebe865f92d0568f9e18ca53d47a3a98040bea9", "x": 320, "y": 396}, {"u": "https://preview.redd.it/j1heyfnfdtka1.jpg?width=640&amp;crop=smart&amp;auto=webp&amp;v=enabled&amp;s=fe78fab5cb83aaec944d5d96b8aff917208d3bd6", "x": 640, "y": 792}], "s": {"u": "https://preview.redd.it/j1heyfnfdtka1.jpg?width=733&amp;format=pjpg&amp;auto=webp&amp;v=enabled&amp;s=a956d2f673d34f10252ec8d9e9a7ebae9754c4c9", "x": 733, "y": 908}, "status": "valid"}, "qs380cnfdtka1": {"e": "Image", "id": "qs380cnfdtka1", "m": "image/jpg", "p": [{"u": "https://preview.redd.it/qs380cnfdtka1.jpg?width=108&amp;crop=smart&amp;auto=webp&amp;v=enabled&amp;s=5fe032765d5af87754a2837d4888dcd068dee3a1", "x": 108, "y": 136}, {"u": "https://preview.redd.it/qs380cnfdtka1.jpg?width=216&amp;crop=smart&amp;auto=webp&amp;v=enabled&amp;s=514e0ef1ad498f1d996fbe068eaeb6440000f421", "x": 216, "y": 273}, {"u": "https://preview.redd.it/qs380cnfdtka1.jpg?width=320&amp;crop=smart&amp;auto=webp&amp;v=enabled&amp;s=563a21d3f4b9dd7ef12dcf607ec63c4a5c385608", "x": 320, "y": 404}, {"u": "https://preview.redd.it/qs380cnfdtka1.jpg?width=640&amp;crop=smart&amp;auto=webp&amp;v=enabled&amp;s=55b80a084255e590c3535a7f38e9d45449a46f1f", "x": 640, "y": 809}, {"u": "https://preview.redd.it/qs380cnfdtka1.jpg?width=960&amp;crop=smart&amp;auto=webp&amp;v=enabled&amp;s=04cc1f751224c85c3b98f02b659a6004f3057deb", "x": 960, "y": 1214}, {"u": "https://preview.redd.it/qs380cnfdtka1.jpg?width=1080&amp;crop=smart&amp;auto=webp&amp;v=enabled&amp;s=b6e4afa5d642f37a5339091cb75d4e05acbbfe7f", "x": 1080, "y": 1366}], "s": {"u": "https://preview.redd.it/qs380cnfdtka1.jpg?width=1124&amp;format=pjpg&amp;auto=webp&amp;v=enabled&amp;s=64b3366185157a23fd82e58657e540bb057992af", "x": 1124, "y": 1422}, "status": "valid"}, "yh6tmfnfdtka1": {"e": "Image", "id": "yh6tmfnfdtka1", "m": "image/jpg", "p": [{"u": "https://preview.redd.it/yh6tmfnfdtka1.jpg?width=108&amp;crop=smart&amp;auto=webp&amp;v=enabled&amp;s=91f267f261e990359d997d60b86b7b4c2712d999", "x": 108, "y": 149}, {"u": "https://preview.redd.it/yh6tmfnfdtka1.jpg?width=216&amp;crop=smart&amp;auto=webp&amp;v=enabled&amp;s=2bf642e0eb8132a96e5866d53ca84a2e3ff9f7b1", "x": 216, "y": 299}, {"u": "https://preview.redd.it/yh6tmfnfdtka1.jpg?width=320&amp;crop=smart&amp;auto=webp&amp;v=enabled&amp;s=a0c0b217774185d3cc2dfc2a2e6b570b7171787a", "x": 320, "y": 443}, {"u": "https://preview.redd.it/yh6tmfnfdtka1.jpg?width=640&amp;crop=smart&amp;auto=webp&amp;v=enabled&amp;s=443b98848d409453bc890f22cb4cc63b6be5058f", "x": 640, "y": 887}, {"u": "https://preview.redd.it/yh6tmfnfdtka1.jpg?width=960&amp;crop=smart&amp;auto=webp&amp;v=enabled&amp;s=a23fb6103fd8ed6e855fae4f9c4a761b49e8524a", "x": 960, "y": 1330}, {"u": "https://preview.redd.it/yh6tmfnfdtka1.jpg?width=1080&amp;crop=smart&amp;auto=webp&amp;v=enabled&amp;s=394ae769d16c45bfefdaa2dbd2f740368519eaa9", "x": 1080, "y": 1496}], "s": {"u": "https://preview.redd.it/yh6tmfnfdtka1.jpg?width=1119&amp;format=pjpg&amp;auto=webp&amp;v=enabled&amp;s=2b13337cbe8ceb779c16fd90e9e7550e27c4d8d5", "x": 1119, "y": 1551}, "status": "valid"}}, "media_only": false, "mod_note": null, "mod_reason_by": null, "mod_reason_title": null, "mod_reports": [], "name": "t3_11dq2ig", "no_follow": false, "num_comments": 11, "num_crossposts": 2, "num_reports": null, "over_18": false, "parent_whitelist_status": null, "permalink": "/r/bbby_remastered/comments/11dq2ig/a_story_in_pictures_1000_short_interest_of_shares/", "pinned": false, "pwls": null, "quarantine": false, "removal_reason": null, "removed_by": null, "removed_by_category": null, "report_reasons": null, "saved": false, "score": 29, "secure_media": null, "secure_media_embed": {}, "selftext": "", "selftext_html": null, "send_replies": true, "spoiler": false, "stickied": false, "subreddit": "bbby_remastered", "subreddit_id": "t5_7tgjqd", "subreddit_name_prefixed": "r/bbby_remastered", "subreddit_subscribers": 1032, "subreddit_type": "public", "suggested_sort": null, "thumbnail": "https://b.thumbs.redditmedia.com/3iLKKUcBHzx-ya5osTQdG4hDb4T4oUdKWsaobkZNMPw.jpg", "thumbnail_height": 140, "thumbnail_width": 140, "title": "A story in pictures. &gt;1000% short interest of shares outstanding, 2000% of free float", "top_awarded_type": null, "total_awards_received": 0, "treatment_tags": [], "ups": 29, "upvote_ratio": 0.92, "url": "https://www.reddit.com/gallery/11dq2ig", "url_overridden_by_dest": "https://www.reddit.com/gallery/11dq2ig", "user_reports": [], "view_count": null, "visited": false, "whitelist_status": null, "wls": null}], "discussion_type": null, "distinguished": null, "domain": "reddit.com", "edited": false, "gilded": 0, "gildings": {}, "hidden": false, "hide_score": false, "id": "11dqjyr", "is_created_from_ads_ui": false, "is_crosspostable": true, "is_meta": false, "is_original_content": false, "is_reddit_media_domain": false, "is_robot_indexable": true, "is_self": false, "is_video": false, "link_flair_background_color": "", "link_flair_css_class": null, "link_flair_richtext": [], "link_flair_text": null, "link_flair_text_color": "dark", "link_flair_type": "text", "locked": false, "media": null, "media_embed": {}, "media_only": false, "name": "t3_11dqjyr", "no_follow": false, "num_comments": 0, "num_crossposts": 0, "over_18": false, "parent_whitelist_status": null, "permalink": "/r/ThePPShow/comments/11dqjyr/a_story_in_pictures_1000_short_interest_of_shares/", "pinned": false, "pwls": null, "quarantine": false, "removed_by": null, "removed_by_category": null, "retrieved_on": 1678311075, "score": 5, "secure_media": null, "secure_media_embed": {}, "selftext": "", "send_replies": false, "spoiler": false, "stickied": false, "subreddit": "ThePPShow", "subreddit_id": "t5_7q5o7y", "subreddit_name_prefixed": "r/ThePPShow", "subreddit_subscribers": 580, "subreddit_type": "public", "suggested_sort": null, "thumbnail": "https://b.thumbs.redditmedia.com/3iLKKUcBHzx-ya5osTQdG4hDb4T4oUdKWsaobkZNMPw.jpg", "thumbnail_height": 140, "thumbnail_width": 140, "title": "A story in pictures. &gt;1000% short interest of shares outstanding, 2000% of free float", "top_awarded_type": null, "total_awards_received": 0, "treatment_tags": [], "upvote_ratio": 1.0, "url": "https://www.reddit.com/gallery/11dq2ig", "url_overridden_by_dest": "https://www.reddit.com/gallery/11dq2ig", "view_count": null, "whitelist_status": null, "wls": null}, {"all_awardings": [], "allow_live_comments": false, "archived": false, "author": "[deleted]", "author_created_utc": null, "author_flair_background_color": "", "author_flair_css_class": null, "author_flair_template_id": null, "author_flair_text": null, "author_flair_text_color": "dark", "awarders": [], "banned_by": null, "can_gild": false, "can_mod_post": false, "category": null, "content_categories": null, "contest_mode": false, "created_utc": 1677537927, "discussion_type": null, "distinguished": null, "domain": "", "edited": false, "gilded": 0, "gildings": {}, "hidden": false, "hide_score": false, "id": "11dpc57", "is_created_from_ads_ui": false, "is_crosspostable": false, "is_meta": false, "is_original_content": false, "is_reddit_media_domain": false, "is_robot_indexable": false, "is_self": true, "is_video": false, "link_flair_background_color": "#ffd635", "link_flair_css_class": "", "link_flair_richtext": [], "link_flair_template_id": "b389bcaa-8f0a-11ed-9b6e-1e9f599434b1", "link_flair_text": "Stream announcement ", "link_flair_text_color": "dark", "link_flair_type": "text", "locked": false, "media": null, "media_embed": {}, "media_only": false, "name": "t3_11dpc57", "no_follow": false, "num_comments": 8, "num_crossposts": 0, "over_18": false, "parent_whitelist_status": null, "permalink": "/r/ThePPShow/comments/11dpc57/theppshow_tonight_at_7pmct/", "pinned": false, "pwls": null, "quarantine": false, "removed_by": null, "removed_by_category": "deleted", "retrieved_on": 1678311128, "score": 22, "secure_media": null, "secure_media_embed": {}, "selftext": "[deleted]", "send_replies": true, "spoiler": false, "stickied": false, "subreddit": "ThePPShow", "subreddit_id": "t5_7q5o7y", "subreddit_name_prefixed": "r/ThePPShow", "subreddit_subscribers": 580, "subreddit_type": "public", "suggested_sort": null, "thumbnail": "default", "thumbnail_height": null, "thumbnail_width": null, "title": "ThePPShow Tonight at 7PMCT!", "top_awarded_type": null, "total_awards_received": 0, "treatment_tags": [], "upvote_ratio": 1.0, "url": "", "view_count": null, "whitelist_status": null, "wls": null}, {"all_awardings": [], "allow_live_comments": false, "archived": false, "author": "[deleted]", "author_created_utc": null, "author_flair_background_color": "", "author_flair_css_class": null, "author_flair_template_id": null, "author_flair_text": null, "author_flair_text_color": "dark", "awarders": [], "banned_by": null, "can_gild": false, "can_mod_post": false, "category": null, "content_categories": null, "contest_mode": false, "created_utc": 1677536317, "discussion_type": null, "distinguished": null, "domain": "i.redd.it", "edited": false, "gilded": 0, "gildings": {}, "hidden": false, "hide_score": false, "id": "11doojy", "is_created_from_ads_ui": false, "is_crosspostable": true, "is_meta": false, "is_original_content": false, "is_reddit_media_domain": true, "is_robot_indexable": true, "is_self": false, "is_video": false, "link_flair_background_color": "", "link_flair_css_class": null, "link_flair_richtext": [], "link_flair_text": null, "link_flair_text_color": "dark", "link_flair_type": "text", "locked": false, "media": null, "media_embed": {}, "media_only": false, "name": "t3_11doojy", "no_follow": false, "num_comments": 7, "num_crossposts": 0, "over_18": false, "parent_whitelist_status": null, "permalink": "/r/ThePPShow/comments/11doojy/me_going_to_buy_more_bobbys/", "pinned": false, "post_hint": "image", "preview": {"enabled": true, "images": [{"id": "JtYF7GihTlA-rmEcqbQh-AuuSh3A_RHP2iV_w9CqXog", "resolutions": [{"height": 83, "url": "https://preview.redd.it/qrviouq53tka1.gif?width=108&amp;crop=smart&amp;format=png8&amp;v=enabled&amp;s=cef77138f5ec8ff5386b2c826e04c3315bf90526", "width": 108}, {"height": 167, "url": "https://preview.redd.it/qrviouq53tka1.gif?width=216&amp;crop=smart&amp;format=png8&amp;v=enabled&amp;s=e2836e227d8c5fe284d04a986b7d08bf05622983", "width": 216}, {"height": 248, "url": "https://preview.redd.it/qrviouq53tka1.gif?width=320&amp;crop=smart&amp;format=png8&amp;v=enabled&amp;s=41b05378d98fcbde2ada923b7e93830fcdca6b10", "width": 320}], "source": {"height": 310, "url": "https://preview.redd.it/qrviouq53tka1.gif?format=png8&amp;v=enabled&amp;s=ed7418c6d39ecfd36329fd62d33987324c829964", "width": 400}, "variants": {"gif": {"resolutions": [{"height": 83, "url": "https://preview.redd.it/qrviouq53tka1.gif?width=108&amp;crop=smart&amp;v=enabled&amp;s=09c38be6ffa3c3108b6c0e3174e12a027c0393b8", "width": 108}, {"height": 167, "url": "https://preview.redd.it/qrviouq53tka1.gif?width=216&amp;crop=smart&amp;v=enabled&amp;s=3e7c3d44ed83c53e8d719f541fd8b9ebf1427853", "width": 216}, {"height": 248, "url": "https://preview.redd.it/qrviouq53tka1.gif?width=320&amp;crop=smart&amp;v=enabled&amp;s=652f958b0c1179f1178176e5c4ebf5bdcde926f1", "width": 320}], "source": {"height": 310, "url": "https://preview.redd.it/qrviouq53tka1.gif?s=e530063f99fa7819260e42440100c72ff1af1074", "width": 400}}, "mp4": {"resolutions": [{"height": 83, "url": "https://preview.redd.it/qrviouq53tka1.gif?width=108&amp;format=mp4&amp;v=enabled&amp;s=a690129fe88014b030b3c2bd993883ab8fa32d43", "width": 108}, {"height": 167, "url": "https://preview.redd.it/qrviouq53tka1.gif?width=216&amp;format=mp4&amp;v=enabled&amp;s=e6fea5fcd7a48e8936971787c4f2dfd7fc3127b9", "width": 216}, {"height": 248, "url": "https://preview.redd.it/qrviouq53tka1.gif?width=320&amp;format=mp4&amp;v=enabled&amp;s=0fad0a8326b739dbbf5b03bada0ad3da2ae78c73", "width": 320}], "source": {"height": 310, "url": "https://preview.redd.it/qrviouq53tka1.gif?format=mp4&amp;v=enabled&amp;s=b6319b2265aea7d58fecdf6f6743d63925b21f31", "width": 400}}}}]}, "pwls": null, "quarantine": false, "removed_by": null, "removed_by_category": null, "retrieved_on": 1678311157, "score": 22, "secure_media": null, "secure_media_embed": {}, "selftext": "", "send_replies": true, "spoiler": false, "stickied": false, "subreddit": "ThePPShow", "subreddit_id": "t5_7q5o7y", "subreddit_name_prefixed": "r/ThePPShow", "subreddit_subscribers": 580, "subreddit_type": "public", "suggested_sort": null, "thumbnail": "https://b.thumbs.redditmedia.com/km20bBZ6AwyXtKmQoBTF7W_-NSyCBb5twqGwKh48Bik.jpg", "thumbnail_height": 108, "thumbnail_width": 140, "title": "Me going to buy more Bobbys", "top_awarded_type": null, "total_awards_received": 0, "treatment_tags": [], "upvote_ratio": 0.96, "url": "https://i.redd.it/qrviouq53tka1.gif", "url_overridden_by_dest": "https://i.redd.it/qrviouq53tka1.gif", "view_count": null, "whitelist_status": null, "wls": null}, {"all_awardings": [], "allow_live_comments": false, "archived": false, "author": "the_small_farmer", "author_created_utc": 1611650393, "author_flair_background_color": null, "author_flair_css_class": null, "author_flair_richtext": [], "author_flair_template_id": null, "author_flair_text": null, "author_flair_text_color": null, "author_flair_type": "text", "author_fullname": "t2_9zzaasnx", "author_patreon_flair": false, "author_premium": false, "awarders": [], "banned_by": null, "can_gild": true, "can_mod_post": false, "category": null, "content_categories": null, "contest_mode": false, "created_utc": 1677513329, "discussion_type": null, "distinguished": null, "domain": "twitter.com", "edited": false, "gilded": 0, "gildings": {}, "hidden": false, "hide_score": false, "id": "11df6fw", "is_created_from_ads_ui": false, "is_crosspostable": true, "is_meta": false, "is_original_content": false, "is_reddit_media_domain": false, "is_robot_indexable": true, "is_self": false, "is_video": false, "link_flair_background_color": "", "link_flair_css_class": null, "link_flair_richtext": [], "link_flair_text": null, "link_flair_text_color": "dark", "link_flair_type": "text", "locked": false, "media": {"oembed": {"author_name": "David Simpson \ud83c\udff4\u200d\u2620\ufe0f\ud83d\udc17", "author_url": "https://twitter.com/pirateportfo", "cache_age": 3153600000, "height": null, "html": "&lt;blockquote class=\"twitter-video\"&gt;&lt;p lang=\"en\" dir=\"ltr\"&gt;I&amp;#39;d Like To Solve The Puzzle:&lt;br&gt;A 60-Page Report detailing the Marriage of Carl Icahn and Bed Bath &amp;amp; Beyond, &lt;a href=\"https://t.co/SWU3sYVhkW\"&gt;pic.twitter.com/SWU3sYVhkW&lt;/a&gt;&lt;/p&gt;&amp;mdash; David Simpson \ud83c\udff4\u200d\u2620\ufe0f\ud83d\udc17 (@pirateportfo) &lt;a href=\"https://twitter.com/pirateportfo/status/1630181132494049280?ref_src=twsrc%5Etfw\"&gt;February 27, 2023&lt;/a&gt;&lt;/blockquote&gt;\n&lt;script async src=\"https://platform.twitter.com/widgets.js\" charset=\"utf-8\"&gt;&lt;/script&gt;\n", "provider_name": "Twitter", "provider_url": "https://twitter.com", "type": "rich", "url": "https://twitter.com/pirateportfo/status/1630181132494049280", "version": "1.0", "width": 350}, "type": "twitter.com"}, "media_embed": {"content": "&lt;blockquote class=\"twitter-video\"&gt;&lt;p lang=\"en\" dir=\"ltr\"&gt;I&amp;#39;d Like To Solve The Puzzle:&lt;br&gt;A 60-Page Report detailing the Marriage of Carl Icahn and Bed Bath &amp;amp; Beyond, &lt;a href=\"https://t.co/SWU3sYVhkW\"&gt;pic.twitter.com/SWU3sYVhkW&lt;/a&gt;&lt;/p&gt;&amp;mdash; David Simpson \ud83c\udff4\u200d\u2620\ufe0f\ud83d\udc17 (@pirateportfo) &lt;a href=\"https://twitter.com/pirateportfo/status/1630181132494049280?ref_src=twsrc%5Etfw\"&gt;February 27, 2023&lt;/a&gt;&lt;/blockquote&gt;\n&lt;script async src=\"https://platform.twitter.com/widgets.js\" charset=\"utf-8\"&gt;&lt;/script&gt;\n", "height": 200, "scrolling": false, "width": 350}, "media_only": false, "name": "t3_11df6fw", "no_follow": false, "num_comments": 4, "num_crossposts": 0, "over_18": false, "parent_whitelist_status": null, "permalink": "/r/ThePPShow/comments/11df6fw/nice_summary/", "pinned": false, "post_hint": "link", "preview": {"enabled": false, "images": [{"id": "6eqY30Ea149lEkVtTO4J4qvTrj1upHmHdpUdC7NrE4M", "resolutions": [{"height": 71, "url": "https://external-preview.redd.it/We3q-U5HT2WRhbk0w371bIsfB1SzMry5qqmXKgHoMVc.jpg?width=108&amp;crop=smart&amp;auto=webp&amp;v=enabled&amp;s=e0f132340e9bf3d1f07288da602c934bbd1055b5", "width": 108}], "source": {"height": 93, "url": "https://external-preview.redd.it/We3q-U5HT2WRhbk0w371bIsfB1SzMry5qqmXKgHoMVc.jpg?auto=webp&amp;v=enabled&amp;s=07853b62b36088ef8dec01f06fccddf2ee4cb0d5", "width": 140}, "variants": {}}]}, "pwls": null, "quarantine": false, "removed_by": null, "removed_by_category": null, "retrieved_on": 1678311578, "score": 11, "secure_media": {"oembed": {"author_name": "David Simpson \ud83c\udff4\u200d\u2620\ufe0f\ud83d\udc17", "author_url": "https://twitter.com/pirateportfo", "cache_age": 3153600000, "height": null, "html": "&lt;blockquote class=\"twitter-video\"&gt;&lt;p lang=\"en\" dir=\"ltr\"&gt;I&amp;#39;d Like To Solve The Puzzle:&lt;br&gt;A 60-Page Report detailing the Marriage of Carl Icahn and Bed Bath &amp;amp; Beyond, &lt;a href=\"https://t.co/SWU3sYVhkW\"&gt;pic.twitter.com/SWU3sYVhkW&lt;/a&gt;&lt;/p&gt;&amp;mdash; David Simpson \ud83c\udff4\u200d\u2620\ufe0f\ud83d\udc17 (@pirateportfo) &lt;a href=\"https://twitter.com/pirateportfo/status/1630181132494049280?ref_src=twsrc%5Etfw\"&gt;February 27, 2023&lt;/a&gt;&lt;/blockquote&gt;\n&lt;script async src=\"https://platform.twitter.com/widgets.js\" charset=\"utf-8\"&gt;&lt;/script&gt;\n", "provider_name": "Twitter", "provider_url": "https://twitter.com", "type": "rich", "url": "https://twitter.com/pirateportfo/status/1630181132494049280", "version": "1.0", "width": 350}, "type": "twitter.com"}, "secure_media_embed": {"content": "&lt;blockquote class=\"twitter-video\"&gt;&lt;p lang=\"en\" dir=\"ltr\"&gt;I&amp;#39;d Like To Solve The Puzzle:&lt;br&gt;A 60-Page Report detailing the Marriage of Carl Icahn and Bed Bath &amp;amp; Beyond, &lt;a href=\"https://t.co/SWU3sYVhkW\"&gt;pic.twitter.com/SWU3sYVhkW&lt;/a&gt;&lt;/p&gt;&amp;mdash; David Simpson \ud83c\udff4\u200d\u2620\ufe0f\ud83d\udc17 (@pirateportfo) &lt;a href=\"https://twitter.com/pirateportfo/status/1630181132494049280?ref_src=twsrc%5Etfw\"&gt;February 27, 2023&lt;/a&gt;&lt;/blockquote&gt;\n&lt;script async src=\"https://platform.twitter.com/widgets.js\" charset=\"utf-8\"&gt;&lt;/script&gt;\n", "height": 200, "media_domain_url": "https://www.redditmedia.com/mediaembed/11df6fw", "scrolling": false, "width": 350}, "selftext": "", "send_replies": false, "spoiler": false, "stickied": false, "subreddit": "ThePPShow", "subreddit_id": "t5_7q5o7y", "subreddit_name_prefixed": "r/ThePPShow", "subreddit_subscribers": 580, "subreddit_type": "public", "suggested_sort": null, "thumbnail": "https://b.thumbs.redditmedia.com/ih3Eu_k7dBMrckuQC9qNqYwd-VS0Ak2U9xN1-tojFkw.jpg", "thumbnail_height": 93, "thumbnail_width": 140, "title": "Nice summary", "top_awarded_type": null, "total_awards_received": 0, "treatment_tags": [], "upvote_ratio": 0.86, "url": "https://twitter.com/pirateportfo/status/1630181132494049280?s=19", "url_overridden_by_dest": "https://twitter.com/pirateportfo/status/1630181132494049280?s=19", "view_count": null, "whitelist_status": null, "wls": null}, {"all_awardings": [{"award_sub_type": "GLOBAL", "award_type": "global", "awardings_required_to_grant_benefits": null, "coin_price": 500, "coin_reward": 100, "count": 1, "days_of_drip_extension": null, "days_of_premium": 7, "description": "Gives 100 Reddit Coins and a week of r/lounge access and ad-free browsing.", "end_date": null, "giver_coin_reward": null, "icon_format": null, "icon_height": 512, "icon_url": "https://www.redditstatic.com/gold/awards/icon/gold_512.png", "icon_width": 512, "id": "gid_2", "is_enabled": true, "is_new": false, "name": "Gold", "penny_donate": null, "penny_price": null, "resized_icons": [{"height": 16, "url": "https://www.redditstatic.com/gold/awards/icon/gold_16.png", "width": 16}, {"height": 32, "url": "https://www.redditstatic.com/gold/awards/icon/gold_32.png", "width": 32}, {"height": 48, "url": "https://www.redditstatic.com/gold/awards/icon/gold_48.png", "width": 48}, {"height": 64, "url": "https://www.redditstatic.com/gold/awards/icon/gold_64.png", "width": 64}, {"height": 128, "url": "https://www.redditstatic.com/gold/awards/icon/gold_128.png", "width": 128}], "resized_static_icons": [{"height": 16, "url": "https://www.redditstatic.com/gold/awards/icon/gold_16.png", "width": 16}, {"height": 32, "url": "https://www.redditstatic.com/gold/awards/icon/gold_32.png", "width": 32}, {"height": 48, "url": "https://www.redditstatic.com/gold/awards/icon/gold_48.png", "width": 48}, {"height": 64, "url": "https://www.redditstatic.com/gold/awards/icon/gold_64.png", "width": 64}, {"height": 128, "url": "https://www.redditstatic.com/gold/awards/icon/gold_128.png", "width": 128}], "start_date": null, "static_icon_height": 512, "static_icon_url": "https://www.redditstatic.com/gold/awards/icon/gold_512.png", "static_icon_width": 512, "sticky_duration_seconds": null, "subreddit_coin_reward": 0, "subreddit_id": null, "tiers_by_required_awardings": null}], "allow_live_comments": false, "archived": false, "author": "[deleted]", "author_created_utc": null, "author_flair_background_color": "", "author_flair_css_class": null, "author_flair_template_id": null, "author_flair_text": null, "author_flair_text_color": "dark", "awarders": [], "banned_by": null, "can_gild": false, "can_mod_post": false, "category": null, "content_categories": null, "contest_mode": false, "created_utc": 1677458426, "discussion_type": null, "distinguished": null, "domain": "", "edited": false, "gilded": 1, "gildings": {"gid_2": 1}, "hidden": false, "hide_score": false, "id": "11cy016", "is_created_from_ads_ui": false, "is_crosspostable": false, "is_meta": false, "is_original_content": false, "is_reddit_media_domain": true, "is_robot_indexable": false, "is_self": false, "is_video": true, "link_flair_background_color": "", "link_flair_css_class": null, "link_flair_richtext": [], "link_flair_text": null, "link_flair_text_color": "dark", "link_flair_type": "text", "locked": false, "media": {"reddit_video": {"bitrate_kbps": 2400, "dash_url": "https://v.redd.it/nxpfeyubnmka1/DASHPlaylist.mpd?a=1680904341%2CODY3OTQ2MWQ3MDI0N2ZiY2VlOGRkZjdiYzE0ZTI1NTU0ZmIzNWU3MDlkMWVhMGMwM2QzMzZmNDUxZWNjMTNlNA%3D%3D&amp;v=1&amp;f=sd", "duration": 314, "fallback_url": "https://v.redd.it/nxpfeyubnmka1/DASH_720.mp4?source=fallback", "height": 536, "hls_url": "https://v.redd.it/nxpfeyubnmka1/HLSPlaylist.m3u8?a=1680904341%2CZGIwMDhmNjg3MWU0NGRhYjkwZGQyMzA0MjgzYzgxYTUwYzg3YmRlOWJhYTA1ZDgyMjBlNzU3N2RmN2YzODBlNQ%3D%3D&amp;v=1&amp;f=sd", "is_gif": false, "scrubber_media_url": "https://v.redd.it/nxpfeyubnmka1/DASH_96.mp4", "transcoding_status": "completed", "width": 1280}}, "media_embed": {}, "media_only": false, "name": "t3_11cy016", "no_follow": false, "num_comments": 1, "num_crossposts": 0, "over_18": false, "parent_whitelist_status": null, "permalink": "/r/ThePPShow/comments/11cy016/wen_moon_tomorrow_bro/", "pinned": false, "pwls": null, "quarantine": false, "removed_by": null, "removed_by_category": "deleted", "retrieved_on": 1678312342, "score": 10, "secure_media": {"reddit_video": {"bitrate_kbps": 2400, "dash_url": "https://v.redd.it/nxpfeyubnmka1/DASHPlaylist.mpd?a=1680904341%2CODY3OTQ2MWQ3MDI0N2ZiY2VlOGRkZjdiYzE0ZTI1NTU0ZmIzNWU3MDlkMWVhMGMwM2QzMzZmNDUxZWNjMTNlNA%3D%3D&amp;v=1&amp;f=sd", "duration": 314, "fallback_url": "https://v.redd.it/nxpfeyubnmka1/DASH_720.mp4?source=fallback", "height": 536, "hls_url": "https://v.redd.it/nxpfeyubnmka1/HLSPlaylist.m3u8?a=1680904341%2CZGIwMDhmNjg3MWU0NGRhYjkwZGQyMzA0MjgzYzgxYTUwYzg3YmRlOWJhYTA1ZDgyMjBlNzU3N2RmN2YzODBlNQ%3D%3D&amp;v=1&amp;f=sd", "is_gif": false, "scrubber_media_url": "https://v.redd.it/nxpfeyubnmka1/DASH_96.mp4", "transcoding_status": "completed", "width": 1280}}, "secure_media_embed": {}, "selftext": "[deleted]", "send_replies": true, "spoiler": false, "stickied": false, "subreddit": "ThePPShow", "subreddit_id": "t5_7q5o7y", "subreddit_name_prefixed": "r/ThePPShow", "subreddit_subscribers": 580, "subreddit_type": "public", "suggested_sort": null, "thumbnail": "default", "thumbnail_height": 58, "thumbnail_width": 140, "title": "Wen Moon? Tomorrow bro...", "top_awarded_type": null, "total_awards_received": 1, "treatment_tags": [], "upvote_ratio": 1.0, "url": "", "url_overridden_by_dest": "", "view_count": null, "whitelist_status": null, "wls": null}], "metadata": {"op_a": 56, "op_b": 50, "total": 106}, "error": null}