{"data": [{"all_awardings": [], "allow_live_comments": false, "archived": false, "author": "katotg", "author_created_utc": 1583593628, "author_flair_background_color": null, "author_flair_css_class": null, "author_flair_richtext": [], "author_flair_template_id": null, "author_flair_text": null, "author_flair_text_color": null, "author_flair_type": "text", "author_fullname": "t2_5vdn5uod", "author_patreon_flair": false, "author_premium": false, "awarders": [], "banned_by": null, "can_gild": true, "can_mod_post": false, "category": null, "content_categories": null, "contest_mode": false, "created_utc": 1677620313, "discussion_type": null, "distinguished": null, "domain": "i.redd.it", "edited": false, "gilded": 0, "gildings": {}, "hidden": false, "hide_score": false, "id": "11ekrgp", "is_created_from_ads_ui": false, "is_crosspostable": true, "is_meta": false, "is_original_content": false, "is_reddit_media_domain": true, "is_robot_indexable": true, "is_self": false, "is_video": false, "link_flair_background_color": "", "link_flair_css_class": null, "link_flair_richtext": [], "link_flair_text": null, "link_flair_text_color": "dark", "link_flair_type": "text", "locked": false, "media": null, "media_embed": {}, "media_only": false, "name": "t3_11ekrgp", "no_follow": false, "num_comments": 6, "num_crossposts": 0, "over_18": false, "parent_whitelist_status": null, "permalink": "/r/ThePPShow/comments/11ekrgp/am_i_special_yet_holding_back_the_urge_to_ask_him/", "pinned": false, "post_hint": "image", "preview": {"enabled": true, "images": [{"id": "nLQL0-bb2dDJ2_juDFf3GA2V5F7vOZQDJ86tZDBvNfA", "resolutions": [{"height": 69, "url": "https://preview.redd.it/7a8y4afii1la1.jpg?width=108&amp;crop=smart&amp;auto=webp&amp;v=enabled&amp;s=a97c28e4e1af888546d6439047601925c3c14d49", "width": 108}, {"height": 139, "url": "https://preview.redd.it/7a8y4afii1la1.jpg?width=216&amp;crop=smart&amp;auto=webp&amp;v=enabled&amp;s=08e8bf30cb89f962a06a8eafd38452147e3246c6", "width": 216}, {"height": 207, "url": "https://preview.redd.it/7a8y4afii1la1.jpg?width=320&amp;crop=smart&amp;auto=webp&amp;v=enabled&amp;s=6781e3e90229f87b258ff2226a51f9c98f1523fe", "width": 320}, {"height": 414, "url": "https://preview.redd.it/7a8y4afii1la1.jpg?width=640&amp;crop=smart&amp;auto=webp&amp;v=enabled&amp;s=064cfa5984db67de939847974b29225a4373d705", "width": 640}, {"height": 621, "url": "https://preview.redd.it/7a8y4afii1la1.jpg?width=960&amp;crop=smart&amp;auto=webp&amp;v=enabled&amp;s=5e9a183f2aeedc925f528fff005279a2ec646e9c", "width": 960}, {"height": 698, "url": "https://preview.redd.it/7a8y4afii1la1.jpg?width=1080&amp;crop=smart&amp;auto=webp&amp;v=enabled&amp;s=e4076011f151818ac053529a1e0874dcfe5a43cb", "width": 1080}], "source": {"height": 831, "url": "https://preview.redd.it/7a8y4afii1la1.jpg?auto=webp&amp;v=enabled&amp;s=e0000b9edde6196d4b79d2932b35401f8f1905d1", "width": 1284}, "variants": {}}]}, "pwls": null, "quarantine": false, "removed_by": null, "removed_by_category": null, "retrieved_on": 1678309837, "score": 16, "secure_media": null, "secure_media_embed": {}, "selftext": "", "send_replies": true, "spoiler": false, "stickied": false, "subreddit": "ThePPShow", "subreddit_id": "t5_7q5o7y", "subreddit_name_prefixed": "r/ThePPShow", "subreddit_subscribers": 580, "subreddit_type": "public", "suggested_sort": null, "thumbnail": "https://b.thumbs.redditmedia.com/jRSzEDdfI-5S3njWaNracH060JlP0EaDtUo42pqs6mI.jpg", "thumbnail_height": 90, "thumbnail_width": 140, "title": "Am I special yet? Holding back the urge to ask him about stonks", "top_awarded_type": null, "total_awards_received": 0, "treatment_tags": [], "upvote_ratio": 0.94, "url": "https://i.redd.it/7a8y4afii1la1.jpg", "url_overridden_by_dest": "https://i.redd.it/7a8y4afii1la1.jpg", "view_count": null, "whitelist_status": null, "wls": null}, {"all_awardings": [{"award_sub_type": "PREMIUM", "award_type": "global", "awardings_required_to_grant_benefits": null, "coin_price": 30, "coin_reward": 0, "count": 1, "days_of_drip_extension": null, "days_of_premium": null, "description": "A glowing commendation for all to see", "end_date": null, "giver_coin_reward": null, "icon_format": "APNG", "icon_height": 2048, "icon_url": "https://www.redditstatic.com/gold/awards/icon/Illuminati_512.png", "icon_width": 2048, "id": "award_b4ff447e-05a5-42dc-9002-63568807cfe6", "is_enabled": true, "is_new": false, "name": "All-Seeing Upvote", "penny_donate": null, "penny_price": null, "resized_icons": [{"height": 16, "url": "https://www.redditstatic.com/gold/awards/icon/Illuminati_16.png", "width": 16}, {"height": 32, "url": "https://www.redditstatic.com/gold/awards/icon/Illuminati_32.png", "width": 32}, {"height": 48, "url": "https://www.redditstatic.com/gold/awards/icon/Illuminati_48.png", "width": 48}, {"height": 64, "url": "https://www.redditstatic.com/gold/awards/icon/Illuminati_64.png", "width": 64}, {"height": 128, "url": "https://www.redditstatic.com/gold/awards/icon/Illuminati_128.png", "width": 128}], "resized_static_icons": [{"height": 16, "url": "https://preview.redd.it/award_images/t5_q0gj4/am40b8b08l581_All-SeeingUpvote2.png?width=16&amp;height=16&amp;auto=webp&amp;v=enabled&amp;s=25880d00e4283ff6a3851b64c83fea465c3fac48", "width": 16}, {"height": 32, "url": "https://preview.redd.it/award_images/t5_q0gj4/am40b8b08l581_All-SeeingUpvote2.png?width=32&amp;height=32&amp;auto=webp&amp;v=enabled&amp;s=67fae0c2af26488b9d70cb7afe877086707cf1d1", "width": 32}, {"height": 48, "url": "https://preview.redd.it/award_images/t5_q0gj4/am40b8b08l581_All-SeeingUpvote2.png?width=48&amp;height=48&amp;auto=webp&amp;v=enabled&amp;s=3033c6583809a27b998883b7c56c158102cb0420", "width": 48}, {"height": 64, "url": "https://preview.redd.it/award_images/t5_q0gj4/am40b8b08l581_All-SeeingUpvote2.png?width=64&amp;height=64&amp;auto=webp&amp;v=enabled&amp;s=cccb48d7518eaba72894a7ac4214bb70c7120793", "width": 64}, {"height": 128, "url": "https://preview.redd.it/award_images/t5_q0gj4/am40b8b08l581_All-SeeingUpvote2.png?width=128&amp;height=128&amp;auto=webp&amp;v=enabled&amp;s=4101e0eff424bbd818195853387db358bec74ed0", "width": 128}], "start_date": null, "static_icon_height": 2048, "static_icon_url": "https://i.redd.it/award_images/t5_q0gj4/am40b8b08l581_All-SeeingUpvote2.png", "static_icon_width": 2048, "sticky_duration_seconds": null, "subreddit_coin_reward": 0, "subreddit_id": null, "tiers_by_required_awardings": null}], "allow_live_comments": false, "archived": false, "author": "TendieSupasta", "author_created_utc": 1611775107, "author_flair_background_color": null, "author_flair_css_class": null, "author_flair_richtext": [], "author_flair_template_id": null, "author_flair_text": null, "author_flair_text_color": null, "author_flair_type": "text", "author_fullname": "t2_a0uup1m6", "author_patreon_flair": false, "author_premium": false, "awarders": [], "banned_by": null, "can_gild": true, "can_mod_post": false, "category": null, "content_categories": null, "contest_mode": false, "created_utc": 1677613202, "discussion_type": null, "distinguished": null, "domain": "self.ThePPShow", "edited": 1677617543.0, "gilded": 0, "gildings": {}, "hidden": false, "hide_score": false, "id": "11ehqp3", "is_created_from_ads_ui": false, "is_crosspostable": true, "is_meta": false, "is_original_content": false, "is_reddit_media_domain": false, "is_robot_indexable": true, "is_self": true, "is_video": false, "link_flair_background_color": "", "link_flair_css_class": null, "link_flair_richtext": [], "link_flair_text": null, "link_flair_text_color": "dark", "link_flair_type": "text", "locked": false, "media": null, "media_embed": {}, "media_only": false, "name": "t3_11ehqp3", "no_follow": false, "num_comments": 3, "num_crossposts": 0, "over_18": false, "parent_whitelist_status": null, "permalink": "/r/ThePPShow/comments/11ehqp3/ftds_dtcc_regsho_wtf/", "pinned": false, "pwls": null, "quarantine": false, "removed_by": null, "removed_by_category": null, "retrieved_on": 1678309975, "score": 15, "secure_media": null, "secure_media_embed": {}, "selftext": "I've been a lurker for quite awhile now, but feel the need to engage on something here. Been lurking since the original sneeze with GME. I need some eyes, some wrinkles and a giant green [D.do](https://D.do) to F'k the System with. (looking at u/ppseeds for the D'does here)\n\nJust watched a documentary from a few years ago concerning the SEC, Congress, Naked short selling, DTCC etc.... basically the system we are in here and what affects us in this market. For reference: [https://www.youtube.com/watch?v=26\\_IcexvePA](https://www.youtube.com/watch?v=26_IcexvePA)\n\nI found it to really sum up quite a few things for me. I want to understand what is in my power, what is in our power to do with this shit storm.\n\nSo, things I think I know about what is and what isn't...\n\nRegSho was created in 2000s to help track FTDs and therefore also Naked short selling in a way since a naked short can not be delivered.. they doesn't exist!. It was created by the SEC with the intention of making the market more fair and equitable for all participants but was compromised when rolled out. Metaphor here: The RegSho keeps track of the banks that get robbed from but not the robbers. Keep up the good work Gary, and keep smiling, your looking great :)\n\nDTCC is the electronic brains of settlement in the system, keeping track of who owns what. \\* They are also known to be complacent with FTDs, allowing Market Makers to push a deal when no stock can be located on the assumption that its complicated, you can't keep track of everything. (This is actually a paraphrase of a respose the DTCC gave when asked about naked short selling!)  This is the very loophole that allows Naked Short selling to occur. No locates needed, no shares needed. The issue with this is that a naked short turned FTD with no real obligation to locate effectually dilutes the float and creates a synthetic share.\n\nOffshoring of swaps ( those nice little things that crashed the economy in 2008 along with naked shorting ).  Post 2008 and RegSho 2.0 made the domestic practice of swaps difficult, so as all great open market Globalists do, swaps were off shored. Swaps are used to hide bad debt, roll FTDs all the good stuff that we love here. This is where roll dates could be hype dates, that is when contracts are renewed on these swaps and they have been shown to affect market price. A week or two ago the guys at the PPSHow were taking about these roll dates, usually every 5-6 months. Hype \\* we are in that timeframe now :)\n\n&amp;#x200B;\n\nLong winded I know. So here is my understandings, assumptions and question(s) :\n\nIf RegSho doesn't add transparency to who has the FTD's, which would also show who may be naked shorting.....\n\nIf SEC has lost control of enforcement on swaps due to Offshoring ...\n\nIf DTCC is systemically enabling and complacent with Naked Short Selling....\n\nThen it seems to me that the astronomical amount of FTD's since January coupled with the whale teeth algo. traded decline everyday and the crazy amount of volume might point to dilution (not through exercising and conversion of warrants or preferred shares) through naked short selling ie: synthetic shares hitting the market. Does DRS force eyes on this? Will institutions do something once extremely highlighted?\n\nIf the float can not be borrowed (prohibitively high CTB) or straight up is not available to borrow at all. If APEs have DRS'd a large amount of the tradable float. But, DTCC allows non locate-able shares (FTDs) to be traded for the sake of maintaining liquidity (naked shorts)....\n\nYet, volume and liquidity remains. Then, when I buy stock and it is routed to the dark pools am I buying and holding synthetic shares that were created by naked short selling? If so, is my buying helping to dilute the float? And, are the SHFs hoping to continue this game until the stock is worthless and it gets de-listed, which is an equivalent of a bankruptcy for the SHFs and they get off with free money, and are free from all they're obligations?  Is this the endgame of SHFs? What is in our power to undermine the f'kery?\n\nINSERT WRINKLES HERE :\n\n\\* PS \\* I need a lambo, a new GF to compliment my wifes boyfriend and a way out of the labour pool cause its not my central bank. LFG!\n\nIf we get to a 100% DRS but volume and liquidity remain, which I suspect  will be the case. Then if I buy shares they're more then likely  synthetic shares and I'm acting against my own best interest in this  case, aiding in dilution of the float through naked shorts. I'm long and  here for the squeeze. Seems like it would be useful to get to 100% DRS  then stop all buying and chill/ HODL. That being said I don't DRS my  stuff because I want to capitalize on the squeeze but also think that  there is enough people that do that we might get to the 100% point. It  would be something quantitative to work with at least. Otherwise there  is no way of knowing how much retail buying is actually supporting naked  short selling. In addition there is no way to quantify how many naked  shorts /synthetic shares are being put out there. FTDs and RegSho is  only qualitative verification.", "send_replies": true, "spoiler": false, "stickied": false, "subreddit": "ThePPShow", "subreddit_id": "t5_7q5o7y", "subreddit_name_prefixed": "r/ThePPShow", "subreddit_subscribers": 580, "subreddit_type": "public", "suggested_sort": null, "thumbnail": "self", "thumbnail_height": null, "thumbnail_width": null, "title": "FTDs DTCC Regsho, wTF.", "top_awarded_type": null, "total_awards_received": 1, "treatment_tags": [], "upvote_ratio": 1.0, "url": "https://www.reddit.com/r/ThePPShow/comments/11ehqp3/ftds_dtcc_regsho_wtf/", "view_count": null, "whitelist_status": null, "wls": null}, {"all_awardings": [], "allow_live_comments": false, "archived": false, "author": "calibull2019", "author_created_utc": 1659657946, "author_flair_background_color": null, "author_flair_css_class": null, "author_flair_richtext": [], "author_flair_template_id": null, "author_flair_text": null, "author_flair_text_color": null, "author_flair_type": "text", "author_fullname": "t2_qxyp6d3x", "author_patreon_flair": false, "author_premium": false, "awarders": [], "banned_by": null, "can_gild": true, "can_mod_post": false, "category": null, "content_categories": null, "contest_mode": false, "created_utc": 1677607045, "discussion_type": null, "distinguished": null, "domain": "youtu.be", "edited": false, "gilded": 0, "gildings": {}, "hidden": false, "hide_score": false, "id": "11ef5pd", "is_created_from_ads_ui": false, "is_crosspostable": false, "is_meta": false, "is_original_content": false, "is_reddit_media_domain": false, "is_robot_indexable": false, "is_self": false, "is_video": false, "link_flair_background_color": "", "link_flair_css_class": null, "link_flair_richtext": [], "link_flair_text": null, "link_flair_text_color": "dark", "link_flair_type": "text", "locked": false, "media": {"oembed": {"author_name": "Kais Maalej", "author_url": "https://www.youtube.com/@kaismaalej", "height": 200, "html": "&lt;iframe width=\"356\" height=\"200\" src=\"https://www.youtube.com/embed/xUlQKiVt_Zw?feature=oembed&amp;enablejsapi=1\" frameborder=\"0\" allow=\"accelerometer; autoplay; clipboard-write; encrypted-media; gyroscope; picture-in-picture; web-share\" allowfullscreen title=\"$BBBY Kais MAALEJ Supports BED BATH &amp;amp; BEYOND by peeing and urinating on CNBC FAKE MAINSTREAM MEDIA\"&gt;&lt;/iframe&gt;", "provider_name": "YouTube", "provider_url": "https://www.youtube.com/", "thumbnail_height": 360, "thumbnail_url": "https://i.ytimg.com/vi/xUlQKiVt_Zw/hqdefault.jpg", "thumbnail_width": 480, "title": "$BBBY Kais MAALEJ Supports BED BATH &amp; BEYOND by peeing and urinating on CNBC FAKE MAINSTREAM MEDIA", "type": "video", "version": "1.0", "width": 356}, "type": "youtube.com"}, "media_embed": {"content": "&lt;iframe width=\"356\" height=\"200\" src=\"https://www.youtube.com/embed/xUlQKiVt_Zw?feature=oembed&amp;enablejsapi=1\" frameborder=\"0\" allow=\"accelerometer; autoplay; clipboard-write; encrypted-media; gyroscope; picture-in-picture; web-share\" allowfullscreen title=\"$BBBY Kais MAALEJ Supports BED BATH &amp;amp; BEYOND by peeing and urinating on CNBC FAKE MAINSTREAM MEDIA\"&gt;&lt;/iframe&gt;", "height": 200, "scrolling": false, "width": 356}, "media_only": false, "name": "t3_11ef5pd", "no_follow": true, "num_comments": 17, "num_crossposts": 0, "over_18": false, "parent_whitelist_status": null, "permalink": "/r/ThePPShow/comments/11ef5pd/bro_he_lost_it_its_too_much/", "pinned": false, "pwls": null, "quarantine": false, "removed_by": null, "removed_by_category": "moderator", "retrieved_on": 1678310084, "score": 9, "secure_media": {"oembed": {"author_name": "Kais Maalej", "author_url": "https://www.youtube.com/@kaismaalej", "height": 200, "html": "&lt;iframe width=\"356\" height=\"200\" src=\"https://www.youtube.com/embed/xUlQKiVt_Zw?feature=oembed&amp;enablejsapi=1\" frameborder=\"0\" allow=\"accelerometer; autoplay; clipboard-write; encrypted-media; gyroscope; picture-in-picture; web-share\" allowfullscreen title=\"$BBBY Kais MAALEJ Supports BED BATH &amp;amp; BEYOND by peeing and urinating on CNBC FAKE MAINSTREAM MEDIA\"&gt;&lt;/iframe&gt;", "provider_name": "YouTube", "provider_url": "https://www.youtube.com/", "thumbnail_height": 360, "thumbnail_url": "https://i.ytimg.com/vi/xUlQKiVt_Zw/hqdefault.jpg", "thumbnail_width": 480, "title": "$BBBY Kais MAALEJ Supports BED BATH &amp; BEYOND by peeing and urinating on CNBC FAKE MAINSTREAM MEDIA", "type": "video", "version": "1.0", "width": 356}, "type": "youtube.com"}, "secure_media_embed": {"content": "&lt;iframe width=\"356\" height=\"200\" src=\"https://www.youtube.com/embed/xUlQKiVt_Zw?feature=oembed&amp;enablejsapi=1\" frameborder=\"0\" allow=\"accelerometer; autoplay; clipboard-write; encrypted-media; gyroscope; picture-in-picture; web-share\" allowfullscreen title=\"$BBBY Kais MAALEJ Supports BED BATH &amp;amp; BEYOND by peeing and urinating on CNBC FAKE MAINSTREAM MEDIA\"&gt;&lt;/iframe&gt;", "height": 200, "media_domain_url": "https://www.redditmedia.com/mediaembed/11ef5pd", "scrolling": false, "width": 356}, "selftext": "", "send_replies": true, "spoiler": false, "stickied": false, "subreddit": "ThePPShow", "subreddit_id": "t5_7q5o7y", "subreddit_name_prefixed": "r/ThePPShow", "subreddit_subscribers": 580, "subreddit_type": "public", "suggested_sort": null, "thumbnail": "default", "thumbnail_height": 105, "thumbnail_width": 140, "title": "Bro he lost it ... its too much :/", "top_awarded_type": null, "total_awards_received": 0, "treatment_tags": [], "upvote_ratio": 0.85, "url": "https://youtu.be/xUlQKiVt_Zw", "url_overridden_by_dest": "https://youtu.be/xUlQKiVt_Zw", "view_count": null, "whitelist_status": null, "wls": null}, {"all_awardings": [], "allow_live_comments": false, "archived": false, "author": "RockSol1d86", "author_created_utc": 1654850014, "author_flair_background_color": null, "author_flair_css_class": null, "author_flair_richtext": [], "author_flair_template_id": null, "author_flair_text": null, "author_flair_text_color": null, "author_flair_type": "text", "author_fullname": "t2_g8o2azod", "author_patreon_flair": false, "author_premium": false, "awarders": [], "banned_by": null, "can_gild": true, "can_mod_post": false, "category": null, "content_categories": null, "contest_mode": false, "created_utc": 1677549148, "discussion_type": null, "distinguished": null, "domain": "i.redd.it", "edited": false, "gilded": 0, "gildings": {}, "hidden": false, "hide_score": false, "id": "11dtlrh", "is_created_from_ads_ui": false, "is_crosspostable": true, "is_meta": false, "is_original_content": false, "is_reddit_media_domain": true, "is_robot_indexable": true, "is_self": false, "is_video": false, "link_flair_background_color": "", "link_flair_css_class": null, "link_flair_richtext": [], "link_flair_text": null, "link_flair_text_color": "dark", "link_flair_type": "text", "locked": false, "media": null, "media_embed": {}, "media_only": false, "name": "t3_11dtlrh", "no_follow": false, "num_comments": 2, "num_crossposts": 0, "over_18": false, "parent_whitelist_status": null, "permalink": "/r/ThePPShow/comments/11dtlrh/rocksol1d_fan_art_with_kids_poster_made_for_pp/", "pinned": false, "post_hint": "image", "preview": {"enabled": true, "images": [{"id": "dU2b3DICavByIRz0xv70C_qENOReUbNhLQIgAUNpIDY", "resolutions": [{"height": 81, "url": "https://preview.redd.it/xvpkton65uka1.jpg?width=108&amp;crop=smart&amp;auto=webp&amp;v=enabled&amp;s=72a675d918738ac6c36da2b11b95c05d3c1f1f11", "width": 108}, {"height": 162, "url": "https://preview.redd.it/xvpkton65uka1.jpg?width=216&amp;crop=smart&amp;auto=webp&amp;v=enabled&amp;s=d063297ec468df83d80ce885eb83cd77172551b2", "width": 216}, {"height": 240, "url": "https://preview.redd.it/xvpkton65uka1.jpg?width=320&amp;crop=smart&amp;auto=webp&amp;v=enabled&amp;s=884df077e912cbdf2793856e999b2ce141a95b07", "width": 320}, {"height": 480, "url": "https://preview.redd.it/xvpkton65uka1.jpg?width=640&amp;crop=smart&amp;auto=webp&amp;v=enabled&amp;s=6a26d08a8b3797054cacfe92add09c042b6dc4af", "width": 640}, {"height": 720, "url": "https://preview.redd.it/xvpkton65uka1.jpg?width=960&amp;crop=smart&amp;auto=webp&amp;v=enabled&amp;s=ccf293ddd92319d0d698297689ffb2f1242baecf", "width": 960}, {"height": 810, "url": "https://preview.redd.it/xvpkton65uka1.jpg?width=1080&amp;crop=smart&amp;auto=webp&amp;v=enabled&amp;s=94b6f3a5cad9f9447c6d6a0a4aa65319b644f341", "width": 1080}], "source": {"height": 3024, "url": "https://preview.redd.it/xvpkton65uka1.jpg?auto=webp&amp;v=enabled&amp;s=64649a32cada18f2c7cfe51946218dbe49a38325", "width": 4032}, "variants": {}}]}, "pwls": null, "quarantine": false, "removed_by": null, "removed_by_category": null, "retrieved_on": 1678310940, "score": 31, "secure_media": null, "secure_media_embed": {}, "selftext": "", "send_replies": true, "spoiler": false, "stickied": false, "subreddit": "ThePPShow", "subreddit_id": "t5_7q5o7y", "subreddit_name_prefixed": "r/ThePPShow", "subreddit_subscribers": 580, "subreddit_type": "public", "suggested_sort": null, "thumbnail": "https://a.thumbs.redditmedia.com/jqeLnCoVNXPF0cxGm_z7zZao_w8LdBywJZszahisyB8.jpg", "thumbnail_height": 105, "thumbnail_width": 140, "title": "RockSol1d fan art with kids. Poster made for PP and ABC and for you to enjoy!", "top_awarded_type": null, "total_awards_received": 0, "treatment_tags": [], "upvote_ratio": 0.97, "url": "https://i.redd.it/xvpkton65uka1.jpg", "url_overridden_by_dest": "https://i.redd.it/xvpkton65uka1.jpg", "view_count": null, "whitelist_status": null, "wls": null}, {"all_awardings": [], "allow_live_comments": false, "archived": false, "author": "ppseeds", "author_created_utc": 1518222553, "author_flair_background_color": null, "author_flair_css_class": null, "author_flair_richtext": [], "author_flair_template_id": null, "author_flair_text": null, "author_flair_text_color": null, "author_flair_type": "text", "author_fullname": "t2_w7v9rg0", "author_patreon_flair": false, "author_premium": true, "awarders": [], "banned_by": null, "can_gild": true, "can_mod_post": false, "category": null, "content_categories": null, "contest_mode": false, "created_utc": 1677549011, "discussion_type": null, "distinguished": null, "domain": "i.redd.it", "edited": false, "gilded": 0, "gildings": {}, "hidden": false, "hide_score": false, "id": "11dtjzg", "is_created_from_ads_ui": false, "is_crosspostable": true, "is_meta": false, "is_original_content": false, "is_reddit_media_domain": true, "is_robot_indexable": true, "is_self": false, "is_video": false, "link_flair_background_color": "#ffd635", "link_flair_css_class": "", "link_flair_richtext": [], "link_flair_template_id": "b479f938-a5ec-11ed-8dc6-06e6317e03d0", "link_flair_text": "memes", "link_flair_text_color": "dark", "link_flair_type": "text", "locked": false, "media": null, "media_embed": {}, "media_only": false, "name": "t3_11dtjzg", "no_follow": false, "num_comments": 12, "num_crossposts": 0, "over_18": false, "parent_whitelist_status": null, "permalink": "/r/ThePPShow/comments/11dtjzg/fan_art_by_rocksolid/", "pinned": false, "post_hint": "image", "preview": {"enabled": true, "images": [{"id": "gHb007EC3e_YM7R_IDu5ydGQGdd1sukngI8yitCNop4", "resolutions": [{"height": 81, "url": "https://preview.redd.it/wbnedsex4uka1.jpg?width=108&amp;crop=smart&amp;auto=webp&amp;v=enabled&amp;s=6328d34b2ebbd14a766a5fd79147b43dd6e62589", "width": 108}, {"height": 162, "url": "https://preview.redd.it/wbnedsex4uka1.jpg?width=216&amp;crop=smart&amp;auto=webp&amp;v=enabled&amp;s=c1c166bcc059787e9bb1edd0d0a389fe1ddd9fa6", "width": 216}, {"height": 240, "url": "https://preview.redd.it/wbnedsex4uka1.jpg?width=320&amp;crop=smart&amp;auto=webp&amp;v=enabled&amp;s=d02bdcad6e2a37454c9c57a92fd4084b633375df", "width": 320}, {"height": 480, "url": "https://preview.redd.it/wbnedsex4uka1.jpg?width=640&amp;crop=smart&amp;auto=webp&amp;v=enabled&amp;s=097fc6be9a16eaedc1ff71de28ab3ec0fa29b566", "width": 640}, {"height": 720, "url": "https://preview.redd.it/wbnedsex4uka1.jpg?width=960&amp;crop=smart&amp;auto=webp&amp;v=enabled&amp;s=0d8753dd6ec546f2cf52dd7433e35c6f8e9638cd", "width": 960}, {"height": 810, "url": "https://preview.redd.it/wbnedsex4uka1.jpg?width=1080&amp;crop=smart&amp;auto=webp&amp;v=enabled&amp;s=f419423416ceded5ad72f1031a0e1643bea21d4e", "width": 1080}], "source": {"height": 3024, "url": "https://preview.redd.it/wbnedsex4uka1.jpg?auto=webp&amp;v=enabled&amp;s=8460d92fe9ea4116ea8e290407eb19f2eb206a0b", "width": 4032}, "variants": {}}]}, "pwls": null, "quarantine": false, "removed_by": null, "removed_by_category": null, "retrieved_on": 1678310942, "score": 45, "secure_media": null, "secure_media_embed": {}, "selftext": "", "send_replies": true, "spoiler": false, "stickied": false, "subreddit": "ThePPShow", "subreddit_id": "t5_7q5o7y", "subreddit_name_prefixed": "r/ThePPShow", "subreddit_subscribers": 580, "subreddit_type": "public", "suggested_sort": null, "thumbnail": "https://b.thumbs.redditmedia.com/Icm8WTtufSA_nVmwRWYPcYjQMgXdT0IVSC96JOkSPJU.jpg", "thumbnail_height": 105, "thumbnail_width": 140, "title": "Fan Art by RockSolid!!!!", "top_awarded_type": null, "total_awards_received": 0, "treatment_tags": [], "upvote_ratio": 1.0, "url": "https://i.redd.it/wbnedsex4uka1.jpg", "url_overridden_by_dest": "https://i.redd.it/wbnedsex4uka1.jpg", "view_count": null, "whitelist_status": null, "wls": null}, {"all_awardings": [], "allow_live_comments": false, "archived": false, "author": "[deleted]", "author_created_utc": null, "author_flair_background_color": "", "author_flair_css_class": null, "author_flair_template_id": null, "author_flair_text": null, "author_flair_text_color": "dark", "awarders": [], "banned_by": null, "can_gild": false, "can_mod_post": false, "category": null, "content_categories": null, "contest_mode": false, "created_utc": 1677544848, "discussion_type": null, "distinguished": null, "domain": "", "edited": false, "gilded": 0, "gildings": {}, "hidden": false, "hide_score": false, "id": "11ds17r", "is_created_from_ads_ui": false, "is_crosspostable": false, "is_meta": false, "is_original_content": false, "is_reddit_media_domain": false, "is_robot_indexable": false, "is_self": false, "is_video": false, "link_flair_background_color": "#ffd635", "link_flair_css_class": "", "link_flair_richtext": [], "link_flair_template_id": "cf8e4b00-8f0a-11ed-bcf5-ea5ecab695a0", "link_flair_text": "Stream Live Chat", "link_flair_text_color": "dark", "link_flair_type": "text", "locked": false, "media": {"oembed": {"author_name": "ThePPshow", "author_url": "https://www.youtube.com/@ThePPshow", "height": 200, "html": "&lt;iframe width=\"356\" height=\"200\" src=\"https://www.youtube.com/embed/DfPKhScyQ6I?feature=oembed&amp;enablejsapi=1\" frameborder=\"0\" allow=\"accelerometer; autoplay; clipboard-write; encrypted-media; gyroscope; picture-in-picture; web-share\" allowfullscreen title=\"ThePPShow BBBY Livestream\"&gt;&lt;/iframe&gt;", "provider_name": "YouTube", "provider_url": "https://www.youtube.com/", "thumbnail_height": 360, "thumbnail_url": "https://i.ytimg.com/vi/DfPKhScyQ6I/hqdefault.jpg", "thumbnail_width": 480, "title": "ThePPShow BBBY Livestream", "type": "video", "version": "1.0", "width": 356}, "type": "youtube.com"}, "media_embed": {"content": "&lt;iframe width=\"356\" height=\"200\" src=\"https://www.youtube.com/embed/DfPKhScyQ6I?feature=oembed&amp;enablejsapi=1\" frameborder=\"0\" allow=\"accelerometer; autoplay; clipboard-write; encrypted-media; gyroscope; picture-in-picture; web-share\" allowfullscreen title=\"ThePPShow BBBY Livestream\"&gt;&lt;/iframe&gt;", "height": 200, "scrolling": false, "width": 356}, "media_only": false, "name": "t3_11ds17r", "no_follow": false, "num_comments": 0, "num_crossposts": 0, "over_18": false, "parent_whitelist_status": null, "permalink": "/r/ThePPShow/comments/11ds17r/bbby_livestream_is_starting_shortly_come_join/", "pinned": false, "pwls": null, "quarantine": false, "removed_by": null, "removed_by_category": "deleted", "retrieved_on": 1678311011, "score": 7, "secure_media": {"oembed": {"author_name": "ThePPshow", "author_url": "https://www.youtube.com/@ThePPshow", "height": 200, "html": "&lt;iframe width=\"356\" height=\"200\" src=\"https://www.youtube.com/embed/DfPKhScyQ6I?feature=oembed&amp;enablejsapi=1\" frameborder=\"0\" allow=\"accelerometer; autoplay; clipboard-write; encrypted-media; gyroscope; picture-in-picture; web-share\" allowfullscreen title=\"ThePPShow BBBY Livestream\"&gt;&lt;/iframe&gt;", "provider_name": "YouTube", "provider_url": "https://www.youtube.com/", "thumbnail_height": 360, "thumbnail_url": "https://i.ytimg.com/vi/DfPKhScyQ6I/hqdefault.jpg", "thumbnail_width": 480, "title": "ThePPShow BBBY Livestream", "type": "video", "version": "1.0", "width": 356}, "type": "youtube.com"}, "secure_media_embed": {"content": "&lt;iframe width=\"356\" height=\"200\" src=\"https://www.youtube.com/embed/DfPKhScyQ6I?feature=oembed&amp;enablejsapi=1\" frameborder=\"0\" allow=\"accelerometer; autoplay; clipboard-write; encrypted-media; gyroscope; picture-in-picture; web-share\" allowfullscreen title=\"ThePPShow BBBY Livestream\"&gt;&lt;/iframe&gt;", "height": 200, "media_domain_url": "https://www.redditmedia.com/mediaembed/11ds17r", "scrolling": false, "width": 356}, "selftext": "[deleted]", "send_replies": true, "spoiler": false, "stickied": false, "subreddit": "ThePPShow", "subreddit_id": "t5_7q5o7y", "subreddit_name_prefixed": "r/ThePPShow", "subreddit_subscribers": 580, "subreddit_type": "public", "suggested_sort": null, "thumbnail": "default", "thumbnail_height": 105, "thumbnail_width": 140, "title": "BBBY Livestream is starting shortly!! Come join have a beer and hangout until it starts! See you there!", "top_awarded_type": null, "total_awards_received": 0, "treatment_tags": [], "upvote_ratio": 1.0, "url": "", "url_overridden_by_dest": "", "view_count": null, "whitelist_status": null, "wls": null}], "metadata": {"op_a": 57, "op_b": 48, "total": 106}, "error": null}