{"data": [{"all_awardings": [], "allow_live_comments": false, "archived": false, "author": "ppseeds", "author_created_utc": 1518222553, "author_flair_background_color": null, "author_flair_css_class": null, "author_flair_richtext": [], "author_flair_template_id": null, "author_flair_text": null, "author_flair_text_color": null, "author_flair_type": "text", "author_fullname": "t2_w7v9rg0", "author_patreon_flair": false, "author_premium": true, "awarders": [], "banned_by": null, "can_gild": true, "can_mod_post": false, "category": null, "content_categories": null, "contest_mode": false, "created_utc": 1674682969, "crosspost_parent": "t3_10l9rmf", "crosspost_parent_list": [{"all_awardings": [{"award_sub_type": "PREMIUM", "award_type": "global", "awardings_required_to_grant_benefits": null, "coin_price": 20, "coin_reward": 0, "count": 1, "days_of_drip_extension": null, "days_of_premium": null, "description": "When you follow your heart, love is the answer", "end_date": null, "giver_coin_reward": null, "icon_format": "PNG", "icon_height": 2048, "icon_url": "https://i.redd.it/award_images/t5_22cerq/j3azv69qjfn51_LOVE.png", "icon_width": 2048, "id": "award_5eac457f-ebac-449b-93a7-eb17b557f03c", "is_enabled": true, "is_new": false, "name": "LOVE!", "penny_donate": null, "penny_price": 0, "resized_icons": [{"height": 16, "url": "https://preview.redd.it/award_images/t5_22cerq/j3azv69qjfn51_LOVE.png?width=16&amp;height=16&amp;auto=webp&amp;v=enabled&amp;s=533ce66f630fdfb440d60870cf546133105e1581", "width": 16}, {"height": 32, "url": "https://preview.redd.it/award_images/t5_22cerq/j3azv69qjfn51_LOVE.png?width=32&amp;height=32&amp;auto=webp&amp;v=enabled&amp;s=57ddeb538f6f2e9a2af1de2259956fadfd71be0b", "width": 32}, {"height": 48, "url": "https://preview.redd.it/award_images/t5_22cerq/j3azv69qjfn51_LOVE.png?width=48&amp;height=48&amp;auto=webp&amp;v=enabled&amp;s=7a53f415a006547600c10cc8ec700ba98e9d2006", "width": 48}, {"height": 64, "url": "https://preview.redd.it/award_images/t5_22cerq/j3azv69qjfn51_LOVE.png?width=64&amp;height=64&amp;auto=webp&amp;v=enabled&amp;s=339e45c85e1651cee0ec7b6d767c5cd2fd63aec4", "width": 64}, {"height": 128, "url": "https://preview.redd.it/award_images/t5_22cerq/j3azv69qjfn51_LOVE.png?width=128&amp;height=128&amp;auto=webp&amp;v=enabled&amp;s=90551e3f133cfeceaa1c3f6f9e28f3e7fa0e3f93", "width": 128}], "resized_static_icons": [{"height": 16, "url": "https://preview.redd.it/award_images/t5_22cerq/j3azv69qjfn51_LOVE.png?width=16&amp;height=16&amp;auto=webp&amp;v=enabled&amp;s=533ce66f630fdfb440d60870cf546133105e1581", "width": 16}, {"height": 32, "url": "https://preview.redd.it/award_images/t5_22cerq/j3azv69qjfn51_LOVE.png?width=32&amp;height=32&amp;auto=webp&amp;v=enabled&amp;s=57ddeb538f6f2e9a2af1de2259956fadfd71be0b", "width": 32}, {"height": 48, "url": "https://preview.redd.it/award_images/t5_22cerq/j3azv69qjfn51_LOVE.png?width=48&amp;height=48&amp;auto=webp&amp;v=enabled&amp;s=7a53f415a006547600c10cc8ec700ba98e9d2006", "width": 48}, {"height": 64, "url": "https://preview.redd.it/award_images/t5_22cerq/j3azv69qjfn51_LOVE.png?width=64&amp;height=64&amp;auto=webp&amp;v=enabled&amp;s=339e45c85e1651cee0ec7b6d767c5cd2fd63aec4", "width": 64}, {"height": 128, "url": "https://preview.redd.it/award_images/t5_22cerq/j3azv69qjfn51_LOVE.png?width=128&amp;height=128&amp;auto=webp&amp;v=enabled&amp;s=90551e3f133cfeceaa1c3f6f9e28f3e7fa0e3f93", "width": 128}], "start_date": null, "static_icon_height": 2048, "static_icon_url": "https://i.redd.it/award_images/t5_22cerq/j3azv69qjfn51_LOVE.png", "static_icon_width": 2048, "sticky_duration_seconds": null, "subreddit_coin_reward": 0, "subreddit_id": null, "tiers_by_required_awardings": null}, {"award_sub_type": "GLOBAL", "award_type": "global", "awardings_required_to_grant_benefits": null, "coin_price": 50, "coin_reward": 0, "count": 2, "days_of_drip_extension": null, "days_of_premium": null, "description": "Listen, get educated, and get involved.", "end_date": null, "giver_coin_reward": null, "icon_format": "PNG", "icon_height": 2048, "icon_url": "https://i.redd.it/award_images/t5_22cerq/5nswjpyy44551_Ally.png", "icon_width": 2048, "id": "award_69c94eb4-d6a3-48e7-9cf2-0f39fed8b87c", "is_enabled": true, "is_new": false, "name": "Ally", "penny_donate": null, "penny_price": 0, "resized_icons": [{"height": 16, "url": "https://preview.redd.it/award_images/t5_22cerq/5nswjpyy44551_Ally.png?width=16&amp;height=16&amp;auto=webp&amp;v=enabled&amp;s=12f18f484af14d4a593c0eeca2ddf0104fcafbea", "width": 16}, {"height": 32, "url": "https://preview.redd.it/award_images/t5_22cerq/5nswjpyy44551_Ally.png?width=32&amp;height=32&amp;auto=webp&amp;v=enabled&amp;s=a86cd430c009186819c61a9f12cc6010529da93a", "width": 32}, {"height": 48, "url": "https://preview.redd.it/award_images/t5_22cerq/5nswjpyy44551_Ally.png?width=48&amp;height=48&amp;auto=webp&amp;v=enabled&amp;s=5acf096034215626ed92aba3219a3e02a5270013", "width": 48}, {"height": 64, "url": "https://preview.redd.it/award_images/t5_22cerq/5nswjpyy44551_Ally.png?width=64&amp;height=64&amp;auto=webp&amp;v=enabled&amp;s=8ae29304ad7bd8f005a2a6baf2268dc4e721f59a", "width": 64}, {"height": 128, "url": "https://preview.redd.it/award_images/t5_22cerq/5nswjpyy44551_Ally.png?width=128&amp;height=128&amp;auto=webp&amp;v=enabled&amp;s=d258ce2dd4a244a34f9a37bcf05ecc0a7dbd9e8f", "width": 128}], "resized_static_icons": [{"height": 16, "url": "https://preview.redd.it/award_images/t5_22cerq/5nswjpyy44551_Ally.png?width=16&amp;height=16&amp;auto=webp&amp;v=enabled&amp;s=12f18f484af14d4a593c0eeca2ddf0104fcafbea", "width": 16}, {"height": 32, "url": "https://preview.redd.it/award_images/t5_22cerq/5nswjpyy44551_Ally.png?width=32&amp;height=32&amp;auto=webp&amp;v=enabled&amp;s=a86cd430c009186819c61a9f12cc6010529da93a", "width": 32}, {"height": 48, "url": "https://preview.redd.it/award_images/t5_22cerq/5nswjpyy44551_Ally.png?width=48&amp;height=48&amp;auto=webp&amp;v=enabled&amp;s=5acf096034215626ed92aba3219a3e02a5270013", "width": 48}, {"height": 64, "url": "https://preview.redd.it/award_images/t5_22cerq/5nswjpyy44551_Ally.png?width=64&amp;height=64&amp;auto=webp&amp;v=enabled&amp;s=8ae29304ad7bd8f005a2a6baf2268dc4e721f59a", "width": 64}, {"height": 128, "url": "https://preview.redd.it/award_images/t5_22cerq/5nswjpyy44551_Ally.png?width=128&amp;height=128&amp;auto=webp&amp;v=enabled&amp;s=d258ce2dd4a244a34f9a37bcf05ecc0a7dbd9e8f", "width": 128}], "start_date": null, "static_icon_height": 2048, "static_icon_url": "https://i.redd.it/award_images/t5_22cerq/5nswjpyy44551_Ally.png", "static_icon_width": 2048, "sticky_duration_seconds": null, "subreddit_coin_reward": 0, "subreddit_id": null, "tiers_by_required_awardings": null}, {"award_sub_type": "PREMIUM", "award_type": "global", "awardings_required_to_grant_benefits": null, "coin_price": 30, "coin_reward": 0, "count": 1, "days_of_drip_extension": null, "days_of_premium": null, "description": "A golden splash of respect", "end_date": null, "giver_coin_reward": null, "icon_format": null, "icon_height": 2048, "icon_url": "https://i.redd.it/award_images/t5_22cerq/80j20o397jj41_NarwhalSalute.png", "icon_width": 2048, "id": "award_a2506925-fc82-4d6c-ae3b-b7217e09d7f0", "is_enabled": true, "is_new": false, "name": "Narwhal Salute", "penny_donate": null, "penny_price": null, "resized_icons": [{"height": 16, "url": "https://preview.redd.it/award_images/t5_22cerq/80j20o397jj41_NarwhalSalute.png?width=16&amp;height=16&amp;auto=webp&amp;v=enabled&amp;s=8a2a2acbd09705a194b77e9d555b630ec0ed9966", "width": 16}, {"height": 32, "url": "https://preview.redd.it/award_images/t5_22cerq/80j20o397jj41_NarwhalSalute.png?width=32&amp;height=32&amp;auto=webp&amp;v=enabled&amp;s=a1b4dc570c54d4835d396ce6f327cc5df2cd067c", "width": 32}, {"height": 48, "url": "https://preview.redd.it/award_images/t5_22cerq/80j20o397jj41_NarwhalSalute.png?width=48&amp;height=48&amp;auto=webp&amp;v=enabled&amp;s=e4979f617effb9d355397aa2c3f8032870f96fd3", "width": 48}, {"height": 64, "url": "https://preview.redd.it/award_images/t5_22cerq/80j20o397jj41_NarwhalSalute.png?width=64&amp;height=64&amp;auto=webp&amp;v=enabled&amp;s=12d699f41173c6ed50555c5689b463020696a5d3", "width": 64}, {"height": 128, "url": "https://preview.redd.it/award_images/t5_22cerq/80j20o397jj41_NarwhalSalute.png?width=128&amp;height=128&amp;auto=webp&amp;v=enabled&amp;s=5716709f7a329eb81103a5acfee4a545ec0be9b0", "width": 128}], "resized_static_icons": [{"height": 16, "url": "https://preview.redd.it/award_images/t5_22cerq/80j20o397jj41_NarwhalSalute.png?width=16&amp;height=16&amp;auto=webp&amp;v=enabled&amp;s=8a2a2acbd09705a194b77e9d555b630ec0ed9966", "width": 16}, {"height": 32, "url": "https://preview.redd.it/award_images/t5_22cerq/80j20o397jj41_NarwhalSalute.png?width=32&amp;height=32&amp;auto=webp&amp;v=enabled&amp;s=a1b4dc570c54d4835d396ce6f327cc5df2cd067c", "width": 32}, {"height": 48, "url": "https://preview.redd.it/award_images/t5_22cerq/80j20o397jj41_NarwhalSalute.png?width=48&amp;height=48&amp;auto=webp&amp;v=enabled&amp;s=e4979f617effb9d355397aa2c3f8032870f96fd3", "width": 48}, {"height": 64, "url": "https://preview.redd.it/award_images/t5_22cerq/80j20o397jj41_NarwhalSalute.png?width=64&amp;height=64&amp;auto=webp&amp;v=enabled&amp;s=12d699f41173c6ed50555c5689b463020696a5d3", "width": 64}, {"height": 128, "url": "https://preview.redd.it/award_images/t5_22cerq/80j20o397jj41_NarwhalSalute.png?width=128&amp;height=128&amp;auto=webp&amp;v=enabled&amp;s=5716709f7a329eb81103a5acfee4a545ec0be9b0", "width": 128}], "start_date": null, "static_icon_height": 2048, "static_icon_url": "https://i.redd.it/award_images/t5_22cerq/80j20o397jj41_NarwhalSalute.png", "static_icon_width": 2048, "sticky_duration_seconds": null, "subreddit_coin_reward": 0, "subreddit_id": null, "tiers_by_required_awardings": null}, {"award_sub_type": "PREMIUM", "award_type": "global", "awardings_required_to_grant_benefits": null, "coin_price": 30, "coin_reward": 0, "count": 1, "days_of_drip_extension": null, "days_of_premium": null, "description": "A glittering stamp for a feel-good thing", "end_date": null, "giver_coin_reward": null, "icon_format": null, "icon_height": 2048, "icon_url": "https://i.redd.it/award_images/t5_22cerq/b9ks3a5k7jj41_WholesomeSealofApproval.png", "icon_width": 2048, "id": "award_c4b2e438-16bb-4568-88e7-7893b7662944", "is_enabled": true, "is_new": false, "name": "Wholesome Seal of Approval", "penny_donate": null, "penny_price": null, "resized_icons": [{"height": 16, "url": "https://preview.redd.it/award_images/t5_22cerq/b9ks3a5k7jj41_WholesomeSealofApproval.png?width=16&amp;height=16&amp;auto=webp&amp;v=enabled&amp;s=703f779c36fa6c24a87048219c8ad79c38f588dc", "width": 16}, {"height": 32, "url": "https://preview.redd.it/award_images/t5_22cerq/b9ks3a5k7jj41_WholesomeSealofApproval.png?width=32&amp;height=32&amp;auto=webp&amp;v=enabled&amp;s=f1353fd49988371ae4b98114d2f30ad3abd2435e", "width": 32}, {"height": 48, "url": "https://preview.redd.it/award_images/t5_22cerq/b9ks3a5k7jj41_WholesomeSealofApproval.png?width=48&amp;height=48&amp;auto=webp&amp;v=enabled&amp;s=a6325378b5acbd6940233feeeab0d6cc936467c9", "width": 48}, {"height": 64, "url": "https://preview.redd.it/award_images/t5_22cerq/b9ks3a5k7jj41_WholesomeSealofApproval.png?width=64&amp;height=64&amp;auto=webp&amp;v=enabled&amp;s=aa1d8321e60dc611ebc686f814b0ad996d1056c5", "width": 64}, {"height": 128, "url": "https://preview.redd.it/award_images/t5_22cerq/b9ks3a5k7jj41_WholesomeSealofApproval.png?width=128&amp;height=128&amp;auto=webp&amp;v=enabled&amp;s=4c5a9a5cf1591f7074c67a67339e34fbf34a3107", "width": 128}], "resized_static_icons": [{"height": 16, "url": "https://preview.redd.it/award_images/t5_22cerq/b9ks3a5k7jj41_WholesomeSealofApproval.png?width=16&amp;height=16&amp;auto=webp&amp;v=enabled&amp;s=703f779c36fa6c24a87048219c8ad79c38f588dc", "width": 16}, {"height": 32, "url": "https://preview.redd.it/award_images/t5_22cerq/b9ks3a5k7jj41_WholesomeSealofApproval.png?width=32&amp;height=32&amp;auto=webp&amp;v=enabled&amp;s=f1353fd49988371ae4b98114d2f30ad3abd2435e", "width": 32}, {"height": 48, "url": "https://preview.redd.it/award_images/t5_22cerq/b9ks3a5k7jj41_WholesomeSealofApproval.png?width=48&amp;height=48&amp;auto=webp&amp;v=enabled&amp;s=a6325378b5acbd6940233feeeab0d6cc936467c9", "width": 48}, {"height": 64, "url": "https://preview.redd.it/award_images/t5_22cerq/b9ks3a5k7jj41_WholesomeSealofApproval.png?width=64&amp;height=64&amp;auto=webp&amp;v=enabled&amp;s=aa1d8321e60dc611ebc686f814b0ad996d1056c5", "width": 64}, {"height": 128, "url": "https://preview.redd.it/award_images/t5_22cerq/b9ks3a5k7jj41_WholesomeSealofApproval.png?width=128&amp;height=128&amp;auto=webp&amp;v=enabled&amp;s=4c5a9a5cf1591f7074c67a67339e34fbf34a3107", "width": 128}], "start_date": null, "static_icon_height": 2048, "static_icon_url": "https://i.redd.it/award_images/t5_22cerq/b9ks3a5k7jj41_WholesomeSealofApproval.png", "static_icon_width": 2048, "sticky_duration_seconds": null, "subreddit_coin_reward": 0, "subreddit_id": null, "tiers_by_required_awardings": null}, {"award_sub_type": "PREMIUM", "award_type": "global", "awardings_required_to_grant_benefits": null, "coin_price": 20, "coin_reward": 0, "count": 1, "days_of_drip_extension": null, "days_of_premium": null, "description": "Can't stop seeing stars", "end_date": null, "giver_coin_reward": null, "icon_format": "APNG", "icon_height": 512, "icon_url": "https://www.redditstatic.com/gold/awards/icon/Starstruck_512.png", "icon_width": 512, "id": "award_abb865cf-620b-4219-8777-3658cf9091fb", "is_enabled": true, "is_new": false, "name": "Starstruck", "penny_donate": null, "penny_price": 0, "resized_icons": [{"height": 16, "url": "https://www.redditstatic.com/gold/awards/icon/Starstruck_16.png", "width": 16}, {"height": 32, "url": "https://www.redditstatic.com/gold/awards/icon/Starstruck_32.png", "width": 32}, {"height": 48, "url": "https://www.redditstatic.com/gold/awards/icon/Starstruck_48.png", "width": 48}, {"height": 64, "url": "https://www.redditstatic.com/gold/awards/icon/Starstruck_64.png", "width": 64}, {"height": 128, "url": "https://www.redditstatic.com/gold/awards/icon/Starstruck_128.png", "width": 128}], "resized_static_icons": [{"height": 16, "url": "https://preview.redd.it/award_images/t5_22cerq/snotiq9vxyn51_Starstruck.png?width=16&amp;height=16&amp;auto=webp&amp;v=enabled&amp;s=33eba03e0a6defb8abde795039b68e67e88b065e", "width": 16}, {"height": 32, "url": "https://preview.redd.it/award_images/t5_22cerq/snotiq9vxyn51_Starstruck.png?width=32&amp;height=32&amp;auto=webp&amp;v=enabled&amp;s=c78ffa7024982f9d4734f29e69627ec6c4c5484f", "width": 32}, {"height": 48, "url": "https://preview.redd.it/award_images/t5_22cerq/snotiq9vxyn51_Starstruck.png?width=48&amp;height=48&amp;auto=webp&amp;v=enabled&amp;s=4e130b357daf70f0a9cc7f8bf8b0e70f0e1e17fd", "width": 48}, {"height": 64, "url": "https://preview.redd.it/award_images/t5_22cerq/snotiq9vxyn51_Starstruck.png?width=64&amp;height=64&amp;auto=webp&amp;v=enabled&amp;s=931bd1908b603e61ec971fb9c882d221eb800cc5", "width": 64}, {"height": 128, "url": "https://preview.redd.it/award_images/t5_22cerq/snotiq9vxyn51_Starstruck.png?width=128&amp;height=128&amp;auto=webp&amp;v=enabled&amp;s=ed034a40c86c89af6308aca761ec27b46e6207f0", "width": 128}], "start_date": null, "static_icon_height": 512, "static_icon_url": "https://i.redd.it/award_images/t5_22cerq/snotiq9vxyn51_Starstruck.png", "static_icon_width": 512, "sticky_duration_seconds": null, "subreddit_coin_reward": 0, "subreddit_id": null, "tiers_by_required_awardings": null}, {"award_sub_type": "PREMIUM", "award_type": "global", "awardings_required_to_grant_benefits": null, "coin_price": 30, "coin_reward": 0, "count": 1, "days_of_drip_extension": null, "days_of_premium": null, "description": "A glowing commendation for all to see", "end_date": null, "giver_coin_reward": null, "icon_format": "APNG", "icon_height": 2048, "icon_url": "https://www.redditstatic.com/gold/awards/icon/Illuminati_512.png", "icon_width": 2048, "id": "award_b4ff447e-05a5-42dc-9002-63568807cfe6", "is_enabled": true, "is_new": false, "name": "All-Seeing Upvote", "penny_donate": null, "penny_price": null, "resized_icons": [{"height": 16, "url": "https://www.redditstatic.com/gold/awards/icon/Illuminati_16.png", "width": 16}, {"height": 32, "url": "https://www.redditstatic.com/gold/awards/icon/Illuminati_32.png", "width": 32}, {"height": 48, "url": "https://www.redditstatic.com/gold/awards/icon/Illuminati_48.png", "width": 48}, {"height": 64, "url": "https://www.redditstatic.com/gold/awards/icon/Illuminati_64.png", "width": 64}, {"height": 128, "url": "https://www.redditstatic.com/gold/awards/icon/Illuminati_128.png", "width": 128}], "resized_static_icons": [{"height": 16, "url": "https://preview.redd.it/award_images/t5_q0gj4/am40b8b08l581_All-SeeingUpvote2.png?width=16&amp;height=16&amp;auto=webp&amp;v=enabled&amp;s=25880d00e4283ff6a3851b64c83fea465c3fac48", "width": 16}, {"height": 32, "url": "https://preview.redd.it/award_images/t5_q0gj4/am40b8b08l581_All-SeeingUpvote2.png?width=32&amp;height=32&amp;auto=webp&amp;v=enabled&amp;s=67fae0c2af26488b9d70cb7afe877086707cf1d1", "width": 32}, {"height": 48, "url": "https://preview.redd.it/award_images/t5_q0gj4/am40b8b08l581_All-SeeingUpvote2.png?width=48&amp;height=48&amp;auto=webp&amp;v=enabled&amp;s=3033c6583809a27b998883b7c56c158102cb0420", "width": 48}, {"height": 64, "url": "https://preview.redd.it/award_images/t5_q0gj4/am40b8b08l581_All-SeeingUpvote2.png?width=64&amp;height=64&amp;auto=webp&amp;v=enabled&amp;s=cccb48d7518eaba72894a7ac4214bb70c7120793", "width": 64}, {"height": 128, "url": "https://preview.redd.it/award_images/t5_q0gj4/am40b8b08l581_All-SeeingUpvote2.png?width=128&amp;height=128&amp;auto=webp&amp;v=enabled&amp;s=4101e0eff424bbd818195853387db358bec74ed0", "width": 128}], "start_date": null, "static_icon_height": 2048, "static_icon_url": "https://i.redd.it/award_images/t5_q0gj4/am40b8b08l581_All-SeeingUpvote2.png", "static_icon_width": 2048, "sticky_duration_seconds": null, "subreddit_coin_reward": 0, "subreddit_id": null, "tiers_by_required_awardings": null}], "allow_live_comments": true, "approved_at_utc": null, "approved_by": null, "archived": false, "author": "pratiken", "author_flair_background_color": null, "author_flair_css_class": null, "author_flair_richtext": [], "author_flair_template_id": null, "author_flair_text": null, "author_flair_text_color": null, "author_flair_type": "text", "author_fullname": "t2_qoemr", "author_is_blocked": false, "author_patreon_flair": false, "author_premium": false, "awarders": [], "banned_at_utc": null, "banned_by": null, "can_gild": true, "can_mod_post": false, "category": null, "clicked": false, "content_categories": null, "contest_mode": false, "created": 1674680897.0, "created_utc": 1674680897.0, "discussion_type": null, "distinguished": null, "domain": "i.redd.it", "downs": 0, "edited": false, "gilded": 0, "gildings": {}, "hidden": false, "hide_score": false, "id": "10l9rmf", "is_created_from_ads_ui": false, "is_crosspostable": true, "is_meta": false, "is_original_content": false, "is_reddit_media_domain": true, "is_robot_indexable": true, "is_self": false, "is_video": false, "likes": null, "link_flair_background_color": "#ddbd37", "link_flair_css_class": "", "link_flair_richtext": [], "link_flair_template_id": "871e64ea-d20e-11ec-83b0-2647ce9addd9", "link_flair_text": "\ud83d\udcc8 TA / Charts", "link_flair_text_color": "dark", "link_flair_type": "text", "locked": false, "media": null, "media_embed": {}, "media_only": false, "mod_note": null, "mod_reason_by": null, "mod_reason_title": null, "mod_reports": [], "name": "t3_10l9rmf", "no_follow": false, "num_comments": 224, "num_crossposts": 4, "num_reports": null, "over_18": false, "parent_whitelist_status": "no_ads", "permalink": "/r/BBBY/comments/10l9rmf/125_short_interest_report_44/", "pinned": false, "post_hint": "image", "preview": {"enabled": true, "images": [{"id": "uqrMa7edqKAZxO2f_rYMVf4FXumhJWDbMzIn71dyEz8", "resolutions": [{"height": 71, "url": "https://preview.redd.it/peyuuw2k89ea1.png?width=108&amp;crop=smart&amp;auto=webp&amp;v=enabled&amp;s=445208be92d245f960de5cef8e0fe14f9fc791bb", "width": 108}, {"height": 143, "url": "https://preview.redd.it/peyuuw2k89ea1.png?width=216&amp;crop=smart&amp;auto=webp&amp;v=enabled&amp;s=bf44f8e8b05efe97cee2a8db40ddb417de7ca560", "width": 216}, {"height": 212, "url": "https://preview.redd.it/peyuuw2k89ea1.png?width=320&amp;crop=smart&amp;auto=webp&amp;v=enabled&amp;s=c3aa3bf1973b1c013c3e752a767e19ea29bee790", "width": 320}, {"height": 424, "url": "https://preview.redd.it/peyuuw2k89ea1.png?width=640&amp;crop=smart&amp;auto=webp&amp;v=enabled&amp;s=f5558f8a45f53b64dd4f93a6b3255e1569e399bb", "width": 640}], "source": {"height": 471, "url": "https://preview.redd.it/peyuuw2k89ea1.png?auto=webp&amp;v=enabled&amp;s=60ae7eaaa365e8bb30cbbc92de5ddf94e554ce5a", "width": 710}, "variants": {}}]}, "pwls": 0, "quarantine": false, "removal_reason": null, "removed_by": null, "removed_by_category": null, "report_reasons": null, "saved": false, "score": 1464, "secure_media": null, "secure_media_embed": {}, "selftext": "", "selftext_html": null, "send_replies": true, "spoiler": false, "stickied": false, "subreddit": "BBBY", "subreddit_id": "t5_3q5hel", "subreddit_name_prefixed": "r/BBBY", "subreddit_subscribers": 52079, "subreddit_type": "public", "suggested_sort": null, "thumbnail": "https://a.thumbs.redditmedia.com/9zVbSWCw2RKH1W9hr75_38dtjj1U1g4Mz9GeaIWrl10.jpg", "thumbnail_height": 92, "thumbnail_width": 140, "title": "1/25 Short Interest Report 44%", "top_awarded_type": null, "total_awards_received": 7, "treatment_tags": [], "ups": 1464, "upvote_ratio": 0.95, "url": "https://i.redd.it/peyuuw2k89ea1.png", "url_overridden_by_dest": "https://i.redd.it/peyuuw2k89ea1.png", "user_reports": [], "view_count": null, "visited": false, "whitelist_status": "no_ads", "wls": 0}], "discussion_type": null, "distinguished": null, "domain": "i.redd.it", "edited": false, "gilded": 0, "gildings": {}, "hidden": false, "hide_score": false, "id": "10lamd0", "is_created_from_ads_ui": false, "is_crosspostable": true, "is_meta": false, "is_original_content": false, "is_reddit_media_domain": true, "is_robot_indexable": true, "is_self": false, "is_video": false, "link_flair_background_color": "", "link_flair_css_class": null, "link_flair_richtext": [], "link_flair_text": null, "link_flair_text_color": "dark", "link_flair_type": "text", "locked": false, "media": null, "media_embed": {}, "media_only": false, "name": "t3_10lamd0", "no_follow": false, "num_comments": 1, "num_crossposts": 0, "over_18": false, "parent_whitelist_status": null, "permalink": "/r/ThePPShow/comments/10lamd0/125_short_interest_report_44/", "pinned": false, "post_hint": "image", "preview": {"enabled": true, "images": [{"id": "uqrMa7edqKAZxO2f_rYMVf4FXumhJWDbMzIn71dyEz8", "resolutions": [{"height": 71, "url": "https://preview.redd.it/peyuuw2k89ea1.png?width=108&amp;crop=smart&amp;auto=webp&amp;v=enabled&amp;s=445208be92d245f960de5cef8e0fe14f9fc791bb", "width": 108}, {"height": 143, "url": "https://preview.redd.it/peyuuw2k89ea1.png?width=216&amp;crop=smart&amp;auto=webp&amp;v=enabled&amp;s=bf44f8e8b05efe97cee2a8db40ddb417de7ca560", "width": 216}, {"height": 212, "url": "https://preview.redd.it/peyuuw2k89ea1.png?width=320&amp;crop=smart&amp;auto=webp&amp;v=enabled&amp;s=c3aa3bf1973b1c013c3e752a767e19ea29bee790", "width": 320}, {"height": 424, "url": "https://preview.redd.it/peyuuw2k89ea1.png?width=640&amp;crop=smart&amp;auto=webp&amp;v=enabled&amp;s=f5558f8a45f53b64dd4f93a6b3255e1569e399bb", "width": 640}], "source": {"height": 471, "url": "https://preview.redd.it/peyuuw2k89ea1.png?auto=webp&amp;v=enabled&amp;s=60ae7eaaa365e8bb30cbbc92de5ddf94e554ce5a", "width": 710}, "variants": {}}]}, "pwls": null, "quarantine": false, "removed_by": null, "removed_by_category": null, "retrieved_on": 1676229374, "score": 17, "secure_media": null, "secure_media_embed": {}, "selftext": "", "send_replies": false, "spoiler": false, "stickied": false, "subreddit": "ThePPShow", "subreddit_id": "t5_7q5o7y", "subreddit_name_prefixed": "r/ThePPShow", "subreddit_subscribers": 328, "subreddit_type": "public", "suggested_sort": null, "thumbnail": "https://a.thumbs.redditmedia.com/9zVbSWCw2RKH1W9hr75_38dtjj1U1g4Mz9GeaIWrl10.jpg", "thumbnail_height": 92, "thumbnail_width": 140, "title": "1/25 Short Interest Report 44%", "top_awarded_type": null, "total_awards_received": 0, "treatment_tags": [], "upvote_ratio": 1.0, "url": "https://i.redd.it/peyuuw2k89ea1.png", "url_overridden_by_dest": "https://i.redd.it/peyuuw2k89ea1.png", "view_count": null, "whitelist_status": null, "wls": null}, {"all_awardings": [], "allow_live_comments": false, "archived": false, "author": "ppseeds", "author_created_utc": 1518222553, "author_flair_background_color": null, "author_flair_css_class": null, "author_flair_richtext": [], "author_flair_template_id": null, "author_flair_text": null, "author_flair_text_color": null, "author_flair_type": "text", "author_fullname": "t2_w7v9rg0", "author_patreon_flair": false, "author_premium": true, "awarders": [], "banned_by": null, "can_gild": true, "can_mod_post": false, "category": null, "content_categories": null, "contest_mode": false, "created_utc": 1674676102, "discussion_type": null, "distinguished": null, "domain": "self.ThePPShow", "edited": false, "gilded": 0, "gildings": {}, "hidden": false, "hide_score": false, "id": "10l7s3f", "is_created_from_ads_ui": false, "is_crosspostable": false, "is_meta": false, "is_original_content": false, "is_reddit_media_domain": false, "is_robot_indexable": false, "is_self": true, "is_video": false, "link_flair_background_color": "#ffd635", "link_flair_css_class": "", "link_flair_richtext": [], "link_flair_template_id": "b389bcaa-8f0a-11ed-9b6e-1e9f599434b1", "link_flair_text": "Stream announcement ", "link_flair_text_color": "dark", "link_flair_type": "text", "locked": false, "media": null, "media_embed": {}, "media_only": false, "name": "t3_10l7s3f", "no_follow": true, "num_comments": 9, "num_crossposts": 0, "over_18": false, "parent_whitelist_status": null, "permalink": "/r/ThePPShow/comments/10l7s3f/theppshow_tonight_at_7pmct/", "pinned": false, "pwls": null, "quarantine": false, "removed_by": null, "removed_by_category": "author", "retrieved_on": 1676229461, "score": 11, "secure_media": null, "secure_media_embed": {}, "selftext": "[removed]", "send_replies": true, "spoiler": false, "stickied": false, "subreddit": "ThePPShow", "subreddit_id": "t5_7q5o7y", "subreddit_name_prefixed": "r/ThePPShow", "subreddit_subscribers": 328, "subreddit_type": "public", "suggested_sort": null, "thumbnail": "default", "thumbnail_height": null, "thumbnail_width": null, "title": "ThePPShow Tonight at 7PMCT", "top_awarded_type": null, "total_awards_received": 0, "treatment_tags": [], "upvote_ratio": 0.93, "url": "https://www.reddit.com/r/ThePPShow/comments/10l7s3f/theppshow_tonight_at_7pmct/", "view_count": null, "whitelist_status": null, "wls": null}, {"all_awardings": [], "allow_live_comments": false, "archived": false, "author": "Alternative-Tap7575", "author_created_utc": 1613969925, "author_flair_background_color": null, "author_flair_css_class": null, "author_flair_richtext": [], "author_flair_template_id": null, "author_flair_text": null, "author_flair_text_color": null, "author_flair_type": "text", "author_fullname": "t2_aexdq1us", "author_patreon_flair": false, "author_premium": false, "awarders": [], "banned_by": null, "can_gild": true, "can_mod_post": false, "category": null, "content_categories": null, "contest_mode": false, "created_utc": 1674670585, "discussion_type": null, "distinguished": null, "domain": "self.ThePPShow", "edited": false, "gilded": 0, "gildings": {}, "hidden": false, "hide_score": false, "id": "10l5eni", "is_created_from_ads_ui": false, "is_crosspostable": true, "is_meta": false, "is_original_content": false, "is_reddit_media_domain": false, "is_robot_indexable": true, "is_self": true, "is_video": false, "link_flair_background_color": "", "link_flair_css_class": null, "link_flair_richtext": [], "link_flair_text": null, "link_flair_text_color": "dark", "link_flair_type": "text", "locked": false, "media": null, "media_embed": {}, "media_only": false, "name": "t3_10l5eni", "no_follow": false, "num_comments": 6, "num_crossposts": 0, "over_18": false, "parent_whitelist_status": null, "permalink": "/r/ThePPShow/comments/10l5eni/turtle_neck/", "pinned": false, "pwls": null, "quarantine": false, "removed_by": null, "removed_by_category": null, "retrieved_on": 1676229534, "score": 10, "secure_media": null, "secure_media_embed": {}, "selftext": "1500's Knights created turtle necks to wear into battle to avoid chaffing from wearing chainmail. RC is going into battle with SHFs and is getting his armour ready for war.", "send_replies": true, "spoiler": false, "stickied": false, "subreddit": "ThePPShow", "subreddit_id": "t5_7q5o7y", "subreddit_name_prefixed": "r/ThePPShow", "subreddit_subscribers": 328, "subreddit_type": "public", "suggested_sort": null, "thumbnail": "self", "thumbnail_height": null, "thumbnail_width": null, "title": "turtle neck", "top_awarded_type": null, "total_awards_received": 0, "treatment_tags": [], "upvote_ratio": 0.86, "url": "https://www.reddit.com/r/ThePPShow/comments/10l5eni/turtle_neck/", "view_count": null, "whitelist_status": null, "wls": null}], "metadata": {"op_a": 56, "op_b": 49, "total": 105}, "error": null}