{"data": [{"all_awardings": [], "allow_live_comments": false, "archived": false, "author": "[deleted]", "author_created_utc": null, "author_flair_background_color": "", "author_flair_css_class": null, "author_flair_template_id": null, "author_flair_text": null, "author_flair_text_color": "dark", "awarders": [], "banned_by": null, "can_gild": false, "can_mod_post": false, "category": null, "content_categories": null, "contest_mode": false, "created_utc": 1676226959, "discussion_type": null, "distinguished": null, "domain": "", "edited": false, "gilded": 0, "gildings": {}, "hidden": false, "hide_score": false, "id": "110mrim", "is_created_from_ads_ui": false, "is_crosspostable": false, "is_meta": false, "is_original_content": false, "is_reddit_media_domain": false, "is_robot_indexable": false, "is_self": true, "is_video": false, "link_flair_background_color": "", "link_flair_css_class": null, "link_flair_richtext": [], "link_flair_text": null, "link_flair_text_color": "dark", "link_flair_type": "text", "locked": false, "media": null, "media_embed": {}, "media_metadata": null, "media_only": false, "name": "t3_110mrim", "no_follow": false, "num_comments": 2, "num_crossposts": 0, "over_18": false, "parent_whitelist_status": null, "permalink": "/r/ThePPShow/comments/110mrim/well_checked_the_schedule_of_commercials_for/", "pinned": false, "pwls": null, "quarantine": false, "removed_by": null, "removed_by_category": "deleted", "retrieved_on": 1678330544, "score": 6, "secure_media": null, "secure_media_embed": {}, "selftext": "[deleted]", "send_replies": true, "spoiler": false, "stickied": false, "subreddit": "ThePPShow", "subreddit_id": "t5_7q5o7y", "subreddit_name_prefixed": "r/ThePPShow", "subreddit_subscribers": 581, "subreddit_type": "public", "suggested_sort": null, "thumbnail": "default", "thumbnail_height": null, "thumbnail_width": null, "title": "Well checked the schedule of commercials for SUPERBOWL 57 - NO BBBY / GME / GMERICA but there is one that is MOONISH....", "top_awarded_type": null, "total_awards_received": 0, "treatment_tags": [], "upvote_ratio": 0.75, "url": "", "view_count": null, "whitelist_status": null, "wls": null}, {"all_awardings": [], "allow_live_comments": false, "archived": false, "author": "avoidablerain", "author_created_utc": 1611838203, "author_flair_background_color": null, "author_flair_css_class": null, "author_flair_richtext": [], "author_flair_template_id": null, "author_flair_text": null, "author_flair_text_color": null, "author_flair_type": "text", "author_fullname": "t2_a1dcjoeu", "author_patreon_flair": false, "author_premium": true, "awarders": [], "banned_by": null, "can_gild": true, "can_mod_post": false, "category": null, "content_categories": null, "contest_mode": false, "created_utc": 1676213525, "crosspost_parent": "t3_110guxi", "crosspost_parent_list": [{"all_awardings": [{"award_sub_type": "PREMIUM", "award_type": "global", "awardings_required_to_grant_benefits": null, "coin_price": 30, "coin_reward": 0, "count": 2, "days_of_drip_extension": null, "days_of_premium": null, "description": "A glittering stamp for a feel-good thing", "end_date": null, "giver_coin_reward": null, "icon_format": null, "icon_height": 2048, "icon_url": "https://i.redd.it/award_images/t5_22cerq/b9ks3a5k7jj41_WholesomeSealofApproval.png", "icon_width": 2048, "id": "award_c4b2e438-16bb-4568-88e7-7893b7662944", "is_enabled": true, "is_new": false, "name": "Wholesome Seal of Approval", "penny_donate": null, "penny_price": null, "resized_icons": [{"height": 16, "url": "https://preview.redd.it/award_images/t5_22cerq/b9ks3a5k7jj41_WholesomeSealofApproval.png?width=16&amp;height=16&amp;auto=webp&amp;v=enabled&amp;s=703f779c36fa6c24a87048219c8ad79c38f588dc", "width": 16}, {"height": 32, "url": "https://preview.redd.it/award_images/t5_22cerq/b9ks3a5k7jj41_WholesomeSealofApproval.png?width=32&amp;height=32&amp;auto=webp&amp;v=enabled&amp;s=f1353fd49988371ae4b98114d2f30ad3abd2435e", "width": 32}, {"height": 48, "url": "https://preview.redd.it/award_images/t5_22cerq/b9ks3a5k7jj41_WholesomeSealofApproval.png?width=48&amp;height=48&amp;auto=webp&amp;v=enabled&amp;s=a6325378b5acbd6940233feeeab0d6cc936467c9", "width": 48}, {"height": 64, "url": "https://preview.redd.it/award_images/t5_22cerq/b9ks3a5k7jj41_WholesomeSealofApproval.png?width=64&amp;height=64&amp;auto=webp&amp;v=enabled&amp;s=aa1d8321e60dc611ebc686f814b0ad996d1056c5", "width": 64}, {"height": 128, "url": "https://preview.redd.it/award_images/t5_22cerq/b9ks3a5k7jj41_WholesomeSealofApproval.png?width=128&amp;height=128&amp;auto=webp&amp;v=enabled&amp;s=4c5a9a5cf1591f7074c67a67339e34fbf34a3107", "width": 128}], "resized_static_icons": [{"height": 16, "url": "https://preview.redd.it/award_images/t5_22cerq/b9ks3a5k7jj41_WholesomeSealofApproval.png?width=16&amp;height=16&amp;auto=webp&amp;v=enabled&amp;s=703f779c36fa6c24a87048219c8ad79c38f588dc", "width": 16}, {"height": 32, "url": "https://preview.redd.it/award_images/t5_22cerq/b9ks3a5k7jj41_WholesomeSealofApproval.png?width=32&amp;height=32&amp;auto=webp&amp;v=enabled&amp;s=f1353fd49988371ae4b98114d2f30ad3abd2435e", "width": 32}, {"height": 48, "url": "https://preview.redd.it/award_images/t5_22cerq/b9ks3a5k7jj41_WholesomeSealofApproval.png?width=48&amp;height=48&amp;auto=webp&amp;v=enabled&amp;s=a6325378b5acbd6940233feeeab0d6cc936467c9", "width": 48}, {"height": 64, "url": "https://preview.redd.it/award_images/t5_22cerq/b9ks3a5k7jj41_WholesomeSealofApproval.png?width=64&amp;height=64&amp;auto=webp&amp;v=enabled&amp;s=aa1d8321e60dc611ebc686f814b0ad996d1056c5", "width": 64}, {"height": 128, "url": "https://preview.redd.it/award_images/t5_22cerq/b9ks3a5k7jj41_WholesomeSealofApproval.png?width=128&amp;height=128&amp;auto=webp&amp;v=enabled&amp;s=4c5a9a5cf1591f7074c67a67339e34fbf34a3107", "width": 128}], "start_date": null, "static_icon_height": 2048, "static_icon_url": "https://i.redd.it/award_images/t5_22cerq/b9ks3a5k7jj41_WholesomeSealofApproval.png", "static_icon_width": 2048, "sticky_duration_seconds": null, "subreddit_coin_reward": 0, "subreddit_id": null, "tiers_by_required_awardings": null}, {"award_sub_type": "GLOBAL", "award_type": "global", "awardings_required_to_grant_benefits": null, "coin_price": 200, "coin_reward": 0, "count": 1, "days_of_drip_extension": null, "days_of_premium": null, "description": "To the MOON.", "end_date": null, "giver_coin_reward": null, "icon_format": null, "icon_height": 2048, "icon_url": "https://i.redd.it/award_images/t5_22cerq/s5edqq9abef41_StonksRising.png", "icon_width": 2048, "id": "award_d125d124-5c03-490d-af3d-d07c462003da", "is_enabled": true, "is_new": false, "name": "Stonks Rising", "penny_donate": null, "penny_price": null, "resized_icons": [{"height": 16, "url": "https://preview.redd.it/award_images/t5_22cerq/s5edqq9abef41_StonksRising.png?width=16&amp;height=16&amp;auto=webp&amp;v=enabled&amp;s=6dd4bc699b46e204a409795ea5795a0151a0cd69", "width": 16}, {"height": 32, "url": "https://preview.redd.it/award_images/t5_22cerq/s5edqq9abef41_StonksRising.png?width=32&amp;height=32&amp;auto=webp&amp;v=enabled&amp;s=823acb32eab47fe314136d308bccf917743371d6", "width": 32}, {"height": 48, "url": "https://preview.redd.it/award_images/t5_22cerq/s5edqq9abef41_StonksRising.png?width=48&amp;height=48&amp;auto=webp&amp;v=enabled&amp;s=cafe129e658daa031c4ae2c9e93e480ec25dd9dc", "width": 48}, {"height": 64, "url": "https://preview.redd.it/award_images/t5_22cerq/s5edqq9abef41_StonksRising.png?width=64&amp;height=64&amp;auto=webp&amp;v=enabled&amp;s=e9211b24fbf8e922f830d15a60dfe2444aae7ef2", "width": 64}, {"height": 128, "url": "https://preview.redd.it/award_images/t5_22cerq/s5edqq9abef41_StonksRising.png?width=128&amp;height=128&amp;auto=webp&amp;v=enabled&amp;s=0b55bc81eec152860d662fe1d39a8c16073a62cc", "width": 128}], "resized_static_icons": [{"height": 16, "url": "https://preview.redd.it/award_images/t5_22cerq/s5edqq9abef41_StonksRising.png?width=16&amp;height=16&amp;auto=webp&amp;v=enabled&amp;s=6dd4bc699b46e204a409795ea5795a0151a0cd69", "width": 16}, {"height": 32, "url": "https://preview.redd.it/award_images/t5_22cerq/s5edqq9abef41_StonksRising.png?width=32&amp;height=32&amp;auto=webp&amp;v=enabled&amp;s=823acb32eab47fe314136d308bccf917743371d6", "width": 32}, {"height": 48, "url": "https://preview.redd.it/award_images/t5_22cerq/s5edqq9abef41_StonksRising.png?width=48&amp;height=48&amp;auto=webp&amp;v=enabled&amp;s=cafe129e658daa031c4ae2c9e93e480ec25dd9dc", "width": 48}, {"height": 64, "url": "https://preview.redd.it/award_images/t5_22cerq/s5edqq9abef41_StonksRising.png?width=64&amp;height=64&amp;auto=webp&amp;v=enabled&amp;s=e9211b24fbf8e922f830d15a60dfe2444aae7ef2", "width": 64}, {"height": 128, "url": "https://preview.redd.it/award_images/t5_22cerq/s5edqq9abef41_StonksRising.png?width=128&amp;height=128&amp;auto=webp&amp;v=enabled&amp;s=0b55bc81eec152860d662fe1d39a8c16073a62cc", "width": 128}], "start_date": null, "static_icon_height": 2048, "static_icon_url": "https://i.redd.it/award_images/t5_22cerq/s5edqq9abef41_StonksRising.png", "static_icon_width": 2048, "sticky_duration_seconds": null, "subreddit_coin_reward": 0, "subreddit_id": null, "tiers_by_required_awardings": null}, {"award_sub_type": "PREMIUM", "award_type": "global", "awardings_required_to_grant_benefits": null, "coin_price": 20, "coin_reward": 0, "count": 1, "days_of_drip_extension": null, "days_of_premium": null, "description": "Can't stop seeing stars", "end_date": null, "giver_coin_reward": null, "icon_format": "APNG", "icon_height": 512, "icon_url": "https://www.redditstatic.com/gold/awards/icon/Starstruck_512.png", "icon_width": 512, "id": "award_abb865cf-620b-4219-8777-3658cf9091fb", "is_enabled": true, "is_new": false, "name": "Starstruck", "penny_donate": null, "penny_price": 0, "resized_icons": [{"height": 16, "url": "https://www.redditstatic.com/gold/awards/icon/Starstruck_16.png", "width": 16}, {"height": 32, "url": "https://www.redditstatic.com/gold/awards/icon/Starstruck_32.png", "width": 32}, {"height": 48, "url": "https://www.redditstatic.com/gold/awards/icon/Starstruck_48.png", "width": 48}, {"height": 64, "url": "https://www.redditstatic.com/gold/awards/icon/Starstruck_64.png", "width": 64}, {"height": 128, "url": "https://www.redditstatic.com/gold/awards/icon/Starstruck_128.png", "width": 128}], "resized_static_icons": [{"height": 16, "url": "https://preview.redd.it/award_images/t5_22cerq/snotiq9vxyn51_Starstruck.png?width=16&amp;height=16&amp;auto=webp&amp;v=enabled&amp;s=33eba03e0a6defb8abde795039b68e67e88b065e", "width": 16}, {"height": 32, "url": "https://preview.redd.it/award_images/t5_22cerq/snotiq9vxyn51_Starstruck.png?width=32&amp;height=32&amp;auto=webp&amp;v=enabled&amp;s=c78ffa7024982f9d4734f29e69627ec6c4c5484f", "width": 32}, {"height": 48, "url": "https://preview.redd.it/award_images/t5_22cerq/snotiq9vxyn51_Starstruck.png?width=48&amp;height=48&amp;auto=webp&amp;v=enabled&amp;s=4e130b357daf70f0a9cc7f8bf8b0e70f0e1e17fd", "width": 48}, {"height": 64, "url": "https://preview.redd.it/award_images/t5_22cerq/snotiq9vxyn51_Starstruck.png?width=64&amp;height=64&amp;auto=webp&amp;v=enabled&amp;s=931bd1908b603e61ec971fb9c882d221eb800cc5", "width": 64}, {"height": 128, "url": "https://preview.redd.it/award_images/t5_22cerq/snotiq9vxyn51_Starstruck.png?width=128&amp;height=128&amp;auto=webp&amp;v=enabled&amp;s=ed034a40c86c89af6308aca761ec27b46e6207f0", "width": 128}], "start_date": null, "static_icon_height": 512, "static_icon_url": "https://i.redd.it/award_images/t5_22cerq/snotiq9vxyn51_Starstruck.png", "static_icon_width": 512, "sticky_duration_seconds": null, "subreddit_coin_reward": 0, "subreddit_id": null, "tiers_by_required_awardings": null}, {"award_sub_type": "GLOBAL", "award_type": "global", "awardings_required_to_grant_benefits": null, "coin_price": 325, "coin_reward": 0, "count": 1, "days_of_drip_extension": null, "days_of_premium": null, "description": "Boldly go where we haven't been in a long, long time.", "end_date": null, "giver_coin_reward": null, "icon_format": "APNG", "icon_height": 512, "icon_url": "https://www.redditstatic.com/gold/awards/icon/Rocket_512.png", "icon_width": 512, "id": "award_2bc47247-b107-44a8-a78c-613da21869ff", "is_enabled": true, "is_new": false, "name": "To The Stars", "penny_donate": null, "penny_price": 0, "resized_icons": [{"height": 16, "url": "https://www.redditstatic.com/gold/awards/icon/Rocket_16.png", "width": 16}, {"height": 32, "url": "https://www.redditstatic.com/gold/awards/icon/Rocket_32.png", "width": 32}, {"height": 48, "url": "https://www.redditstatic.com/gold/awards/icon/Rocket_48.png", "width": 48}, {"height": 64, "url": "https://www.redditstatic.com/gold/awards/icon/Rocket_64.png", "width": 64}, {"height": 128, "url": "https://www.redditstatic.com/gold/awards/icon/Rocket_128.png", "width": 128}], "resized_static_icons": [{"height": 16, "url": "https://preview.redd.it/award_images/t5_22cerq/1sof6d93g9e51_ToTheStars.png?width=16&amp;height=16&amp;auto=webp&amp;v=enabled&amp;s=06f2d039483185440c5e566f72737a920237569b", "width": 16}, {"height": 32, "url": "https://preview.redd.it/award_images/t5_22cerq/1sof6d93g9e51_ToTheStars.png?width=32&amp;height=32&amp;auto=webp&amp;v=enabled&amp;s=d0ecc136d90892f44d543d59e829c16e5fb88e47", "width": 32}, {"height": 48, "url": "https://preview.redd.it/award_images/t5_22cerq/1sof6d93g9e51_ToTheStars.png?width=48&amp;height=48&amp;auto=webp&amp;v=enabled&amp;s=62b08d35d1a520218ef92eba8201ac610dce24d7", "width": 48}, {"height": 64, "url": "https://preview.redd.it/award_images/t5_22cerq/1sof6d93g9e51_ToTheStars.png?width=64&amp;height=64&amp;auto=webp&amp;v=enabled&amp;s=380d1eeb5fe919116bbafe61b1aa5a82e83d59c2", "width": 64}, {"height": 128, "url": "https://preview.redd.it/award_images/t5_22cerq/1sof6d93g9e51_ToTheStars.png?width=128&amp;height=128&amp;auto=webp&amp;v=enabled&amp;s=28263127cf796e9c53e91fb0a750106e59ac67c0", "width": 128}], "start_date": null, "static_icon_height": 512, "static_icon_url": "https://i.redd.it/award_images/t5_22cerq/1sof6d93g9e51_ToTheStars.png", "static_icon_width": 512, "sticky_duration_seconds": null, "subreddit_coin_reward": 0, "subreddit_id": null, "tiers_by_required_awardings": null}, {"award_sub_type": "PREMIUM", "award_type": "global", "awardings_required_to_grant_benefits": null, "coin_price": 30, "coin_reward": 0, "count": 1, "days_of_drip_extension": null, "days_of_premium": null, "description": "A glowing commendation for all to see", "end_date": null, "giver_coin_reward": null, "icon_format": "APNG", "icon_height": 2048, "icon_url": "https://www.redditstatic.com/gold/awards/icon/Illuminati_512.png", "icon_width": 2048, "id": "award_b4ff447e-05a5-42dc-9002-63568807cfe6", "is_enabled": true, "is_new": false, "name": "All-Seeing Upvote", "penny_donate": null, "penny_price": null, "resized_icons": [{"height": 16, "url": "https://www.redditstatic.com/gold/awards/icon/Illuminati_16.png", "width": 16}, {"height": 32, "url": "https://www.redditstatic.com/gold/awards/icon/Illuminati_32.png", "width": 32}, {"height": 48, "url": "https://www.redditstatic.com/gold/awards/icon/Illuminati_48.png", "width": 48}, {"height": 64, "url": "https://www.redditstatic.com/gold/awards/icon/Illuminati_64.png", "width": 64}, {"height": 128, "url": "https://www.redditstatic.com/gold/awards/icon/Illuminati_128.png", "width": 128}], "resized_static_icons": [{"height": 16, "url": "https://preview.redd.it/award_images/t5_q0gj4/am40b8b08l581_All-SeeingUpvote2.png?width=16&amp;height=16&amp;auto=webp&amp;v=enabled&amp;s=25880d00e4283ff6a3851b64c83fea465c3fac48", "width": 16}, {"height": 32, "url": "https://preview.redd.it/award_images/t5_q0gj4/am40b8b08l581_All-SeeingUpvote2.png?width=32&amp;height=32&amp;auto=webp&amp;v=enabled&amp;s=67fae0c2af26488b9d70cb7afe877086707cf1d1", "width": 32}, {"height": 48, "url": "https://preview.redd.it/award_images/t5_q0gj4/am40b8b08l581_All-SeeingUpvote2.png?width=48&amp;height=48&amp;auto=webp&amp;v=enabled&amp;s=3033c6583809a27b998883b7c56c158102cb0420", "width": 48}, {"height": 64, "url": "https://preview.redd.it/award_images/t5_q0gj4/am40b8b08l581_All-SeeingUpvote2.png?width=64&amp;height=64&amp;auto=webp&amp;v=enabled&amp;s=cccb48d7518eaba72894a7ac4214bb70c7120793", "width": 64}, {"height": 128, "url": "https://preview.redd.it/award_images/t5_q0gj4/am40b8b08l581_All-SeeingUpvote2.png?width=128&amp;height=128&amp;auto=webp&amp;v=enabled&amp;s=4101e0eff424bbd818195853387db358bec74ed0", "width": 128}], "start_date": null, "static_icon_height": 2048, "static_icon_url": "https://i.redd.it/award_images/t5_q0gj4/am40b8b08l581_All-SeeingUpvote2.png", "static_icon_width": 2048, "sticky_duration_seconds": null, "subreddit_coin_reward": 0, "subreddit_id": null, "tiers_by_required_awardings": null}, {"award_sub_type": "GLOBAL", "award_type": "global", "awardings_required_to_grant_benefits": null, "coin_price": 50, "coin_reward": 0, "count": 1, "days_of_drip_extension": null, "days_of_premium": null, "description": "I'm in this with you.", "end_date": null, "giver_coin_reward": null, "icon_format": "PNG", "icon_height": 2048, "icon_url": "https://i.redd.it/award_images/t5_q0gj4/p4yzxkaed5f61_oldtakemyenergy.png", "icon_width": 2048, "id": "award_02d9ab2c-162e-4c01-8438-317a016ed3d9", "is_enabled": true, "is_new": false, "name": "Take My Energy", "penny_donate": null, "penny_price": 0, "resized_icons": [{"height": 16, "url": "https://preview.redd.it/award_images/t5_q0gj4/p4yzxkaed5f61_oldtakemyenergy.png?width=16&amp;height=16&amp;auto=webp&amp;v=enabled&amp;s=32add54efce28cc8ce035c5e2bc89a27286a815e", "width": 16}, {"height": 32, "url": "https://preview.redd.it/award_images/t5_q0gj4/p4yzxkaed5f61_oldtakemyenergy.png?width=32&amp;height=32&amp;auto=webp&amp;v=enabled&amp;s=dfb00ece05340570177df7cfa1af6d2737c0910b", "width": 32}, {"height": 48, "url": "https://preview.redd.it/award_images/t5_q0gj4/p4yzxkaed5f61_oldtakemyenergy.png?width=48&amp;height=48&amp;auto=webp&amp;v=enabled&amp;s=e8b0b87b868f6cd6313e2c90975dac636e4a0412", "width": 48}, {"height": 64, "url": "https://preview.redd.it/award_images/t5_q0gj4/p4yzxkaed5f61_oldtakemyenergy.png?width=64&amp;height=64&amp;auto=webp&amp;v=enabled&amp;s=2a3ad7ec2ccc57b6c65b17e2b57647a81f335039", "width": 64}, {"height": 128, "url": "https://preview.redd.it/award_images/t5_q0gj4/p4yzxkaed5f61_oldtakemyenergy.png?width=128&amp;height=128&amp;auto=webp&amp;v=enabled&amp;s=d4a8ca64b391e8b057408067d77f503752c29b7e", "width": 128}], "resized_static_icons": [{"height": 16, "url": "https://preview.redd.it/award_images/t5_q0gj4/jtw7x06j68361_TakeMyEnergyElf.png?width=16&amp;height=16&amp;auto=webp&amp;v=enabled&amp;s=4efb20a46b5cee58042da74830ee914d1547236c", "width": 16}, {"height": 32, "url": "https://preview.redd.it/award_images/t5_q0gj4/jtw7x06j68361_TakeMyEnergyElf.png?width=32&amp;height=32&amp;auto=webp&amp;v=enabled&amp;s=83e8bea70baef2140842017e967f163a9f530a9d", "width": 32}, {"height": 48, "url": "https://preview.redd.it/award_images/t5_q0gj4/jtw7x06j68361_TakeMyEnergyElf.png?width=48&amp;height=48&amp;auto=webp&amp;v=enabled&amp;s=14fb29ce140b35a21a7cc7ee1c4d212ce0b1179d", "width": 48}, {"height": 64, "url": "https://preview.redd.it/award_images/t5_q0gj4/jtw7x06j68361_TakeMyEnergyElf.png?width=64&amp;height=64&amp;auto=webp&amp;v=enabled&amp;s=533b05085677b48f15004bd7f9ff19ec5b29099f", "width": 64}, {"height": 128, "url": "https://preview.redd.it/award_images/t5_q0gj4/jtw7x06j68361_TakeMyEnergyElf.png?width=128&amp;height=128&amp;auto=webp&amp;v=enabled&amp;s=6f767b3c289e5cb2a733b24da5f4c46d9c079bc7", "width": 128}], "start_date": null, "static_icon_height": 2048, "static_icon_url": "https://i.redd.it/award_images/t5_q0gj4/jtw7x06j68361_TakeMyEnergyElf.png", "static_icon_width": 2048, "sticky_duration_seconds": null, "subreddit_coin_reward": 0, "subreddit_id": null, "tiers_by_required_awardings": null}, {"award_sub_type": "PREMIUM", "award_type": "global", "awardings_required_to_grant_benefits": null, "coin_price": 20, "coin_reward": 0, "count": 2, "days_of_drip_extension": null, "days_of_premium": null, "description": "When you follow your heart, love is the answer", "end_date": null, "giver_coin_reward": null, "icon_format": "PNG", "icon_height": 2048, "icon_url": "https://i.redd.it/award_images/t5_22cerq/j3azv69qjfn51_LOVE.png", "icon_width": 2048, "id": "award_5eac457f-ebac-449b-93a7-eb17b557f03c", "is_enabled": true, "is_new": false, "name": "LOVE!", "penny_donate": null, "penny_price": 0, "resized_icons": [{"height": 16, "url": "https://preview.redd.it/award_images/t5_22cerq/j3azv69qjfn51_LOVE.png?width=16&amp;height=16&amp;auto=webp&amp;v=enabled&amp;s=533ce66f630fdfb440d60870cf546133105e1581", "width": 16}, {"height": 32, "url": "https://preview.redd.it/award_images/t5_22cerq/j3azv69qjfn51_LOVE.png?width=32&amp;height=32&amp;auto=webp&amp;v=enabled&amp;s=57ddeb538f6f2e9a2af1de2259956fadfd71be0b", "width": 32}, {"height": 48, "url": "https://preview.redd.it/award_images/t5_22cerq/j3azv69qjfn51_LOVE.png?width=48&amp;height=48&amp;auto=webp&amp;v=enabled&amp;s=7a53f415a006547600c10cc8ec700ba98e9d2006", "width": 48}, {"height": 64, "url": "https://preview.redd.it/award_images/t5_22cerq/j3azv69qjfn51_LOVE.png?width=64&amp;height=64&amp;auto=webp&amp;v=enabled&amp;s=339e45c85e1651cee0ec7b6d767c5cd2fd63aec4", "width": 64}, {"height": 128, "url": "https://preview.redd.it/award_images/t5_22cerq/j3azv69qjfn51_LOVE.png?width=128&amp;height=128&amp;auto=webp&amp;v=enabled&amp;s=90551e3f133cfeceaa1c3f6f9e28f3e7fa0e3f93", "width": 128}], "resized_static_icons": [{"height": 16, "url": "https://preview.redd.it/award_images/t5_22cerq/j3azv69qjfn51_LOVE.png?width=16&amp;height=16&amp;auto=webp&amp;v=enabled&amp;s=533ce66f630fdfb440d60870cf546133105e1581", "width": 16}, {"height": 32, "url": "https://preview.redd.it/award_images/t5_22cerq/j3azv69qjfn51_LOVE.png?width=32&amp;height=32&amp;auto=webp&amp;v=enabled&amp;s=57ddeb538f6f2e9a2af1de2259956fadfd71be0b", "width": 32}, {"height": 48, "url": "https://preview.redd.it/award_images/t5_22cerq/j3azv69qjfn51_LOVE.png?width=48&amp;height=48&amp;auto=webp&amp;v=enabled&amp;s=7a53f415a006547600c10cc8ec700ba98e9d2006", "width": 48}, {"height": 64, "url": "https://preview.redd.it/award_images/t5_22cerq/j3azv69qjfn51_LOVE.png?width=64&amp;height=64&amp;auto=webp&amp;v=enabled&amp;s=339e45c85e1651cee0ec7b6d767c5cd2fd63aec4", "width": 64}, {"height": 128, "url": "https://preview.redd.it/award_images/t5_22cerq/j3azv69qjfn51_LOVE.png?width=128&amp;height=128&amp;auto=webp&amp;v=enabled&amp;s=90551e3f133cfeceaa1c3f6f9e28f3e7fa0e3f93", "width": 128}], "start_date": null, "static_icon_height": 2048, "static_icon_url": "https://i.redd.it/award_images/t5_22cerq/j3azv69qjfn51_LOVE.png", "static_icon_width": 2048, "sticky_duration_seconds": null, "subreddit_coin_reward": 0, "subreddit_id": null, "tiers_by_required_awardings": null}, {"award_sub_type": "PREMIUM", "award_type": "global", "awardings_required_to_grant_benefits": null, "coin_price": 30, "coin_reward": 0, "count": 1, "days_of_drip_extension": null, "days_of_premium": null, "description": "A golden splash of respect", "end_date": null, "giver_coin_reward": null, "icon_format": null, "icon_height": 2048, "icon_url": "https://i.redd.it/award_images/t5_22cerq/80j20o397jj41_NarwhalSalute.png", "icon_width": 2048, "id": "award_a2506925-fc82-4d6c-ae3b-b7217e09d7f0", "is_enabled": true, "is_new": false, "name": "Narwhal Salute", "penny_donate": null, "penny_price": null, "resized_icons": [{"height": 16, "url": "https://preview.redd.it/award_images/t5_22cerq/80j20o397jj41_NarwhalSalute.png?width=16&amp;height=16&amp;auto=webp&amp;v=enabled&amp;s=8a2a2acbd09705a194b77e9d555b630ec0ed9966", "width": 16}, {"height": 32, "url": "https://preview.redd.it/award_images/t5_22cerq/80j20o397jj41_NarwhalSalute.png?width=32&amp;height=32&amp;auto=webp&amp;v=enabled&amp;s=a1b4dc570c54d4835d396ce6f327cc5df2cd067c", "width": 32}, {"height": 48, "url": "https://preview.redd.it/award_images/t5_22cerq/80j20o397jj41_NarwhalSalute.png?width=48&amp;height=48&amp;auto=webp&amp;v=enabled&amp;s=e4979f617effb9d355397aa2c3f8032870f96fd3", "width": 48}, {"height": 64, "url": "https://preview.redd.it/award_images/t5_22cerq/80j20o397jj41_NarwhalSalute.png?width=64&amp;height=64&amp;auto=webp&amp;v=enabled&amp;s=12d699f41173c6ed50555c5689b463020696a5d3", "width": 64}, {"height": 128, "url": "https://preview.redd.it/award_images/t5_22cerq/80j20o397jj41_NarwhalSalute.png?width=128&amp;height=128&amp;auto=webp&amp;v=enabled&amp;s=5716709f7a329eb81103a5acfee4a545ec0be9b0", "width": 128}], "resized_static_icons": [{"height": 16, "url": "https://preview.redd.it/award_images/t5_22cerq/80j20o397jj41_NarwhalSalute.png?width=16&amp;height=16&amp;auto=webp&amp;v=enabled&amp;s=8a2a2acbd09705a194b77e9d555b630ec0ed9966", "width": 16}, {"height": 32, "url": "https://preview.redd.it/award_images/t5_22cerq/80j20o397jj41_NarwhalSalute.png?width=32&amp;height=32&amp;auto=webp&amp;v=enabled&amp;s=a1b4dc570c54d4835d396ce6f327cc5df2cd067c", "width": 32}, {"height": 48, "url": "https://preview.redd.it/award_images/t5_22cerq/80j20o397jj41_NarwhalSalute.png?width=48&amp;height=48&amp;auto=webp&amp;v=enabled&amp;s=e4979f617effb9d355397aa2c3f8032870f96fd3", "width": 48}, {"height": 64, "url": "https://preview.redd.it/award_images/t5_22cerq/80j20o397jj41_NarwhalSalute.png?width=64&amp;height=64&amp;auto=webp&amp;v=enabled&amp;s=12d699f41173c6ed50555c5689b463020696a5d3", "width": 64}, {"height": 128, "url": "https://preview.redd.it/award_images/t5_22cerq/80j20o397jj41_NarwhalSalute.png?width=128&amp;height=128&amp;auto=webp&amp;v=enabled&amp;s=5716709f7a329eb81103a5acfee4a545ec0be9b0", "width": 128}], "start_date": null, "static_icon_height": 2048, "static_icon_url": "https://i.redd.it/award_images/t5_22cerq/80j20o397jj41_NarwhalSalute.png", "static_icon_width": 2048, "sticky_duration_seconds": null, "subreddit_coin_reward": 0, "subreddit_id": null, "tiers_by_required_awardings": null}, {"award_sub_type": "GLOBAL", "award_type": "global", "awardings_required_to_grant_benefits": null, "coin_price": 250, "coin_reward": 0, "count": 1, "days_of_drip_extension": null, "days_of_premium": null, "description": "I'm catching the vibration", "end_date": null, "giver_coin_reward": null, "icon_format": "APNG", "icon_height": 512, "icon_url": "https://www.redditstatic.com/gold/awards/icon/Vibing_512.png", "icon_width": 512, "id": "award_3f4e6f36-dacc-4919-b170-9d0201cd258f", "is_enabled": true, "is_new": false, "name": "Vibing", "penny_donate": null, "penny_price": 0, "resized_icons": [{"height": 16, "url": "https://www.redditstatic.com/gold/awards/icon/Vibing_16.png", "width": 16}, {"height": 32, "url": "https://www.redditstatic.com/gold/awards/icon/Vibing_32.png", "width": 32}, {"height": 48, "url": "https://www.redditstatic.com/gold/awards/icon/Vibing_48.png", "width": 48}, {"height": 64, "url": "https://www.redditstatic.com/gold/awards/icon/Vibing_64.png", "width": 64}, {"height": 128, "url": "https://www.redditstatic.com/gold/awards/icon/Vibing_128.png", "width": 128}], "resized_static_icons": [{"height": 16, "url": "https://preview.redd.it/award_images/t5_22cerq/95cnwtudh5f61_Vibing.png?width=16&amp;height=16&amp;auto=webp&amp;v=enabled&amp;s=6ff9eca9531f6e6a2bc0e633ee5addb2fe8ea2d9", "width": 16}, {"height": 32, "url": "https://preview.redd.it/award_images/t5_22cerq/95cnwtudh5f61_Vibing.png?width=32&amp;height=32&amp;auto=webp&amp;v=enabled&amp;s=7085d8549ebd0ecf0ef1cd76e0fa5e7121dd5f9d", "width": 32}, {"height": 48, "url": "https://preview.redd.it/award_images/t5_22cerq/95cnwtudh5f61_Vibing.png?width=48&amp;height=48&amp;auto=webp&amp;v=enabled&amp;s=fdb9fd466b40bcff777fcca16ca6ae630e7b4e3a", "width": 48}, {"height": 64, "url": "https://preview.redd.it/award_images/t5_22cerq/95cnwtudh5f61_Vibing.png?width=64&amp;height=64&amp;auto=webp&amp;v=enabled&amp;s=db5db6bf010c8b0e8e9905da5311986888bcce0e", "width": 64}, {"height": 128, "url": "https://preview.redd.it/award_images/t5_22cerq/95cnwtudh5f61_Vibing.png?width=128&amp;height=128&amp;auto=webp&amp;v=enabled&amp;s=3374c2d091835f45550691fd6aeb671b742385a1", "width": 128}], "start_date": null, "static_icon_height": 512, "static_icon_url": "https://i.redd.it/award_images/t5_22cerq/95cnwtudh5f61_Vibing.png", "static_icon_width": 512, "sticky_duration_seconds": null, "subreddit_coin_reward": 0, "subreddit_id": null, "tiers_by_required_awardings": null}], "allow_live_comments": true, "approved_at_utc": null, "approved_by": null, "archived": false, "author": "avoidablerain", "author_flair_background_color": null, "author_flair_css_class": null, "author_flair_richtext": [], "author_flair_template_id": null, "author_flair_text": null, "author_flair_text_color": null, "author_flair_type": "text", "author_fullname": "t2_a1dcjoeu", "author_is_blocked": false, "author_patreon_flair": false, "author_premium": true, "awarders": [], "banned_at_utc": null, "banned_by": null, "can_gild": true, "can_mod_post": false, "category": null, "clicked": false, "content_categories": null, "contest_mode": false, "created": 1676211822.0, "created_utc": 1676211822.0, "discussion_type": null, "distinguished": null, "domain": "v.redd.it", "downs": 0, "edited": false, "gilded": 0, "gildings": {}, "hidden": false, "hide_score": false, "id": "110guxi", "is_created_from_ads_ui": false, "is_crosspostable": true, "is_meta": false, "is_original_content": false, "is_reddit_media_domain": true, "is_robot_indexable": true, "is_self": false, "is_video": true, "likes": null, "link_flair_background_color": "#0079d3", "link_flair_css_class": "", "link_flair_richtext": [], "link_flair_template_id": "dd2ad61e-dbd9-11ec-9cf3-82b148ae1239", "link_flair_text": "\u2601 Hype/ Fluff", "link_flair_text_color": "light", "link_flair_type": "text", "locked": false, "media": {"reddit_video": {"bitrate_kbps": 4800, "dash_url": "https://v.redd.it/1wqd9hvq5tha1/DASHPlaylist.mpd?a=1680922772%2CNjhjMWFiN2VhMWIxMmFjMDM4MTBjNjhmYTkwNGE3MWFhYjdkMzY2MTVmMmQyNWEwZjg5MDQ4MDM4NjMzMWI4Zg%3D%3D&amp;v=1&amp;f=sd", "duration": 81, "fallback_url": "https://v.redd.it/1wqd9hvq5tha1/DASH_1080.mp4?source=fallback", "height": 1080, "hls_url": "https://v.redd.it/1wqd9hvq5tha1/HLSPlaylist.m3u8?a=1680922772%2CYWZiY2IwOGRlYThlM2Y5OGI5ZGU4MDRmMGM4YmEzOGVlM2MzODI2NDBkN2NhMDIxNjhiYjgzMmY0ODUwMzk2Mw%3D%3D&amp;v=1&amp;f=sd", "is_gif": false, "scrubber_media_url": "https://v.redd.it/1wqd9hvq5tha1/DASH_96.mp4", "transcoding_status": "completed", "width": 1920}}, "media_embed": {}, "media_only": false, "mod_note": null, "mod_reason_by": null, "mod_reason_title": null, "mod_reports": [], "name": "t3_110guxi", "no_follow": false, "num_comments": 97, "num_crossposts": 3, "num_reports": null, "over_18": false, "parent_whitelist_status": "no_ads", "permalink": "/r/BBBY/comments/110guxi/enjoy_d_day_merger_always_tomorrow/", "pinned": false, "post_hint": "hosted:video", "preview": {"enabled": false, "images": [{"id": "zIj68OVXfZnFhyjwrFRgOBlHpfBS0MUdd2WkLlDLUNM", "resolutions": [{"height": 60, "url": "https://external-preview.redd.it/TToFmk3Gs0ELNfOT3y8WH0kzwwP7p_FRUgyRTQb4smE.png?width=108&amp;crop=smart&amp;format=pjpg&amp;auto=webp&amp;v=enabled&amp;s=4421103a5f43b0ea1cc230481e99a1718d98509f", "width": 108}, {"height": 121, "url": "https://external-preview.redd.it/TToFmk3Gs0ELNfOT3y8WH0kzwwP7p_FRUgyRTQb4smE.png?width=216&amp;crop=smart&amp;format=pjpg&amp;auto=webp&amp;v=enabled&amp;s=046ce93d147da7d6e00f79ea56398e7eb73d8eb5", "width": 216}, {"height": 180, "url": "https://external-preview.redd.it/TToFmk3Gs0ELNfOT3y8WH0kzwwP7p_FRUgyRTQb4smE.png?width=320&amp;crop=smart&amp;format=pjpg&amp;auto=webp&amp;v=enabled&amp;s=0af0806efc215bfeb4b6290e9176cee9ac4612b6", "width": 320}, {"height": 360, "url": "https://external-preview.redd.it/TToFmk3Gs0ELNfOT3y8WH0kzwwP7p_FRUgyRTQb4smE.png?width=640&amp;crop=smart&amp;format=pjpg&amp;auto=webp&amp;v=enabled&amp;s=86679aaad4680560e5085b8b4175813eed7bca8d", "width": 640}, {"height": 540, "url": "https://external-preview.redd.it/TToFmk3Gs0ELNfOT3y8WH0kzwwP7p_FRUgyRTQb4smE.png?width=960&amp;crop=smart&amp;format=pjpg&amp;auto=webp&amp;v=enabled&amp;s=4b34a728cc6e94067bebb6a86fb97092a8875da5", "width": 960}, {"height": 607, "url": "https://external-preview.redd.it/TToFmk3Gs0ELNfOT3y8WH0kzwwP7p_FRUgyRTQb4smE.png?width=1080&amp;crop=smart&amp;format=pjpg&amp;auto=webp&amp;v=enabled&amp;s=508647471c44b1bbb72a2d6a08cf77950fd50772", "width": 1080}], "source": {"height": 2160, "url": "https://external-preview.redd.it/TToFmk3Gs0ELNfOT3y8WH0kzwwP7p_FRUgyRTQb4smE.png?format=pjpg&amp;auto=webp&amp;v=enabled&amp;s=25ab36a690dfa6c90466f104dfab9568e1be06e0", "width": 3840}, "variants": {}}]}, "pwls": 0, "quarantine": false, "removal_reason": null, "removed_by": null, "removed_by_category": null, "report_reasons": null, "saved": false, "score": 916, "secure_media": {"reddit_video": {"bitrate_kbps": 4800, "dash_url": "https://v.redd.it/1wqd9hvq5tha1/DASHPlaylist.mpd?a=1680922772%2CNjhjMWFiN2VhMWIxMmFjMDM4MTBjNjhmYTkwNGE3MWFhYjdkMzY2MTVmMmQyNWEwZjg5MDQ4MDM4NjMzMWI4Zg%3D%3D&amp;v=1&amp;f=sd", "duration": 81, "fallback_url": "https://v.redd.it/1wqd9hvq5tha1/DASH_1080.mp4?source=fallback", "height": 1080, "hls_url": "https://v.redd.it/1wqd9hvq5tha1/HLSPlaylist.m3u8?a=1680922772%2CYWZiY2IwOGRlYThlM2Y5OGI5ZGU4MDRmMGM4YmEzOGVlM2MzODI2NDBkN2NhMDIxNjhiYjgzMmY0ODUwMzk2Mw%3D%3D&amp;v=1&amp;f=sd", "is_gif": false, "scrubber_media_url": "https://v.redd.it/1wqd9hvq5tha1/DASH_96.mp4", "transcoding_status": "completed", "width": 1920}}, "secure_media_embed": {}, "selftext": "", "selftext_html": null, "send_replies": true, "spoiler": false, "stickied": false, "subreddit": "BBBY", "subreddit_id": "t5_3q5hel", "subreddit_name_prefixed": "r/BBBY", "subreddit_subscribers": 55950, "subreddit_type": "public", "suggested_sort": null, "thumbnail": "https://b.thumbs.redditmedia.com/ELyO18ED4nbC6P-JBR9eimJvTSSVccG3jwO7zN32TyU.jpg", "thumbnail_height": 78, "thumbnail_width": 140, "title": "Enjoy \ud83d\ude09\u2026 \ud83d\udecf\ufe0f \ud83d\udec1 \ud83d\ude80 = \ud83e\ude73\ud83c\udff4\u200d\u2620\ufe0f\ud83d\udd29\u2019d \ud83c\udf1d day Merger? Always Tomorrow!", "top_awarded_type": null, "total_awards_received": 11, "treatment_tags": [], "ups": 916, "upvote_ratio": 0.91, "url": "https://v.redd.it/1wqd9hvq5tha1", "url_overridden_by_dest": "https://v.redd.it/1wqd9hvq5tha1", "user_reports": [], "view_count": null, "visited": false, "whitelist_status": "no_ads", "wls": 0}], "discussion_type": null, "distinguished": null, "domain": "v.redd.it", "edited": false, "gilded": 0, "gildings": {}, "hidden": false, "hide_score": false, "id": "110hgsa", "is_created_from_ads_ui": false, "is_crosspostable": true, "is_meta": false, "is_original_content": false, "is_reddit_media_domain": true, "is_robot_indexable": true, "is_self": false, "is_video": false, "link_flair_background_color": "", "link_flair_css_class": null, "link_flair_richtext": [], "link_flair_text": null, "link_flair_text_color": "dark", "link_flair_type": "text", "locked": false, "media": null, "media_embed": {}, "media_only": false, "name": "t3_110hgsa", "no_follow": false, "num_comments": 1, "num_crossposts": 0, "over_18": false, "parent_whitelist_status": null, "permalink": "/r/ThePPShow/comments/110hgsa/enjoy_d_day_merger_always_tomorrow/", "pinned": false, "post_hint": "link", "preview": {"enabled": false, "images": [{"id": "zIj68OVXfZnFhyjwrFRgOBlHpfBS0MUdd2WkLlDLUNM", "resolutions": [{"height": 60, "url": "https://external-preview.redd.it/TToFmk3Gs0ELNfOT3y8WH0kzwwP7p_FRUgyRTQb4smE.png?width=108&amp;crop=smart&amp;auto=webp&amp;v=enabled&amp;s=b45af0646759b8743847397fdc206c8b7413d6e0", "width": 108}, {"height": 121, "url": "https://external-preview.redd.it/TToFmk3Gs0ELNfOT3y8WH0kzwwP7p_FRUgyRTQb4smE.png?width=216&amp;crop=smart&amp;auto=webp&amp;v=enabled&amp;s=a676b3289c6bff01e913f24c6055f25dca68a254", "width": 216}, {"height": 180, "url": "https://external-preview.redd.it/TToFmk3Gs0ELNfOT3y8WH0kzwwP7p_FRUgyRTQb4smE.png?width=320&amp;crop=smart&amp;auto=webp&amp;v=enabled&amp;s=1f8f1d6c272c864155f3f8ba061feda8892174e0", "width": 320}, {"height": 360, "url": "https://external-preview.redd.it/TToFmk3Gs0ELNfOT3y8WH0kzwwP7p_FRUgyRTQb4smE.png?width=640&amp;crop=smart&amp;auto=webp&amp;v=enabled&amp;s=a5e47466f857287ae7993d2e857d8a08c3f8b7dc", "width": 640}, {"height": 540, "url": "https://external-preview.redd.it/TToFmk3Gs0ELNfOT3y8WH0kzwwP7p_FRUgyRTQb4smE.png?width=960&amp;crop=smart&amp;auto=webp&amp;v=enabled&amp;s=8702d1dbcb854424eabf484af5f7ecced4e56efc", "width": 960}, {"height": 607, "url": "https://external-preview.redd.it/TToFmk3Gs0ELNfOT3y8WH0kzwwP7p_FRUgyRTQb4smE.png?width=1080&amp;crop=smart&amp;auto=webp&amp;v=enabled&amp;s=2e844dde47cdea7b40f0a6b837144999a05a0089", "width": 1080}], "source": {"height": 2160, "url": "https://external-preview.redd.it/TToFmk3Gs0ELNfOT3y8WH0kzwwP7p_FRUgyRTQb4smE.png?auto=webp&amp;v=enabled&amp;s=c99c0bc51cbdde4d030e0a7778ee44a04f059022", "width": 3840}, "variants": {}}]}, "pwls": null, "quarantine": false, "removed_by": null, "removed_by_category": null, "retrieved_on": 1678330773, "score": 4, "secure_media": null, "secure_media_embed": {}, "selftext": "", "send_replies": false, "spoiler": false, "stickied": false, "subreddit": "ThePPShow", "subreddit_id": "t5_7q5o7y", "subreddit_name_prefixed": "r/ThePPShow", "subreddit_subscribers": 581, "subreddit_type": "public", "suggested_sort": null, "thumbnail": "https://b.thumbs.redditmedia.com/ELyO18ED4nbC6P-JBR9eimJvTSSVccG3jwO7zN32TyU.jpg", "thumbnail_height": 78, "thumbnail_width": 140, "title": "Enjoy \ud83d\ude09\u2026 \ud83d\udecf\ufe0f \ud83d\udec1 \ud83d\ude80 = \ud83e\ude73\ud83c\udff4\u200d\u2620\ufe0f\ud83d\udd29\u2019d \ud83c\udf1d day Merger? Always Tomorrow!", "top_awarded_type": null, "total_awards_received": 0, "treatment_tags": [], "upvote_ratio": 0.83, "url": "https://v.redd.it/1wqd9hvq5tha1", "url_overridden_by_dest": "https://v.redd.it/1wqd9hvq5tha1", "view_count": null, "whitelist_status": null, "wls": null}, {"all_awardings": [], "allow_live_comments": false, "archived": false, "author": "dicemetal", "author_created_utc": null, "author_flair_background_color": null, "author_flair_css_class": null, "author_flair_richtext": [], "author_flair_template_id": null, "author_flair_text": null, "author_flair_text_color": null, "author_flair_type": "text", "author_fullname": "t2_oygs8m7t", "author_patreon_flair": false, "author_premium": false, "awarders": [], "banned_by": null, "can_gild": true, "can_mod_post": false, "category": null, "content_categories": null, "contest_mode": false, "created_utc": 1676212567, "discussion_type": null, "distinguished": null, "domain": "i.redd.it", "edited": false, "gilded": 0, "gildings": {}, "hidden": false, "hide_score": false, "id": "110h4j5", "is_created_from_ads_ui": false, "is_crosspostable": true, "is_meta": false, "is_original_content": false, "is_reddit_media_domain": true, "is_robot_indexable": true, "is_self": false, "is_video": false, "link_flair_background_color": "", "link_flair_css_class": null, "link_flair_richtext": [], "link_flair_text": null, "link_flair_text_color": "dark", "link_flair_type": "text", "locked": false, "media": null, "media_embed": {}, "media_only": false, "name": "t3_110h4j5", "no_follow": false, "num_comments": 1, "num_crossposts": 0, "over_18": false, "parent_whitelist_status": null, "permalink": "/r/ThePPShow/comments/110h4j5/whos_hype_for_tomorrows_show_ive_missed_it/", "pinned": false, "post_hint": "image", "preview": {"enabled": true, "images": [{"id": "kt8gU957C9IDBf8WSXdEAru9caVlBGnmRfhvyY-gUrU", "resolutions": [{"height": 107, "url": "https://preview.redd.it/z8rz9h4k8tha1.jpg?width=108&amp;crop=smart&amp;auto=webp&amp;v=enabled&amp;s=b5e6770b2b51337d565099c4a164b0fe177146e2", "width": 108}, {"height": 215, "url": "https://preview.redd.it/z8rz9h4k8tha1.jpg?width=216&amp;crop=smart&amp;auto=webp&amp;v=enabled&amp;s=13bff6e55af22cba4871f0d9e4667189959662d8", "width": 216}, {"height": 318, "url": "https://preview.redd.it/z8rz9h4k8tha1.jpg?width=320&amp;crop=smart&amp;auto=webp&amp;v=enabled&amp;s=48bcfad14c2a9efb8640935ffbf1e657f2a3ac81", "width": 320}], "source": {"height": 518, "url": "https://preview.redd.it/z8rz9h4k8tha1.jpg?auto=webp&amp;v=enabled&amp;s=4fd7d47ff9e8fff48e7a09a755bf0e42c176b0ac", "width": 520}, "variants": {}}]}, "pwls": null, "quarantine": false, "removed_by": null, "removed_by_category": null, "retrieved_on": 1678330787, "score": 28, "secure_media": null, "secure_media_embed": {}, "selftext": "", "send_replies": true, "spoiler": false, "stickied": false, "subreddit": "ThePPShow", "subreddit_id": "t5_7q5o7y", "subreddit_name_prefixed": "r/ThePPShow", "subreddit_subscribers": 581, "subreddit_type": "public", "suggested_sort": null, "thumbnail": "https://b.thumbs.redditmedia.com/cPFIAVwRnPh6b2U7cGI8zNSDvbVqvO4PfxUebrTZpqc.jpg", "thumbnail_height": 139, "thumbnail_width": 140, "title": "Who's hype for tomorrow's show? I've missed it! \ud83e\udd8d", "top_awarded_type": null, "total_awards_received": 0, "treatment_tags": [], "upvote_ratio": 0.99, "url": "https://i.redd.it/z8rz9h4k8tha1.jpg", "url_overridden_by_dest": "https://i.redd.it/z8rz9h4k8tha1.jpg", "view_count": null, "whitelist_status": null, "wls": null}, {"all_awardings": [], "allow_live_comments": false, "archived": false, "author": "dicemetal", "author_created_utc": null, "author_flair_background_color": null, "author_flair_css_class": null, "author_flair_richtext": [], "author_flair_template_id": null, "author_flair_text": null, "author_flair_text_color": null, "author_flair_type": "text", "author_fullname": "t2_oygs8m7t", "author_patreon_flair": false, "author_premium": false, "awarders": [], "banned_by": null, "can_gild": true, "can_mod_post": false, "category": null, "content_categories": null, "contest_mode": false, "created_utc": 1676188103, "discussion_type": null, "distinguished": null, "domain": "i.redd.it", "edited": false, "gilded": 0, "gildings": {}, "hidden": false, "hide_score": false, "id": "110a99j", "is_created_from_ads_ui": false, "is_crosspostable": true, "is_meta": false, "is_original_content": false, "is_reddit_media_domain": true, "is_robot_indexable": true, "is_self": false, "is_video": false, "link_flair_background_color": "", "link_flair_css_class": null, "link_flair_richtext": [], "link_flair_text": null, "link_flair_text_color": "dark", "link_flair_type": "text", "locked": false, "media": null, "media_embed": {}, "media_only": false, "name": "t3_110a99j", "no_follow": false, "num_comments": 0, "num_crossposts": 0, "over_18": false, "parent_whitelist_status": null, "permalink": "/r/ThePPShow/comments/110a99j/anthony_chukumbas_boogey_man_pp/", "pinned": false, "post_hint": "image", "preview": {"enabled": true, "images": [{"id": "0XHUBvQr3xRyEbMAdKTfQYFXuRIounNx53L5exmrDmE", "resolutions": [{"height": 114, "url": "https://preview.redd.it/3zl3nblsppha1.jpg?width=108&amp;crop=smart&amp;auto=webp&amp;v=enabled&amp;s=1e1726ab6edc1ad74872c78d1c6ef94e930a0fde", "width": 108}, {"height": 229, "url": "https://preview.redd.it/3zl3nblsppha1.jpg?width=216&amp;crop=smart&amp;auto=webp&amp;v=enabled&amp;s=2aa5c6c918c42cd16c18925b76c449a91ffc57f5", "width": 216}, {"height": 339, "url": "https://preview.redd.it/3zl3nblsppha1.jpg?width=320&amp;crop=smart&amp;auto=webp&amp;v=enabled&amp;s=79e82c47bedee000951e7c7c2cdcb1fb3cd774e7", "width": 320}, {"height": 679, "url": "https://preview.redd.it/3zl3nblsppha1.jpg?width=640&amp;crop=smart&amp;auto=webp&amp;v=enabled&amp;s=5b1fa947c5e6064d44f213dab56caef8430e4521", "width": 640}], "source": {"height": 743, "url": "https://preview.redd.it/3zl3nblsppha1.jpg?auto=webp&amp;v=enabled&amp;s=b46be72ba2bc51a3919b9ded7095953d4b728a43", "width": 700}, "variants": {}}]}, "pwls": null, "quarantine": false, "removed_by": null, "removed_by_category": null, "retrieved_on": 1678331071, "score": 14, "secure_media": null, "secure_media_embed": {}, "selftext": "", "send_replies": true, "spoiler": false, "stickied": false, "subreddit": "ThePPShow", "subreddit_id": "t5_7q5o7y", "subreddit_name_prefixed": "r/ThePPShow", "subreddit_subscribers": 581, "subreddit_type": "public", "suggested_sort": null, "thumbnail": "https://a.thumbs.redditmedia.com/FMxpAKTJkSoXa38EHtp9hZ0Papyoayvx6n80swsjoI4.jpg", "thumbnail_height": 140, "thumbnail_width": 140, "title": "Anthony Chukumba's boogey man - PP!", "top_awarded_type": null, "total_awards_received": 0, "treatment_tags": [], "upvote_ratio": 1.0, "url": "https://i.redd.it/3zl3nblsppha1.jpg", "url_overridden_by_dest": "https://i.redd.it/3zl3nblsppha1.jpg", "view_count": null, "whitelist_status": null, "wls": null}, {"all_awardings": [], "allow_live_comments": false, "archived": false, "author": "dicemetal", "author_created_utc": null, "author_flair_background_color": null, "author_flair_css_class": null, "author_flair_richtext": [], "author_flair_template_id": null, "author_flair_text": null, "author_flair_text_color": null, "author_flair_type": "text", "author_fullname": "t2_oygs8m7t", "author_patreon_flair": false, "author_premium": false, "awarders": [], "banned_by": null, "can_gild": true, "can_mod_post": false, "category": null, "content_categories": null, "contest_mode": false, "created_utc": 1676185915, "discussion_type": null, "distinguished": null, "domain": "i.redd.it", "edited": false, "gilded": 0, "gildings": {}, "hidden": false, "hide_score": false, "id": "1109pld", "is_created_from_ads_ui": false, "is_crosspostable": true, "is_meta": false, "is_original_content": false, "is_reddit_media_domain": true, "is_robot_indexable": true, "is_self": false, "is_video": false, "link_flair_background_color": "", "link_flair_css_class": null, "link_flair_richtext": [], "link_flair_text": null, "link_flair_text_color": "dark", "link_flair_type": "text", "locked": false, "media": null, "media_embed": {}, "media_only": false, "name": "t3_1109pld", "no_follow": false, "num_comments": 2, "num_crossposts": 0, "over_18": false, "parent_whitelist_status": null, "permalink": "/r/ThePPShow/comments/1109pld/get_ready_for_another_week_of_redrum_baby/", "pinned": false, "post_hint": "image", "preview": {"enabled": true, "images": [{"id": "FqFjsbe7MfFGPKEfPWlZ3k5HDp0EW1p_cEgTs15NopI", "resolutions": [{"height": 102, "url": "https://preview.redd.it/2v735o3b1rha1.jpg?width=108&amp;crop=smart&amp;auto=webp&amp;v=enabled&amp;s=9d5ee3979e7639703fa601449193a3df07a260e0", "width": 108}, {"height": 205, "url": "https://preview.redd.it/2v735o3b1rha1.jpg?width=216&amp;crop=smart&amp;auto=webp&amp;v=enabled&amp;s=e72ce8e127f863468a9a592b3e2d7957225de1fa", "width": 216}, {"height": 304, "url": "https://preview.redd.it/2v735o3b1rha1.jpg?width=320&amp;crop=smart&amp;auto=webp&amp;v=enabled&amp;s=be939af409e493360d07151169b69da0f56cca71", "width": 320}], "source": {"height": 592, "url": "https://preview.redd.it/2v735o3b1rha1.jpg?auto=webp&amp;v=enabled&amp;s=185f4fa56acf4f23670b03bbaf4888946259d43c", "width": 622}, "variants": {}}]}, "pwls": null, "quarantine": false, "removed_by": null, "removed_by_category": null, "retrieved_on": 1678331095, "score": 25, "secure_media": null, "secure_media_embed": {}, "selftext": "", "send_replies": true, "spoiler": false, "stickied": false, "subreddit": "ThePPShow", "subreddit_id": "t5_7q5o7y", "subreddit_name_prefixed": "r/ThePPShow", "subreddit_subscribers": 581, "subreddit_type": "public", "suggested_sort": null, "thumbnail": "https://b.thumbs.redditmedia.com/qnFtv3QE9C0jdhkJa1Iw6YNkeUPPddzwFlz4oNuSgSo.jpg", "thumbnail_height": 133, "thumbnail_width": 140, "title": "Get ready for another week of REDRUM BABY! \ud83d\ude80", "top_awarded_type": null, "total_awards_received": 0, "treatment_tags": [], "upvote_ratio": 1.0, "url": "https://i.redd.it/2v735o3b1rha1.jpg", "url_overridden_by_dest": "https://i.redd.it/2v735o3b1rha1.jpg", "view_count": null, "whitelist_status": null, "wls": null}, {"all_awardings": [], "allow_live_comments": false, "archived": false, "author": "dicemetal", "author_created_utc": null, "author_flair_background_color": null, "author_flair_css_class": null, "author_flair_richtext": [], "author_flair_template_id": null, "author_flair_text": null, "author_flair_text_color": null, "author_flair_type": "text", "author_fullname": "t2_oygs8m7t", "author_patreon_flair": false, "author_premium": false, "awarders": [], "banned_by": null, "can_gild": true, "can_mod_post": false, "category": null, "content_categories": null, "contest_mode": false, "created_utc": 1676185540, "discussion_type": null, "distinguished": null, "domain": "i.redd.it", "edited": false, "gilded": 0, "gildings": {}, "hidden": false, "hide_score": false, "id": "1109m8f", "is_created_from_ads_ui": false, "is_crosspostable": true, "is_meta": false, "is_original_content": false, "is_reddit_media_domain": true, "is_robot_indexable": true, "is_self": false, "is_video": false, "link_flair_background_color": "", "link_flair_css_class": null, "link_flair_richtext": [], "link_flair_text": null, "link_flair_text_color": "dark", "link_flair_type": "text", "locked": false, "media": null, "media_embed": {}, "media_only": false, "name": "t3_1109m8f", "no_follow": false, "num_comments": 2, "num_crossposts": 0, "over_18": false, "parent_whitelist_status": null, "permalink": "/r/ThePPShow/comments/1109m8f/leaf_ppshow_takeover/", "pinned": false, "post_hint": "image", "preview": {"enabled": true, "images": [{"id": "UC6gjXptRM3WVfcUqFLJrL8b-nMsp47AxQAgPO2FvTo", "resolutions": [{"height": 129, "url": "https://preview.redd.it/35zp20z60rha1.jpg?width=108&amp;crop=smart&amp;auto=webp&amp;v=enabled&amp;s=a31d9e9217f31654227a8acd5ba4a4a55061d708", "width": 108}, {"height": 259, "url": "https://preview.redd.it/35zp20z60rha1.jpg?width=216&amp;crop=smart&amp;auto=webp&amp;v=enabled&amp;s=844b5ad582705d3eaeae6e193dfa54e51dddb8ce", "width": 216}, {"height": 384, "url": "https://preview.redd.it/35zp20z60rha1.jpg?width=320&amp;crop=smart&amp;auto=webp&amp;v=enabled&amp;s=fa9f3194570d5bc82298b4ac0778f399d776adfe", "width": 320}, {"height": 769, "url": "https://preview.redd.it/35zp20z60rha1.jpg?width=640&amp;crop=smart&amp;auto=webp&amp;v=enabled&amp;s=1518ae2bb9ec687a19caaa12a46db9b6732024e1", "width": 640}], "source": {"height": 812, "url": "https://preview.redd.it/35zp20z60rha1.jpg?auto=webp&amp;v=enabled&amp;s=7513fe256fd655a657fc967c361df0b2745c74cd", "width": 675}, "variants": {}}]}, "pwls": null, "quarantine": false, "removed_by": null, "removed_by_category": null, "retrieved_on": 1678331098, "score": 8, "secure_media": null, "secure_media_embed": {}, "selftext": "", "send_replies": true, "spoiler": false, "stickied": false, "subreddit": "ThePPShow", "subreddit_id": "t5_7q5o7y", "subreddit_name_prefixed": "r/ThePPShow", "subreddit_subscribers": 581, "subreddit_type": "public", "suggested_sort": null, "thumbnail": "https://b.thumbs.redditmedia.com/qqEmdhQ6nrFeguIp6239NyXonMoCmjor-0GnQwOkE9k.jpg", "thumbnail_height": 140, "thumbnail_width": 140, "title": "\ud83c\udde8\ud83c\udde6 Leaf ppshow takeover?", "top_awarded_type": null, "total_awards_received": 0, "treatment_tags": [], "upvote_ratio": 0.9, "url": "https://i.redd.it/35zp20z60rha1.jpg", "url_overridden_by_dest": "https://i.redd.it/35zp20z60rha1.jpg", "view_count": null, "whitelist_status": null, "wls": null}, {"all_awardings": [{"award_sub_type": "GLOBAL", "award_type": "global", "awardings_required_to_grant_benefits": null, "coin_price": 325, "coin_reward": 0, "count": 1, "days_of_drip_extension": null, "days_of_premium": null, "description": "Boldly go where we haven't been in a long, long time.", "end_date": null, "giver_coin_reward": null, "icon_format": "APNG", "icon_height": 512, "icon_url": "https://www.redditstatic.com/gold/awards/icon/Rocket_512.png", "icon_width": 512, "id": "award_2bc47247-b107-44a8-a78c-613da21869ff", "is_enabled": true, "is_new": false, "name": "To The Stars", "penny_donate": null, "penny_price": 0, "resized_icons": [{"height": 16, "url": "https://www.redditstatic.com/gold/awards/icon/Rocket_16.png", "width": 16}, {"height": 32, "url": "https://www.redditstatic.com/gold/awards/icon/Rocket_32.png", "width": 32}, {"height": 48, "url": "https://www.redditstatic.com/gold/awards/icon/Rocket_48.png", "width": 48}, {"height": 64, "url": "https://www.redditstatic.com/gold/awards/icon/Rocket_64.png", "width": 64}, {"height": 128, "url": "https://www.redditstatic.com/gold/awards/icon/Rocket_128.png", "width": 128}], "resized_static_icons": [{"height": 16, "url": "https://preview.redd.it/award_images/t5_22cerq/1sof6d93g9e51_ToTheStars.png?width=16&amp;height=16&amp;auto=webp&amp;v=enabled&amp;s=06f2d039483185440c5e566f72737a920237569b", "width": 16}, {"height": 32, "url": "https://preview.redd.it/award_images/t5_22cerq/1sof6d93g9e51_ToTheStars.png?width=32&amp;height=32&amp;auto=webp&amp;v=enabled&amp;s=d0ecc136d90892f44d543d59e829c16e5fb88e47", "width": 32}, {"height": 48, "url": "https://preview.redd.it/award_images/t5_22cerq/1sof6d93g9e51_ToTheStars.png?width=48&amp;height=48&amp;auto=webp&amp;v=enabled&amp;s=62b08d35d1a520218ef92eba8201ac610dce24d7", "width": 48}, {"height": 64, "url": "https://preview.redd.it/award_images/t5_22cerq/1sof6d93g9e51_ToTheStars.png?width=64&amp;height=64&amp;auto=webp&amp;v=enabled&amp;s=380d1eeb5fe919116bbafe61b1aa5a82e83d59c2", "width": 64}, {"height": 128, "url": "https://preview.redd.it/award_images/t5_22cerq/1sof6d93g9e51_ToTheStars.png?width=128&amp;height=128&amp;auto=webp&amp;v=enabled&amp;s=28263127cf796e9c53e91fb0a750106e59ac67c0", "width": 128}], "start_date": null, "static_icon_height": 512, "static_icon_url": "https://i.redd.it/award_images/t5_22cerq/1sof6d93g9e51_ToTheStars.png", "static_icon_width": 512, "sticky_duration_seconds": null, "subreddit_coin_reward": 0, "subreddit_id": null, "tiers_by_required_awardings": null}], "allow_live_comments": false, "archived": false, "author": "dicemetal", "author_created_utc": null, "author_flair_background_color": null, "author_flair_css_class": null, "author_flair_richtext": [], "author_flair_template_id": null, "author_flair_text": null, "author_flair_text_color": null, "author_flair_type": "text", "author_fullname": "t2_oygs8m7t", "author_patreon_flair": false, "author_premium": false, "awarders": [], "banned_by": null, "can_gild": true, "can_mod_post": false, "category": null, "content_categories": null, "contest_mode": false, "created_utc": 1676184662, "discussion_type": null, "distinguished": null, "domain": "i.redd.it", "edited": false, "gilded": 0, "gildings": {}, "hidden": false, "hide_score": false, "id": "1109dua", "is_created_from_ads_ui": false, "is_crosspostable": true, "is_meta": false, "is_original_content": false, "is_reddit_media_domain": true, "is_robot_indexable": true, "is_self": false, "is_video": false, "link_flair_background_color": "", "link_flair_css_class": null, "link_flair_richtext": [], "link_flair_text": null, "link_flair_text_color": "dark", "link_flair_type": "text", "locked": false, "media": null, "media_embed": {}, "media_only": false, "name": "t3_1109dua", "no_follow": false, "num_comments": 0, "num_crossposts": 0, "over_18": false, "parent_whitelist_status": null, "permalink": "/r/ThePPShow/comments/1109dua/the_hype_videos_we_all_needed/", "pinned": false, "post_hint": "image", "preview": {"enabled": true, "images": [{"id": "opBaHeo3t-SjhM7EnOiODs5j7ZF2m5mmpSumOEPHBBM", "resolutions": [{"height": 60, "url": "https://preview.redd.it/2x84whgufpha1.gif?width=108&amp;crop=smart&amp;format=png8&amp;v=enabled&amp;s=4d72a3b688ca05ef6ed1f2ba0c5fde8696805fe0", "width": 108}, {"height": 120, "url": "https://preview.redd.it/2x84whgufpha1.gif?width=216&amp;crop=smart&amp;format=png8&amp;v=enabled&amp;s=123282db5eb599364753ce48f9c171eca442d9cf", "width": 216}, {"height": 179, "url": "https://preview.redd.it/2x84whgufpha1.gif?width=320&amp;crop=smart&amp;format=png8&amp;v=enabled&amp;s=bfcd5b6f5884c3b8eab768661d1e79558b98bb11", "width": 320}, {"height": 358, "url": "https://preview.redd.it/2x84whgufpha1.gif?width=640&amp;crop=smart&amp;format=png8&amp;v=enabled&amp;s=9f55b1c3b6606a28314fcf0ae26568e0d847992e", "width": 640}], "source": {"height": 392, "url": "https://preview.redd.it/2x84whgufpha1.gif?format=png8&amp;v=enabled&amp;s=fb9edaef0291e13263bd3e0276c5277dbd171264", "width": 700}, "variants": {"gif": {"resolutions": [{"height": 60, "url": "https://preview.redd.it/2x84whgufpha1.gif?width=108&amp;crop=smart&amp;v=enabled&amp;s=1c126eb84790308a296bc0f25cc22c21cabacf4f", "width": 108}, {"height": 120, "url": "https://preview.redd.it/2x84whgufpha1.gif?width=216&amp;crop=smart&amp;v=enabled&amp;s=50cbf6441fa7aaf93a4a8c2f59f6ca9d0d82f295", "width": 216}, {"height": 179, "url": "https://preview.redd.it/2x84whgufpha1.gif?width=320&amp;crop=smart&amp;v=enabled&amp;s=3c36b95824c6505c39fffb03812995c51ff7900d", "width": 320}, {"height": 358, "url": "https://preview.redd.it/2x84whgufpha1.gif?width=640&amp;crop=smart&amp;v=enabled&amp;s=30445089b444680b65981985facabdf55d9d11a5", "width": 640}], "source": {"height": 392, "url": "https://preview.redd.it/2x84whgufpha1.gif?s=dba0a326d7f8c475146e9c027fea7f51ce1caae9", "width": 700}}, "mp4": {"resolutions": [{"height": 60, "url": "https://preview.redd.it/2x84whgufpha1.gif?width=108&amp;format=mp4&amp;v=enabled&amp;s=4492292648adf6e4685bd7fdebb43b3bfa9cbd3c", "width": 108}, {"height": 120, "url": "https://preview.redd.it/2x84whgufpha1.gif?width=216&amp;format=mp4&amp;v=enabled&amp;s=61d1a9b8b92d8f8089038a42f137821ac773d0e6", "width": 216}, {"height": 179, "url": "https://preview.redd.it/2x84whgufpha1.gif?width=320&amp;format=mp4&amp;v=enabled&amp;s=284681c643d9a22e645b479598c0416c1e691223", "width": 320}, {"height": 358, "url": "https://preview.redd.it/2x84whgufpha1.gif?width=640&amp;format=mp4&amp;v=enabled&amp;s=c7d30243ab3830ddf37cf74b435494d07509edc7", "width": 640}], "source": {"height": 392, "url": "https://preview.redd.it/2x84whgufpha1.gif?format=mp4&amp;v=enabled&amp;s=cc65d0a1922121309fb6bfa6ff77e442b3ec4ad8", "width": 700}}}}]}, "pwls": null, "quarantine": false, "removed_by": null, "removed_by_category": null, "retrieved_on": 1678331108, "score": 10, "secure_media": null, "secure_media_embed": {}, "selftext": "", "send_replies": true, "spoiler": false, "stickied": false, "subreddit": "ThePPShow", "subreddit_id": "t5_7q5o7y", "subreddit_name_prefixed": "r/ThePPShow", "subreddit_subscribers": 581, "subreddit_type": "public", "suggested_sort": null, "thumbnail": "https://b.thumbs.redditmedia.com/0Y6tf3kD_AwF8Ihoeh3dJGFnRUitQF-LzBAfT1MWE8Y.jpg", "thumbnail_height": 78, "thumbnail_width": 140, "title": "The hype videos we all needed \ud83e\udec2", "top_awarded_type": null, "total_awards_received": 1, "treatment_tags": [], "upvote_ratio": 1.0, "url": "https://i.redd.it/2x84whgufpha1.gif", "url_overridden_by_dest": "https://i.redd.it/2x84whgufpha1.gif", "view_count": null, "whitelist_status": null, "wls": null}, {"all_awardings": [], "allow_live_comments": false, "archived": false, "author": "Fraya2", "author_created_utc": 1664737241, "author_flair_background_color": null, "author_flair_css_class": null, "author_flair_richtext": [], "author_flair_template_id": null, "author_flair_text": null, "author_flair_text_color": null, "author_flair_type": "text", "author_fullname": "t2_t0nyhb3q", "author_patreon_flair": false, "author_premium": false, "awarders": [], "banned_by": null, "can_gild": true, "can_mod_post": false, "category": null, "content_categories": null, "contest_mode": false, "created_utc": 1676171989, "discussion_type": null, "distinguished": null, "domain": "self.ThePPShow", "edited": false, "gilded": 0, "gildings": {}, "hidden": false, "hide_score": false, "id": "1105s4h", "is_created_from_ads_ui": false, "is_crosspostable": true, "is_meta": false, "is_original_content": false, "is_reddit_media_domain": false, "is_robot_indexable": true, "is_self": true, "is_video": false, "link_flair_background_color": "", "link_flair_css_class": null, "link_flair_richtext": [], "link_flair_text": null, "link_flair_text_color": "dark", "link_flair_type": "text", "locked": false, "media": null, "media_embed": {}, "media_metadata": {"pbr3606wdoha1": {"e": "Image", "id": "pbr3606wdoha1", "m": "image/jpg", "p": [{"u": "https://preview.redd.it/pbr3606wdoha1.jpg?width=108&amp;crop=smart&amp;auto=webp&amp;v=enabled&amp;s=00a107e8332f67a0775c29b959a147b2dfb93c4d", "x": 108, "y": 44}, {"u": "https://preview.redd.it/pbr3606wdoha1.jpg?width=216&amp;crop=smart&amp;auto=webp&amp;v=enabled&amp;s=b1e6e17d56cfc7cbddfa8ec248e2303642567d65", "x": 216, "y": 88}, {"u": "https://preview.redd.it/pbr3606wdoha1.jpg?width=320&amp;crop=smart&amp;auto=webp&amp;v=enabled&amp;s=4cc84ee237c9943ffc09be2d8a6bfe13a05b326c", "x": 320, "y": 131}, {"u": "https://preview.redd.it/pbr3606wdoha1.jpg?width=640&amp;crop=smart&amp;auto=webp&amp;v=enabled&amp;s=8096287130ec32173db2be8ae357c0b8dd211168", "x": 640, "y": 262}, {"u": "https://preview.redd.it/pbr3606wdoha1.jpg?width=960&amp;crop=smart&amp;auto=webp&amp;v=enabled&amp;s=4f8b478498250ca8bd29edc76ac56d7e4c647d96", "x": 960, "y": 394}, {"u": "https://preview.redd.it/pbr3606wdoha1.jpg?width=1080&amp;crop=smart&amp;auto=webp&amp;v=enabled&amp;s=af23722e85d78691c6b085b2a2aafa75c9e4e916", "x": 1080, "y": 443}], "s": {"u": "https://preview.redd.it/pbr3606wdoha1.jpg?width=1273&amp;format=pjpg&amp;auto=webp&amp;v=enabled&amp;s=7c7eed2fa81bfed08e3cbad73d3cd3a870f20e03", "x": 1273, "y": 523}, "status": "valid"}}, "media_only": false, "name": "t3_1105s4h", "no_follow": false, "num_comments": 1, "num_crossposts": 0, "over_18": false, "parent_whitelist_status": null, "permalink": "/r/ThePPShow/comments/1105s4h/ta_correlated_pairs/", "pinned": false, "pwls": null, "quarantine": false, "removed_by": null, "removed_by_category": null, "retrieved_on": 1678331268, "score": 2, "secure_media": null, "secure_media_embed": {}, "selftext": "I've been learning about correlated pairs with respect to certain industries. I was curious to apply these principles to **BBBY** (specialty retail) and here's what I found when learning about hedging:\n\n**BBW**, **BARK**, **JOAN**, and **BBBY** were last seen hanging out together around Aug-Sept 2022. They have since drifted apart. Although, because they are in the same industry AND are affected by similar underlying forces (those that affect specialty retail), we can assume that they will meet up again soon. We're looking at the **1H** Chart here...\n\nIF I wanted to hedge my bet, ideally what I'd do while looking at this specific chart is:\n\n1. short sell the top two, **BBW** &amp; **BARK** \n\n2. buy the bottom two, **JOAN** &amp; **BBBY**\n\n&amp;#x200B;\n\nSo, if I wanted to be long on ANY of these positions, I would want it to be **BBBY**. It is extremely oversold and also far surpasses **BBW** (the purple line) every couple of months; and **BBW**'s share price is currently $22.99. Think about that! \n\nSEE YOU ON THE MOON, HODL, NFA\n\nhttps://preview.redd.it/pbr3606wdoha1.jpg?width=1273&amp;format=pjpg&amp;auto=webp&amp;v=enabled&amp;s=7c7eed2fa81bfed08e3cbad73d3cd3a870f20e03", "send_replies": false, "spoiler": false, "stickied": false, "subreddit": "ThePPShow", "subreddit_id": "t5_7q5o7y", "subreddit_name_prefixed": "r/ThePPShow", "subreddit_subscribers": 581, "subreddit_type": "public", "suggested_sort": null, "thumbnail": "https://b.thumbs.redditmedia.com/zyG_AX4jIT4rGWv8h_84SxUFlzHfg6yzW2rsq9Z9c8c.jpg", "thumbnail_height": 57, "thumbnail_width": 140, "title": "TA - Correlated Pairs", "top_awarded_type": null, "total_awards_received": 0, "treatment_tags": [], "upvote_ratio": 0.75, "url": "https://www.reddit.com/r/ThePPShow/comments/1105s4h/ta_correlated_pairs/", "view_count": null, "whitelist_status": null, "wls": null}, {"all_awardings": [], "allow_live_comments": false, "archived": false, "author": "[deleted]", "author_created_utc": null, "author_flair_background_color": "", "author_flair_css_class": null, "author_flair_template_id": null, "author_flair_text": null, "author_flair_text_color": "dark", "awarders": [], "banned_by": null, "can_gild": false, "can_mod_post": false, "category": null, "content_categories": null, "contest_mode": false, "created_utc": 1676171657, "discussion_type": null, "distinguished": null, "domain": "", "edited": false, "gilded": 0, "gildings": {}, "hidden": false, "hide_score": false, "id": "1105ofb", "is_created_from_ads_ui": false, "is_crosspostable": false, "is_meta": false, "is_original_content": false, "is_reddit_media_domain": false, "is_robot_indexable": false, "is_self": true, "is_video": false, "link_flair_background_color": "", "link_flair_css_class": null, "link_flair_richtext": [], "link_flair_text": null, "link_flair_text_color": "dark", "link_flair_type": "text", "locked": false, "media": null, "media_embed": {}, "media_only": false, "name": "t3_1105ofb", "no_follow": false, "num_comments": 0, "num_crossposts": 0, "over_18": false, "parent_whitelist_status": null, "permalink": "/r/ThePPShow/comments/1105ofb/ta_correlated_pairs/", "pinned": false, "pwls": null, "quarantine": false, "removed_by": null, "removed_by_category": "deleted", "retrieved_on": 1678331271, "score": 1, "secure_media": null, "secure_media_embed": {}, "selftext": "[deleted]", "send_replies": false, "spoiler": false, "stickied": false, "subreddit": "ThePPShow", "subreddit_id": "t5_7q5o7y", "subreddit_name_prefixed": "r/ThePPShow", "subreddit_subscribers": 581, "subreddit_type": "public", "suggested_sort": null, "thumbnail": "default", "thumbnail_height": null, "thumbnail_width": null, "title": "TA - Correlated Pairs", "top_awarded_type": null, "total_awards_received": 0, "treatment_tags": [], "upvote_ratio": 1.0, "url": "", "view_count": null, "whitelist_status": null, "wls": null}, {"all_awardings": [], "allow_live_comments": false, "archived": false, "author": "ppseeds", "author_created_utc": 1518222553, "author_flair_background_color": null, "author_flair_css_class": null, "author_flair_richtext": [], "author_flair_template_id": null, "author_flair_text": null, "author_flair_text_color": null, "author_flair_type": "text", "author_fullname": "t2_w7v9rg0", "author_patreon_flair": false, "author_premium": true, "awarders": [], "banned_by": null, "can_gild": true, "can_mod_post": false, "category": null, "content_categories": null, "contest_mode": false, "created_utc": 1676162426, "discussion_type": null, "distinguished": "moderator", "domain": "i.redd.it", "edited": false, "gilded": 0, "gildings": {}, "hidden": false, "hide_score": false, "id": "1102ny5", "is_created_from_ads_ui": false, "is_crosspostable": true, "is_meta": false, "is_original_content": false, "is_reddit_media_domain": true, "is_robot_indexable": true, "is_self": false, "is_video": false, "link_flair_background_color": "#ffd635", "link_flair_css_class": "", "link_flair_richtext": [], "link_flair_template_id": "b389bcaa-8f0a-11ed-9b6e-1e9f599434b1", "link_flair_text": "Stream announcement", "link_flair_text_color": "dark", "link_flair_type": "text", "locked": false, "media": null, "media_embed": {}, "media_only": false, "name": "t3_1102ny5", "no_follow": false, "num_comments": 10, "num_crossposts": 0, "over_18": false, "parent_whitelist_status": null, "permalink": "/r/ThePPShow/comments/1102ny5/all_future_music_of_theppshow_will_be_produced_by/", "pinned": false, "post_hint": "image", "preview": {"enabled": true, "images": [{"id": "8zrPaVVzycRpHQMRsSsmNEugrtlL7Y2tbG7RF9Ie0pU", "resolutions": [{"height": 71, "url": "https://preview.redd.it/dri8qrjglnha1.jpg?width=108&amp;crop=smart&amp;auto=webp&amp;v=enabled&amp;s=daeb8a85e0f3be3df60599d8f0a9c90c8c04ae2d", "width": 108}, {"height": 143, "url": "https://preview.redd.it/dri8qrjglnha1.jpg?width=216&amp;crop=smart&amp;auto=webp&amp;v=enabled&amp;s=85509aea985d28555af919b339d88c69efddeb60", "width": 216}, {"height": 213, "url": "https://preview.redd.it/dri8qrjglnha1.jpg?width=320&amp;crop=smart&amp;auto=webp&amp;v=enabled&amp;s=c790e0433773d01fd1a6fea17235f62a61a75ee5", "width": 320}, {"height": 426, "url": "https://preview.redd.it/dri8qrjglnha1.jpg?width=640&amp;crop=smart&amp;auto=webp&amp;v=enabled&amp;s=6a24ef2910b206b2963c5d58fe53b51e4deeb8d9", "width": 640}, {"height": 639, "url": "https://preview.redd.it/dri8qrjglnha1.jpg?width=960&amp;crop=smart&amp;auto=webp&amp;v=enabled&amp;s=020c403df187fbac61ea21f9149036d7b621b910", "width": 960}, {"height": 719, "url": "https://preview.redd.it/dri8qrjglnha1.jpg?width=1080&amp;crop=smart&amp;auto=webp&amp;v=enabled&amp;s=327fcb49664fa6f362102aac0d8753902065eac4", "width": 1080}], "source": {"height": 4339, "url": "https://preview.redd.it/dri8qrjglnha1.jpg?auto=webp&amp;v=enabled&amp;s=7cc242ac0ce5b482c84915ddcb1f7f4ae7acc545", "width": 6509}, "variants": {}}]}, "pwls": null, "quarantine": false, "removed_by": null, "removed_by_category": null, "retrieved_on": 1678331401, "score": 17, "secure_media": null, "secure_media_embed": {}, "selftext": "", "send_replies": true, "spoiler": false, "stickied": false, "subreddit": "ThePPShow", "subreddit_id": "t5_7q5o7y", "subreddit_name_prefixed": "r/ThePPShow", "subreddit_subscribers": 581, "subreddit_type": "public", "suggested_sort": null, "thumbnail": "https://a.thumbs.redditmedia.com/hBKp8fVNb4JHqjdPAirqPUalhh4K8ehmT6naJL5yIV0.jpg", "thumbnail_height": 93, "thumbnail_width": 140, "title": "All future music of ThePPshow will be produced by Dixie! Sweet sounds all the way from the UK! Looking forward with working with you Dixie!", "top_awarded_type": null, "total_awards_received": 0, "treatment_tags": [], "upvote_ratio": 0.91, "url": "https://i.redd.it/dri8qrjglnha1.jpg", "url_overridden_by_dest": "https://i.redd.it/dri8qrjglnha1.jpg", "view_count": null, "whitelist_status": null, "wls": null}], "metadata": {"op_a": 56, "op_b": 50, "total": 106}, "error": null}