{"data": [{"all_awardings": [], "allow_live_comments": false, "archived": false, "author": "starshippr", "author_created_utc": 1612092309, "author_flair_background_color": null, "author_flair_css_class": null, "author_flair_richtext": [], "author_flair_template_id": null, "author_flair_text": null, "author_flair_text_color": null, "author_flair_type": "text", "author_fullname": "t2_9at0oc35", "author_patreon_flair": false, "author_premium": false, "awarders": [], "banned_by": null, "can_gild": true, "can_mod_post": false, "category": null, "content_categories": null, "contest_mode": false, "created_utc": 1675122348, "discussion_type": null, "distinguished": null, "domain": "i.redd.it", "edited": false, "gilded": 0, "gildings": {}, "hidden": false, "hide_score": false, "id": "10pi1do", "is_created_from_ads_ui": false, "is_crosspostable": false, "is_meta": false, "is_original_content": false, "is_reddit_media_domain": true, "is_robot_indexable": false, "is_self": false, "is_video": false, "link_flair_background_color": "", "link_flair_css_class": null, "link_flair_richtext": [], "link_flair_text": null, "link_flair_text_color": "dark", "link_flair_type": "text", "locked": false, "media": null, "media_embed": {}, "media_only": false, "name": "t3_10pi1do", "no_follow": true, "num_comments": 1, "num_crossposts": 3, "over_18": false, "parent_whitelist_status": null, "permalink": "/r/ThePPShow/comments/10pi1do/just_captured_the_one_frame_which_contains_dd/", "pinned": false, "pwls": null, "quarantine": false, "removed_by": null, "removed_by_category": "moderator", "retrieved_on": 1676224783, "score": 7, "secure_media": null, "secure_media_embed": {}, "selftext": "", "send_replies": true, "spoiler": false, "stickied": false, "subreddit": "ThePPShow", "subreddit_id": "t5_7q5o7y", "subreddit_name_prefixed": "r/ThePPShow", "subreddit_subscribers": 327, "subreddit_type": "public", "suggested_sort": null, "thumbnail": "default", "thumbnail_height": 140, "thumbnail_width": 140, "title": "Just captured the one frame which contains DD from future \ud83e\udda7\ud83d\ude80\ud83e\udd21", "top_awarded_type": null, "total_awards_received": 0, "treatment_tags": [], "upvote_ratio": 0.82, "url": "https://i.redd.it/wspm20zr6bfa1.gif", "url_overridden_by_dest": "https://i.redd.it/wspm20zr6bfa1.gif", "view_count": null, "whitelist_status": null, "wls": null}, {"all_awardings": [], "allow_live_comments": false, "archived": false, "author": "Bbbydaddy", "author_created_utc": 1673797090, "author_flair_background_color": null, "author_flair_css_class": null, "author_flair_richtext": [], "author_flair_template_id": null, "author_flair_text": null, "author_flair_text_color": null, "author_flair_type": "text", "author_fullname": "t2_5oac2fdz", "author_patreon_flair": false, "author_premium": false, "awarders": [], "banned_by": null, "can_gild": true, "can_mod_post": false, "category": null, "content_categories": null, "contest_mode": false, "created_utc": 1675117759, "discussion_type": null, "distinguished": null, "domain": "i.redd.it", "edited": false, "gilded": 0, "gildings": {}, "hidden": false, "hide_score": false, "id": "10pg66d", "is_created_from_ads_ui": false, "is_crosspostable": false, "is_meta": false, "is_original_content": false, "is_reddit_media_domain": true, "is_robot_indexable": false, "is_self": false, "is_video": false, "link_flair_background_color": "", "link_flair_css_class": null, "link_flair_richtext": [], "link_flair_text": null, "link_flair_text_color": "dark", "link_flair_type": "text", "locked": false, "media": null, "media_embed": {}, "media_only": false, "name": "t3_10pg66d", "no_follow": true, "num_comments": 7, "num_crossposts": 0, "over_18": false, "parent_whitelist_status": null, "permalink": "/r/ThePPShow/comments/10pg66d/shorting_this_guys_port_be_right_back/", "pinned": false, "pwls": null, "quarantine": false, "removed_by": null, "removed_by_category": "moderator", "retrieved_on": 1676224841, "score": 24, "secure_media": null, "secure_media_embed": {}, "selftext": "", "send_replies": true, "spoiler": false, "stickied": false, "subreddit": "ThePPShow", "subreddit_id": "t5_7q5o7y", "subreddit_name_prefixed": "r/ThePPShow", "subreddit_subscribers": 327, "subreddit_type": "public", "suggested_sort": null, "thumbnail": "default", "thumbnail_height": 140, "thumbnail_width": 140, "title": "Shorting this guys port be right back", "top_awarded_type": null, "total_awards_received": 0, "treatment_tags": [], "upvote_ratio": 1.0, "url": "https://i.redd.it/9c5381u4tafa1.jpg", "url_overridden_by_dest": "https://i.redd.it/9c5381u4tafa1.jpg", "view_count": null, "whitelist_status": null, "wls": null}, {"all_awardings": [], "allow_live_comments": false, "archived": false, "author": "moonshot_69", "author_created_utc": 1662328354, "author_flair_background_color": null, "author_flair_css_class": null, "author_flair_richtext": [], "author_flair_template_id": null, "author_flair_text": null, "author_flair_text_color": null, "author_flair_type": "text", "author_fullname": "t2_rpv9h1mq", "author_patreon_flair": false, "author_premium": true, "awarders": [], "banned_by": null, "can_gild": true, "can_mod_post": false, "category": null, "content_categories": null, "contest_mode": false, "created_utc": 1675113732, "crosspost_parent": "t3_10p317w", "crosspost_parent_list": [{"all_awardings": [{"award_sub_type": "GLOBAL", "award_type": "global", "awardings_required_to_grant_benefits": null, "coin_price": 500, "coin_reward": 100, "count": 3, "days_of_drip_extension": null, "days_of_premium": 7, "description": "Gives 100 Reddit Coins and a week of r/lounge access and ad-free browsing.", "end_date": null, "giver_coin_reward": null, "icon_format": null, "icon_height": 512, "icon_url": "https://www.redditstatic.com/gold/awards/icon/gold_512.png", "icon_width": 512, "id": "gid_2", "is_enabled": true, "is_new": false, "name": "Gold", "penny_donate": null, "penny_price": null, "resized_icons": [{"height": 16, "url": "https://www.redditstatic.com/gold/awards/icon/gold_16.png", "width": 16}, {"height": 32, "url": "https://www.redditstatic.com/gold/awards/icon/gold_32.png", "width": 32}, {"height": 48, "url": "https://www.redditstatic.com/gold/awards/icon/gold_48.png", "width": 48}, {"height": 64, "url": "https://www.redditstatic.com/gold/awards/icon/gold_64.png", "width": 64}, {"height": 128, "url": "https://www.redditstatic.com/gold/awards/icon/gold_128.png", "width": 128}], "resized_static_icons": [{"height": 16, "url": "https://www.redditstatic.com/gold/awards/icon/gold_16.png", "width": 16}, {"height": 32, "url": "https://www.redditstatic.com/gold/awards/icon/gold_32.png", "width": 32}, {"height": 48, "url": "https://www.redditstatic.com/gold/awards/icon/gold_48.png", "width": 48}, {"height": 64, "url": "https://www.redditstatic.com/gold/awards/icon/gold_64.png", "width": 64}, {"height": 128, "url": "https://www.redditstatic.com/gold/awards/icon/gold_128.png", "width": 128}], "start_date": null, "static_icon_height": 512, "static_icon_url": "https://www.redditstatic.com/gold/awards/icon/gold_512.png", "static_icon_width": 512, "sticky_duration_seconds": null, "subreddit_coin_reward": 0, "subreddit_id": null, "tiers_by_required_awardings": null}, {"award_sub_type": "PREMIUM", "award_type": "global", "awardings_required_to_grant_benefits": null, "coin_price": 30, "coin_reward": 0, "count": 1, "days_of_drip_extension": null, "days_of_premium": null, "description": "A glittering stamp for a feel-good thing", "end_date": null, "giver_coin_reward": null, "icon_format": null, "icon_height": 2048, "icon_url": "https://i.redd.it/award_images/t5_22cerq/b9ks3a5k7jj41_WholesomeSealofApproval.png", "icon_width": 2048, "id": "award_c4b2e438-16bb-4568-88e7-7893b7662944", "is_enabled": true, "is_new": false, "name": "Wholesome Seal of Approval", "penny_donate": null, "penny_price": null, "resized_icons": [{"height": 16, "url": "https://preview.redd.it/award_images/t5_22cerq/b9ks3a5k7jj41_WholesomeSealofApproval.png?width=16&amp;height=16&amp;auto=webp&amp;v=enabled&amp;s=703f779c36fa6c24a87048219c8ad79c38f588dc", "width": 16}, {"height": 32, "url": "https://preview.redd.it/award_images/t5_22cerq/b9ks3a5k7jj41_WholesomeSealofApproval.png?width=32&amp;height=32&amp;auto=webp&amp;v=enabled&amp;s=f1353fd49988371ae4b98114d2f30ad3abd2435e", "width": 32}, {"height": 48, "url": "https://preview.redd.it/award_images/t5_22cerq/b9ks3a5k7jj41_WholesomeSealofApproval.png?width=48&amp;height=48&amp;auto=webp&amp;v=enabled&amp;s=a6325378b5acbd6940233feeeab0d6cc936467c9", "width": 48}, {"height": 64, "url": "https://preview.redd.it/award_images/t5_22cerq/b9ks3a5k7jj41_WholesomeSealofApproval.png?width=64&amp;height=64&amp;auto=webp&amp;v=enabled&amp;s=aa1d8321e60dc611ebc686f814b0ad996d1056c5", "width": 64}, {"height": 128, "url": "https://preview.redd.it/award_images/t5_22cerq/b9ks3a5k7jj41_WholesomeSealofApproval.png?width=128&amp;height=128&amp;auto=webp&amp;v=enabled&amp;s=4c5a9a5cf1591f7074c67a67339e34fbf34a3107", "width": 128}], "resized_static_icons": [{"height": 16, "url": "https://preview.redd.it/award_images/t5_22cerq/b9ks3a5k7jj41_WholesomeSealofApproval.png?width=16&amp;height=16&amp;auto=webp&amp;v=enabled&amp;s=703f779c36fa6c24a87048219c8ad79c38f588dc", "width": 16}, {"height": 32, "url": "https://preview.redd.it/award_images/t5_22cerq/b9ks3a5k7jj41_WholesomeSealofApproval.png?width=32&amp;height=32&amp;auto=webp&amp;v=enabled&amp;s=f1353fd49988371ae4b98114d2f30ad3abd2435e", "width": 32}, {"height": 48, "url": "https://preview.redd.it/award_images/t5_22cerq/b9ks3a5k7jj41_WholesomeSealofApproval.png?width=48&amp;height=48&amp;auto=webp&amp;v=enabled&amp;s=a6325378b5acbd6940233feeeab0d6cc936467c9", "width": 48}, {"height": 64, "url": "https://preview.redd.it/award_images/t5_22cerq/b9ks3a5k7jj41_WholesomeSealofApproval.png?width=64&amp;height=64&amp;auto=webp&amp;v=enabled&amp;s=aa1d8321e60dc611ebc686f814b0ad996d1056c5", "width": 64}, {"height": 128, "url": "https://preview.redd.it/award_images/t5_22cerq/b9ks3a5k7jj41_WholesomeSealofApproval.png?width=128&amp;height=128&amp;auto=webp&amp;v=enabled&amp;s=4c5a9a5cf1591f7074c67a67339e34fbf34a3107", "width": 128}], "start_date": null, "static_icon_height": 2048, "static_icon_url": "https://i.redd.it/award_images/t5_22cerq/b9ks3a5k7jj41_WholesomeSealofApproval.png", "static_icon_width": 2048, "sticky_duration_seconds": null, "subreddit_coin_reward": 0, "subreddit_id": null, "tiers_by_required_awardings": null}, {"award_sub_type": "GLOBAL", "award_type": "global", "awardings_required_to_grant_benefits": null, "coin_price": 250, "coin_reward": 0, "count": 1, "days_of_drip_extension": null, "days_of_premium": null, "description": "I'm catching the vibration", "end_date": null, "giver_coin_reward": null, "icon_format": "APNG", "icon_height": 512, "icon_url": "https://www.redditstatic.com/gold/awards/icon/Vibing_512.png", "icon_width": 512, "id": "award_3f4e6f36-dacc-4919-b170-9d0201cd258f", "is_enabled": true, "is_new": false, "name": "Vibing", "penny_donate": null, "penny_price": 0, "resized_icons": [{"height": 16, "url": "https://www.redditstatic.com/gold/awards/icon/Vibing_16.png", "width": 16}, {"height": 32, "url": "https://www.redditstatic.com/gold/awards/icon/Vibing_32.png", "width": 32}, {"height": 48, "url": "https://www.redditstatic.com/gold/awards/icon/Vibing_48.png", "width": 48}, {"height": 64, "url": "https://www.redditstatic.com/gold/awards/icon/Vibing_64.png", "width": 64}, {"height": 128, "url": "https://www.redditstatic.com/gold/awards/icon/Vibing_128.png", "width": 128}], "resized_static_icons": [{"height": 16, "url": "https://preview.redd.it/award_images/t5_22cerq/95cnwtudh5f61_Vibing.png?width=16&amp;height=16&amp;auto=webp&amp;v=enabled&amp;s=6ff9eca9531f6e6a2bc0e633ee5addb2fe8ea2d9", "width": 16}, {"height": 32, "url": "https://preview.redd.it/award_images/t5_22cerq/95cnwtudh5f61_Vibing.png?width=32&amp;height=32&amp;auto=webp&amp;v=enabled&amp;s=7085d8549ebd0ecf0ef1cd76e0fa5e7121dd5f9d", "width": 32}, {"height": 48, "url": "https://preview.redd.it/award_images/t5_22cerq/95cnwtudh5f61_Vibing.png?width=48&amp;height=48&amp;auto=webp&amp;v=enabled&amp;s=fdb9fd466b40bcff777fcca16ca6ae630e7b4e3a", "width": 48}, {"height": 64, "url": "https://preview.redd.it/award_images/t5_22cerq/95cnwtudh5f61_Vibing.png?width=64&amp;height=64&amp;auto=webp&amp;v=enabled&amp;s=db5db6bf010c8b0e8e9905da5311986888bcce0e", "width": 64}, {"height": 128, "url": "https://preview.redd.it/award_images/t5_22cerq/95cnwtudh5f61_Vibing.png?width=128&amp;height=128&amp;auto=webp&amp;v=enabled&amp;s=3374c2d091835f45550691fd6aeb671b742385a1", "width": 128}], "start_date": null, "static_icon_height": 512, "static_icon_url": "https://i.redd.it/award_images/t5_22cerq/95cnwtudh5f61_Vibing.png", "static_icon_width": 512, "sticky_duration_seconds": null, "subreddit_coin_reward": 0, "subreddit_id": null, "tiers_by_required_awardings": null}, {"award_sub_type": "GLOBAL", "award_type": "global", "awardings_required_to_grant_benefits": null, "coin_price": 300, "coin_reward": 0, "count": 1, "days_of_drip_extension": null, "days_of_premium": null, "description": "When an upvote just isn't enough, smash the Rocket Like.", "end_date": null, "giver_coin_reward": null, "icon_format": null, "icon_height": 2048, "icon_url": "https://i.redd.it/award_images/t5_q0gj4/35d17tf5e5f61_oldrocketlike.png", "icon_width": 2048, "id": "award_28e8196b-d4e9-45bc-b612-cd4c7d3ed4b3", "is_enabled": true, "is_new": false, "name": "Rocket Like", "penny_donate": null, "penny_price": null, "resized_icons": [{"height": 16, "url": "https://preview.redd.it/award_images/t5_q0gj4/35d17tf5e5f61_oldrocketlike.png?width=16&amp;height=16&amp;auto=webp&amp;v=enabled&amp;s=564019b829e6253eaf30f626284709587460fba1", "width": 16}, {"height": 32, "url": "https://preview.redd.it/award_images/t5_q0gj4/35d17tf5e5f61_oldrocketlike.png?width=32&amp;height=32&amp;auto=webp&amp;v=enabled&amp;s=b4d0a228dc2bafd3a84dd68731709b17bd9fd391", "width": 32}, {"height": 48, "url": "https://preview.redd.it/award_images/t5_q0gj4/35d17tf5e5f61_oldrocketlike.png?width=48&amp;height=48&amp;auto=webp&amp;v=enabled&amp;s=ae810169fbf8fd3d3dd5a8b9fdccda9836fab85f", "width": 48}, {"height": 64, "url": "https://preview.redd.it/award_images/t5_q0gj4/35d17tf5e5f61_oldrocketlike.png?width=64&amp;height=64&amp;auto=webp&amp;v=enabled&amp;s=bd64f599dece8f6661883c0b5c99e4d9ba8219d7", "width": 64}, {"height": 128, "url": "https://preview.redd.it/award_images/t5_q0gj4/35d17tf5e5f61_oldrocketlike.png?width=128&amp;height=128&amp;auto=webp&amp;v=enabled&amp;s=211306621950d40e8ca5f316716a687ef154b546", "width": 128}], "resized_static_icons": [{"height": 16, "url": "https://preview.redd.it/award_images/t5_q0gj4/9fmmyy3c68361_RocketLikeSanta.png?width=16&amp;height=16&amp;auto=webp&amp;v=enabled&amp;s=de989d3b9d98c5010b17c537124216b5e80dd8a5", "width": 16}, {"height": 32, "url": "https://preview.redd.it/award_images/t5_q0gj4/9fmmyy3c68361_RocketLikeSanta.png?width=32&amp;height=32&amp;auto=webp&amp;v=enabled&amp;s=5cdd8764850cb233ac515abafc5b5c52cd8c4e9a", "width": 32}, {"height": 48, "url": "https://preview.redd.it/award_images/t5_q0gj4/9fmmyy3c68361_RocketLikeSanta.png?width=48&amp;height=48&amp;auto=webp&amp;v=enabled&amp;s=5aa2acbbdaf56e0f37ac1f27be6cc7fbc7531b75", "width": 48}, {"height": 64, "url": "https://preview.redd.it/award_images/t5_q0gj4/9fmmyy3c68361_RocketLikeSanta.png?width=64&amp;height=64&amp;auto=webp&amp;v=enabled&amp;s=b35b0414786fa3866dbfb047f34d547de339e46c", "width": 64}, {"height": 128, "url": "https://preview.redd.it/award_images/t5_q0gj4/9fmmyy3c68361_RocketLikeSanta.png?width=128&amp;height=128&amp;auto=webp&amp;v=enabled&amp;s=61975a0345895bc89aef018a19fb67c8833f327d", "width": 128}], "start_date": null, "static_icon_height": 2048, "static_icon_url": "https://i.redd.it/award_images/t5_q0gj4/9fmmyy3c68361_RocketLikeSanta.png", "static_icon_width": 2048, "sticky_duration_seconds": null, "subreddit_coin_reward": 0, "subreddit_id": null, "tiers_by_required_awardings": null}, {"award_sub_type": "GLOBAL", "award_type": "global", "awardings_required_to_grant_benefits": null, "coin_price": 325, "coin_reward": 0, "count": 2, "days_of_drip_extension": null, "days_of_premium": null, "description": "Boldly go where we haven't been in a long, long time.", "end_date": null, "giver_coin_reward": null, "icon_format": "APNG", "icon_height": 512, "icon_url": "https://www.redditstatic.com/gold/awards/icon/Rocket_512.png", "icon_width": 512, "id": "award_2bc47247-b107-44a8-a78c-613da21869ff", "is_enabled": true, "is_new": false, "name": "To The Stars", "penny_donate": null, "penny_price": 0, "resized_icons": [{"height": 16, "url": "https://www.redditstatic.com/gold/awards/icon/Rocket_16.png", "width": 16}, {"height": 32, "url": "https://www.redditstatic.com/gold/awards/icon/Rocket_32.png", "width": 32}, {"height": 48, "url": "https://www.redditstatic.com/gold/awards/icon/Rocket_48.png", "width": 48}, {"height": 64, "url": "https://www.redditstatic.com/gold/awards/icon/Rocket_64.png", "width": 64}, {"height": 128, "url": "https://www.redditstatic.com/gold/awards/icon/Rocket_128.png", "width": 128}], "resized_static_icons": [{"height": 16, "url": "https://preview.redd.it/award_images/t5_22cerq/1sof6d93g9e51_ToTheStars.png?width=16&amp;height=16&amp;auto=webp&amp;v=enabled&amp;s=06f2d039483185440c5e566f72737a920237569b", "width": 16}, {"height": 32, "url": "https://preview.redd.it/award_images/t5_22cerq/1sof6d93g9e51_ToTheStars.png?width=32&amp;height=32&amp;auto=webp&amp;v=enabled&amp;s=d0ecc136d90892f44d543d59e829c16e5fb88e47", "width": 32}, {"height": 48, "url": "https://preview.redd.it/award_images/t5_22cerq/1sof6d93g9e51_ToTheStars.png?width=48&amp;height=48&amp;auto=webp&amp;v=enabled&amp;s=62b08d35d1a520218ef92eba8201ac610dce24d7", "width": 48}, {"height": 64, "url": "https://preview.redd.it/award_images/t5_22cerq/1sof6d93g9e51_ToTheStars.png?width=64&amp;height=64&amp;auto=webp&amp;v=enabled&amp;s=380d1eeb5fe919116bbafe61b1aa5a82e83d59c2", "width": 64}, {"height": 128, "url": "https://preview.redd.it/award_images/t5_22cerq/1sof6d93g9e51_ToTheStars.png?width=128&amp;height=128&amp;auto=webp&amp;v=enabled&amp;s=28263127cf796e9c53e91fb0a750106e59ac67c0", "width": 128}], "start_date": null, "static_icon_height": 512, "static_icon_url": "https://i.redd.it/award_images/t5_22cerq/1sof6d93g9e51_ToTheStars.png", "static_icon_width": 512, "sticky_duration_seconds": null, "subreddit_coin_reward": 0, "subreddit_id": null, "tiers_by_required_awardings": null}, {"award_sub_type": "GLOBAL", "award_type": "global", "awardings_required_to_grant_benefits": null, "coin_price": 100, "coin_reward": 0, "count": 1, "days_of_drip_extension": null, "days_of_premium": null, "description": "Did somebody say 'Murica?", "end_date": null, "giver_coin_reward": null, "icon_format": "PNG", "icon_height": 2048, "icon_url": "https://i.redd.it/award_images/t5_22cerq/18mwqw5th9e51_MURICA.png", "icon_width": 2048, "id": "award_869d4135-8738-41e5-8630-de593b4f049f", "is_enabled": true, "is_new": false, "name": "'MURICA", "penny_donate": null, "penny_price": 0, "resized_icons": [{"height": 16, "url": "https://preview.redd.it/award_images/t5_22cerq/18mwqw5th9e51_MURICA.png?width=16&amp;height=16&amp;auto=webp&amp;v=enabled&amp;s=77b7b232c4fbd8510365e8c635535a4996b4310b", "width": 16}, {"height": 32, "url": "https://preview.redd.it/award_images/t5_22cerq/18mwqw5th9e51_MURICA.png?width=32&amp;height=32&amp;auto=webp&amp;v=enabled&amp;s=3b31383dbff4315a7d7e19d8e5666393979c7e20", "width": 32}, {"height": 48, "url": "https://preview.redd.it/award_images/t5_22cerq/18mwqw5th9e51_MURICA.png?width=48&amp;height=48&amp;auto=webp&amp;v=enabled&amp;s=18b1c954f42e68430c97d118fb33312d8104405f", "width": 48}, {"height": 64, "url": "https://preview.redd.it/award_images/t5_22cerq/18mwqw5th9e51_MURICA.png?width=64&amp;height=64&amp;auto=webp&amp;v=enabled&amp;s=c565254244208bcaece759fab965423ff70231ab", "width": 64}, {"height": 128, "url": "https://preview.redd.it/award_images/t5_22cerq/18mwqw5th9e51_MURICA.png?width=128&amp;height=128&amp;auto=webp&amp;v=enabled&amp;s=12efe98a4936ff506226181c812c8083f02a9649", "width": 128}], "resized_static_icons": [{"height": 16, "url": "https://preview.redd.it/award_images/t5_22cerq/18mwqw5th9e51_MURICA.png?width=16&amp;height=16&amp;auto=webp&amp;v=enabled&amp;s=77b7b232c4fbd8510365e8c635535a4996b4310b", "width": 16}, {"height": 32, "url": "https://preview.redd.it/award_images/t5_22cerq/18mwqw5th9e51_MURICA.png?width=32&amp;height=32&amp;auto=webp&amp;v=enabled&amp;s=3b31383dbff4315a7d7e19d8e5666393979c7e20", "width": 32}, {"height": 48, "url": "https://preview.redd.it/award_images/t5_22cerq/18mwqw5th9e51_MURICA.png?width=48&amp;height=48&amp;auto=webp&amp;v=enabled&amp;s=18b1c954f42e68430c97d118fb33312d8104405f", "width": 48}, {"height": 64, "url": "https://preview.redd.it/award_images/t5_22cerq/18mwqw5th9e51_MURICA.png?width=64&amp;height=64&amp;auto=webp&amp;v=enabled&amp;s=c565254244208bcaece759fab965423ff70231ab", "width": 64}, {"height": 128, "url": "https://preview.redd.it/award_images/t5_22cerq/18mwqw5th9e51_MURICA.png?width=128&amp;height=128&amp;auto=webp&amp;v=enabled&amp;s=12efe98a4936ff506226181c812c8083f02a9649", "width": 128}], "start_date": null, "static_icon_height": 2048, "static_icon_url": "https://i.redd.it/award_images/t5_22cerq/18mwqw5th9e51_MURICA.png", "static_icon_width": 2048, "sticky_duration_seconds": null, "subreddit_coin_reward": 0, "subreddit_id": null, "tiers_by_required_awardings": null}, {"award_sub_type": "GLOBAL", "award_type": "global", "awardings_required_to_grant_benefits": null, "coin_price": 250, "coin_reward": 0, "count": 1, "days_of_drip_extension": null, "days_of_premium": null, "description": "Party time, shower them with sparkly paper", "end_date": null, "giver_coin_reward": null, "icon_format": "APNG", "icon_height": 512, "icon_url": "https://www.redditstatic.com/gold/awards/icon/ConfettiBall_512.png", "icon_width": 512, "id": "award_1671746c-49e2-4cdd-be4e-ec8892434278", "is_enabled": true, "is_new": false, "name": "Confetti", "penny_donate": null, "penny_price": 0, "resized_icons": [{"height": 16, "url": "https://www.redditstatic.com/gold/awards/icon/ConfettiBall_16.png", "width": 16}, {"height": 32, "url": "https://www.redditstatic.com/gold/awards/icon/ConfettiBall_32.png", "width": 32}, {"height": 48, "url": "https://www.redditstatic.com/gold/awards/icon/ConfettiBall_48.png", "width": 48}, {"height": 64, "url": "https://www.redditstatic.com/gold/awards/icon/ConfettiBall_64.png", "width": 64}, {"height": 128, "url": "https://www.redditstatic.com/gold/awards/icon/ConfettiBall_128.png", "width": 128}], "resized_static_icons": [{"height": 16, "url": "https://preview.redd.it/award_images/t5_22cerq/1z4ffgtexs561_Confetti.png?width=16&amp;height=16&amp;auto=webp&amp;v=enabled&amp;s=95c97a054ce36d997fe05237b741334e6e5dd6d3", "width": 16}, {"height": 32, "url": "https://preview.redd.it/award_images/t5_22cerq/1z4ffgtexs561_Confetti.png?width=32&amp;height=32&amp;auto=webp&amp;v=enabled&amp;s=a9d1fd0a3a09e2a346e607dbe03f9a0e2afc2b56", "width": 32}, {"height": 48, "url": "https://preview.redd.it/award_images/t5_22cerq/1z4ffgtexs561_Confetti.png?width=48&amp;height=48&amp;auto=webp&amp;v=enabled&amp;s=3d7b8c9d23286d21a27d42e5c28a6bef065c7c6f", "width": 48}, {"height": 64, "url": "https://preview.redd.it/award_images/t5_22cerq/1z4ffgtexs561_Confetti.png?width=64&amp;height=64&amp;auto=webp&amp;v=enabled&amp;s=8334c775bf17af4fc95ae35e73ce648ceaabd682", "width": 64}, {"height": 128, "url": "https://preview.redd.it/award_images/t5_22cerq/1z4ffgtexs561_Confetti.png?width=128&amp;height=128&amp;auto=webp&amp;v=enabled&amp;s=6187a5e219a9399a741eef54f52333e1baa4cc51", "width": 128}], "start_date": null, "static_icon_height": 512, "static_icon_url": "https://i.redd.it/award_images/t5_22cerq/1z4ffgtexs561_Confetti.png", "static_icon_width": 512, "sticky_duration_seconds": null, "subreddit_coin_reward": 0, "subreddit_id": null, "tiers_by_required_awardings": null}, {"award_sub_type": "GLOBAL", "award_type": "global", "awardings_required_to_grant_benefits": null, "coin_price": 50, "coin_reward": 0, "count": 7, "days_of_drip_extension": null, "days_of_premium": null, "description": "I'm in this with you.", "end_date": null, "giver_coin_reward": null, "icon_format": "PNG", "icon_height": 2048, "icon_url": "https://i.redd.it/award_images/t5_q0gj4/p4yzxkaed5f61_oldtakemyenergy.png", "icon_width": 2048, "id": "award_02d9ab2c-162e-4c01-8438-317a016ed3d9", "is_enabled": true, "is_new": false, "name": "Take My Energy", "penny_donate": null, "penny_price": 0, "resized_icons": [{"height": 16, "url": "https://preview.redd.it/award_images/t5_q0gj4/p4yzxkaed5f61_oldtakemyenergy.png?width=16&amp;height=16&amp;auto=webp&amp;v=enabled&amp;s=32add54efce28cc8ce035c5e2bc89a27286a815e", "width": 16}, {"height": 32, "url": "https://preview.redd.it/award_images/t5_q0gj4/p4yzxkaed5f61_oldtakemyenergy.png?width=32&amp;height=32&amp;auto=webp&amp;v=enabled&amp;s=dfb00ece05340570177df7cfa1af6d2737c0910b", "width": 32}, {"height": 48, "url": "https://preview.redd.it/award_images/t5_q0gj4/p4yzxkaed5f61_oldtakemyenergy.png?width=48&amp;height=48&amp;auto=webp&amp;v=enabled&amp;s=e8b0b87b868f6cd6313e2c90975dac636e4a0412", "width": 48}, {"height": 64, "url": "https://preview.redd.it/award_images/t5_q0gj4/p4yzxkaed5f61_oldtakemyenergy.png?width=64&amp;height=64&amp;auto=webp&amp;v=enabled&amp;s=2a3ad7ec2ccc57b6c65b17e2b57647a81f335039", "width": 64}, {"height": 128, "url": "https://preview.redd.it/award_images/t5_q0gj4/p4yzxkaed5f61_oldtakemyenergy.png?width=128&amp;height=128&amp;auto=webp&amp;v=enabled&amp;s=d4a8ca64b391e8b057408067d77f503752c29b7e", "width": 128}], "resized_static_icons": [{"height": 16, "url": "https://preview.redd.it/award_images/t5_q0gj4/jtw7x06j68361_TakeMyEnergyElf.png?width=16&amp;height=16&amp;auto=webp&amp;v=enabled&amp;s=4efb20a46b5cee58042da74830ee914d1547236c", "width": 16}, {"height": 32, "url": "https://preview.redd.it/award_images/t5_q0gj4/jtw7x06j68361_TakeMyEnergyElf.png?width=32&amp;height=32&amp;auto=webp&amp;v=enabled&amp;s=83e8bea70baef2140842017e967f163a9f530a9d", "width": 32}, {"height": 48, "url": "https://preview.redd.it/award_images/t5_q0gj4/jtw7x06j68361_TakeMyEnergyElf.png?width=48&amp;height=48&amp;auto=webp&amp;v=enabled&amp;s=14fb29ce140b35a21a7cc7ee1c4d212ce0b1179d", "width": 48}, {"height": 64, "url": "https://preview.redd.it/award_images/t5_q0gj4/jtw7x06j68361_TakeMyEnergyElf.png?width=64&amp;height=64&amp;auto=webp&amp;v=enabled&amp;s=533b05085677b48f15004bd7f9ff19ec5b29099f", "width": 64}, {"height": 128, "url": "https://preview.redd.it/award_images/t5_q0gj4/jtw7x06j68361_TakeMyEnergyElf.png?width=128&amp;height=128&amp;auto=webp&amp;v=enabled&amp;s=6f767b3c289e5cb2a733b24da5f4c46d9c079bc7", "width": 128}], "start_date": null, "static_icon_height": 2048, "static_icon_url": "https://i.redd.it/award_images/t5_q0gj4/jtw7x06j68361_TakeMyEnergyElf.png", "static_icon_width": 2048, "sticky_duration_seconds": null, "subreddit_coin_reward": 0, "subreddit_id": null, "tiers_by_required_awardings": null}, {"award_sub_type": "PREMIUM", "award_type": "global", "awardings_required_to_grant_benefits": null, "coin_price": 20, "coin_reward": 0, "count": 1, "days_of_drip_extension": null, "days_of_premium": null, "description": "Can't stop seeing stars", "end_date": null, "giver_coin_reward": null, "icon_format": "APNG", "icon_height": 512, "icon_url": "https://www.redditstatic.com/gold/awards/icon/Starstruck_512.png", "icon_width": 512, "id": "award_abb865cf-620b-4219-8777-3658cf9091fb", "is_enabled": true, "is_new": false, "name": "Starstruck", "penny_donate": null, "penny_price": 0, "resized_icons": [{"height": 16, "url": "https://www.redditstatic.com/gold/awards/icon/Starstruck_16.png", "width": 16}, {"height": 32, "url": "https://www.redditstatic.com/gold/awards/icon/Starstruck_32.png", "width": 32}, {"height": 48, "url": "https://www.redditstatic.com/gold/awards/icon/Starstruck_48.png", "width": 48}, {"height": 64, "url": "https://www.redditstatic.com/gold/awards/icon/Starstruck_64.png", "width": 64}, {"height": 128, "url": "https://www.redditstatic.com/gold/awards/icon/Starstruck_128.png", "width": 128}], "resized_static_icons": [{"height": 16, "url": "https://preview.redd.it/award_images/t5_22cerq/snotiq9vxyn51_Starstruck.png?width=16&amp;height=16&amp;auto=webp&amp;v=enabled&amp;s=33eba03e0a6defb8abde795039b68e67e88b065e", "width": 16}, {"height": 32, "url": "https://preview.redd.it/award_images/t5_22cerq/snotiq9vxyn51_Starstruck.png?width=32&amp;height=32&amp;auto=webp&amp;v=enabled&amp;s=c78ffa7024982f9d4734f29e69627ec6c4c5484f", "width": 32}, {"height": 48, "url": "https://preview.redd.it/award_images/t5_22cerq/snotiq9vxyn51_Starstruck.png?width=48&amp;height=48&amp;auto=webp&amp;v=enabled&amp;s=4e130b357daf70f0a9cc7f8bf8b0e70f0e1e17fd", "width": 48}, {"height": 64, "url": "https://preview.redd.it/award_images/t5_22cerq/snotiq9vxyn51_Starstruck.png?width=64&amp;height=64&amp;auto=webp&amp;v=enabled&amp;s=931bd1908b603e61ec971fb9c882d221eb800cc5", "width": 64}, {"height": 128, "url": "https://preview.redd.it/award_images/t5_22cerq/snotiq9vxyn51_Starstruck.png?width=128&amp;height=128&amp;auto=webp&amp;v=enabled&amp;s=ed034a40c86c89af6308aca761ec27b46e6207f0", "width": 128}], "start_date": null, "static_icon_height": 512, "static_icon_url": "https://i.redd.it/award_images/t5_22cerq/snotiq9vxyn51_Starstruck.png", "static_icon_width": 512, "sticky_duration_seconds": null, "subreddit_coin_reward": 0, "subreddit_id": null, "tiers_by_required_awardings": null}, {"award_sub_type": "GLOBAL", "award_type": "global", "awardings_required_to_grant_benefits": null, "coin_price": 250, "coin_reward": 0, "count": 2, "days_of_drip_extension": null, "days_of_premium": null, "description": "King", "end_date": null, "giver_coin_reward": null, "icon_format": "APNG", "icon_height": 512, "icon_url": "https://www.redditstatic.com/gold/awards/icon/YouDroppedThis_512.png", "icon_width": 512, "id": "award_92d8645c-de2c-44ae-8cd7-7b0c6ab25297", "is_enabled": true, "is_new": false, "name": "You Dropped This", "penny_donate": null, "penny_price": 0, "resized_icons": [{"height": 16, "url": "https://www.redditstatic.com/gold/awards/icon/YouDroppedThis_16.png", "width": 16}, {"height": 32, "url": "https://www.redditstatic.com/gold/awards/icon/YouDroppedThis_32.png", "width": 32}, {"height": 48, "url": "https://www.redditstatic.com/gold/awards/icon/YouDroppedThis_48.png", "width": 48}, {"height": 64, "url": "https://www.redditstatic.com/gold/awards/icon/YouDroppedThis_64.png", "width": 64}, {"height": 128, "url": "https://www.redditstatic.com/gold/awards/icon/YouDroppedThis_128.png", "width": 128}], "resized_static_icons": [{"height": 16, "url": "https://preview.redd.it/award_images/t5_22cerq/fuxn2mr5rts61_YouDroppedThis.png?width=16&amp;height=16&amp;auto=webp&amp;v=enabled&amp;s=d42d9c7772d7d388e3e3f594f9ec2f62eb2d0c04", "width": 16}, {"height": 32, "url": "https://preview.redd.it/award_images/t5_22cerq/fuxn2mr5rts61_YouDroppedThis.png?width=32&amp;height=32&amp;auto=webp&amp;v=enabled&amp;s=6d4dc34a9f31b700b3862bea58dfe0922b4c5947", "width": 32}, {"height": 48, "url": "https://preview.redd.it/award_images/t5_22cerq/fuxn2mr5rts61_YouDroppedThis.png?width=48&amp;height=48&amp;auto=webp&amp;v=enabled&amp;s=88f84878f89497c7dc981ded9a7d3227594c18dd", "width": 48}, {"height": 64, "url": "https://preview.redd.it/award_images/t5_22cerq/fuxn2mr5rts61_YouDroppedThis.png?width=64&amp;height=64&amp;auto=webp&amp;v=enabled&amp;s=c7dc5856efe7a0f4df1d008d2f35273e25f87421", "width": 64}, {"height": 128, "url": "https://preview.redd.it/award_images/t5_22cerq/fuxn2mr5rts61_YouDroppedThis.png?width=128&amp;height=128&amp;auto=webp&amp;v=enabled&amp;s=11a50ebe510bcb7294cab570873227c25bce331c", "width": 128}], "start_date": null, "static_icon_height": 512, "static_icon_url": "https://i.redd.it/award_images/t5_22cerq/fuxn2mr5rts61_YouDroppedThis.png", "static_icon_width": 512, "sticky_duration_seconds": null, "subreddit_coin_reward": 0, "subreddit_id": null, "tiers_by_required_awardings": null}, {"award_sub_type": "GLOBAL", "award_type": "global", "awardings_required_to_grant_benefits": null, "coin_price": 150, "coin_reward": 0, "count": 1, "days_of_drip_extension": null, "days_of_premium": null, "description": "Thank you stranger. Shows the award.", "end_date": null, "giver_coin_reward": null, "icon_format": null, "icon_height": 2048, "icon_url": "https://i.redd.it/award_images/t5_22cerq/klvxk1wggfd41_Helpful.png", "icon_width": 2048, "id": "award_f44611f1-b89e-46dc-97fe-892280b13b82", "is_enabled": true, "is_new": false, "name": "Helpful", "penny_donate": null, "penny_price": null, "resized_icons": [{"height": 16, "url": "https://preview.redd.it/award_images/t5_22cerq/klvxk1wggfd41_Helpful.png?width=16&amp;height=16&amp;auto=webp&amp;v=enabled&amp;s=c670b7d7bc99c03bffde92706ad5ceeda12658f3", "width": 16}, {"height": 32, "url": "https://preview.redd.it/award_images/t5_22cerq/klvxk1wggfd41_Helpful.png?width=32&amp;height=32&amp;auto=webp&amp;v=enabled&amp;s=63a498673bd4a518a031783179a767cc4135d5f5", "width": 32}, {"height": 48, "url": "https://preview.redd.it/award_images/t5_22cerq/klvxk1wggfd41_Helpful.png?width=48&amp;height=48&amp;auto=webp&amp;v=enabled&amp;s=e8802df47965bd66370b72ac3cb7639e9eae92ae", "width": 48}, {"height": 64, "url": "https://preview.redd.it/award_images/t5_22cerq/klvxk1wggfd41_Helpful.png?width=64&amp;height=64&amp;auto=webp&amp;v=enabled&amp;s=fc40ae1c1a18193f190da70a2748d0a48c17a5a9", "width": 64}, {"height": 128, "url": "https://preview.redd.it/award_images/t5_22cerq/klvxk1wggfd41_Helpful.png?width=128&amp;height=128&amp;auto=webp&amp;v=enabled&amp;s=77ba4d8e862ca183dd8c09e002fd123a6b2f52f5", "width": 128}], "resized_static_icons": [{"height": 16, "url": "https://preview.redd.it/award_images/t5_22cerq/klvxk1wggfd41_Helpful.png?width=16&amp;height=16&amp;auto=webp&amp;v=enabled&amp;s=c670b7d7bc99c03bffde92706ad5ceeda12658f3", "width": 16}, {"height": 32, "url": "https://preview.redd.it/award_images/t5_22cerq/klvxk1wggfd41_Helpful.png?width=32&amp;height=32&amp;auto=webp&amp;v=enabled&amp;s=63a498673bd4a518a031783179a767cc4135d5f5", "width": 32}, {"height": 48, "url": "https://preview.redd.it/award_images/t5_22cerq/klvxk1wggfd41_Helpful.png?width=48&amp;height=48&amp;auto=webp&amp;v=enabled&amp;s=e8802df47965bd66370b72ac3cb7639e9eae92ae", "width": 48}, {"height": 64, "url": "https://preview.redd.it/award_images/t5_22cerq/klvxk1wggfd41_Helpful.png?width=64&amp;height=64&amp;auto=webp&amp;v=enabled&amp;s=fc40ae1c1a18193f190da70a2748d0a48c17a5a9", "width": 64}, {"height": 128, "url": "https://preview.redd.it/award_images/t5_22cerq/klvxk1wggfd41_Helpful.png?width=128&amp;height=128&amp;auto=webp&amp;v=enabled&amp;s=77ba4d8e862ca183dd8c09e002fd123a6b2f52f5", "width": 128}], "start_date": null, "static_icon_height": 2048, "static_icon_url": "https://i.redd.it/award_images/t5_22cerq/klvxk1wggfd41_Helpful.png", "static_icon_width": 2048, "sticky_duration_seconds": null, "subreddit_coin_reward": 0, "subreddit_id": null, "tiers_by_required_awardings": null}, {"award_sub_type": "PREMIUM", "award_type": "global", "awardings_required_to_grant_benefits": null, "coin_price": 30, "coin_reward": 0, "count": 1, "days_of_drip_extension": null, "days_of_premium": null, "description": "A golden splash of respect", "end_date": null, "giver_coin_reward": null, "icon_format": null, "icon_height": 2048, "icon_url": "https://i.redd.it/award_images/t5_22cerq/80j20o397jj41_NarwhalSalute.png", "icon_width": 2048, "id": "award_a2506925-fc82-4d6c-ae3b-b7217e09d7f0", "is_enabled": true, "is_new": false, "name": "Narwhal Salute", "penny_donate": null, "penny_price": null, "resized_icons": [{"height": 16, "url": "https://preview.redd.it/award_images/t5_22cerq/80j20o397jj41_NarwhalSalute.png?width=16&amp;height=16&amp;auto=webp&amp;v=enabled&amp;s=8a2a2acbd09705a194b77e9d555b630ec0ed9966", "width": 16}, {"height": 32, "url": "https://preview.redd.it/award_images/t5_22cerq/80j20o397jj41_NarwhalSalute.png?width=32&amp;height=32&amp;auto=webp&amp;v=enabled&amp;s=a1b4dc570c54d4835d396ce6f327cc5df2cd067c", "width": 32}, {"height": 48, "url": "https://preview.redd.it/award_images/t5_22cerq/80j20o397jj41_NarwhalSalute.png?width=48&amp;height=48&amp;auto=webp&amp;v=enabled&amp;s=e4979f617effb9d355397aa2c3f8032870f96fd3", "width": 48}, {"height": 64, "url": "https://preview.redd.it/award_images/t5_22cerq/80j20o397jj41_NarwhalSalute.png?width=64&amp;height=64&amp;auto=webp&amp;v=enabled&amp;s=12d699f41173c6ed50555c5689b463020696a5d3", "width": 64}, {"height": 128, "url": "https://preview.redd.it/award_images/t5_22cerq/80j20o397jj41_NarwhalSalute.png?width=128&amp;height=128&amp;auto=webp&amp;v=enabled&amp;s=5716709f7a329eb81103a5acfee4a545ec0be9b0", "width": 128}], "resized_static_icons": [{"height": 16, "url": "https://preview.redd.it/award_images/t5_22cerq/80j20o397jj41_NarwhalSalute.png?width=16&amp;height=16&amp;auto=webp&amp;v=enabled&amp;s=8a2a2acbd09705a194b77e9d555b630ec0ed9966", "width": 16}, {"height": 32, "url": "https://preview.redd.it/award_images/t5_22cerq/80j20o397jj41_NarwhalSalute.png?width=32&amp;height=32&amp;auto=webp&amp;v=enabled&amp;s=a1b4dc570c54d4835d396ce6f327cc5df2cd067c", "width": 32}, {"height": 48, "url": "https://preview.redd.it/award_images/t5_22cerq/80j20o397jj41_NarwhalSalute.png?width=48&amp;height=48&amp;auto=webp&amp;v=enabled&amp;s=e4979f617effb9d355397aa2c3f8032870f96fd3", "width": 48}, {"height": 64, "url": "https://preview.redd.it/award_images/t5_22cerq/80j20o397jj41_NarwhalSalute.png?width=64&amp;height=64&amp;auto=webp&amp;v=enabled&amp;s=12d699f41173c6ed50555c5689b463020696a5d3", "width": 64}, {"height": 128, "url": "https://preview.redd.it/award_images/t5_22cerq/80j20o397jj41_NarwhalSalute.png?width=128&amp;height=128&amp;auto=webp&amp;v=enabled&amp;s=5716709f7a329eb81103a5acfee4a545ec0be9b0", "width": 128}], "start_date": null, "static_icon_height": 2048, "static_icon_url": "https://i.redd.it/award_images/t5_22cerq/80j20o397jj41_NarwhalSalute.png", "static_icon_width": 2048, "sticky_duration_seconds": null, "subreddit_coin_reward": 0, "subreddit_id": null, "tiers_by_required_awardings": null}, {"award_sub_type": "PREMIUM", "award_type": "global", "awardings_required_to_grant_benefits": null, "coin_price": 30, "coin_reward": 0, "count": 5, "days_of_drip_extension": null, "days_of_premium": null, "description": "A glowing commendation for all to see", "end_date": null, "giver_coin_reward": null, "icon_format": "APNG", "icon_height": 2048, "icon_url": "https://www.redditstatic.com/gold/awards/icon/Illuminati_512.png", "icon_width": 2048, "id": "award_b4ff447e-05a5-42dc-9002-63568807cfe6", "is_enabled": true, "is_new": false, "name": "All-Seeing Upvote", "penny_donate": null, "penny_price": null, "resized_icons": [{"height": 16, "url": "https://www.redditstatic.com/gold/awards/icon/Illuminati_16.png", "width": 16}, {"height": 32, "url": "https://www.redditstatic.com/gold/awards/icon/Illuminati_32.png", "width": 32}, {"height": 48, "url": "https://www.redditstatic.com/gold/awards/icon/Illuminati_48.png", "width": 48}, {"height": 64, "url": "https://www.redditstatic.com/gold/awards/icon/Illuminati_64.png", "width": 64}, {"height": 128, "url": "https://www.redditstatic.com/gold/awards/icon/Illuminati_128.png", "width": 128}], "resized_static_icons": [{"height": 16, "url": "https://preview.redd.it/award_images/t5_q0gj4/am40b8b08l581_All-SeeingUpvote2.png?width=16&amp;height=16&amp;auto=webp&amp;v=enabled&amp;s=25880d00e4283ff6a3851b64c83fea465c3fac48", "width": 16}, {"height": 32, "url": "https://preview.redd.it/award_images/t5_q0gj4/am40b8b08l581_All-SeeingUpvote2.png?width=32&amp;height=32&amp;auto=webp&amp;v=enabled&amp;s=67fae0c2af26488b9d70cb7afe877086707cf1d1", "width": 32}, {"height": 48, "url": "https://preview.redd.it/award_images/t5_q0gj4/am40b8b08l581_All-SeeingUpvote2.png?width=48&amp;height=48&amp;auto=webp&amp;v=enabled&amp;s=3033c6583809a27b998883b7c56c158102cb0420", "width": 48}, {"height": 64, "url": "https://preview.redd.it/award_images/t5_q0gj4/am40b8b08l581_All-SeeingUpvote2.png?width=64&amp;height=64&amp;auto=webp&amp;v=enabled&amp;s=cccb48d7518eaba72894a7ac4214bb70c7120793", "width": 64}, {"height": 128, "url": "https://preview.redd.it/award_images/t5_q0gj4/am40b8b08l581_All-SeeingUpvote2.png?width=128&amp;height=128&amp;auto=webp&amp;v=enabled&amp;s=4101e0eff424bbd818195853387db358bec74ed0", "width": 128}], "start_date": null, "static_icon_height": 2048, "static_icon_url": "https://i.redd.it/award_images/t5_q0gj4/am40b8b08l581_All-SeeingUpvote2.png", "static_icon_width": 2048, "sticky_duration_seconds": null, "subreddit_coin_reward": 0, "subreddit_id": null, "tiers_by_required_awardings": null}, {"award_sub_type": "GLOBAL", "award_type": "global", "awardings_required_to_grant_benefits": null, "coin_price": 250, "coin_reward": 0, "count": 1, "days_of_drip_extension": null, "days_of_premium": null, "description": "That's a little funny", "end_date": null, "giver_coin_reward": null, "icon_format": "APNG", "icon_height": 512, "icon_url": "https://www.redditstatic.com/gold/awards/icon/hehehe_b_512.png", "icon_width": 512, "id": "award_435a5692-f508-4b31-8083-ddc576f26ad3", "is_enabled": true, "is_new": false, "name": "hehehehe", "penny_donate": null, "penny_price": 0, "resized_icons": [{"height": 16, "url": "https://www.redditstatic.com/gold/awards/icon/hehehe_b_16.png", "width": 16}, {"height": 32, "url": "https://www.redditstatic.com/gold/awards/icon/hehehe_b_32.png", "width": 32}, {"height": 48, "url": "https://www.redditstatic.com/gold/awards/icon/hehehe_b_48.png", "width": 48}, {"height": 64, "url": "https://www.redditstatic.com/gold/awards/icon/hehehe_b_64.png", "width": 64}, {"height": 128, "url": "https://www.redditstatic.com/gold/awards/icon/hehehe_b_128.png", "width": 128}], "resized_static_icons": [{"height": 16, "url": "https://preview.redd.it/award_images/t5_22cerq/zenxchy18kd61_hehehehe.png?width=16&amp;height=16&amp;auto=webp&amp;v=enabled&amp;s=6cc14bb007fae14f0e75f5a89436b267e014db4c", "width": 16}, {"height": 32, "url": "https://preview.redd.it/award_images/t5_22cerq/zenxchy18kd61_hehehehe.png?width=32&amp;height=32&amp;auto=webp&amp;v=enabled&amp;s=1c7ad59dd1f6239b4836d5c457742b5f4bc94896", "width": 32}, {"height": 48, "url": "https://preview.redd.it/award_images/t5_22cerq/zenxchy18kd61_hehehehe.png?width=48&amp;height=48&amp;auto=webp&amp;v=enabled&amp;s=86c3d633a3ad6d639de7ca3a09e987a96880e528", "width": 48}, {"height": 64, "url": "https://preview.redd.it/award_images/t5_22cerq/zenxchy18kd61_hehehehe.png?width=64&amp;height=64&amp;auto=webp&amp;v=enabled&amp;s=c21fa1e1b3a6d3268b9da46ea0e5860c35667107", "width": 64}, {"height": 128, "url": "https://preview.redd.it/award_images/t5_22cerq/zenxchy18kd61_hehehehe.png?width=128&amp;height=128&amp;auto=webp&amp;v=enabled&amp;s=a6f9da4256b819dc093f495531501d725d80affe", "width": 128}], "start_date": null, "static_icon_height": 512, "static_icon_url": "https://i.redd.it/award_images/t5_22cerq/zenxchy18kd61_hehehehe.png", "static_icon_width": 512, "sticky_duration_seconds": null, "subreddit_coin_reward": 0, "subreddit_id": null, "tiers_by_required_awardings": null}, {"award_sub_type": "APPRECIATION", "award_type": "global", "awardings_required_to_grant_benefits": null, "coin_price": 250, "coin_reward": 100, "count": 1, "days_of_drip_extension": null, "days_of_premium": null, "description": "When something new and creative wows you. Gives %{coin_symbol}100 Coins to both the author and the community.", "end_date": null, "giver_coin_reward": null, "icon_format": null, "icon_height": 2048, "icon_url": "https://i.redd.it/award_images/t5_22cerq/b8xt4z8yajz31_Original.png", "icon_width": 2048, "id": "award_d306c865-0d49-4a36-a1ab-a4122a0e3480", "is_enabled": true, "is_new": false, "name": "Original", "penny_donate": null, "penny_price": null, "resized_icons": [{"height": 16, "url": "https://preview.redd.it/award_images/t5_22cerq/b8xt4z8yajz31_Original.png?width=16&amp;height=16&amp;auto=webp&amp;v=enabled&amp;s=45a82cf9f0f07db30462f1d545c6c35ce77ff15a", "width": 16}, {"height": 32, "url": "https://preview.redd.it/award_images/t5_22cerq/b8xt4z8yajz31_Original.png?width=32&amp;height=32&amp;auto=webp&amp;v=enabled&amp;s=429e982197a69b45194bfa19c0ac3be24db12faf", "width": 32}, {"height": 48, "url": "https://preview.redd.it/award_images/t5_22cerq/b8xt4z8yajz31_Original.png?width=48&amp;height=48&amp;auto=webp&amp;v=enabled&amp;s=e0b718862aac913ac6cad8ba8ff552ddf447025a", "width": 48}, {"height": 64, "url": "https://preview.redd.it/award_images/t5_22cerq/b8xt4z8yajz31_Original.png?width=64&amp;height=64&amp;auto=webp&amp;v=enabled&amp;s=6984316705889de844dd425235ffc690976c40aa", "width": 64}, {"height": 128, "url": "https://preview.redd.it/award_images/t5_22cerq/b8xt4z8yajz31_Original.png?width=128&amp;height=128&amp;auto=webp&amp;v=enabled&amp;s=d1bfe90c9c7aeb8ccf87e5bb51ed4e4f328bd972", "width": 128}], "resized_static_icons": [{"height": 16, "url": "https://preview.redd.it/award_images/t5_22cerq/b8xt4z8yajz31_Original.png?width=16&amp;height=16&amp;auto=webp&amp;v=enabled&amp;s=45a82cf9f0f07db30462f1d545c6c35ce77ff15a", "width": 16}, {"height": 32, "url": "https://preview.redd.it/award_images/t5_22cerq/b8xt4z8yajz31_Original.png?width=32&amp;height=32&amp;auto=webp&amp;v=enabled&amp;s=429e982197a69b45194bfa19c0ac3be24db12faf", "width": 32}, {"height": 48, "url": "https://preview.redd.it/award_images/t5_22cerq/b8xt4z8yajz31_Original.png?width=48&amp;height=48&amp;auto=webp&amp;v=enabled&amp;s=e0b718862aac913ac6cad8ba8ff552ddf447025a", "width": 48}, {"height": 64, "url": "https://preview.redd.it/award_images/t5_22cerq/b8xt4z8yajz31_Original.png?width=64&amp;height=64&amp;auto=webp&amp;v=enabled&amp;s=6984316705889de844dd425235ffc690976c40aa", "width": 64}, {"height": 128, "url": "https://preview.redd.it/award_images/t5_22cerq/b8xt4z8yajz31_Original.png?width=128&amp;height=128&amp;auto=webp&amp;v=enabled&amp;s=d1bfe90c9c7aeb8ccf87e5bb51ed4e4f328bd972", "width": 128}], "start_date": null, "static_icon_height": 2048, "static_icon_url": "https://i.redd.it/award_images/t5_22cerq/b8xt4z8yajz31_Original.png", "static_icon_width": 2048, "sticky_duration_seconds": null, "subreddit_coin_reward": 100, "subreddit_id": null, "tiers_by_required_awardings": null}], "allow_live_comments": true, "approved_at_utc": null, "approved_by": null, "archived": false, "author": "moonshot_69", "author_flair_background_color": "#373c3f", "author_flair_css_class": null, "author_flair_richtext": [{"e": "text", "t": "Done fucking around. 01/10/2023 \ud83e\uddd1\ud83c\udffd\u200d\ud83d\ude80\ud83d\ude80"}], "author_flair_template_id": "8abdf72e-f3ce-11eb-b3e3-22147bc43b70", "author_flair_text": "Done fucking around. 01/10/2023 \ud83e\uddd1\ud83c\udffd\u200d\ud83d\ude80\ud83d\ude80", "author_flair_text_color": "light", "author_flair_type": "richtext", "author_fullname": "t2_rpv9h1mq", "author_is_blocked": false, "author_patreon_flair": false, "author_premium": true, "awarders": [], "banned_at_utc": null, "banned_by": null, "can_gild": true, "can_mod_post": false, "category": null, "clicked": false, "content_categories": null, "contest_mode": false, "created": 1675087137.0, "created_utc": 1675087137.0, "discussion_type": null, "distinguished": null, "domain": "reddit.com", "downs": 0, "edited": false, "gallery_data": {"items": [{"id": 235186795, "media_id": "o9yj26wjs6fa1"}, {"id": 235186796, "media_id": "17htj6wjs6fa1"}, {"id": 235186797, "media_id": "dgo4k6wjs6fa1"}, {"id": 235186798, "media_id": "g68hi5wjs6fa1"}, {"id": 235186799, "media_id": "qhgmd6wjs6fa1"}, {"id": 235186800, "media_id": "3y23y5wjs6fa1"}, {"id": 235186801, "media_id": "4j4hc6wjs6fa1"}, {"id": 235186802, "media_id": "y083o6wjs6fa1"}, {"id": 235186803, "media_id": "gaqkj6wjs6fa1"}, {"id": 235186804, "media_id": "zai9g6wjs6fa1"}, {"id": 235186805, "media_id": "q7zw66wjs6fa1"}]}, "gilded": 3, "gildings": {"gid_2": 3}, "hidden": false, "hide_score": false, "id": "10p317w", "is_created_from_ads_ui": false, "is_crosspostable": true, "is_gallery": true, "is_meta": false, "is_original_content": false, "is_reddit_media_domain": false, "is_robot_indexable": true, "is_self": false, "is_video": false, "likes": null, "link_flair_background_color": "#ffd635", "link_flair_css_class": "", "link_flair_richtext": [{"e": "text", "t": "\ud83d\udca1 Education"}], "link_flair_template_id": "37ec242e-984f-11eb-94c6-0e8d0acce789", "link_flair_text": "\ud83d\udca1 Education", "link_flair_text_color": "dark", "link_flair_type": "richtext", "locked": false, "media": null, "media_embed": {}, "media_metadata": {"17htj6wjs6fa1": {"e": "Image", "id": "17htj6wjs6fa1", "m": "image/jpg", "p": [{"u": "https://preview.redd.it/17htj6wjs6fa1.jpg?width=108&amp;crop=smart&amp;auto=webp&amp;v=enabled&amp;s=e680bfdb79c3f4234831d669fe3478b24cd5a539", "x": 108, "y": 49}, {"u": "https://preview.redd.it/17htj6wjs6fa1.jpg?width=216&amp;crop=smart&amp;auto=webp&amp;v=enabled&amp;s=f84a6c05a50ce5c8921dac614f3d57938a6cff84", "x": 216, "y": 99}, {"u": "https://preview.redd.it/17htj6wjs6fa1.jpg?width=320&amp;crop=smart&amp;auto=webp&amp;v=enabled&amp;s=292db75180f9790eef30a55742a2f5067be9b7c4", "x": 320, "y": 147}, {"u": "https://preview.redd.it/17htj6wjs6fa1.jpg?width=640&amp;crop=smart&amp;auto=webp&amp;v=enabled&amp;s=13f334e261140150193e8f0e4400357b2140a141", "x": 640, "y": 295}, {"u": "https://preview.redd.it/17htj6wjs6fa1.jpg?width=960&amp;crop=smart&amp;auto=webp&amp;v=enabled&amp;s=3fa46a829e411f21ecb66a3a64387fc11ad94de0", "x": 960, "y": 443}, {"u": "https://preview.redd.it/17htj6wjs6fa1.jpg?width=1080&amp;crop=smart&amp;auto=webp&amp;v=enabled&amp;s=286e8530f8216f6337044a94507329d72dcaa900", "x": 1080, "y": 498}], "s": {"u": "https://preview.redd.it/17htj6wjs6fa1.jpg?width=2436&amp;format=pjpg&amp;auto=webp&amp;v=enabled&amp;s=7b4b758d1684ac20dc70f78a7670e0d7464a2b09", "x": 2436, "y": 1125}, "status": "valid"}, "3y23y5wjs6fa1": {"e": "Image", "id": "3y23y5wjs6fa1", "m": "image/jpg", "p": [{"u": "https://preview.redd.it/3y23y5wjs6fa1.jpg?width=108&amp;crop=smart&amp;auto=webp&amp;v=enabled&amp;s=322768f75d92e27c6fab7ab1497fe1d029a90c6a", "x": 108, "y": 49}, {"u": "https://preview.redd.it/3y23y5wjs6fa1.jpg?width=216&amp;crop=smart&amp;auto=webp&amp;v=enabled&amp;s=e2c09a14738735b095b572cc10c9ca784585bcfe", "x": 216, "y": 99}, {"u": "https://preview.redd.it/3y23y5wjs6fa1.jpg?width=320&amp;crop=smart&amp;auto=webp&amp;v=enabled&amp;s=5c0d1f6893f6feed5e79509c40c929a015cb2929", "x": 320, "y": 147}, {"u": "https://preview.redd.it/3y23y5wjs6fa1.jpg?width=640&amp;crop=smart&amp;auto=webp&amp;v=enabled&amp;s=d866d6a5cfaf1f96cfa2081134e026ef4eb6a1c5", "x": 640, "y": 295}, {"u": "https://preview.redd.it/3y23y5wjs6fa1.jpg?width=960&amp;crop=smart&amp;auto=webp&amp;v=enabled&amp;s=3678b6807bd8bd7282db4330e8784d345aaa0916", "x": 960, "y": 443}, {"u": "https://preview.redd.it/3y23y5wjs6fa1.jpg?width=1080&amp;crop=smart&amp;auto=webp&amp;v=enabled&amp;s=d3728cee5daf9b1acc920f2e1586cce950565340", "x": 1080, "y": 498}], "s": {"u": "https://preview.redd.it/3y23y5wjs6fa1.jpg?width=2436&amp;format=pjpg&amp;auto=webp&amp;v=enabled&amp;s=3c608f96a5db58306b667295068f61878bc67302", "x": 2436, "y": 1125}, "status": "valid"}, "4j4hc6wjs6fa1": {"e": "Image", "id": "4j4hc6wjs6fa1", "m": "image/jpg", "p": [{"u": "https://preview.redd.it/4j4hc6wjs6fa1.jpg?width=108&amp;crop=smart&amp;auto=webp&amp;v=enabled&amp;s=52818fc8751e1bfb9671522b69a5c190a722db07", "x": 108, "y": 49}, {"u": "https://preview.redd.it/4j4hc6wjs6fa1.jpg?width=216&amp;crop=smart&amp;auto=webp&amp;v=enabled&amp;s=d6e277eccabdc5e8da2409480edd0c12bb881e56", "x": 216, "y": 99}, {"u": "https://preview.redd.it/4j4hc6wjs6fa1.jpg?width=320&amp;crop=smart&amp;auto=webp&amp;v=enabled&amp;s=fb8e83428edc07be5cfc7649d95acd169187cc93", "x": 320, "y": 147}, {"u": "https://preview.redd.it/4j4hc6wjs6fa1.jpg?width=640&amp;crop=smart&amp;auto=webp&amp;v=enabled&amp;s=a7c29aca85aae8e2e1a59a06ecd772d43fb8399e", "x": 640, "y": 295}, {"u": "https://preview.redd.it/4j4hc6wjs6fa1.jpg?width=960&amp;crop=smart&amp;auto=webp&amp;v=enabled&amp;s=7ba65a0a2fc9e417248eb7c32a06618a31427da3", "x": 960, "y": 443}, {"u": "https://preview.redd.it/4j4hc6wjs6fa1.jpg?width=1080&amp;crop=smart&amp;auto=webp&amp;v=enabled&amp;s=a1026fea9eb8bbe221ede5fa66a75597fae0febe", "x": 1080, "y": 498}], "s": {"u": "https://preview.redd.it/4j4hc6wjs6fa1.jpg?width=2436&amp;format=pjpg&amp;auto=webp&amp;v=enabled&amp;s=f9ebd506e6030d32b4f79e609f5414165c9f825b", "x": 2436, "y": 1125}, "status": "valid"}, "dgo4k6wjs6fa1": {"e": "Image", "id": "dgo4k6wjs6fa1", "m": "image/jpg", "p": [{"u": "https://preview.redd.it/dgo4k6wjs6fa1.jpg?width=108&amp;crop=smart&amp;auto=webp&amp;v=enabled&amp;s=45787a1409caa5ae2e4f6cc7746b4edb8ea17d5e", "x": 108, "y": 49}, {"u": "https://preview.redd.it/dgo4k6wjs6fa1.jpg?width=216&amp;crop=smart&amp;auto=webp&amp;v=enabled&amp;s=e52b1d88c854378a16609c8ee0425a4804e8ebc6", "x": 216, "y": 99}, {"u": "https://preview.redd.it/dgo4k6wjs6fa1.jpg?width=320&amp;crop=smart&amp;auto=webp&amp;v=enabled&amp;s=27d4cef436440e956e66f5ce9e766c8cfdc601b5", "x": 320, "y": 147}, {"u": "https://preview.redd.it/dgo4k6wjs6fa1.jpg?width=640&amp;crop=smart&amp;auto=webp&amp;v=enabled&amp;s=c2097efb0a2e17c759225e9d0e4be536f3ed9e3f", "x": 640, "y": 295}, {"u": "https://preview.redd.it/dgo4k6wjs6fa1.jpg?width=960&amp;crop=smart&amp;auto=webp&amp;v=enabled&amp;s=33e2897cf72918db1e9e1a571fc27a3a2e97da90", "x": 960, "y": 443}, {"u": "https://preview.redd.it/dgo4k6wjs6fa1.jpg?width=1080&amp;crop=smart&amp;auto=webp&amp;v=enabled&amp;s=ad760a6d4442930145f753931e50b774ac3a1560", "x": 1080, "y": 498}], "s": {"u": "https://preview.redd.it/dgo4k6wjs6fa1.jpg?width=2436&amp;format=pjpg&amp;auto=webp&amp;v=enabled&amp;s=9695b3dc52310652fd87af12144389dd31a953de", "x": 2436, "y": 1125}, "status": "valid"}, "g68hi5wjs6fa1": {"e": "Image", "id": "g68hi5wjs6fa1", "m": "image/jpg", "p": [{"u": "https://preview.redd.it/g68hi5wjs6fa1.jpg?width=108&amp;crop=smart&amp;auto=webp&amp;v=enabled&amp;s=053dd44d51d50de01c9b547763754f5e372c4580", "x": 108, "y": 49}, {"u": "https://preview.redd.it/g68hi5wjs6fa1.jpg?width=216&amp;crop=smart&amp;auto=webp&amp;v=enabled&amp;s=5c144ae0b933e81d741a2102d8ecdf7244dbe546", "x": 216, "y": 99}, {"u": "https://preview.redd.it/g68hi5wjs6fa1.jpg?width=320&amp;crop=smart&amp;auto=webp&amp;v=enabled&amp;s=66fab9c3c05df0e432f9a39db2b028e62763c756", "x": 320, "y": 147}, {"u": "https://preview.redd.it/g68hi5wjs6fa1.jpg?width=640&amp;crop=smart&amp;auto=webp&amp;v=enabled&amp;s=477e71942863fd6bdb392c6b58459e6267c9da48", "x": 640, "y": 295}, {"u": "https://preview.redd.it/g68hi5wjs6fa1.jpg?width=960&amp;crop=smart&amp;auto=webp&amp;v=enabled&amp;s=5125ae78c39ea62dfeae1ee78fa78e5d56037ca4", "x": 960, "y": 443}, {"u": "https://preview.redd.it/g68hi5wjs6fa1.jpg?width=1080&amp;crop=smart&amp;auto=webp&amp;v=enabled&amp;s=9f500ddad7e7255aebae97c3b5d9f888179c208e", "x": 1080, "y": 498}], "s": {"u": "https://preview.redd.it/g68hi5wjs6fa1.jpg?width=2436&amp;format=pjpg&amp;auto=webp&amp;v=enabled&amp;s=50929c6237f53ea8cc44cbd90a9b2db17a5be934", "x": 2436, "y": 1125}, "status": "valid"}, "gaqkj6wjs6fa1": {"e": "Image", "id": "gaqkj6wjs6fa1", "m": "image/jpg", "p": [{"u": "https://preview.redd.it/gaqkj6wjs6fa1.jpg?width=108&amp;crop=smart&amp;auto=webp&amp;v=enabled&amp;s=9b935d3a4e187bb4512f6011fb56f64034bd2621", "x": 108, "y": 49}, {"u": "https://preview.redd.it/gaqkj6wjs6fa1.jpg?width=216&amp;crop=smart&amp;auto=webp&amp;v=enabled&amp;s=bfbbb01b902aeea465cfce244d53550b6f25b7a5", "x": 216, "y": 99}, {"u": "https://preview.redd.it/gaqkj6wjs6fa1.jpg?width=320&amp;crop=smart&amp;auto=webp&amp;v=enabled&amp;s=187fd3723471cb8406f8a4ae983069a665f92204", "x": 320, "y": 147}, {"u": "https://preview.redd.it/gaqkj6wjs6fa1.jpg?width=640&amp;crop=smart&amp;auto=webp&amp;v=enabled&amp;s=cfe9c2f14aa8b2bc9cc64eb21b811b9688441ca5", "x": 640, "y": 295}, {"u": "https://preview.redd.it/gaqkj6wjs6fa1.jpg?width=960&amp;crop=smart&amp;auto=webp&amp;v=enabled&amp;s=ed20bca6be876c0a4b84498cd83052b2aff1ed83", "x": 960, "y": 443}, {"u": "https://preview.redd.it/gaqkj6wjs6fa1.jpg?width=1080&amp;crop=smart&amp;auto=webp&amp;v=enabled&amp;s=b04ca59d61fd7e52fb9928935d20a0c5b75d319f", "x": 1080, "y": 498}], "s": {"u": "https://preview.redd.it/gaqkj6wjs6fa1.jpg?width=2436&amp;format=pjpg&amp;auto=webp&amp;v=enabled&amp;s=b132bb8f3cb6391ed8c50c2048f14e5312efe038", "x": 2436, "y": 1125}, "status": "valid"}, "o9yj26wjs6fa1": {"e": "Image", "id": "o9yj26wjs6fa1", "m": "image/jpg", "p": [{"u": "https://preview.redd.it/o9yj26wjs6fa1.jpg?width=108&amp;crop=smart&amp;auto=webp&amp;v=enabled&amp;s=79086cfa50a8bd339f8864a2aebdbc0740a73bb4", "x": 108, "y": 49}, {"u": "https://preview.redd.it/o9yj26wjs6fa1.jpg?width=216&amp;crop=smart&amp;auto=webp&amp;v=enabled&amp;s=cb88703a0c04c43f2ee7ff9dafb272a32fbe3468", "x": 216, "y": 99}, {"u": "https://preview.redd.it/o9yj26wjs6fa1.jpg?width=320&amp;crop=smart&amp;auto=webp&amp;v=enabled&amp;s=72471781d89522a645655b1f8f64aba1d4510ddf", "x": 320, "y": 147}, {"u": "https://preview.redd.it/o9yj26wjs6fa1.jpg?width=640&amp;crop=smart&amp;auto=webp&amp;v=enabled&amp;s=d4b0d292f3e4b6167cc7346bee3d20694d6eb53b", "x": 640, "y": 295}, {"u": "https://preview.redd.it/o9yj26wjs6fa1.jpg?width=960&amp;crop=smart&amp;auto=webp&amp;v=enabled&amp;s=854b6007c150437f9af65da8def904c6319d90ac", "x": 960, "y": 443}, {"u": "https://preview.redd.it/o9yj26wjs6fa1.jpg?width=1080&amp;crop=smart&amp;auto=webp&amp;v=enabled&amp;s=55b97a63aa6e58337f124f2988a9bb545808abf0", "x": 1080, "y": 498}], "s": {"u": "https://preview.redd.it/o9yj26wjs6fa1.jpg?width=2436&amp;format=pjpg&amp;auto=webp&amp;v=enabled&amp;s=b36fcb254bff2e8abdd4d3d3f70775f9ebcd439f", "x": 2436, "y": 1125}, "status": "valid"}, "q7zw66wjs6fa1": {"e": "Image", "id": "q7zw66wjs6fa1", "m": "image/jpg", "p": [{"u": "https://preview.redd.it/q7zw66wjs6fa1.jpg?width=108&amp;crop=smart&amp;auto=webp&amp;v=enabled&amp;s=249e122a127949b8fa1d50da0a430485bd9770ff", "x": 108, "y": 49}, {"u": "https://preview.redd.it/q7zw66wjs6fa1.jpg?width=216&amp;crop=smart&amp;auto=webp&amp;v=enabled&amp;s=c2540749284344eb2a0ad050bf5313e0879ba443", "x": 216, "y": 99}, {"u": "https://preview.redd.it/q7zw66wjs6fa1.jpg?width=320&amp;crop=smart&amp;auto=webp&amp;v=enabled&amp;s=02ce6e761525cf4ded5fffd40873d9c3908cd7db", "x": 320, "y": 147}, {"u": "https://preview.redd.it/q7zw66wjs6fa1.jpg?width=640&amp;crop=smart&amp;auto=webp&amp;v=enabled&amp;s=235539da59a32e023a33e1723db074e93b853241", "x": 640, "y": 295}, {"u": "https://preview.redd.it/q7zw66wjs6fa1.jpg?width=960&amp;crop=smart&amp;auto=webp&amp;v=enabled&amp;s=7629fe443ef87406055dce8c19d3c52ec3b5af7f", "x": 960, "y": 443}, {"u": "https://preview.redd.it/q7zw66wjs6fa1.jpg?width=1080&amp;crop=smart&amp;auto=webp&amp;v=enabled&amp;s=b84994e1da04115a589d4daa1ab0bca0a4db713b", "x": 1080, "y": 498}], "s": {"u": "https://preview.redd.it/q7zw66wjs6fa1.jpg?width=2436&amp;format=pjpg&amp;auto=webp&amp;v=enabled&amp;s=3f005991bc12ab92aa522171faa881ee6ff0e03c", "x": 2436, "y": 1125}, "status": "valid"}, "qhgmd6wjs6fa1": {"e": "Image", "id": "qhgmd6wjs6fa1", "m": "image/jpg", "p": [{"u": "https://preview.redd.it/qhgmd6wjs6fa1.jpg?width=108&amp;crop=smart&amp;auto=webp&amp;v=enabled&amp;s=b6aaa42eb628f326cd891a1df4d793f2bfd6b1dd", "x": 108, "y": 49}, {"u": "https://preview.redd.it/qhgmd6wjs6fa1.jpg?width=216&amp;crop=smart&amp;auto=webp&amp;v=enabled&amp;s=50cd29c7e4918e172521dbfa227459de07cb74b8", "x": 216, "y": 99}, {"u": "https://preview.redd.it/qhgmd6wjs6fa1.jpg?width=320&amp;crop=smart&amp;auto=webp&amp;v=enabled&amp;s=018c43831d635b273204e6805bbd3c5cff472e8d", "x": 320, "y": 147}, {"u": "https://preview.redd.it/qhgmd6wjs6fa1.jpg?width=640&amp;crop=smart&amp;auto=webp&amp;v=enabled&amp;s=ee71b335453fdd48ae1c0d9a317e75a485726c6f", "x": 640, "y": 295}, {"u": "https://preview.redd.it/qhgmd6wjs6fa1.jpg?width=960&amp;crop=smart&amp;auto=webp&amp;v=enabled&amp;s=2a6046e5d516b2fd41789c338e06fd28aa2d03e9", "x": 960, "y": 443}, {"u": "https://preview.redd.it/qhgmd6wjs6fa1.jpg?width=1080&amp;crop=smart&amp;auto=webp&amp;v=enabled&amp;s=bfce06af1ec8b88adb124b97762a483b5528ebd3", "x": 1080, "y": 498}], "s": {"u": "https://preview.redd.it/qhgmd6wjs6fa1.jpg?width=2436&amp;format=pjpg&amp;auto=webp&amp;v=enabled&amp;s=06e9b3da9b20d35017a8d684ece1c27669586b5c", "x": 2436, "y": 1125}, "status": "valid"}, "y083o6wjs6fa1": {"e": "Image", "id": "y083o6wjs6fa1", "m": "image/jpg", "p": [{"u": "https://preview.redd.it/y083o6wjs6fa1.jpg?width=108&amp;crop=smart&amp;auto=webp&amp;v=enabled&amp;s=c521c7a14aad39cced87a7ba5144062b951795da", "x": 108, "y": 49}, {"u": "https://preview.redd.it/y083o6wjs6fa1.jpg?width=216&amp;crop=smart&amp;auto=webp&amp;v=enabled&amp;s=06e393bf0c2a5a02110dfde32ea5370fa6490c81", "x": 216, "y": 99}, {"u": "https://preview.redd.it/y083o6wjs6fa1.jpg?width=320&amp;crop=smart&amp;auto=webp&amp;v=enabled&amp;s=2f7be7de530439573ebc4d988e1faad81d5137c4", "x": 320, "y": 147}, {"u": "https://preview.redd.it/y083o6wjs6fa1.jpg?width=640&amp;crop=smart&amp;auto=webp&amp;v=enabled&amp;s=fa4a19ef56a24578af0d77de72fc1945c81ae2eb", "x": 640, "y": 295}, {"u": "https://preview.redd.it/y083o6wjs6fa1.jpg?width=960&amp;crop=smart&amp;auto=webp&amp;v=enabled&amp;s=4616e2988138ff27b789d530c34fec89894b7031", "x": 960, "y": 443}, {"u": "https://preview.redd.it/y083o6wjs6fa1.jpg?width=1080&amp;crop=smart&amp;auto=webp&amp;v=enabled&amp;s=d515256373d4408f331a6c99b0b19e302d9724a1", "x": 1080, "y": 498}], "s": {"u": "https://preview.redd.it/y083o6wjs6fa1.jpg?width=2436&amp;format=pjpg&amp;auto=webp&amp;v=enabled&amp;s=82f5549163853b9aaf909bd84a7f1c3b71db9ca9", "x": 2436, "y": 1125}, "status": "valid"}, "zai9g6wjs6fa1": {"e": "Image", "id": "zai9g6wjs6fa1", "m": "image/jpg", "p": [{"u": "https://preview.redd.it/zai9g6wjs6fa1.jpg?width=108&amp;crop=smart&amp;auto=webp&amp;v=enabled&amp;s=829ac17c365325e65ac68febbb55211d229ff633", "x": 108, "y": 49}, {"u": "https://preview.redd.it/zai9g6wjs6fa1.jpg?width=216&amp;crop=smart&amp;auto=webp&amp;v=enabled&amp;s=03c4a0f450eba6ad358c35619db4478777071784", "x": 216, "y": 99}, {"u": "https://preview.redd.it/zai9g6wjs6fa1.jpg?width=320&amp;crop=smart&amp;auto=webp&amp;v=enabled&amp;s=f5ea79407ff0f69d2cdeab2b294a1ea6ab03a610", "x": 320, "y": 147}, {"u": "https://preview.redd.it/zai9g6wjs6fa1.jpg?width=640&amp;crop=smart&amp;auto=webp&amp;v=enabled&amp;s=21eb53e1362a04c4c48ebf1b376fc1f2d956a582", "x": 640, "y": 295}, {"u": "https://preview.redd.it/zai9g6wjs6fa1.jpg?width=960&amp;crop=smart&amp;auto=webp&amp;v=enabled&amp;s=33372a2c8244f6e1a738465bb3142355d03d59bb", "x": 960, "y": 443}, {"u": "https://preview.redd.it/zai9g6wjs6fa1.jpg?width=1080&amp;crop=smart&amp;auto=webp&amp;v=enabled&amp;s=ac486acecc818465675847b8a03ac05480aea8d3", "x": 1080, "y": 498}], "s": {"u": "https://preview.redd.it/zai9g6wjs6fa1.jpg?width=2436&amp;format=pjpg&amp;auto=webp&amp;v=enabled&amp;s=73d521b4f507f65189d978c5ad8b6157eec65d5c", "x": 2436, "y": 1125}, "status": "valid"}}, "media_only": false, "mod_note": null, "mod_reason_by": null, "mod_reason_title": null, "mod_reports": [], "name": "t3_10p317w", "no_follow": false, "num_comments": 183, "num_crossposts": 4, "num_reports": null, "over_18": false, "parent_whitelist_status": "all_ads", "permalink": "/r/Superstonk/comments/10p317w/ucriand_the_bigger_short_slideshow_adapted_part_12/", "pinned": false, "pwls": 6, "quarantine": false, "removal_reason": null, "removed_by": null, "removed_by_category": null, "report_reasons": null, "saved": false, "score": 7333, "secure_media": null, "secure_media_embed": {}, "selftext": "", "selftext_html": null, "send_replies": true, "spoiler": false, "stickied": false, "subreddit": "Superstonk", "subreddit_id": "t5_43zwn1", "subreddit_name_prefixed": "r/Superstonk", "subreddit_subscribers": 859706, "subreddit_type": "public", "suggested_sort": null, "thumbnail": "https://b.thumbs.redditmedia.com/_dq1lcIia9mj5WKbokcaEEbpYSW6CBislmgGpoDzQok.jpg", "thumbnail_height": 64, "thumbnail_width": 140, "title": "u/Criand \u201cThe Bigger Short\u201d - slideshow adapted part 1/2", "top_awarded_type": null, "total_awards_received": 29, "treatment_tags": [], "ups": 7333, "upvote_ratio": 0.96, "url": "https://www.reddit.com/gallery/10p317w", "url_overridden_by_dest": "https://www.reddit.com/gallery/10p317w", "user_reports": [], "view_count": null, "visited": false, "whitelist_status": "all_ads", "wls": 6}], "discussion_type": null, "distinguished": null, "domain": "reddit.com", "edited": false, "gilded": 0, "gildings": {}, "hidden": false, "hide_score": false, "id": "10peg7l", "is_created_from_ads_ui": false, "is_crosspostable": true, "is_meta": false, "is_original_content": false, "is_reddit_media_domain": false, "is_robot_indexable": true, "is_self": false, "is_video": false, "link_flair_background_color": "", "link_flair_css_class": null, "link_flair_richtext": [], "link_flair_text": null, "link_flair_text_color": "dark", "link_flair_type": "text", "locked": false, "media": null, "media_embed": {}, "media_only": false, "name": "t3_10peg7l", "no_follow": false, "num_comments": 0, "num_crossposts": 0, "over_18": false, "parent_whitelist_status": null, "permalink": "/r/ThePPShow/comments/10peg7l/relevance_youre_all_about_to_own_gme_shares/", "pinned": false, "pwls": null, "quarantine": false, "removed_by": null, "removed_by_category": null, "retrieved_on": 1676224895, "score": 3, "secure_media": null, "secure_media_embed": {}, "selftext": "", "send_replies": false, "spoiler": false, "stickied": false, "subreddit": "ThePPShow", "subreddit_id": "t5_7q5o7y", "subreddit_name_prefixed": "r/ThePPShow", "subreddit_subscribers": 327, "subreddit_type": "public", "suggested_sort": null, "thumbnail": "https://b.thumbs.redditmedia.com/_dq1lcIia9mj5WKbokcaEEbpYSW6CBislmgGpoDzQok.jpg", "thumbnail_height": 64, "thumbnail_width": 140, "title": "Relevance? you\u2019re all about to own GME shares", "top_awarded_type": null, "total_awards_received": 0, "treatment_tags": [], "upvote_ratio": 0.72, "url": "https://www.reddit.com/gallery/10p317w", "url_overridden_by_dest": "https://www.reddit.com/gallery/10p317w", "view_count": null, "whitelist_status": null, "wls": null}, {"all_awardings": [], "allow_live_comments": false, "archived": false, "author": "Hw4cashPro", "author_created_utc": 1662133772, "author_flair_background_color": null, "author_flair_css_class": null, "author_flair_richtext": [], "author_flair_template_id": null, "author_flair_text": null, "author_flair_text_color": null, "author_flair_type": "text", "author_fullname": "t2_9ayzf11t", "author_patreon_flair": false, "author_premium": false, "awarders": [], "banned_by": null, "can_gild": true, "can_mod_post": false, "category": null, "content_categories": null, "contest_mode": false, "created_utc": 1675053532, "discussion_type": null, "distinguished": null, "domain": "youtu.be", "edited": false, "gilded": 0, "gildings": {}, "hidden": false, "hide_score": false, "id": "10osvph", "is_created_from_ads_ui": false, "is_crosspostable": true, "is_meta": false, "is_original_content": false, "is_reddit_media_domain": false, "is_robot_indexable": true, "is_self": false, "is_video": false, "link_flair_background_color": "", "link_flair_css_class": null, "link_flair_richtext": [], "link_flair_text": null, "link_flair_text_color": "dark", "link_flair_type": "text", "locked": false, "media": {"oembed": {"author_name": "Kais Maalej", "author_url": "https://www.youtube.com/@kaismaalej", "height": 200, "html": "&lt;iframe width=\"356\" height=\"200\" src=\"https://www.youtube.com/embed/MvQ9LPbHh2g?feature=oembed&amp;enablejsapi=1\" frameborder=\"0\" allow=\"accelerometer; autoplay; clipboard-write; encrypted-media; gyroscope; picture-in-picture; web-share\" allowfullscreen title=\"$BBBY TO THE MOON \ud83d\ude80\ud83c\udf1d IT\u2019S A BUY &amp;amp; HOLD KAIS MAALEJ &amp;amp; RYAN COHEN (THANK YOU DJ from the UK \ud83c\uddec\ud83c\udde7)\"&gt;&lt;/iframe&gt;", "provider_name": "YouTube", "provider_url": "https://www.youtube.com/", "thumbnail_height": 360, "thumbnail_url": "https://i.ytimg.com/vi/MvQ9LPbHh2g/hqdefault.jpg", "thumbnail_width": 480, "title": "$BBBY TO THE MOON \ud83d\ude80\ud83c\udf1d IT\u2019S A BUY &amp; HOLD KAIS MAALEJ &amp; RYAN COHEN (THANK YOU DJ from the UK \ud83c\uddec\ud83c\udde7)", "type": "video", "version": "1.0", "width": 356}, "type": "youtube.com"}, "media_embed": {"content": "&lt;iframe width=\"356\" height=\"200\" src=\"https://www.youtube.com/embed/MvQ9LPbHh2g?feature=oembed&amp;enablejsapi=1\" frameborder=\"0\" allow=\"accelerometer; autoplay; clipboard-write; encrypted-media; gyroscope; picture-in-picture; web-share\" allowfullscreen title=\"$BBBY TO THE MOON \ud83d\ude80\ud83c\udf1d IT\u2019S A BUY &amp;amp; HOLD KAIS MAALEJ &amp;amp; RYAN COHEN (THANK YOU DJ from the UK \ud83c\uddec\ud83c\udde7)\"&gt;&lt;/iframe&gt;", "height": 200, "scrolling": false, "width": 356}, "media_only": false, "name": "t3_10osvph", "no_follow": false, "num_comments": 3, "num_crossposts": 0, "over_18": false, "parent_whitelist_status": null, "permalink": "/r/ThePPShow/comments/10osvph/hey_pp_make_the_bbby_song_go_viral/", "pinned": false, "post_hint": "rich:video", "preview": {"enabled": false, "images": [{"id": "mT_X7ntqhVXI6PXW5QdWNdmICrQIhAOXfSQGYISsNMY", "resolutions": [{"height": 81, "url": "https://external-preview.redd.it/PADcMlzKU09Id5-7MWrWvgtR1r2VI5umh5Q06jF4cSc.jpg?width=108&amp;crop=smart&amp;auto=webp&amp;v=enabled&amp;s=d4b0f1b5da6960cc7416f9880b58c075ceba17e0", "width": 108}, {"height": 162, "url": "https://external-preview.redd.it/PADcMlzKU09Id5-7MWrWvgtR1r2VI5umh5Q06jF4cSc.jpg?width=216&amp;crop=smart&amp;auto=webp&amp;v=enabled&amp;s=a728cf8d81e9d1964ef6042ba13ce4688c8822b7", "width": 216}, {"height": 240, "url": "https://external-preview.redd.it/PADcMlzKU09Id5-7MWrWvgtR1r2VI5umh5Q06jF4cSc.jpg?width=320&amp;crop=smart&amp;auto=webp&amp;v=enabled&amp;s=1e9f4363404e10da23923834c60ccb1bbc6247cb", "width": 320}], "source": {"height": 360, "url": "https://external-preview.redd.it/PADcMlzKU09Id5-7MWrWvgtR1r2VI5umh5Q06jF4cSc.jpg?auto=webp&amp;v=enabled&amp;s=aa07bf3ca14cc4ad5529b938ea1d0893590cbaf6", "width": 480}, "variants": {}}]}, "pwls": null, "quarantine": false, "removed_by": null, "removed_by_category": null, "retrieved_on": 1676225537, "score": 10, "secure_media": {"oembed": {"author_name": "Kais Maalej", "author_url": "https://www.youtube.com/@kaismaalej", "height": 200, "html": "&lt;iframe width=\"356\" height=\"200\" src=\"https://www.youtube.com/embed/MvQ9LPbHh2g?feature=oembed&amp;enablejsapi=1\" frameborder=\"0\" allow=\"accelerometer; autoplay; clipboard-write; encrypted-media; gyroscope; picture-in-picture; web-share\" allowfullscreen title=\"$BBBY TO THE MOON \ud83d\ude80\ud83c\udf1d IT\u2019S A BUY &amp;amp; HOLD KAIS MAALEJ &amp;amp; RYAN COHEN (THANK YOU DJ from the UK \ud83c\uddec\ud83c\udde7)\"&gt;&lt;/iframe&gt;", "provider_name": "YouTube", "provider_url": "https://www.youtube.com/", "thumbnail_height": 360, "thumbnail_url": "https://i.ytimg.com/vi/MvQ9LPbHh2g/hqdefault.jpg", "thumbnail_width": 480, "title": "$BBBY TO THE MOON \ud83d\ude80\ud83c\udf1d IT\u2019S A BUY &amp; HOLD KAIS MAALEJ &amp; RYAN COHEN (THANK YOU DJ from the UK \ud83c\uddec\ud83c\udde7)", "type": "video", "version": "1.0", "width": 356}, "type": "youtube.com"}, "secure_media_embed": {"content": "&lt;iframe width=\"356\" height=\"200\" src=\"https://www.youtube.com/embed/MvQ9LPbHh2g?feature=oembed&amp;enablejsapi=1\" frameborder=\"0\" allow=\"accelerometer; autoplay; clipboard-write; encrypted-media; gyroscope; picture-in-picture; web-share\" allowfullscreen title=\"$BBBY TO THE MOON \ud83d\ude80\ud83c\udf1d IT\u2019S A BUY &amp;amp; HOLD KAIS MAALEJ &amp;amp; RYAN COHEN (THANK YOU DJ from the UK \ud83c\uddec\ud83c\udde7)\"&gt;&lt;/iframe&gt;", "height": 200, "media_domain_url": "https://www.redditmedia.com/mediaembed/10osvph", "scrolling": false, "width": 356}, "selftext": "", "send_replies": false, "spoiler": false, "stickied": false, "subreddit": "ThePPShow", "subreddit_id": "t5_7q5o7y", "subreddit_name_prefixed": "r/ThePPShow", "subreddit_subscribers": 327, "subreddit_type": "public", "suggested_sort": null, "thumbnail": "https://b.thumbs.redditmedia.com/QZq0NkGsQPeV4QalxPI5z_x0DwopZdAGClZLyCWJi9Q.jpg", "thumbnail_height": 105, "thumbnail_width": 140, "title": "Hey PP, Make the Bbby song go viral", "top_awarded_type": null, "total_awards_received": 0, "treatment_tags": [], "upvote_ratio": 0.86, "url": "https://youtu.be/MvQ9LPbHh2g", "url_overridden_by_dest": "https://youtu.be/MvQ9LPbHh2g", "view_count": null, "whitelist_status": null, "wls": null}], "metadata": {"op_a": 55, "op_b": 49, "total": 104}, "error": null}