{"data": [{"all_awardings": [], "allow_live_comments": false, "archived": false, "author": "coachchip246", "author_created_utc": 1672994787, "author_flair_background_color": null, "author_flair_css_class": null, "author_flair_richtext": [], "author_flair_template_id": null, "author_flair_text": null, "author_flair_text_color": null, "author_flair_type": "text", "author_fullname": "t2_vfm4ip55", "author_patreon_flair": false, "author_premium": false, "awarders": [], "banned_by": null, "can_gild": true, "can_mod_post": false, "category": null, "content_categories": null, "contest_mode": false, "created_utc": 1678227619, "discussion_type": null, "distinguished": null, "domain": "self.ThePPShow", "edited": false, "gilded": 0, "gildings": {}, "hidden": false, "hide_score": false, "id": "11lddk2", "is_created_from_ads_ui": false, "is_crosspostable": true, "is_meta": false, "is_original_content": false, "is_reddit_media_domain": false, "is_robot_indexable": true, "is_self": true, "is_video": false, "link_flair_background_color": "", "link_flair_css_class": null, "link_flair_richtext": [], "link_flair_text": null, "link_flair_text_color": "dark", "link_flair_type": "text", "locked": false, "media": null, "media_embed": {}, "media_only": false, "name": "t3_11lddk2", "no_follow": false, "num_comments": 21, "num_crossposts": 0, "over_18": false, "parent_whitelist_status": null, "permalink": "/r/ThePPShow/comments/11lddk2/doubting_dilution_claims_we_wouldshould_be_seeing/", "pinned": false, "pwls": null, "quarantine": false, "removed_by": null, "removed_by_category": null, "retrieved_on": 1681016956, "score": 16, "secure_media": null, "secure_media_embed": {}, "selftext": "Tired of the BBBY sub, so much FUD, BS, and DRS crap pushed around there. Be your own responsible investor and invest your way. People continuously push that crap on others and flipping annoying AF.\n\nSharing my reply from the BBBY sub regarding some shill claiming they spoke with NASDAQ source directly, NFA. \n\n*\u2014start response\u2014*\nYour \u201csource\u201d is wrong and obviously doesn\u2019t know the NASDAQ rules/regulations. Straight from the website:\n\n**(b) Obligation to Make Public Disclosure**\n\n(1) Disclosure of Material Information\n\nExcept in unusual circumstances, a Nasdaq-listed Company **shall make prompt disclosure to the public through any Regulation FD compliant method (or combination of methods) of disclosure of any material information that would reasonably be expected to affect the value of its securities or influence investors' decisions.**  The Company shall, prior to the release of the information, provide notice of such disclosure to Nasdaq's MarketWatch Department at least ten minutes prior to public announcement if the information involves any of the events set forth in IM-5250-1 and the public release of the material information is made between 7:00 a.m. to 8:00 p.m. If the public release of the material information is made outside the hours of 7:00 a.m. to 8:00 p.m, Nasdaq Companies must notify MarketWatch of the material information prior to 6:50 a.m. ET. As described in IM-5250-1, prior notice to the MarketWatch Department must be made through the electronic disclosure submission system available at www.nasdaq.net, except in emergency situations.\n\nhttps://listingcenter.nasdaq.com/rulebook/nasdaq/rules/nasdaq-5200-series\n\n**Active dilution and increased number of shares would absolutely \u201caffect the value of its securities or influence investors' decisions\u201d**", "send_replies": true, "spoiler": false, "stickied": false, "subreddit": "ThePPShow", "subreddit_id": "t5_7q5o7y", "subreddit_name_prefixed": "r/ThePPShow", "subreddit_subscribers": 1240, "subreddit_type": "public", "suggested_sort": null, "thumbnail": "self", "thumbnail_height": null, "thumbnail_width": null, "title": "Doubting dilution claims, we would/should be seeing NASDAQ Rule implemented if it was occurring.", "top_awarded_type": null, "total_awards_received": 0, "treatment_tags": [], "upvote_ratio": 0.95, "url": "https://www.reddit.com/r/ThePPShow/comments/11lddk2/doubting_dilution_claims_we_wouldshould_be_seeing/", "view_count": null, "whitelist_status": null, "wls": null}, {"all_awardings": [{"award_sub_type": "PREMIUM", "award_type": "global", "awardings_required_to_grant_benefits": null, "coin_price": 30, "coin_reward": 0, "count": 1, "days_of_drip_extension": null, "days_of_premium": null, "description": "A glowing commendation for all to see", "end_date": null, "giver_coin_reward": null, "icon_format": "APNG", "icon_height": 2048, "icon_url": "https://www.redditstatic.com/gold/awards/icon/Illuminati_512.png", "icon_width": 2048, "id": "award_b4ff447e-05a5-42dc-9002-63568807cfe6", "is_enabled": true, "is_new": false, "name": "All-Seeing Upvote", "penny_donate": null, "penny_price": null, "resized_icons": [{"height": 16, "url": "https://www.redditstatic.com/gold/awards/icon/Illuminati_16.png", "width": 16}, {"height": 32, "url": "https://www.redditstatic.com/gold/awards/icon/Illuminati_32.png", "width": 32}, {"height": 48, "url": "https://www.redditstatic.com/gold/awards/icon/Illuminati_48.png", "width": 48}, {"height": 64, "url": "https://www.redditstatic.com/gold/awards/icon/Illuminati_64.png", "width": 64}, {"height": 128, "url": "https://www.redditstatic.com/gold/awards/icon/Illuminati_128.png", "width": 128}], "resized_static_icons": [{"height": 16, "url": "https://preview.redd.it/award_images/t5_q0gj4/am40b8b08l581_All-SeeingUpvote2.png?width=16&amp;height=16&amp;auto=webp&amp;v=enabled&amp;s=25880d00e4283ff6a3851b64c83fea465c3fac48", "width": 16}, {"height": 32, "url": "https://preview.redd.it/award_images/t5_q0gj4/am40b8b08l581_All-SeeingUpvote2.png?width=32&amp;height=32&amp;auto=webp&amp;v=enabled&amp;s=67fae0c2af26488b9d70cb7afe877086707cf1d1", "width": 32}, {"height": 48, "url": "https://preview.redd.it/award_images/t5_q0gj4/am40b8b08l581_All-SeeingUpvote2.png?width=48&amp;height=48&amp;auto=webp&amp;v=enabled&amp;s=3033c6583809a27b998883b7c56c158102cb0420", "width": 48}, {"height": 64, "url": "https://preview.redd.it/award_images/t5_q0gj4/am40b8b08l581_All-SeeingUpvote2.png?width=64&amp;height=64&amp;auto=webp&amp;v=enabled&amp;s=cccb48d7518eaba72894a7ac4214bb70c7120793", "width": 64}, {"height": 128, "url": "https://preview.redd.it/award_images/t5_q0gj4/am40b8b08l581_All-SeeingUpvote2.png?width=128&amp;height=128&amp;auto=webp&amp;v=enabled&amp;s=4101e0eff424bbd818195853387db358bec74ed0", "width": 128}], "start_date": null, "static_icon_height": 2048, "static_icon_url": "https://i.redd.it/award_images/t5_q0gj4/am40b8b08l581_All-SeeingUpvote2.png", "static_icon_width": 2048, "sticky_duration_seconds": null, "subreddit_coin_reward": 0, "subreddit_id": null, "tiers_by_required_awardings": null}, {"award_sub_type": "GLOBAL", "award_type": "global", "awardings_required_to_grant_benefits": null, "coin_price": 50, "coin_reward": 0, "count": 1, "days_of_drip_extension": null, "days_of_premium": null, "description": "I'm in this with you.", "end_date": null, "giver_coin_reward": null, "icon_format": "PNG", "icon_height": 2048, "icon_url": "https://i.redd.it/award_images/t5_q0gj4/p4yzxkaed5f61_oldtakemyenergy.png", "icon_width": 2048, "id": "award_02d9ab2c-162e-4c01-8438-317a016ed3d9", "is_enabled": true, "is_new": false, "name": "Take My Energy", "penny_donate": null, "penny_price": 0, "resized_icons": [{"height": 16, "url": "https://preview.redd.it/award_images/t5_q0gj4/p4yzxkaed5f61_oldtakemyenergy.png?width=16&amp;height=16&amp;auto=webp&amp;v=enabled&amp;s=32add54efce28cc8ce035c5e2bc89a27286a815e", "width": 16}, {"height": 32, "url": "https://preview.redd.it/award_images/t5_q0gj4/p4yzxkaed5f61_oldtakemyenergy.png?width=32&amp;height=32&amp;auto=webp&amp;v=enabled&amp;s=dfb00ece05340570177df7cfa1af6d2737c0910b", "width": 32}, {"height": 48, "url": "https://preview.redd.it/award_images/t5_q0gj4/p4yzxkaed5f61_oldtakemyenergy.png?width=48&amp;height=48&amp;auto=webp&amp;v=enabled&amp;s=e8b0b87b868f6cd6313e2c90975dac636e4a0412", "width": 48}, {"height": 64, "url": "https://preview.redd.it/award_images/t5_q0gj4/p4yzxkaed5f61_oldtakemyenergy.png?width=64&amp;height=64&amp;auto=webp&amp;v=enabled&amp;s=2a3ad7ec2ccc57b6c65b17e2b57647a81f335039", "width": 64}, {"height": 128, "url": "https://preview.redd.it/award_images/t5_q0gj4/p4yzxkaed5f61_oldtakemyenergy.png?width=128&amp;height=128&amp;auto=webp&amp;v=enabled&amp;s=d4a8ca64b391e8b057408067d77f503752c29b7e", "width": 128}], "resized_static_icons": [{"height": 16, "url": "https://preview.redd.it/award_images/t5_q0gj4/jtw7x06j68361_TakeMyEnergyElf.png?width=16&amp;height=16&amp;auto=webp&amp;v=enabled&amp;s=4efb20a46b5cee58042da74830ee914d1547236c", "width": 16}, {"height": 32, "url": "https://preview.redd.it/award_images/t5_q0gj4/jtw7x06j68361_TakeMyEnergyElf.png?width=32&amp;height=32&amp;auto=webp&amp;v=enabled&amp;s=83e8bea70baef2140842017e967f163a9f530a9d", "width": 32}, {"height": 48, "url": "https://preview.redd.it/award_images/t5_q0gj4/jtw7x06j68361_TakeMyEnergyElf.png?width=48&amp;height=48&amp;auto=webp&amp;v=enabled&amp;s=14fb29ce140b35a21a7cc7ee1c4d212ce0b1179d", "width": 48}, {"height": 64, "url": "https://preview.redd.it/award_images/t5_q0gj4/jtw7x06j68361_TakeMyEnergyElf.png?width=64&amp;height=64&amp;auto=webp&amp;v=enabled&amp;s=533b05085677b48f15004bd7f9ff19ec5b29099f", "width": 64}, {"height": 128, "url": "https://preview.redd.it/award_images/t5_q0gj4/jtw7x06j68361_TakeMyEnergyElf.png?width=128&amp;height=128&amp;auto=webp&amp;v=enabled&amp;s=6f767b3c289e5cb2a733b24da5f4c46d9c079bc7", "width": 128}], "start_date": null, "static_icon_height": 2048, "static_icon_url": "https://i.redd.it/award_images/t5_q0gj4/jtw7x06j68361_TakeMyEnergyElf.png", "static_icon_width": 2048, "sticky_duration_seconds": null, "subreddit_coin_reward": 0, "subreddit_id": null, "tiers_by_required_awardings": null}], "allow_live_comments": true, "archived": false, "author": "HonestBeing444", "author_created_utc": null, "author_flair_background_color": null, "author_flair_css_class": null, "author_flair_richtext": [], "author_flair_template_id": null, "author_flair_text": null, "author_flair_text_color": null, "author_flair_type": "text", "author_fullname": "t2_4ayw1i8fx", "author_patreon_flair": false, "author_premium": false, "awarders": [], "banned_by": null, "can_gild": true, "can_mod_post": false, "category": null, "content_categories": null, "contest_mode": false, "created_utc": 1678227290, "discussion_type": null, "distinguished": null, "domain": "self.ThePPShow", "edited": 1678228790.0, "gilded": 0, "gildings": {}, "hidden": false, "hide_score": false, "id": "11ld85m", "is_created_from_ads_ui": false, "is_crosspostable": true, "is_meta": false, "is_original_content": false, "is_reddit_media_domain": false, "is_robot_indexable": true, "is_self": true, "is_video": false, "link_flair_background_color": "", "link_flair_css_class": null, "link_flair_richtext": [], "link_flair_text": null, "link_flair_text_color": "dark", "link_flair_type": "text", "locked": false, "media": null, "media_embed": {}, "media_metadata": {"umby7j9h3ema1": {"e": "Image", "id": "umby7j9h3ema1", "m": "image/png", "p": [{"u": "https://preview.redd.it/umby7j9h3ema1.png?width=108&amp;crop=smart&amp;auto=webp&amp;v=enabled&amp;s=e989c2c745e015e6f602725e225044b564ee3736", "x": 108, "y": 52}, {"u": "https://preview.redd.it/umby7j9h3ema1.png?width=216&amp;crop=smart&amp;auto=webp&amp;v=enabled&amp;s=7dc8c38a1fb8768cc26184fb8510fa4e8d369120", "x": 216, "y": 105}, {"u": "https://preview.redd.it/umby7j9h3ema1.png?width=320&amp;crop=smart&amp;auto=webp&amp;v=enabled&amp;s=b8fb18685b062a63bee59aa6f62ed986de78d2c4", "x": 320, "y": 156}, {"u": "https://preview.redd.it/umby7j9h3ema1.png?width=640&amp;crop=smart&amp;auto=webp&amp;v=enabled&amp;s=258bd86313453f91d980216735b02875ed207fc6", "x": 640, "y": 313}, {"u": "https://preview.redd.it/umby7j9h3ema1.png?width=960&amp;crop=smart&amp;auto=webp&amp;v=enabled&amp;s=29f4a7c8baca0f25cdaff852321990f32ce64dec", "x": 960, "y": 470}, {"u": "https://preview.redd.it/umby7j9h3ema1.png?width=1080&amp;crop=smart&amp;auto=webp&amp;v=enabled&amp;s=17a231fb13fb6cff41488c560d27c78c285b4af1", "x": 1080, "y": 529}], "s": {"u": "https://preview.redd.it/umby7j9h3ema1.png?width=2547&amp;format=png&amp;auto=webp&amp;v=enabled&amp;s=6d627c312ccbc8973e8dfadbe9fabb3c9ffedf52", "x": 2547, "y": 1249}, "status": "valid"}}, "media_only": false, "name": "t3_11ld85m", "no_follow": false, "num_comments": 94, "num_crossposts": 1, "over_18": false, "parent_whitelist_status": null, "permalink": "/r/ThePPShow/comments/11ld85m/take_a_guess_who_do_you_think_bought_an/", "pinned": false, "pwls": null, "quarantine": false, "removed_by": null, "removed_by_category": null, "retrieved_on": 1681016961, "score": 121, "secure_media": null, "secure_media_embed": {}, "selftext": "Pitchbook charges a yearly subscription fee of about $20,000 to access their data. They are deemed a reliable independent source that many revere as the top in the industry for research/data,etc with respect to corporate maneuvers\n\n**AS per their post an undisclosed buyer on Aug 18th bought the 11.82% stake RC Ventures held.**\n\nHmm kind of blows the Ryan pulling the rug from under us theory...\n\nI believe RC original share purchase of a 9.8% stake was organically increased by Tritton's share buybacks for BBBY, causing RC to surpass the 9.9% threshold.\n\n**So take a guess - who do you think bought these shares???**\n\n**A  Larry Cheng**\n\n**B  Carl Icahn**\n\n**C  Gamestop**\n\n**D** \\- **all of the above**\n\n**E  None of the above...** I do not care what Pitchbook says - Ryan fkd shareholders\n\n*(by choosing \"****E****\", you acknowledge that you are either a paid shill, can not read and have no stake in BBBY anyways)*\n\n&amp;#x200B;\n\nhttps://preview.redd.it/umby7j9h3ema1.png?width=2547&amp;format=png&amp;auto=webp&amp;v=enabled&amp;s=6d627c312ccbc8973e8dfadbe9fabb3c9ffedf52", "send_replies": true, "spoiler": false, "stickied": false, "subreddit": "ThePPShow", "subreddit_id": "t5_7q5o7y", "subreddit_name_prefixed": "r/ThePPShow", "subreddit_subscribers": 1240, "subreddit_type": "public", "suggested_sort": null, "thumbnail": "https://b.thumbs.redditmedia.com/4QVv98wl5Pv6hV1kqrd-5SejooNX3odOKBMH8txZcaw.jpg", "thumbnail_height": 68, "thumbnail_width": 140, "title": "TAKE a GUESS - who do you think bought an", "top_awarded_type": null, "total_awards_received": 2, "treatment_tags": [], "upvote_ratio": 0.97, "url": "https://www.reddit.com/r/ThePPShow/comments/11ld85m/take_a_guess_who_do_you_think_bought_an/", "view_count": null, "whitelist_status": null, "wls": null}, {"all_awardings": [], "allow_live_comments": false, "archived": false, "author": "EstablishmentOdd9317", "author_created_utc": null, "author_flair_background_color": null, "author_flair_css_class": null, "author_flair_richtext": [], "author_flair_template_id": null, "author_flair_text": null, "author_flair_text_color": null, "author_flair_type": "text", "author_fullname": "t2_8xust38h", "author_patreon_flair": false, "author_premium": false, "awarders": [], "banned_by": null, "can_gild": true, "can_mod_post": false, "category": null, "content_categories": null, "contest_mode": false, "created_utc": 1678215442, "discussion_type": null, "distinguished": null, "domain": "i.redd.it", "edited": false, "gilded": 0, "gildings": {}, "hidden": false, "hide_score": false, "id": "11l7unh", "is_created_from_ads_ui": false, "is_crosspostable": true, "is_meta": false, "is_original_content": false, "is_reddit_media_domain": true, "is_robot_indexable": true, "is_self": false, "is_video": false, "link_flair_background_color": "", "link_flair_css_class": null, "link_flair_richtext": [], "link_flair_text": null, "link_flair_text_color": "dark", "link_flair_type": "text", "locked": false, "media": null, "media_embed": {}, "media_only": false, "name": "t3_11l7unh", "no_follow": false, "num_comments": 1, "num_crossposts": 0, "over_18": false, "parent_whitelist_status": null, "permalink": "/r/ThePPShow/comments/11l7unh/at_least_the_mm_is_consistent_w_his_intraday_10/", "pinned": false, "post_hint": "image", "preview": {"enabled": true, "images": [{"id": "skz29Sf4nTe1DuTXt5xbFSCt5e2zTuPEM4y-cwrNSSc", "resolutions": [{"height": 216, "url": "https://preview.redd.it/9aqdb5r4oema1.jpg?width=108&amp;crop=smart&amp;auto=webp&amp;v=enabled&amp;s=d08fd97799ebe6b412474615f482ac6fc8203cb6", "width": 108}, {"height": 432, "url": "https://preview.redd.it/9aqdb5r4oema1.jpg?width=216&amp;crop=smart&amp;auto=webp&amp;v=enabled&amp;s=e26bec073f55d951709c39e05c665b54de0e2f32", "width": 216}, {"height": 640, "url": "https://preview.redd.it/9aqdb5r4oema1.jpg?width=320&amp;crop=smart&amp;auto=webp&amp;v=enabled&amp;s=163ec89bd8c355a8e47da2b25ec8c515441a35c3", "width": 320}, {"height": 1280, "url": "https://preview.redd.it/9aqdb5r4oema1.jpg?width=640&amp;crop=smart&amp;auto=webp&amp;v=enabled&amp;s=4a2fab2ed1acb4ef48c954269f1e165d7c957707", "width": 640}, {"height": 1920, "url": "https://preview.redd.it/9aqdb5r4oema1.jpg?width=960&amp;crop=smart&amp;auto=webp&amp;v=enabled&amp;s=209d37e30bb5e468a59b0aca2649edc180464c00", "width": 960}, {"height": 2160, "url": "https://preview.redd.it/9aqdb5r4oema1.jpg?width=1080&amp;crop=smart&amp;auto=webp&amp;v=enabled&amp;s=91eae9971b133bd1592c41904679ea674e6805f6", "width": 1080}], "source": {"height": 2316, "url": "https://preview.redd.it/9aqdb5r4oema1.jpg?auto=webp&amp;v=enabled&amp;s=7c8eab778beb604a51532c32005c49a1b7691c5c", "width": 1080}, "variants": {}}]}, "pwls": null, "quarantine": false, "removed_by": null, "removed_by_category": null, "retrieved_on": 1681017158, "score": 8, "secure_media": null, "secure_media_embed": {}, "selftext": "", "send_replies": true, "spoiler": false, "stickied": false, "subreddit": "ThePPShow", "subreddit_id": "t5_7q5o7y", "subreddit_name_prefixed": "r/ThePPShow", "subreddit_subscribers": 1240, "subreddit_type": "public", "suggested_sort": null, "thumbnail": "https://a.thumbs.redditmedia.com/pfqXolD9gtd86u1fphE7Rp7_1hOvkTyEQLeAQ4DLDl0.jpg", "thumbnail_height": 140, "thumbnail_width": 140, "title": "At least the mm is consistent w his intraday 10% dips n rips.", "top_awarded_type": null, "total_awards_received": 0, "treatment_tags": [], "upvote_ratio": 1.0, "url": "https://i.redd.it/9aqdb5r4oema1.jpg", "url_overridden_by_dest": "https://i.redd.it/9aqdb5r4oema1.jpg", "view_count": null, "whitelist_status": null, "wls": null}, {"all_awardings": [], "allow_live_comments": false, "archived": false, "author": "CUCK_NORRlS", "author_created_utc": 1661552852, "author_flair_background_color": null, "author_flair_css_class": null, "author_flair_richtext": [], "author_flair_template_id": null, "author_flair_text": null, "author_flair_text_color": null, "author_flair_type": "text", "author_fullname": "t2_rxpm5j9g", "author_patreon_flair": false, "author_premium": false, "awarders": [], "banned_by": null, "can_gild": true, "can_mod_post": false, "category": null, "content_categories": null, "contest_mode": false, "created_utc": 1678210202, "discussion_type": null, "distinguished": null, "domain": "self.ThePPShow", "edited": false, "gilded": 0, "gildings": {}, "hidden": false, "hide_score": false, "id": "11l5i9p", "is_created_from_ads_ui": false, "is_crosspostable": true, "is_meta": false, "is_original_content": false, "is_reddit_media_domain": false, "is_robot_indexable": true, "is_self": true, "is_video": false, "link_flair_background_color": "", "link_flair_css_class": null, "link_flair_richtext": [], "link_flair_text": null, "link_flair_text_color": "dark", "link_flair_type": "text", "locked": false, "media": null, "media_embed": {}, "media_only": false, "name": "t3_11l5i9p", "no_follow": false, "num_comments": 14, "num_crossposts": 0, "over_18": false, "parent_whitelist_status": null, "permalink": "/r/ThePPShow/comments/11l5i9p/regarded_mic_solution/", "pinned": false, "pwls": null, "quarantine": false, "removed_by": null, "removed_by_category": null, "retrieved_on": 1681017242, "score": 13, "secure_media": null, "secure_media_embed": {}, "selftext": "If u/ppseeds saved some of his degen dildo money he could buy a burner phone so we could have our other favorite degens like Alex Chui and Shilliam call in without anyone getting doxxed!", "send_replies": true, "spoiler": false, "stickied": false, "subreddit": "ThePPShow", "subreddit_id": "t5_7q5o7y", "subreddit_name_prefixed": "r/ThePPShow", "subreddit_subscribers": 1240, "subreddit_type": "public", "suggested_sort": null, "thumbnail": "self", "thumbnail_height": null, "thumbnail_width": null, "title": "Regarded Mic Solution", "top_awarded_type": null, "total_awards_received": 0, "treatment_tags": [], "upvote_ratio": 0.93, "url": "https://www.reddit.com/r/ThePPShow/comments/11l5i9p/regarded_mic_solution/", "view_count": null, "whitelist_status": null, "wls": null}, {"all_awardings": [], "allow_live_comments": false, "archived": false, "author": "calibull2019", "author_created_utc": 1659657946, "author_flair_background_color": null, "author_flair_css_class": null, "author_flair_richtext": [], "author_flair_template_id": null, "author_flair_text": null, "author_flair_text_color": null, "author_flair_type": "text", "author_fullname": "t2_qxyp6d3x", "author_patreon_flair": false, "author_premium": false, "awarders": [], "banned_by": null, "can_gild": true, "can_mod_post": false, "category": null, "content_categories": null, "contest_mode": false, "created_utc": 1678206559, "discussion_type": null, "distinguished": null, "domain": "i.redd.it", "edited": false, "gilded": 0, "gildings": {}, "hidden": false, "hide_score": false, "id": "11l3w90", "is_created_from_ads_ui": false, "is_crosspostable": true, "is_meta": false, "is_original_content": false, "is_reddit_media_domain": true, "is_robot_indexable": true, "is_self": false, "is_video": false, "link_flair_background_color": "", "link_flair_css_class": null, "link_flair_richtext": [], "link_flair_text": null, "link_flair_text_color": "dark", "link_flair_type": "text", "locked": false, "media": null, "media_embed": {}, "media_only": false, "name": "t3_11l3w90", "no_follow": false, "num_comments": 3, "num_crossposts": 0, "over_18": false, "parent_whitelist_status": null, "permalink": "/r/ThePPShow/comments/11l3w90/out_of_cash_i_secretly_hope_it_stays_like_this/", "pinned": false, "post_hint": "image", "preview": {"enabled": true, "images": [{"id": "58X8gODA-edln65SnT7-o0rBLqXM-9QVARTYsIQqCXk", "resolutions": [{"height": 144, "url": "https://preview.redd.it/ih4mgvspxdma1.jpg?width=108&amp;crop=smart&amp;auto=webp&amp;v=enabled&amp;s=93cb63789a7a7e7b4593da4638f5e9d51b5e224a", "width": 108}, {"height": 288, "url": "https://preview.redd.it/ih4mgvspxdma1.jpg?width=216&amp;crop=smart&amp;auto=webp&amp;v=enabled&amp;s=8281507777a2fac879efedc32d516f18cfcdedc1", "width": 216}, {"height": 426, "url": "https://preview.redd.it/ih4mgvspxdma1.jpg?width=320&amp;crop=smart&amp;auto=webp&amp;v=enabled&amp;s=ce3f2f5a63f6e062e80ba4c6ddc3e2c3860ecddc", "width": 320}, {"height": 853, "url": "https://preview.redd.it/ih4mgvspxdma1.jpg?width=640&amp;crop=smart&amp;auto=webp&amp;v=enabled&amp;s=c0fd34cf6d20a3b78020a895640ad5f48f696481", "width": 640}, {"height": 1280, "url": "https://preview.redd.it/ih4mgvspxdma1.jpg?width=960&amp;crop=smart&amp;auto=webp&amp;v=enabled&amp;s=cf6fb17801e5d6fd05e27a334913bd90631e21c7", "width": 960}, {"height": 1440, "url": "https://preview.redd.it/ih4mgvspxdma1.jpg?width=1080&amp;crop=smart&amp;auto=webp&amp;v=enabled&amp;s=a8e0bed230c0490fa283e3aafb91d996687eb47c", "width": 1080}], "source": {"height": 4000, "url": "https://preview.redd.it/ih4mgvspxdma1.jpg?auto=webp&amp;v=enabled&amp;s=a33eb593a64fcda7b4395373403a5c2103442c02", "width": 3000}, "variants": {}}]}, "pwls": null, "quarantine": false, "removed_by": null, "removed_by_category": null, "retrieved_on": 1681017300, "score": 12, "secure_media": null, "secure_media_embed": {}, "selftext": "", "send_replies": true, "spoiler": false, "stickied": false, "subreddit": "ThePPShow", "subreddit_id": "t5_7q5o7y", "subreddit_name_prefixed": "r/ThePPShow", "subreddit_subscribers": 1240, "subreddit_type": "public", "suggested_sort": null, "thumbnail": "https://b.thumbs.redditmedia.com/ZzyIg7gQNqcFOk0c_rvVc0MlZ_7YARnbK2gMUrYz6Rk.jpg", "thumbnail_height": 140, "thumbnail_width": 140, "title": "Out of cash \ud83d\udcb8.... I secretly hope it stays like this until next week LOL but seems ready to fly ... why I'm so greedy \ud83d\ude12", "top_awarded_type": null, "total_awards_received": 0, "treatment_tags": [], "upvote_ratio": 1.0, "url": "https://i.redd.it/ih4mgvspxdma1.jpg", "url_overridden_by_dest": "https://i.redd.it/ih4mgvspxdma1.jpg", "view_count": null, "whitelist_status": null, "wls": null}], "metadata": {"op_a": 57, "op_b": 49, "total": 107}, "error": null}