{"data": [{"all_awardings": [], "allow_live_comments": false, "archived": false, "author": "moonshot_69", "author_created_utc": 1662328354, "author_flair_background_color": null, "author_flair_css_class": null, "author_flair_richtext": [], "author_flair_template_id": null, "author_flair_text": null, "author_flair_text_color": null, "author_flair_type": "text", "author_fullname": "t2_rpv9h1mq", "author_patreon_flair": false, "author_premium": true, "awarders": [], "banned_by": null, "can_gild": true, "can_mod_post": false, "category": null, "content_categories": null, "contest_mode": false, "created_utc": 1674603843, "crosspost_parent": "t3_10ki001", "crosspost_parent_list": [{"all_awardings": [], "allow_live_comments": true, "approved_at_utc": null, "approved_by": null, "archived": false, "author": "moonshot_69", "author_flair_background_color": "#d3d6da", "author_flair_css_class": null, "author_flair_richtext": [], "author_flair_template_id": "481f78aa-a004-11ed-ac31-5e57c8d9e576", "author_flair_text": "Kais Maleej", "author_flair_text_color": "dark", "author_flair_type": "text", "author_fullname": "t2_rpv9h1mq", "author_is_blocked": false, "author_patreon_flair": false, "author_premium": true, "awarders": [], "banned_at_utc": null, "banned_by": null, "can_gild": true, "can_mod_post": false, "category": null, "clicked": false, "content_categories": null, "contest_mode": false, "created": 1674598572.0, "created_utc": 1674598572.0, "discussion_type": null, "distinguished": null, "domain": "i.redd.it", "downs": 0, "edited": false, "gilded": 0, "gildings": {}, "hidden": false, "hide_score": false, "id": "10ki001", "is_created_from_ads_ui": false, "is_crosspostable": true, "is_meta": false, "is_original_content": false, "is_reddit_media_domain": true, "is_robot_indexable": true, "is_self": false, "is_video": false, "likes": null, "link_flair_background_color": "#0079d3", "link_flair_css_class": "", "link_flair_richtext": [], "link_flair_template_id": "78a7b3b4-9c23-11ed-9f0f-02e12767cf45", "link_flair_text": "DD", "link_flair_text_color": "dark", "link_flair_type": "text", "locked": false, "media": null, "media_embed": {}, "media_only": false, "mod_note": null, "mod_reason_by": null, "mod_reason_title": null, "mod_reports": [], "name": "t3_10ki001", "no_follow": false, "num_comments": 74, "num_crossposts": 3, "num_reports": null, "over_18": false, "parent_whitelist_status": null, "permalink": "/r/bbby_remastered/comments/10ki001/its_definitely_not_bk_new_form_4_bullish/", "pinned": false, "post_hint": "image", "preview": {"enabled": true, "images": [{"id": "18i9Q7podkF-ww-cBLnucGXT4lO1Efdto7ZiqVUnG_I", "resolutions": [{"height": 216, "url": "https://preview.redd.it/7w7bhgnbx3ea1.jpg?width=108&amp;crop=smart&amp;auto=webp&amp;v=enabled&amp;s=90eecf21cf1f74faac0aeaa286a7efa36c8b07ae", "width": 108}, {"height": 432, "url": "https://preview.redd.it/7w7bhgnbx3ea1.jpg?width=216&amp;crop=smart&amp;auto=webp&amp;v=enabled&amp;s=60392c652db1718b368c967b670bb181ecd8938f", "width": 216}, {"height": 640, "url": "https://preview.redd.it/7w7bhgnbx3ea1.jpg?width=320&amp;crop=smart&amp;auto=webp&amp;v=enabled&amp;s=d990cb69694ac0c0df60dadb8aeba3cccacc2e6c", "width": 320}, {"height": 1280, "url": "https://preview.redd.it/7w7bhgnbx3ea1.jpg?width=640&amp;crop=smart&amp;auto=webp&amp;v=enabled&amp;s=014e999b2fb4ae57a43938cf741d9d6313249e8e", "width": 640}, {"height": 1920, "url": "https://preview.redd.it/7w7bhgnbx3ea1.jpg?width=960&amp;crop=smart&amp;auto=webp&amp;v=enabled&amp;s=8cf0b7e541ab7c40326f41c911cfe68d04bf9251", "width": 960}, {"height": 2160, "url": "https://preview.redd.it/7w7bhgnbx3ea1.jpg?width=1080&amp;crop=smart&amp;auto=webp&amp;v=enabled&amp;s=5a2e2d1166e2489cc3779d976fecbb1a7536a906", "width": 1080}], "source": {"height": 2436, "url": "https://preview.redd.it/7w7bhgnbx3ea1.jpg?auto=webp&amp;v=enabled&amp;s=49cde4aba93218626e1162c8cae2a79b5ab96909", "width": 1125}, "variants": {}}]}, "pwls": null, "quarantine": false, "removal_reason": null, "removed_by": null, "removed_by_category": null, "report_reasons": null, "saved": false, "score": 46, "secure_media": null, "secure_media_embed": {}, "selftext": "", "selftext_html": null, "send_replies": true, "spoiler": false, "stickied": false, "subreddit": "bbby_remastered", "subreddit_id": "t5_7tgjqd", "subreddit_name_prefixed": "r/bbby_remastered", "subreddit_subscribers": 659, "subreddit_type": "public", "suggested_sort": null, "thumbnail": "https://b.thumbs.redditmedia.com/er1OZE0H291C4w8EAOE6kicNrZwHzqbXXSJx8BFEmwg.jpg", "thumbnail_height": 140, "thumbnail_width": 140, "title": "It\u2019s definitely not BK; new form 4 BULLISH", "top_awarded_type": null, "total_awards_received": 0, "treatment_tags": [], "ups": 46, "upvote_ratio": 0.96, "url": "https://i.redd.it/7w7bhgnbx3ea1.jpg", "url_overridden_by_dest": "https://i.redd.it/7w7bhgnbx3ea1.jpg", "user_reports": [], "view_count": null, "visited": false, "whitelist_status": null, "wls": null}], "discussion_type": null, "distinguished": null, "domain": "i.redd.it", "edited": false, "gilded": 0, "gildings": {}, "hidden": false, "hide_score": false, "id": "10kk399", "is_created_from_ads_ui": false, "is_crosspostable": true, "is_meta": false, "is_original_content": false, "is_reddit_media_domain": true, "is_robot_indexable": true, "is_self": false, "is_video": false, "link_flair_background_color": "", "link_flair_css_class": null, "link_flair_richtext": [], "link_flair_text": null, "link_flair_text_color": "dark", "link_flair_type": "text", "locked": false, "media": null, "media_embed": {}, "media_only": false, "name": "t3_10kk399", "no_follow": false, "num_comments": 5, "num_crossposts": 0, "over_18": false, "parent_whitelist_status": null, "permalink": "/r/ThePPShow/comments/10kk399/in_case_you_bobbys_need_a_need_sub_rip_pp/", "pinned": false, "post_hint": "image", "preview": {"enabled": true, "images": [{"id": "18i9Q7podkF-ww-cBLnucGXT4lO1Efdto7ZiqVUnG_I", "resolutions": [{"height": 216, "url": "https://preview.redd.it/7w7bhgnbx3ea1.jpg?width=108&amp;crop=smart&amp;auto=webp&amp;v=enabled&amp;s=90eecf21cf1f74faac0aeaa286a7efa36c8b07ae", "width": 108}, {"height": 432, "url": "https://preview.redd.it/7w7bhgnbx3ea1.jpg?width=216&amp;crop=smart&amp;auto=webp&amp;v=enabled&amp;s=60392c652db1718b368c967b670bb181ecd8938f", "width": 216}, {"height": 640, "url": "https://preview.redd.it/7w7bhgnbx3ea1.jpg?width=320&amp;crop=smart&amp;auto=webp&amp;v=enabled&amp;s=d990cb69694ac0c0df60dadb8aeba3cccacc2e6c", "width": 320}, {"height": 1280, "url": "https://preview.redd.it/7w7bhgnbx3ea1.jpg?width=640&amp;crop=smart&amp;auto=webp&amp;v=enabled&amp;s=014e999b2fb4ae57a43938cf741d9d6313249e8e", "width": 640}, {"height": 1920, "url": "https://preview.redd.it/7w7bhgnbx3ea1.jpg?width=960&amp;crop=smart&amp;auto=webp&amp;v=enabled&amp;s=8cf0b7e541ab7c40326f41c911cfe68d04bf9251", "width": 960}, {"height": 2160, "url": "https://preview.redd.it/7w7bhgnbx3ea1.jpg?width=1080&amp;crop=smart&amp;auto=webp&amp;v=enabled&amp;s=5a2e2d1166e2489cc3779d976fecbb1a7536a906", "width": 1080}], "source": {"height": 2436, "url": "https://preview.redd.it/7w7bhgnbx3ea1.jpg?auto=webp&amp;v=enabled&amp;s=49cde4aba93218626e1162c8cae2a79b5ab96909", "width": 1125}, "variants": {}}]}, "pwls": null, "quarantine": false, "removed_by": null, "removed_by_category": null, "retrieved_on": 1676230181, "score": 9, "secure_media": null, "secure_media_embed": {}, "selftext": "", "send_replies": false, "spoiler": false, "stickied": false, "subreddit": "ThePPShow", "subreddit_id": "t5_7q5o7y", "subreddit_name_prefixed": "r/ThePPShow", "subreddit_subscribers": 328, "subreddit_type": "public", "suggested_sort": null, "thumbnail": "https://b.thumbs.redditmedia.com/er1OZE0H291C4w8EAOE6kicNrZwHzqbXXSJx8BFEmwg.jpg", "thumbnail_height": 140, "thumbnail_width": 140, "title": "In case you Bobby\u2019s need a need sub, RIP pp", "top_awarded_type": null, "total_awards_received": 0, "treatment_tags": [], "upvote_ratio": 0.92, "url": "https://i.redd.it/7w7bhgnbx3ea1.jpg", "url_overridden_by_dest": "https://i.redd.it/7w7bhgnbx3ea1.jpg", "view_count": null, "whitelist_status": null, "wls": null}, {"all_awardings": [], "allow_live_comments": false, "archived": false, "author": "Bbbydaddy", "author_created_utc": 1673797090, "author_flair_background_color": null, "author_flair_css_class": null, "author_flair_richtext": [], "author_flair_template_id": null, "author_flair_text": null, "author_flair_text_color": null, "author_flair_type": "text", "author_fullname": "t2_5oac2fdz", "author_patreon_flair": false, "author_premium": false, "awarders": [], "banned_by": null, "can_gild": true, "can_mod_post": false, "category": null, "content_categories": null, "contest_mode": false, "created_utc": 1674588167, "discussion_type": null, "distinguished": null, "domain": "v.redd.it", "edited": false, "gilded": 0, "gildings": {}, "hidden": false, "hide_score": false, "id": "10kdok2", "is_created_from_ads_ui": false, "is_crosspostable": true, "is_meta": false, "is_original_content": false, "is_reddit_media_domain": true, "is_robot_indexable": true, "is_self": false, "is_video": true, "link_flair_background_color": "", "link_flair_css_class": null, "link_flair_richtext": [], "link_flair_text": null, "link_flair_text_color": "dark", "link_flair_type": "text", "locked": false, "media": {"reddit_video": {"bitrate_kbps": 2400, "dash_url": "https://v.redd.it/rc8snhxc23ea1/DASHPlaylist.mpd?a=1678822376%2CZDdjNGFjYmExMjhhNThkYTNmZjE4ZmMxZjNhMzEwZjYyYjY0NjI2NDJmM2I1NjI2MzRhMzgwZGIwMTFiMzQ2Mg%3D%3D&amp;v=1&amp;f=sd", "duration": 5, "fallback_url": "https://v.redd.it/rc8snhxc23ea1/DASH_720.mp4?source=fallback", "height": 718, "hls_url": "https://v.redd.it/rc8snhxc23ea1/HLSPlaylist.m3u8?a=1678822376%2CYmYzYzM1YzJkYWJlMmU2ZTMxYWViOTFjYTNmNjVmZDVjNThlOWM5YjlmYTc3NDc0N2MyMGU1MzAxNGJlYzBkMQ%3D%3D&amp;v=1&amp;f=sd", "is_gif": false, "scrubber_media_url": "https://v.redd.it/rc8snhxc23ea1/DASH_96.mp4", "transcoding_status": "completed", "width": 1280}}, "media_embed": {}, "media_only": false, "name": "t3_10kdok2", "no_follow": false, "num_comments": 4, "num_crossposts": 0, "over_18": false, "parent_whitelist_status": null, "permalink": "/r/ThePPShow/comments/10kdok2/bbby_hodlers_right_now/", "pinned": false, "post_hint": "hosted:video", "preview": {"enabled": false, "images": [{"id": "GwJfESNKtU4Ib3TZWcws8UQnVQj4ojBQBJtZtgnAjGw", "resolutions": [{"height": 60, "url": "https://external-preview.redd.it/CcOf293wm17xjSYULNo_zstZAxReY9Mc8HMv4mVhcss.png?width=108&amp;crop=smart&amp;format=pjpg&amp;auto=webp&amp;v=enabled&amp;s=870e872df31d9d8de2c441626f85954420b54431", "width": 108}, {"height": 121, "url": "https://external-preview.redd.it/CcOf293wm17xjSYULNo_zstZAxReY9Mc8HMv4mVhcss.png?width=216&amp;crop=smart&amp;format=pjpg&amp;auto=webp&amp;v=enabled&amp;s=b5193ff85c6597d0972ce3b695839d3767346c5a", "width": 216}, {"height": 179, "url": "https://external-preview.redd.it/CcOf293wm17xjSYULNo_zstZAxReY9Mc8HMv4mVhcss.png?width=320&amp;crop=smart&amp;format=pjpg&amp;auto=webp&amp;v=enabled&amp;s=54227bd3d0be6c338c4954759ef982b5b5a58e6a", "width": 320}, {"height": 359, "url": "https://external-preview.redd.it/CcOf293wm17xjSYULNo_zstZAxReY9Mc8HMv4mVhcss.png?width=640&amp;crop=smart&amp;format=pjpg&amp;auto=webp&amp;v=enabled&amp;s=74a21f7699e955028605e5134c01b6d57bf0999c", "width": 640}, {"height": 539, "url": "https://external-preview.redd.it/CcOf293wm17xjSYULNo_zstZAxReY9Mc8HMv4mVhcss.png?width=960&amp;crop=smart&amp;format=pjpg&amp;auto=webp&amp;v=enabled&amp;s=01a386b39ee63d4831e591fbfe1d96b17a75e4e6", "width": 960}, {"height": 606, "url": "https://external-preview.redd.it/CcOf293wm17xjSYULNo_zstZAxReY9Mc8HMv4mVhcss.png?width=1080&amp;crop=smart&amp;format=pjpg&amp;auto=webp&amp;v=enabled&amp;s=5015047cb4fd9048794352cc2bafdd594907b3f0", "width": 1080}], "source": {"height": 1078, "url": "https://external-preview.redd.it/CcOf293wm17xjSYULNo_zstZAxReY9Mc8HMv4mVhcss.png?format=pjpg&amp;auto=webp&amp;v=enabled&amp;s=d7cf2807bafaf9df85dfe4abc799651f334c9f8e", "width": 1920}, "variants": {}}]}, "pwls": null, "quarantine": false, "removed_by": null, "removed_by_category": null, "retrieved_on": 1676230377, "score": 2, "secure_media": {"reddit_video": {"bitrate_kbps": 2400, "dash_url": "https://v.redd.it/rc8snhxc23ea1/DASHPlaylist.mpd?a=1678822376%2CZDdjNGFjYmExMjhhNThkYTNmZjE4ZmMxZjNhMzEwZjYyYjY0NjI2NDJmM2I1NjI2MzRhMzgwZGIwMTFiMzQ2Mg%3D%3D&amp;v=1&amp;f=sd", "duration": 5, "fallback_url": "https://v.redd.it/rc8snhxc23ea1/DASH_720.mp4?source=fallback", "height": 718, "hls_url": "https://v.redd.it/rc8snhxc23ea1/HLSPlaylist.m3u8?a=1678822376%2CYmYzYzM1YzJkYWJlMmU2ZTMxYWViOTFjYTNmNjVmZDVjNThlOWM5YjlmYTc3NDc0N2MyMGU1MzAxNGJlYzBkMQ%3D%3D&amp;v=1&amp;f=sd", "is_gif": false, "scrubber_media_url": "https://v.redd.it/rc8snhxc23ea1/DASH_96.mp4", "transcoding_status": "completed", "width": 1280}}, "secure_media_embed": {}, "selftext": "", "send_replies": true, "spoiler": false, "stickied": false, "subreddit": "ThePPShow", "subreddit_id": "t5_7q5o7y", "subreddit_name_prefixed": "r/ThePPShow", "subreddit_subscribers": 328, "subreddit_type": "public", "suggested_sort": null, "thumbnail": "https://b.thumbs.redditmedia.com/I3cwUooWaaieJLJOZ_bMc2_xNMKYlF6NBP9u8TE-JxM.jpg", "thumbnail_height": 78, "thumbnail_width": 140, "title": "$BBBY hodlers right now \ud83d\ude02\ud83d\ude80", "top_awarded_type": null, "total_awards_received": 0, "treatment_tags": [], "upvote_ratio": 0.58, "url": "https://v.redd.it/rc8snhxc23ea1", "url_overridden_by_dest": "https://v.redd.it/rc8snhxc23ea1", "view_count": null, "whitelist_status": null, "wls": null}, {"all_awardings": [], "allow_live_comments": false, "archived": false, "author": "Bbbydaddy", "author_created_utc": 1673797090, "author_flair_background_color": null, "author_flair_css_class": null, "author_flair_richtext": [], "author_flair_template_id": null, "author_flair_text": null, "author_flair_text_color": null, "author_flair_type": "text", "author_fullname": "t2_5oac2fdz", "author_patreon_flair": false, "author_premium": false, "awarders": [], "banned_by": null, "can_gild": true, "can_mod_post": false, "category": null, "content_categories": null, "contest_mode": false, "created_utc": 1674537249, "discussion_type": null, "distinguished": null, "domain": "i.redd.it", "edited": false, "gilded": 0, "gildings": {}, "hidden": false, "hide_score": false, "id": "10jxwjd", "is_created_from_ads_ui": false, "is_crosspostable": true, "is_meta": false, "is_original_content": false, "is_reddit_media_domain": true, "is_robot_indexable": true, "is_self": false, "is_video": false, "link_flair_background_color": "", "link_flair_css_class": null, "link_flair_richtext": [], "link_flair_text": null, "link_flair_text_color": "dark", "link_flair_type": "text", "locked": false, "media": null, "media_embed": {}, "media_only": false, "name": "t3_10jxwjd", "no_follow": false, "num_comments": 3, "num_crossposts": 0, "over_18": false, "parent_whitelist_status": null, "permalink": "/r/ThePPShow/comments/10jxwjd/i_knew_we_were_safe_after_hearing_this/", "pinned": false, "post_hint": "image", "preview": {"enabled": true, "images": [{"id": "eEEzlTyM2Pvps0I0FXcpNdbQv4XDCC58dYDlh8nyeJ8", "resolutions": [{"height": 30, "url": "https://preview.redd.it/5berrxbzuyda1.jpg?width=108&amp;crop=smart&amp;auto=webp&amp;v=enabled&amp;s=43a8d0e074b86f31a7b349ff77dec2fcfd75b5b5", "width": 108}, {"height": 61, "url": "https://preview.redd.it/5berrxbzuyda1.jpg?width=216&amp;crop=smart&amp;auto=webp&amp;v=enabled&amp;s=5cc4359ee260e49e32eed9bd3fe5b598f75aa977", "width": 216}, {"height": 90, "url": "https://preview.redd.it/5berrxbzuyda1.jpg?width=320&amp;crop=smart&amp;auto=webp&amp;v=enabled&amp;s=868d73ec35aa12e226998f86e263545111cdde55", "width": 320}, {"height": 181, "url": "https://preview.redd.it/5berrxbzuyda1.jpg?width=640&amp;crop=smart&amp;auto=webp&amp;v=enabled&amp;s=67cf579b6b6f10e4845fc5d7398c16a89b3b8b7c", "width": 640}, {"height": 272, "url": "https://preview.redd.it/5berrxbzuyda1.jpg?width=960&amp;crop=smart&amp;auto=webp&amp;v=enabled&amp;s=5b38c77976f4cb91a12b1d82022adc5d386b5c96", "width": 960}, {"height": 306, "url": "https://preview.redd.it/5berrxbzuyda1.jpg?width=1080&amp;crop=smart&amp;auto=webp&amp;v=enabled&amp;s=c730469f8ea50e7ca9f21675151213661ab558e7", "width": 1080}], "source": {"height": 483, "url": "https://preview.redd.it/5berrxbzuyda1.jpg?auto=webp&amp;v=enabled&amp;s=366c691a4e3785b32981cc99b46d6b1f38d8ae1b", "width": 1704}, "variants": {}}]}, "pwls": null, "quarantine": false, "removed_by": null, "removed_by_category": null, "retrieved_on": 1676230863, "score": 20, "secure_media": null, "secure_media_embed": {}, "selftext": "", "send_replies": true, "spoiler": false, "stickied": false, "subreddit": "ThePPShow", "subreddit_id": "t5_7q5o7y", "subreddit_name_prefixed": "r/ThePPShow", "subreddit_subscribers": 328, "subreddit_type": "public", "suggested_sort": null, "thumbnail": "https://b.thumbs.redditmedia.com/tKce1sjLDmv9fDEeRf1glOMMAyjE_zRH_QoOCJUXaDw.jpg", "thumbnail_height": 39, "thumbnail_width": 140, "title": "I knew we were safe after hearing this \ud83e\udd37\ud83c\udffb\u200d\u2642\ufe0f\ud83d\udd25", "top_awarded_type": null, "total_awards_received": 0, "treatment_tags": [], "upvote_ratio": 0.96, "url": "https://i.redd.it/5berrxbzuyda1.jpg", "url_overridden_by_dest": "https://i.redd.it/5berrxbzuyda1.jpg", "view_count": null, "whitelist_status": null, "wls": null}], "metadata": {"op_a": 58, "op_b": 49, "total": 108}, "error": null}