{"data": [{"all_awardings": [], "allow_live_comments": false, "archived": false, "author": "ppseeds", "author_created_utc": 1518222553, "author_flair_background_color": null, "author_flair_css_class": null, "author_flair_richtext": [], "author_flair_template_id": null, "author_flair_text": null, "author_flair_text_color": null, "author_flair_type": "text", "author_fullname": "t2_w7v9rg0", "author_patreon_flair": false, "author_premium": true, "awarders": [], "banned_by": null, "can_gild": true, "can_mod_post": false, "category": null, "content_categories": null, "contest_mode": false, "created_utc": 1678750793, "discussion_type": null, "distinguished": null, "domain": "youtube.com", "edited": false, "gilded": 0, "gildings": {}, "hidden": false, "hide_score": false, "id": "11qpyfr", "is_created_from_ads_ui": false, "is_crosspostable": true, "is_meta": false, "is_original_content": false, "is_reddit_media_domain": false, "is_robot_indexable": true, "is_self": false, "is_video": false, "link_flair_background_color": "#ffd635", "link_flair_css_class": "", "link_flair_richtext": [], "link_flair_template_id": "cf8e4b00-8f0a-11ed-bcf5-ea5ecab695a0", "link_flair_text": "Stream Live Chat", "link_flair_text_color": "dark", "link_flair_type": "text", "locked": false, "media": {"oembed": {"author_name": "ThePPshow", "author_url": "https://www.youtube.com/@ThePPshow", "height": 200, "html": "&lt;iframe width=\"356\" height=\"200\" src=\"https://www.youtube.com/embed/WTB9FVY-Alg?feature=oembed&amp;enablejsapi=1\" frameborder=\"0\" allow=\"accelerometer; autoplay; clipboard-write; encrypted-media; gyroscope; picture-in-picture; web-share\" allowfullscreen title=\"ThePPShow BBBY Livestream\"&gt;&lt;/iframe&gt;", "provider_name": "YouTube", "provider_url": "https://www.youtube.com/", "thumbnail_height": 360, "thumbnail_url": "https://i.ytimg.com/vi/WTB9FVY-Alg/hqdefault.jpg", "thumbnail_width": 480, "title": "ThePPShow BBBY Livestream", "type": "video", "version": "1.0", "width": 356}, "type": "youtube.com"}, "media_embed": {"content": "&lt;iframe width=\"356\" height=\"200\" src=\"https://www.youtube.com/embed/WTB9FVY-Alg?feature=oembed&amp;enablejsapi=1\" frameborder=\"0\" allow=\"accelerometer; autoplay; clipboard-write; encrypted-media; gyroscope; picture-in-picture; web-share\" allowfullscreen title=\"ThePPShow BBBY Livestream\"&gt;&lt;/iframe&gt;", "height": 200, "scrolling": false, "width": 356}, "media_only": false, "name": "t3_11qpyfr", "no_follow": false, "num_comments": 9, "num_crossposts": 0, "over_18": false, "parent_whitelist_status": null, "permalink": "/r/ThePPShow/comments/11qpyfr/theppshow_is_starting_shortly_see_you_soon/", "pinned": false, "post_hint": "rich:video", "preview": {"enabled": false, "images": [{"id": "E1loU_22ZShlHwZcPMdVR9YOw1ctODoWDJLuQESBoHk", "resolutions": [{"height": 81, "url": "https://external-preview.redd.it/mevniBrxleFfoKTGFwK4pGXrewGtI-Clu0OUPRFUwMg.jpg?width=108&amp;crop=smart&amp;auto=webp&amp;v=enabled&amp;s=909da2dbe3e58cdeab3c4af2f56691e48d368607", "width": 108}, {"height": 162, "url": "https://external-preview.redd.it/mevniBrxleFfoKTGFwK4pGXrewGtI-Clu0OUPRFUwMg.jpg?width=216&amp;crop=smart&amp;auto=webp&amp;v=enabled&amp;s=8a8113902aed173f1dc190fa106d4ceb9476aed0", "width": 216}, {"height": 240, "url": "https://external-preview.redd.it/mevniBrxleFfoKTGFwK4pGXrewGtI-Clu0OUPRFUwMg.jpg?width=320&amp;crop=smart&amp;auto=webp&amp;v=enabled&amp;s=86e348691a87aec7cb6d37257e6bfb23dbfaf445", "width": 320}], "source": {"height": 360, "url": "https://external-preview.redd.it/mevniBrxleFfoKTGFwK4pGXrewGtI-Clu0OUPRFUwMg.jpg?auto=webp&amp;v=enabled&amp;s=02036a474996e015d8b56d8f7fdeabcaeed42d54", "width": 480}, "variants": {}}]}, "pwls": null, "quarantine": false, "removed_by": null, "removed_by_category": null, "retrieved_on": 1681009715, "score": 16, "secure_media": {"oembed": {"author_name": "ThePPshow", "author_url": "https://www.youtube.com/@ThePPshow", "height": 200, "html": "&lt;iframe width=\"356\" height=\"200\" src=\"https://www.youtube.com/embed/WTB9FVY-Alg?feature=oembed&amp;enablejsapi=1\" frameborder=\"0\" allow=\"accelerometer; autoplay; clipboard-write; encrypted-media; gyroscope; picture-in-picture; web-share\" allowfullscreen title=\"ThePPShow BBBY Livestream\"&gt;&lt;/iframe&gt;", "provider_name": "YouTube", "provider_url": "https://www.youtube.com/", "thumbnail_height": 360, "thumbnail_url": "https://i.ytimg.com/vi/WTB9FVY-Alg/hqdefault.jpg", "thumbnail_width": 480, "title": "ThePPShow BBBY Livestream", "type": "video", "version": "1.0", "width": 356}, "type": "youtube.com"}, "secure_media_embed": {"content": "&lt;iframe width=\"356\" height=\"200\" src=\"https://www.youtube.com/embed/WTB9FVY-Alg?feature=oembed&amp;enablejsapi=1\" frameborder=\"0\" allow=\"accelerometer; autoplay; clipboard-write; encrypted-media; gyroscope; picture-in-picture; web-share\" allowfullscreen title=\"ThePPShow BBBY Livestream\"&gt;&lt;/iframe&gt;", "height": 200, "media_domain_url": "https://www.redditmedia.com/mediaembed/11qpyfr", "scrolling": false, "width": 356}, "selftext": "", "send_replies": true, "spoiler": false, "stickied": false, "subreddit": "ThePPShow", "subreddit_id": "t5_7q5o7y", "subreddit_name_prefixed": "r/ThePPShow", "subreddit_subscribers": 1238, "subreddit_type": "public", "suggested_sort": null, "thumbnail": "https://b.thumbs.redditmedia.com/RXyMrRNMycuhQJAXshiskzneZC9PmPqd5skW1k-v5gE.jpg", "thumbnail_height": 105, "thumbnail_width": 140, "title": "ThePPShow is starting shortly!! See you soon!", "top_awarded_type": null, "total_awards_received": 0, "treatment_tags": [], "upvote_ratio": 0.95, "url": "https://www.youtube.com/watch?v=WTB9FVY-Alg", "url_overridden_by_dest": "https://www.youtube.com/watch?v=WTB9FVY-Alg", "view_count": null, "whitelist_status": null, "wls": null}, {"all_awardings": [], "allow_live_comments": false, "archived": false, "author": "Aware_Skirt", "author_created_utc": 1590737291, "author_flair_background_color": null, "author_flair_css_class": null, "author_flair_richtext": [], "author_flair_template_id": null, "author_flair_text": null, "author_flair_text_color": null, "author_flair_type": "text", "author_fullname": "t2_6lwygj6r", "author_patreon_flair": false, "author_premium": false, "awarders": [], "banned_by": null, "can_gild": true, "can_mod_post": false, "category": null, "content_categories": null, "contest_mode": false, "created_utc": 1678744315, "discussion_type": null, "distinguished": null, "domain": "self.ThePPShow", "edited": false, "gilded": 0, "gildings": {}, "hidden": false, "hide_score": false, "id": "11qn1c2", "is_created_from_ads_ui": false, "is_crosspostable": true, "is_meta": false, "is_original_content": false, "is_reddit_media_domain": false, "is_robot_indexable": true, "is_self": true, "is_video": false, "link_flair_background_color": "", "link_flair_css_class": null, "link_flair_richtext": [], "link_flair_text": null, "link_flair_text_color": "dark", "link_flair_type": "text", "locked": false, "media": null, "media_embed": {}, "media_only": false, "name": "t3_11qn1c2", "no_follow": false, "num_comments": 0, "num_crossposts": 0, "over_18": false, "parent_whitelist_status": null, "permalink": "/r/ThePPShow/comments/11qn1c2/can_someone_confirm_icahn_said_i_have_a_lot_of/", "pinned": false, "pwls": null, "quarantine": false, "removed_by": null, "removed_by_category": null, "retrieved_on": 1681009827, "score": 9, "secure_media": null, "secure_media_embed": {}, "selftext": "If he actually said this, it would be very promising.", "send_replies": true, "spoiler": false, "stickied": false, "subreddit": "ThePPShow", "subreddit_id": "t5_7q5o7y", "subreddit_name_prefixed": "r/ThePPShow", "subreddit_subscribers": 1238, "subreddit_type": "public", "suggested_sort": null, "thumbnail": "self", "thumbnail_height": null, "thumbnail_width": null, "title": "Can someone confirm Icahn said \u201cI have a lot of warrants.\u201d in the recent fox interview.", "top_awarded_type": null, "total_awards_received": 0, "treatment_tags": [], "upvote_ratio": 0.85, "url": "https://www.reddit.com/r/ThePPShow/comments/11qn1c2/can_someone_confirm_icahn_said_i_have_a_lot_of/", "view_count": null, "whitelist_status": null, "wls": null}, {"all_awardings": [], "allow_live_comments": false, "archived": false, "author": "moonshot_69", "author_created_utc": 1662328354, "author_flair_background_color": null, "author_flair_css_class": null, "author_flair_richtext": [], "author_flair_template_id": null, "author_flair_text": null, "author_flair_text_color": null, "author_flair_type": "text", "author_fullname": "t2_rpv9h1mq", "author_patreon_flair": false, "author_premium": true, "awarders": [], "banned_by": null, "can_gild": true, "can_mod_post": false, "category": null, "content_categories": null, "contest_mode": false, "created_utc": 1678737262, "discussion_type": null, "distinguished": null, "domain": "i.redd.it", "edited": false, "gilded": 0, "gildings": {}, "hidden": false, "hide_score": false, "id": "11qjq5l", "is_created_from_ads_ui": false, "is_crosspostable": true, "is_meta": false, "is_original_content": false, "is_reddit_media_domain": true, "is_robot_indexable": true, "is_self": false, "is_video": false, "link_flair_background_color": "", "link_flair_css_class": null, "link_flair_richtext": [], "link_flair_text": null, "link_flair_text_color": "dark", "link_flair_type": "text", "locked": false, "media": null, "media_embed": {}, "media_only": false, "name": "t3_11qjq5l", "no_follow": false, "num_comments": 7, "num_crossposts": 0, "over_18": false, "parent_whitelist_status": null, "permalink": "/r/ThePPShow/comments/11qjq5l/today_is_the_day_it_was_right_in_front_of_us_all/", "pinned": false, "post_hint": "image", "preview": {"enabled": true, "images": [{"id": "ILl5iFBed-STXuqqnZ983-nVC1WzY7prp8wjktnHwgk", "resolutions": [{"height": 216, "url": "https://preview.redd.it/ya4kvvvrrlna1.jpg?width=108&amp;crop=smart&amp;auto=webp&amp;v=enabled&amp;s=08ce179e5c51135eb0c8bc742d064ede86f939f2", "width": 108}, {"height": 432, "url": "https://preview.redd.it/ya4kvvvrrlna1.jpg?width=216&amp;crop=smart&amp;auto=webp&amp;v=enabled&amp;s=69fd65d788a4e26d94f23686d2c33fa7602377ba", "width": 216}, {"height": 640, "url": "https://preview.redd.it/ya4kvvvrrlna1.jpg?width=320&amp;crop=smart&amp;auto=webp&amp;v=enabled&amp;s=94ff6126b41cf743baa042e0984c23543b1fc92e", "width": 320}, {"height": 1280, "url": "https://preview.redd.it/ya4kvvvrrlna1.jpg?width=640&amp;crop=smart&amp;auto=webp&amp;v=enabled&amp;s=14adfa78d0f4a84e408e4db6f2d35e3ab5a544c0", "width": 640}, {"height": 1920, "url": "https://preview.redd.it/ya4kvvvrrlna1.jpg?width=960&amp;crop=smart&amp;auto=webp&amp;v=enabled&amp;s=395fa3fc7a0395b09cd979475f23fcb5e96894a8", "width": 960}, {"height": 2160, "url": "https://preview.redd.it/ya4kvvvrrlna1.jpg?width=1080&amp;crop=smart&amp;auto=webp&amp;v=enabled&amp;s=5961a65ed46889c677d91483344d0e7ad28b53d6", "width": 1080}], "source": {"height": 2436, "url": "https://preview.redd.it/ya4kvvvrrlna1.jpg?auto=webp&amp;v=enabled&amp;s=8a91484afa4fd19e49515b1e2ba39d54bc41c3c3", "width": 1125}, "variants": {}}]}, "pwls": null, "quarantine": false, "removed_by": null, "removed_by_category": null, "retrieved_on": 1681009953, "score": 13, "secure_media": null, "secure_media_embed": {}, "selftext": "", "send_replies": true, "spoiler": false, "stickied": false, "subreddit": "ThePPShow", "subreddit_id": "t5_7q5o7y", "subreddit_name_prefixed": "r/ThePPShow", "subreddit_subscribers": 1238, "subreddit_type": "public", "suggested_sort": null, "thumbnail": "https://b.thumbs.redditmedia.com/7T0lhJpu7-boFrGcWtQG3CSYk4-rIUfYRHksXPO-XiY.jpg", "thumbnail_height": 140, "thumbnail_width": 140, "title": "Today is the day, it was right in front of us all along. 3/13. Hidden button at top of teddy shirt", "top_awarded_type": null, "total_awards_received": 0, "treatment_tags": [], "upvote_ratio": 0.81, "url": "https://i.redd.it/ya4kvvvrrlna1.jpg", "url_overridden_by_dest": "https://i.redd.it/ya4kvvvrrlna1.jpg", "view_count": null, "whitelist_status": null, "wls": null}, {"all_awardings": [], "allow_live_comments": false, "archived": false, "author": "MyApplesRipeToYolo", "author_created_utc": 1667329026, "author_flair_background_color": null, "author_flair_css_class": null, "author_flair_richtext": [], "author_flair_template_id": null, "author_flair_text": null, "author_flair_text_color": null, "author_flair_type": "text", "author_fullname": "t2_hja67dgy", "author_patreon_flair": false, "author_premium": false, "awarders": [], "banned_by": null, "can_gild": true, "can_mod_post": false, "category": null, "content_categories": null, "contest_mode": false, "created_utc": 1678732507, "discussion_type": null, "distinguished": null, "domain": "i.redd.it", "edited": false, "gilded": 0, "gildings": {}, "hidden": false, "hide_score": false, "id": "11qhk1o", "is_created_from_ads_ui": false, "is_crosspostable": true, "is_meta": false, "is_original_content": false, "is_reddit_media_domain": true, "is_robot_indexable": true, "is_self": false, "is_video": false, "link_flair_background_color": "", "link_flair_css_class": null, "link_flair_richtext": [], "link_flair_text": null, "link_flair_text_color": "dark", "link_flair_type": "text", "locked": false, "media": null, "media_embed": {}, "media_only": false, "name": "t3_11qhk1o", "no_follow": false, "num_comments": 0, "num_crossposts": 0, "over_18": false, "parent_whitelist_status": null, "permalink": "/r/ThePPShow/comments/11qhk1o/potential_large_change_for_canadian_markers/", "pinned": false, "post_hint": "image", "preview": {"enabled": true, "images": [{"id": "mxyaJuK8l9Eahsvpwl0-CWOjbJWIpa2fe8s4yeG1eDA", "resolutions": [{"height": 216, "url": "https://preview.redd.it/dr0dmcvmdlna1.jpg?width=108&amp;crop=smart&amp;auto=webp&amp;v=enabled&amp;s=232a78bdc433d641ef26fcd296f3434bf14b29e9", "width": 108}, {"height": 432, "url": "https://preview.redd.it/dr0dmcvmdlna1.jpg?width=216&amp;crop=smart&amp;auto=webp&amp;v=enabled&amp;s=bd3d3b8e16b12c114f8972548f5a0a14862e9d43", "width": 216}, {"height": 640, "url": "https://preview.redd.it/dr0dmcvmdlna1.jpg?width=320&amp;crop=smart&amp;auto=webp&amp;v=enabled&amp;s=581fa0643b4df89e3d08c69a95f0672e669b01f5", "width": 320}, {"height": 1280, "url": "https://preview.redd.it/dr0dmcvmdlna1.jpg?width=640&amp;crop=smart&amp;auto=webp&amp;v=enabled&amp;s=f6d7a1f19906c51c550d39ca56110e5f4b41c323", "width": 640}], "source": {"height": 2316, "url": "https://preview.redd.it/dr0dmcvmdlna1.jpg?auto=webp&amp;v=enabled&amp;s=1fe9a18b563829d43a489f6fbe2cf107672592e0", "width": 904}, "variants": {}}]}, "pwls": null, "quarantine": false, "removed_by": null, "removed_by_category": null, "retrieved_on": 1681010034, "score": 1, "secure_media": null, "secure_media_embed": {}, "selftext": "I logged into my wealthsimple app today to this message. \n\nthe thing is, drs was always pointless prior because shares weren't loaned out. it appears now they are attempting to allow it. it does say lending pending regulation and you can shut it off. I haven't gone too much into the details yet, but this does change things.... I mean, my canadian brother, ABC, owns like half the float by now I'm sure.", "send_replies": true, "spoiler": false, "stickied": false, "subreddit": "ThePPShow", "subreddit_id": "t5_7q5o7y", "subreddit_name_prefixed": "r/ThePPShow", "subreddit_subscribers": 1238, "subreddit_type": "public", "suggested_sort": null, "thumbnail": "https://a.thumbs.redditmedia.com/oYBkoIYVevf7WFWXzH-jOo_2xndePk7t7URrveZaMJ8.jpg", "thumbnail_height": 140, "thumbnail_width": 140, "title": "potential large change for canadian markers", "top_awarded_type": null, "total_awards_received": 0, "treatment_tags": [], "upvote_ratio": 1.0, "url": "https://i.redd.it/dr0dmcvmdlna1.jpg", "url_overridden_by_dest": "https://i.redd.it/dr0dmcvmdlna1.jpg", "view_count": null, "whitelist_status": null, "wls": null}, {"all_awardings": [], "allow_live_comments": false, "archived": false, "author": "[deleted]", "author_created_utc": null, "author_flair_background_color": "", "author_flair_css_class": null, "author_flair_template_id": null, "author_flair_text": null, "author_flair_text_color": "dark", "awarders": [], "banned_by": null, "can_gild": false, "can_mod_post": false, "category": null, "content_categories": null, "contest_mode": false, "created_utc": 1678725925, "discussion_type": null, "distinguished": null, "domain": "", "edited": false, "gilded": 0, "gildings": {}, "hidden": false, "hide_score": false, "id": "11qeqbc", "is_created_from_ads_ui": false, "is_crosspostable": false, "is_meta": false, "is_original_content": false, "is_reddit_media_domain": true, "is_robot_indexable": false, "is_self": false, "is_video": false, "link_flair_background_color": "", "link_flair_css_class": null, "link_flair_richtext": [], "link_flair_text": null, "link_flair_text_color": "dark", "link_flair_type": "text", "locked": false, "media": null, "media_embed": {}, "media_only": false, "name": "t3_11qeqbc", "no_follow": false, "num_comments": 0, "num_crossposts": 0, "over_18": false, "parent_whitelist_status": null, "permalink": "/r/ThePPShow/comments/11qeqbc/carl_icahn_interview_today/", "pinned": false, "pwls": null, "quarantine": false, "removed_by": null, "removed_by_category": "deleted", "retrieved_on": 1681010143, "score": 1, "secure_media": null, "secure_media_embed": {}, "selftext": "[deleted]", "send_replies": true, "spoiler": false, "stickied": false, "subreddit": "ThePPShow", "subreddit_id": "t5_7q5o7y", "subreddit_name_prefixed": "r/ThePPShow", "subreddit_subscribers": 1239, "subreddit_type": "public", "suggested_sort": null, "thumbnail": "default", "thumbnail_height": 89, "thumbnail_width": 140, "title": "Carl Icahn interview today", "top_awarded_type": null, "total_awards_received": 0, "treatment_tags": [], "upvote_ratio": 1.0, "url": "", "url_overridden_by_dest": "", "view_count": null, "whitelist_status": null, "wls": null}, {"all_awardings": [], "allow_live_comments": false, "archived": false, "author": "Z3R0H3R013", "author_created_utc": 1593165150, "author_flair_background_color": null, "author_flair_css_class": null, "author_flair_richtext": [], "author_flair_template_id": null, "author_flair_text": null, "author_flair_text_color": null, "author_flair_type": "text", "author_fullname": "t2_5envtm3k", "author_patreon_flair": false, "author_premium": false, "awarders": [], "banned_by": null, "can_gild": true, "can_mod_post": false, "category": null, "content_categories": null, "contest_mode": false, "created_utc": 1678719409, "discussion_type": null, "distinguished": null, "domain": "i.redd.it", "edited": false, "gilded": 0, "gildings": {}, "hidden": false, "hide_score": false, "id": "11qbxx2", "is_created_from_ads_ui": false, "is_crosspostable": true, "is_meta": false, "is_original_content": false, "is_reddit_media_domain": true, "is_robot_indexable": true, "is_self": false, "is_video": false, "link_flair_background_color": "", "link_flair_css_class": null, "link_flair_richtext": [], "link_flair_text": null, "link_flair_text_color": "dark", "link_flair_type": "text", "locked": false, "media": null, "media_embed": {}, "media_only": false, "name": "t3_11qbxx2", "no_follow": false, "num_comments": 4, "num_crossposts": 0, "over_18": false, "parent_whitelist_status": null, "permalink": "/r/ThePPShow/comments/11qbxx2/yall_wanna_see_a_dead_body/", "pinned": false, "post_hint": "image", "preview": {"enabled": true, "images": [{"id": "pjR1C671u1hDXxIpD9xgJiexOjzWOCEGX8Ks9cCGHEA", "resolutions": [{"height": 60, "url": "https://preview.redd.it/76ngjx3usina1.jpg?width=108&amp;crop=smart&amp;auto=webp&amp;v=enabled&amp;s=24752b6bb99c9034aa89cda8d196aaa9ab76d97e", "width": 108}, {"height": 121, "url": "https://preview.redd.it/76ngjx3usina1.jpg?width=216&amp;crop=smart&amp;auto=webp&amp;v=enabled&amp;s=d1005da367189b93a3c2816c88b13c26b0ecaf96", "width": 216}, {"height": 179, "url": "https://preview.redd.it/76ngjx3usina1.jpg?width=320&amp;crop=smart&amp;auto=webp&amp;v=enabled&amp;s=34b2b6791cc052e667922bce3c3ad223d32a461d", "width": 320}, {"height": 359, "url": "https://preview.redd.it/76ngjx3usina1.jpg?width=640&amp;crop=smart&amp;auto=webp&amp;v=enabled&amp;s=df9cfad0b30e2b64c37f736d2dab64b669100b5f", "width": 640}], "source": {"height": 506, "url": "https://preview.redd.it/76ngjx3usina1.jpg?auto=webp&amp;v=enabled&amp;s=0ae3f1166b36c90a6fe65d32a247679fbbceb7a8", "width": 900}, "variants": {}}]}, "pwls": null, "quarantine": false, "removed_by": null, "removed_by_category": null, "retrieved_on": 1681010250, "score": 18, "secure_media": null, "secure_media_embed": {}, "selftext": "", "send_replies": true, "spoiler": false, "stickied": false, "subreddit": "ThePPShow", "subreddit_id": "t5_7q5o7y", "subreddit_name_prefixed": "r/ThePPShow", "subreddit_subscribers": 1239, "subreddit_type": "public", "suggested_sort": null, "thumbnail": "https://b.thumbs.redditmedia.com/3aMGALRa2aEIkWWjjprfIizXxZlGSaqQPIq6BNEeaXE.jpg", "thumbnail_height": 78, "thumbnail_width": 140, "title": "yall wanna see a dead body?", "top_awarded_type": null, "total_awards_received": 0, "treatment_tags": [], "upvote_ratio": 0.96, "url": "https://i.redd.it/76ngjx3usina1.jpg", "url_overridden_by_dest": "https://i.redd.it/76ngjx3usina1.jpg", "view_count": null, "whitelist_status": null, "wls": null}, {"all_awardings": [], "allow_live_comments": false, "archived": false, "author": "bootobin", "author_created_utc": null, "author_flair_background_color": null, "author_flair_css_class": null, "author_flair_richtext": [], "author_flair_template_id": null, "author_flair_text": null, "author_flair_text_color": null, "author_flair_type": "text", "author_fullname": "t2_3wcp1dmi0", "author_patreon_flair": false, "author_premium": false, "awarders": [], "banned_by": null, "can_gild": true, "can_mod_post": false, "category": null, "content_categories": null, "contest_mode": false, "created_utc": 1678711987, "discussion_type": null, "distinguished": null, "domain": "self.ThePPShow", "edited": 1678712253.0, "gilded": 0, "gildings": {}, "hidden": false, "hide_score": false, "id": "11q8vtg", "is_created_from_ads_ui": false, "is_crosspostable": true, "is_meta": false, "is_original_content": false, "is_reddit_media_domain": false, "is_robot_indexable": true, "is_self": true, "is_video": false, "link_flair_background_color": "", "link_flair_css_class": null, "link_flair_richtext": [], "link_flair_text": null, "link_flair_text_color": "dark", "link_flair_type": "text", "locked": false, "media": null, "media_embed": {}, "media_metadata": {"f4gk6kvt7ina1": {"e": "Image", "id": "f4gk6kvt7ina1", "m": "image/png", "p": [{"u": "https://preview.redd.it/f4gk6kvt7ina1.png?width=108&amp;crop=smart&amp;auto=webp&amp;v=enabled&amp;s=7b933347c5e65747d311b2121e846bb2e1b8f3d9", "x": 108, "y": 63}, {"u": "https://preview.redd.it/f4gk6kvt7ina1.png?width=216&amp;crop=smart&amp;auto=webp&amp;v=enabled&amp;s=818d335cf62e9ddf50b1dce89d623c6e611826cb", "x": 216, "y": 126}, {"u": "https://preview.redd.it/f4gk6kvt7ina1.png?width=320&amp;crop=smart&amp;auto=webp&amp;v=enabled&amp;s=0825778c07f6d1531818c595824e4e5f3fadc07d", "x": 320, "y": 187}, {"u": "https://preview.redd.it/f4gk6kvt7ina1.png?width=640&amp;crop=smart&amp;auto=webp&amp;v=enabled&amp;s=df60c6d9553eef653c1b36e46b939ddfadb0b374", "x": 640, "y": 374}, {"u": "https://preview.redd.it/f4gk6kvt7ina1.png?width=960&amp;crop=smart&amp;auto=webp&amp;v=enabled&amp;s=72af98c3720ade85a3dd106ae54a6b31864eb7b0", "x": 960, "y": 561}, {"u": "https://preview.redd.it/f4gk6kvt7ina1.png?width=1080&amp;crop=smart&amp;auto=webp&amp;v=enabled&amp;s=715e5d31f1fdbfb9e1076568b457b1a1ae3c9f20", "x": 1080, "y": 631}], "s": {"u": "https://preview.redd.it/f4gk6kvt7ina1.png?width=1768&amp;format=png&amp;auto=webp&amp;v=enabled&amp;s=8654bcfb95ba0a355f161cd3bbaa140878e1fdff", "x": 1768, "y": 1034}, "status": "valid"}}, "media_only": false, "name": "t3_11q8vtg", "no_follow": false, "num_comments": 1, "num_crossposts": 0, "over_18": false, "parent_whitelist_status": null, "permalink": "/r/ThePPShow/comments/11q8vtg/larry_cheng_suggests_averaging_down_on_good/", "pinned": false, "pwls": null, "quarantine": false, "removed_by": null, "removed_by_category": null, "retrieved_on": 1681010366, "score": 11, "secure_media": null, "secure_media_embed": {}, "selftext": "That's my interpretation of this tweet anyway.\n\n&amp;#x200B;\n\nhttps://preview.redd.it/f4gk6kvt7ina1.png?width=1768&amp;format=png&amp;auto=webp&amp;v=enabled&amp;s=8654bcfb95ba0a355f161cd3bbaa140878e1fdff\n\n[https://twitter.com/larryvc/status/1633824563447443456](https://twitter.com/larryvc/status/1633824563447443456)", "send_replies": true, "spoiler": false, "stickied": false, "subreddit": "ThePPShow", "subreddit_id": "t5_7q5o7y", "subreddit_name_prefixed": "r/ThePPShow", "subreddit_subscribers": 1239, "subreddit_type": "public", "suggested_sort": null, "thumbnail": "https://b.thumbs.redditmedia.com/7whMqs1jXp7O2AgyyJt1BSixAMGgb54iZymI_Q9UvgQ.jpg", "thumbnail_height": 81, "thumbnail_width": 140, "title": "Larry Cheng Suggests Averaging Down on Good Investments", "top_awarded_type": null, "total_awards_received": 0, "treatment_tags": [], "upvote_ratio": 1.0, "url": "https://www.reddit.com/r/ThePPShow/comments/11q8vtg/larry_cheng_suggests_averaging_down_on_good/", "view_count": null, "whitelist_status": null, "wls": null}, {"all_awardings": [], "allow_live_comments": false, "archived": false, "author": "ppseeds", "author_created_utc": 1518222553, "author_flair_background_color": null, "author_flair_css_class": null, "author_flair_richtext": [], "author_flair_template_id": null, "author_flair_text": null, "author_flair_text_color": null, "author_flair_type": "text", "author_fullname": "t2_w7v9rg0", "author_patreon_flair": false, "author_premium": true, "awarders": [], "banned_by": null, "can_gild": true, "can_mod_post": false, "category": null, "content_categories": null, "contest_mode": false, "created_utc": 1678675324, "discussion_type": null, "distinguished": null, "domain": "twitter.com", "edited": false, "gilded": 0, "gildings": {}, "hidden": false, "hide_score": false, "id": "11pxu4b", "is_created_from_ads_ui": false, "is_crosspostable": true, "is_meta": false, "is_original_content": false, "is_reddit_media_domain": false, "is_robot_indexable": true, "is_self": false, "is_video": false, "link_flair_background_color": "", "link_flair_css_class": null, "link_flair_richtext": [], "link_flair_text": null, "link_flair_text_color": "dark", "link_flair_type": "text", "locked": false, "media": {"oembed": {"author_name": "Badasstrader.loopring.eth \ud83c\udff4\u200d\u2620\ufe0f", "author_url": "https://twitter.com/BadassTrader69", "cache_age": 3153600000, "height": null, "html": "&lt;blockquote class=\"twitter-video\"&gt;&lt;p lang=\"en\" dir=\"ltr\"&gt;So apparently the &lt;a href=\"https://twitter.com/ThePPseedsShow?ref_src=twsrc%5Etfw\"&gt;@ThePPseedsShow&lt;/a&gt; disproved my DD because Sue Gove was only with 2 companies associated with Apollo. And apparently she&amp;#39;s on SO many boards, is just the laws of probability that she&amp;#39;d run into Apollo eventually. Job done right? &lt;br&gt;&lt;br&gt;Well she&amp;#39;s &lt;a href=\"https://t.co/270nFWVWHZ\"&gt;https://t.co/270nFWVWHZ&lt;/a&gt;\u2026 &lt;a href=\"https://t.co/1IFJJ3rOz7\"&gt;https://t.co/1IFJJ3rOz7&lt;/a&gt;&lt;/p&gt;&amp;mdash; Badasstrader.loopring.eth \ud83c\udff4\u200d\u2620\ufe0f (@BadassTrader69) &lt;a href=\"https://twitter.com/BadassTrader69/status/1635105565138382848?ref_src=twsrc%5Etfw\"&gt;March 13, 2023&lt;/a&gt;&lt;/blockquote&gt;\n&lt;script async src=\"https://platform.twitter.com/widgets.js\" charset=\"utf-8\"&gt;&lt;/script&gt;\n", "provider_name": "Twitter", "provider_url": "https://twitter.com", "type": "rich", "url": "https://twitter.com/BadassTrader69/status/1635105565138382848", "version": "1.0", "width": 350}, "type": "twitter.com"}, "media_embed": {"content": "&lt;blockquote class=\"twitter-video\"&gt;&lt;p lang=\"en\" dir=\"ltr\"&gt;So apparently the &lt;a href=\"https://twitter.com/ThePPseedsShow?ref_src=twsrc%5Etfw\"&gt;@ThePPseedsShow&lt;/a&gt; disproved my DD because Sue Gove was only with 2 companies associated with Apollo. And apparently she&amp;#39;s on SO many boards, is just the laws of probability that she&amp;#39;d run into Apollo eventually. Job done right? &lt;br&gt;&lt;br&gt;Well she&amp;#39;s &lt;a href=\"https://t.co/270nFWVWHZ\"&gt;https://t.co/270nFWVWHZ&lt;/a&gt;\u2026 &lt;a href=\"https://t.co/1IFJJ3rOz7\"&gt;https://t.co/1IFJJ3rOz7&lt;/a&gt;&lt;/p&gt;&amp;mdash; Badasstrader.loopring.eth \ud83c\udff4\u200d\u2620\ufe0f (@BadassTrader69) &lt;a href=\"https://twitter.com/BadassTrader69/status/1635105565138382848?ref_src=twsrc%5Etfw\"&gt;March 13, 2023&lt;/a&gt;&lt;/blockquote&gt;\n&lt;script async src=\"https://platform.twitter.com/widgets.js\" charset=\"utf-8\"&gt;&lt;/script&gt;\n", "height": 200, "scrolling": false, "width": 350}, "media_only": false, "name": "t3_11pxu4b", "no_follow": false, "num_comments": 17, "num_crossposts": 0, "over_18": false, "parent_whitelist_status": null, "permalink": "/r/ThePPShow/comments/11pxu4b/curious_why_this_super_stonk_mod_is_tagging_me_on/", "pinned": false, "post_hint": "link", "preview": {"enabled": false, "images": [{"id": "fscmOjsTUMur0JFNytuLbii0Q68LI8OuHz6P2QH_Rro", "resolutions": [{"height": 108, "url": "https://external-preview.redd.it/bc-oudnx8F8ekWNT5w17MYy-LJ1sP746Q7nTUtJFaiU.jpg?width=108&amp;crop=smart&amp;auto=webp&amp;v=enabled&amp;s=ab2755089b31c808808426cf243a75df9b8a1855", "width": 108}], "source": {"height": 140, "url": "https://external-preview.redd.it/bc-oudnx8F8ekWNT5w17MYy-LJ1sP746Q7nTUtJFaiU.jpg?auto=webp&amp;v=enabled&amp;s=27ab4194f5c645c459112db22500b96eaa7efc36", "width": 140}, "variants": {}}]}, "pwls": null, "quarantine": false, "removed_by": null, "removed_by_category": null, "retrieved_on": 1681010788, "score": 26, "secure_media": {"oembed": {"author_name": "Badasstrader.loopring.eth \ud83c\udff4\u200d\u2620\ufe0f", "author_url": "https://twitter.com/BadassTrader69", "cache_age": 3153600000, "height": null, "html": "&lt;blockquote class=\"twitter-video\"&gt;&lt;p lang=\"en\" dir=\"ltr\"&gt;So apparently the &lt;a href=\"https://twitter.com/ThePPseedsShow?ref_src=twsrc%5Etfw\"&gt;@ThePPseedsShow&lt;/a&gt; disproved my DD because Sue Gove was only with 2 companies associated with Apollo. And apparently she&amp;#39;s on SO many boards, is just the laws of probability that she&amp;#39;d run into Apollo eventually. Job done right? &lt;br&gt;&lt;br&gt;Well she&amp;#39;s &lt;a href=\"https://t.co/270nFWVWHZ\"&gt;https://t.co/270nFWVWHZ&lt;/a&gt;\u2026 &lt;a href=\"https://t.co/1IFJJ3rOz7\"&gt;https://t.co/1IFJJ3rOz7&lt;/a&gt;&lt;/p&gt;&amp;mdash; Badasstrader.loopring.eth \ud83c\udff4\u200d\u2620\ufe0f (@BadassTrader69) &lt;a href=\"https://twitter.com/BadassTrader69/status/1635105565138382848?ref_src=twsrc%5Etfw\"&gt;March 13, 2023&lt;/a&gt;&lt;/blockquote&gt;\n&lt;script async src=\"https://platform.twitter.com/widgets.js\" charset=\"utf-8\"&gt;&lt;/script&gt;\n", "provider_name": "Twitter", "provider_url": "https://twitter.com", "type": "rich", "url": "https://twitter.com/BadassTrader69/status/1635105565138382848", "version": "1.0", "width": 350}, "type": "twitter.com"}, "secure_media_embed": {"content": "&lt;blockquote class=\"twitter-video\"&gt;&lt;p lang=\"en\" dir=\"ltr\"&gt;So apparently the &lt;a href=\"https://twitter.com/ThePPseedsShow?ref_src=twsrc%5Etfw\"&gt;@ThePPseedsShow&lt;/a&gt; disproved my DD because Sue Gove was only with 2 companies associated with Apollo. And apparently she&amp;#39;s on SO many boards, is just the laws of probability that she&amp;#39;d run into Apollo eventually. Job done right? &lt;br&gt;&lt;br&gt;Well she&amp;#39;s &lt;a href=\"https://t.co/270nFWVWHZ\"&gt;https://t.co/270nFWVWHZ&lt;/a&gt;\u2026 &lt;a href=\"https://t.co/1IFJJ3rOz7\"&gt;https://t.co/1IFJJ3rOz7&lt;/a&gt;&lt;/p&gt;&amp;mdash; Badasstrader.loopring.eth \ud83c\udff4\u200d\u2620\ufe0f (@BadassTrader69) &lt;a href=\"https://twitter.com/BadassTrader69/status/1635105565138382848?ref_src=twsrc%5Etfw\"&gt;March 13, 2023&lt;/a&gt;&lt;/blockquote&gt;\n&lt;script async src=\"https://platform.twitter.com/widgets.js\" charset=\"utf-8\"&gt;&lt;/script&gt;\n", "height": 200, "media_domain_url": "https://www.redditmedia.com/mediaembed/11pxu4b", "scrolling": false, "width": 350}, "selftext": "", "send_replies": false, "spoiler": false, "stickied": false, "subreddit": "ThePPShow", "subreddit_id": "t5_7q5o7y", "subreddit_name_prefixed": "r/ThePPShow", "subreddit_subscribers": 1239, "subreddit_type": "public", "suggested_sort": null, "thumbnail": "https://b.thumbs.redditmedia.com/_hLTEpC0rBwZz3n8uoU67fZO0Hc-TqsqkaE5_5B2EBc.jpg", "thumbnail_height": 140, "thumbnail_width": 140, "title": "Curious why this super stonk mod is tagging me on Twitter? What\u2019s the obsession over BBBY?", "top_awarded_type": null, "total_awards_received": 0, "treatment_tags": [], "upvote_ratio": 0.94, "url": "https://twitter.com/badasstrader69/status/1635105565138382848?s=46&amp;t=jI4In2jFdOP0WDytGB67iw", "url_overridden_by_dest": "https://twitter.com/badasstrader69/status/1635105565138382848?s=46&amp;t=jI4In2jFdOP0WDytGB67iw", "view_count": null, "whitelist_status": null, "wls": null}], "metadata": {"op_a": 55, "op_b": 49, "total": 104}, "error": null}