{"data": [{"all_awardings": [], "allow_live_comments": false, "archived": false, "author": "katotg", "author_created_utc": 1583593628, "author_flair_background_color": null, "author_flair_css_class": null, "author_flair_richtext": [], "author_flair_template_id": null, "author_flair_text": null, "author_flair_text_color": null, "author_flair_type": "text", "author_fullname": "t2_5vdn5uod", "author_patreon_flair": false, "author_premium": false, "awarders": [], "banned_by": null, "can_gild": true, "can_mod_post": false, "category": null, "content_categories": null, "contest_mode": false, "created_utc": 1677101865, "discussion_type": null, "distinguished": null, "domain": "i.redd.it", "edited": false, "gilded": 0, "gildings": {}, "hidden": false, "hide_score": false, "id": "119eele", "is_created_from_ads_ui": false, "is_crosspostable": true, "is_meta": false, "is_original_content": false, "is_reddit_media_domain": true, "is_robot_indexable": true, "is_self": false, "is_video": false, "link_flair_background_color": "", "link_flair_css_class": null, "link_flair_richtext": [], "link_flair_text": null, "link_flair_text_color": "dark", "link_flair_type": "text", "locked": false, "media": null, "media_embed": {}, "media_only": false, "name": "t3_119eele", "no_follow": false, "num_comments": 1, "num_crossposts": 0, "over_18": false, "parent_whitelist_status": null, "permalink": "/r/ThePPShow/comments/119eele/incase_you_were_getting_worried/", "pinned": false, "post_hint": "image", "preview": {"enabled": true, "images": [{"id": "sU3CzNGQK5NGkTSz269wFwiKhZeA3F2lUwB3UcViSs8", "resolutions": [{"height": 216, "url": "https://preview.redd.it/dd97549wouja1.jpg?width=108&amp;crop=smart&amp;auto=webp&amp;v=enabled&amp;s=de38ab5a78138a30cc5557761f02fcb3e4e24d1f", "width": 108}, {"height": 432, "url": "https://preview.redd.it/dd97549wouja1.jpg?width=216&amp;crop=smart&amp;auto=webp&amp;v=enabled&amp;s=cf9939b80a9d55c42da9a4eff8b478810d9f30f9", "width": 216}, {"height": 640, "url": "https://preview.redd.it/dd97549wouja1.jpg?width=320&amp;crop=smart&amp;auto=webp&amp;v=enabled&amp;s=dd100f2a572147e70bf962644644974767d131cf", "width": 320}, {"height": 1280, "url": "https://preview.redd.it/dd97549wouja1.jpg?width=640&amp;crop=smart&amp;auto=webp&amp;v=enabled&amp;s=ea413300b0a110ee85d2099906f70c8e08ae9690", "width": 640}, {"height": 1920, "url": "https://preview.redd.it/dd97549wouja1.jpg?width=960&amp;crop=smart&amp;auto=webp&amp;v=enabled&amp;s=703d1c6c25fae34c40e6c5911750ce339668a395", "width": 960}, {"height": 2160, "url": "https://preview.redd.it/dd97549wouja1.jpg?width=1080&amp;crop=smart&amp;auto=webp&amp;v=enabled&amp;s=3928ca46522f74e1c4879b2daf683053f808afca", "width": 1080}], "source": {"height": 2778, "url": "https://preview.redd.it/dd97549wouja1.jpg?auto=webp&amp;v=enabled&amp;s=badd2cd9253c093fb92c1b93ff243c382b714130", "width": 1284}, "variants": {}}]}, "pwls": null, "quarantine": false, "removed_by": null, "removed_by_category": null, "retrieved_on": 1678317803, "score": 13, "secure_media": null, "secure_media_embed": {}, "selftext": "", "send_replies": true, "spoiler": false, "stickied": false, "subreddit": "ThePPShow", "subreddit_id": "t5_7q5o7y", "subreddit_name_prefixed": "r/ThePPShow", "subreddit_subscribers": 580, "subreddit_type": "public", "suggested_sort": null, "thumbnail": "https://a.thumbs.redditmedia.com/IuSgjnyax9utsgfq2WM1jp4MscIV2ixXn6-Zd96JPt8.jpg", "thumbnail_height": 140, "thumbnail_width": 140, "title": "Incase you were getting worried \ud83c\udf1d", "top_awarded_type": null, "total_awards_received": 0, "treatment_tags": [], "upvote_ratio": 1.0, "url": "https://i.redd.it/dd97549wouja1.jpg", "url_overridden_by_dest": "https://i.redd.it/dd97549wouja1.jpg", "view_count": null, "whitelist_status": null, "wls": null}, {"all_awardings": [], "allow_live_comments": false, "archived": false, "author": "Hw4cashPro", "author_created_utc": 1662133772, "author_flair_background_color": null, "author_flair_css_class": null, "author_flair_richtext": [], "author_flair_template_id": null, "author_flair_text": null, "author_flair_text_color": null, "author_flair_type": "text", "author_fullname": "t2_9ayzf11t", "author_patreon_flair": false, "author_premium": false, "awarders": [], "banned_by": null, "can_gild": true, "can_mod_post": false, "category": null, "content_categories": null, "contest_mode": false, "created_utc": 1677101570, "discussion_type": null, "distinguished": null, "domain": "i.redd.it", "edited": false, "gilded": 0, "gildings": {}, "hidden": false, "hide_score": false, "id": "119e860", "is_created_from_ads_ui": false, "is_crosspostable": true, "is_meta": false, "is_original_content": false, "is_reddit_media_domain": true, "is_robot_indexable": true, "is_self": false, "is_video": false, "link_flair_background_color": "", "link_flair_css_class": null, "link_flair_richtext": [], "link_flair_text": null, "link_flair_text_color": "dark", "link_flair_type": "text", "locked": false, "media": null, "media_embed": {}, "media_only": false, "name": "t3_119e860", "no_follow": false, "num_comments": 6, "num_crossposts": 0, "over_18": false, "parent_whitelist_status": null, "permalink": "/r/ThePPShow/comments/119e860/this_next_part_will_be_a_movie/", "pinned": false, "post_hint": "image", "preview": {"enabled": true, "images": [{"id": "8Y4TXVwLlUx6m6v_gfTpqov2Z7VMO8tIARyyIQx58YU", "resolutions": [{"height": 67, "url": "https://preview.redd.it/ybc87cu0ouja1.jpg?width=108&amp;crop=smart&amp;auto=webp&amp;v=enabled&amp;s=3254d454f00e7b60fc8320230ce3cce0d34a234d", "width": 108}, {"height": 134, "url": "https://preview.redd.it/ybc87cu0ouja1.jpg?width=216&amp;crop=smart&amp;auto=webp&amp;v=enabled&amp;s=84d64f105b3e99d27b61cb85dca21234f600fe22", "width": 216}, {"height": 198, "url": "https://preview.redd.it/ybc87cu0ouja1.jpg?width=320&amp;crop=smart&amp;auto=webp&amp;v=enabled&amp;s=51f3d64209d8c71dfece10d59b881fb3b9081932", "width": 320}, {"height": 397, "url": "https://preview.redd.it/ybc87cu0ouja1.jpg?width=640&amp;crop=smart&amp;auto=webp&amp;v=enabled&amp;s=5e1bae3675bf74de2a19ba5bb26f809d56f24a0b", "width": 640}], "source": {"height": 478, "url": "https://preview.redd.it/ybc87cu0ouja1.jpg?auto=webp&amp;v=enabled&amp;s=f408b829904bcca07d2baba6c56726746b173db3", "width": 770}, "variants": {}}]}, "pwls": null, "quarantine": false, "removed_by": null, "removed_by_category": null, "retrieved_on": 1678317808, "score": 27, "secure_media": null, "secure_media_embed": {}, "selftext": "", "send_replies": true, "spoiler": false, "stickied": false, "subreddit": "ThePPShow", "subreddit_id": "t5_7q5o7y", "subreddit_name_prefixed": "r/ThePPShow", "subreddit_subscribers": 580, "subreddit_type": "public", "suggested_sort": null, "thumbnail": "https://b.thumbs.redditmedia.com/Q_PNlFmUlAp2KATuOARKnFbM3FiA3GkdXcnX8UErTIQ.jpg", "thumbnail_height": 86, "thumbnail_width": 140, "title": "This next part will be a movie \ud83c\udf7f", "top_awarded_type": null, "total_awards_received": 0, "treatment_tags": [], "upvote_ratio": 1.0, "url": "https://i.redd.it/ybc87cu0ouja1.jpg", "url_overridden_by_dest": "https://i.redd.it/ybc87cu0ouja1.jpg", "view_count": null, "whitelist_status": null, "wls": null}, {"all_awardings": [], "allow_live_comments": true, "archived": false, "author": "MyApplesRipeToYolo", "author_created_utc": 1667329026, "author_flair_background_color": null, "author_flair_css_class": null, "author_flair_richtext": [], "author_flair_template_id": null, "author_flair_text": null, "author_flair_text_color": null, "author_flair_type": "text", "author_fullname": "t2_hja67dgy", "author_patreon_flair": false, "author_premium": false, "awarders": [], "banned_by": null, "can_gild": true, "can_mod_post": false, "category": null, "content_categories": null, "contest_mode": false, "created_utc": 1677098352, "discussion_type": "CHAT", "distinguished": null, "domain": "self.ThePPShow", "edited": false, "gilded": 0, "gildings": {}, "hidden": false, "hide_score": false, "id": "119byj5", "is_created_from_ads_ui": false, "is_crosspostable": true, "is_meta": false, "is_original_content": false, "is_reddit_media_domain": false, "is_robot_indexable": true, "is_self": true, "is_video": false, "link_flair_background_color": "", "link_flair_css_class": null, "link_flair_richtext": [], "link_flair_text": null, "link_flair_text_color": "dark", "link_flair_type": "text", "locked": false, "media": null, "media_embed": {}, "media_only": false, "name": "t3_119byj5", "no_follow": false, "num_comments": 14, "num_crossposts": 0, "over_18": false, "parent_whitelist_status": null, "permalink": "/r/ThePPShow/comments/119byj5/oh_snap_pp_guess_who_just_got_approved_for/", "pinned": false, "pwls": null, "quarantine": false, "removed_by": null, "removed_by_category": null, "retrieved_on": 1678317880, "score": 5, "secure_media": null, "secure_media_embed": {}, "selftext": "", "send_replies": true, "spoiler": false, "stickied": false, "subreddit": "ThePPShow", "subreddit_id": "t5_7q5o7y", "subreddit_name_prefixed": "r/ThePPShow", "subreddit_subscribers": 580, "subreddit_type": "public", "suggested_sort": "new", "thumbnail": "self", "thumbnail_height": null, "thumbnail_width": null, "title": "Oh snap, PP. Guess who just got approved for options trading.... Good thing I blew my load yesterday on shares.", "top_awarded_type": null, "total_awards_received": 0, "treatment_tags": [], "upvote_ratio": 1.0, "url": "https://www.reddit.com/r/ThePPShow/comments/119byj5/oh_snap_pp_guess_who_just_got_approved_for/", "view_count": null, "whitelist_status": null, "wls": null}, {"all_awardings": [], "allow_live_comments": false, "archived": false, "author": "[deleted]", "author_created_utc": null, "author_flair_background_color": "", "author_flair_css_class": null, "author_flair_template_id": null, "author_flair_text": null, "author_flair_text_color": "dark", "awarders": [], "banned_by": null, "can_gild": false, "can_mod_post": false, "category": null, "content_categories": null, "contest_mode": false, "created_utc": 1677096974, "discussion_type": null, "distinguished": null, "domain": "", "edited": false, "gilded": 0, "gildings": {}, "hidden": false, "hide_score": false, "id": "119b07k", "is_created_from_ads_ui": false, "is_crosspostable": false, "is_meta": false, "is_original_content": false, "is_reddit_media_domain": false, "is_robot_indexable": false, "is_self": true, "is_video": false, "link_flair_background_color": "#ffd635", "link_flair_css_class": "", "link_flair_richtext": [], "link_flair_template_id": "b389bcaa-8f0a-11ed-9b6e-1e9f599434b1", "link_flair_text": "Stream announcement ", "link_flair_text_color": "dark", "link_flair_type": "text", "locked": false, "media": null, "media_embed": {}, "media_only": false, "name": "t3_119b07k", "no_follow": false, "num_comments": 7, "num_crossposts": 0, "over_18": false, "parent_whitelist_status": null, "permalink": "/r/ThePPShow/comments/119b07k/theppshow_tonight_at_7pmct/", "pinned": false, "pwls": null, "quarantine": false, "removed_by": null, "removed_by_category": "deleted", "retrieved_on": 1678317909, "score": 21, "secure_media": null, "secure_media_embed": {}, "selftext": "[deleted]", "send_replies": true, "spoiler": false, "stickied": false, "subreddit": "ThePPShow", "subreddit_id": "t5_7q5o7y", "subreddit_name_prefixed": "r/ThePPShow", "subreddit_subscribers": 580, "subreddit_type": "public", "suggested_sort": null, "thumbnail": "default", "thumbnail_height": null, "thumbnail_width": null, "title": "ThePPShow tonight at 7PMCT!!!", "top_awarded_type": null, "total_awards_received": 0, "treatment_tags": [], "upvote_ratio": 0.95, "url": "", "view_count": null, "whitelist_status": null, "wls": null}], "metadata": {"op_a": 58, "op_b": 47, "total": 106}, "error": null}