{"data": [{"all_awardings": [], "allow_live_comments": false, "archived": false, "author": "BeWaryOfCrab", "author_created_utc": 1673543512, "author_flair_background_color": null, "author_flair_css_class": null, "author_flair_richtext": [], "author_flair_template_id": null, "author_flair_text": null, "author_flair_text_color": null, "author_flair_type": "text", "author_fullname": "t2_u3j9h4pd", "author_patreon_flair": false, "author_premium": false, "awarders": [], "banned_by": null, "can_gild": true, "can_mod_post": false, "category": null, "content_categories": null, "contest_mode": false, "created_utc": 1675378055, "discussion_type": null, "distinguished": null, "domain": "self.ThePPShow", "edited": false, "gilded": 0, "gildings": {}, "hidden": false, "hide_score": false, "id": "10s3gi4", "is_created_from_ads_ui": false, "is_crosspostable": false, "is_meta": false, "is_original_content": false, "is_reddit_media_domain": false, "is_robot_indexable": false, "is_self": true, "is_video": false, "link_flair_background_color": "", "link_flair_css_class": null, "link_flair_richtext": [], "link_flair_text": null, "link_flair_text_color": "dark", "link_flair_type": "text", "locked": false, "media": null, "media_embed": {}, "media_only": false, "name": "t3_10s3gi4", "no_follow": true, "num_comments": 22, "num_crossposts": 0, "over_18": false, "parent_whitelist_status": null, "permalink": "/r/ThePPShow/comments/10s3gi4/assmaster2000_threatens_to_find_and_doxx/", "pinned": false, "pwls": null, "quarantine": false, "removed_by": null, "removed_by_category": "moderator", "retrieved_on": 1678342753, "score": 26, "secure_media": null, "secure_media_embed": {}, "selftext": "[removed]", "send_replies": true, "spoiler": false, "stickied": false, "subreddit": "ThePPShow", "subreddit_id": "t5_7q5o7y", "subreddit_name_prefixed": "r/ThePPShow", "subreddit_subscribers": 582, "subreddit_type": "public", "suggested_sort": null, "thumbnail": "default", "thumbnail_height": null, "thumbnail_width": null, "title": "ASSMASTER2000 threatens to find and doxx Redditors for promoting \"Meme Stocks\" to inform them to SEC ! Shit is getting real!", "top_awarded_type": null, "total_awards_received": 0, "treatment_tags": [], "upvote_ratio": 1.0, "url": "https://www.reddit.com/r/ThePPShow/comments/10s3gi4/assmaster2000_threatens_to_find_and_doxx/", "view_count": null, "whitelist_status": null, "wls": null}, {"all_awardings": [], "allow_live_comments": false, "archived": false, "author": "[deleted]", "author_created_utc": null, "author_flair_background_color": "", "author_flair_css_class": null, "author_flair_template_id": null, "author_flair_text": null, "author_flair_text_color": "dark", "awarders": [], "banned_by": null, "can_gild": false, "can_mod_post": false, "category": null, "content_categories": null, "contest_mode": false, "created_utc": 1675376110, "discussion_type": null, "distinguished": null, "domain": "", "edited": false, "gilded": 0, "gildings": {}, "hidden": false, "hide_score": false, "id": "10s2mm1", "is_created_from_ads_ui": false, "is_crosspostable": false, "is_meta": false, "is_original_content": false, "is_reddit_media_domain": false, "is_robot_indexable": false, "is_self": false, "is_video": false, "link_flair_background_color": "", "link_flair_css_class": null, "link_flair_richtext": [], "link_flair_text": null, "link_flair_text_color": "dark", "link_flair_type": "text", "locked": false, "media": {"oembed": {"author_name": "ThePPshow", "author_url": "https://www.youtube.com/@ThePPshow", "height": 200, "html": "&lt;iframe width=\"356\" height=\"200\" src=\"https://www.youtube.com/embed/IT1NGmQkYFQ?feature=oembed&amp;enablejsapi=1\" frameborder=\"0\" allow=\"accelerometer; autoplay; clipboard-write; encrypted-media; gyroscope; picture-in-picture; web-share\" allowfullscreen title=\"Alex Chu takes us into the shadow realm. BBBY Livestream Highlight\"&gt;&lt;/iframe&gt;", "provider_name": "YouTube", "provider_url": "https://www.youtube.com/", "thumbnail_height": 360, "thumbnail_url": "https://i.ytimg.com/vi/IT1NGmQkYFQ/hqdefault.jpg", "thumbnail_width": 480, "title": "Alex Chu takes us into the shadow realm. BBBY Livestream Highlight", "type": "video", "version": "1.0", "width": 356}, "type": "youtube.com"}, "media_embed": {"content": "&lt;iframe width=\"356\" height=\"200\" src=\"https://www.youtube.com/embed/IT1NGmQkYFQ?feature=oembed&amp;enablejsapi=1\" frameborder=\"0\" allow=\"accelerometer; autoplay; clipboard-write; encrypted-media; gyroscope; picture-in-picture; web-share\" allowfullscreen title=\"Alex Chu takes us into the shadow realm. BBBY Livestream Highlight\"&gt;&lt;/iframe&gt;", "height": 200, "scrolling": false, "width": 356}, "media_only": false, "name": "t3_10s2mm1", "no_follow": false, "num_comments": 10, "num_crossposts": 0, "over_18": false, "parent_whitelist_status": null, "permalink": "/r/ThePPShow/comments/10s2mm1/an_interview_about_bbby_from_under_a_pool/", "pinned": false, "pwls": null, "quarantine": false, "removed_by": null, "removed_by_category": "deleted", "retrieved_on": 1678342785, "score": 11, "secure_media": {"oembed": {"author_name": "ThePPshow", "author_url": "https://www.youtube.com/@ThePPshow", "height": 200, "html": "&lt;iframe width=\"356\" height=\"200\" src=\"https://www.youtube.com/embed/IT1NGmQkYFQ?feature=oembed&amp;enablejsapi=1\" frameborder=\"0\" allow=\"accelerometer; autoplay; clipboard-write; encrypted-media; gyroscope; picture-in-picture; web-share\" allowfullscreen title=\"Alex Chu takes us into the shadow realm. BBBY Livestream Highlight\"&gt;&lt;/iframe&gt;", "provider_name": "YouTube", "provider_url": "https://www.youtube.com/", "thumbnail_height": 360, "thumbnail_url": "https://i.ytimg.com/vi/IT1NGmQkYFQ/hqdefault.jpg", "thumbnail_width": 480, "title": "Alex Chu takes us into the shadow realm. BBBY Livestream Highlight", "type": "video", "version": "1.0", "width": 356}, "type": "youtube.com"}, "secure_media_embed": {"content": "&lt;iframe width=\"356\" height=\"200\" src=\"https://www.youtube.com/embed/IT1NGmQkYFQ?feature=oembed&amp;enablejsapi=1\" frameborder=\"0\" allow=\"accelerometer; autoplay; clipboard-write; encrypted-media; gyroscope; picture-in-picture; web-share\" allowfullscreen title=\"Alex Chu takes us into the shadow realm. BBBY Livestream Highlight\"&gt;&lt;/iframe&gt;", "height": 200, "media_domain_url": "https://www.redditmedia.com/mediaembed/10s2mm1", "scrolling": false, "width": 356}, "selftext": "[deleted]", "send_replies": false, "spoiler": false, "stickied": false, "subreddit": "ThePPShow", "subreddit_id": "t5_7q5o7y", "subreddit_name_prefixed": "r/ThePPShow", "subreddit_subscribers": 582, "subreddit_type": "public", "suggested_sort": null, "thumbnail": "default", "thumbnail_height": 105, "thumbnail_width": 140, "title": "An interview about BBBY from under a pool featuring Alex Chu", "top_awarded_type": null, "total_awards_received": 0, "treatment_tags": [], "upvote_ratio": 0.92, "url": "", "url_overridden_by_dest": "", "view_count": null, "whitelist_status": null, "wls": null}, {"all_awardings": [], "allow_live_comments": false, "archived": false, "author": "__SomeGuy___", "author_created_utc": null, "author_flair_background_color": null, "author_flair_css_class": null, "author_flair_richtext": [], "author_flair_template_id": null, "author_flair_text": null, "author_flair_text_color": null, "author_flair_type": "text", "author_fullname": "t2_3yuprgr4i", "author_patreon_flair": false, "author_premium": false, "awarders": [], "banned_by": null, "can_gild": true, "can_mod_post": false, "category": null, "content_categories": null, "contest_mode": false, "created_utc": 1675370350, "discussion_type": null, "distinguished": null, "domain": "self.ThePPShow", "edited": false, "gilded": 0, "gildings": {}, "hidden": false, "hide_score": false, "id": "10s0777", "is_created_from_ads_ui": false, "is_crosspostable": true, "is_meta": false, "is_original_content": false, "is_reddit_media_domain": false, "is_robot_indexable": true, "is_self": true, "is_video": false, "link_flair_background_color": "", "link_flair_css_class": null, "link_flair_richtext": [], "link_flair_text": null, "link_flair_text_color": "dark", "link_flair_type": "text", "locked": false, "media": null, "media_embed": {}, "media_only": false, "name": "t3_10s0777", "no_follow": false, "num_comments": 1, "num_crossposts": 0, "over_18": false, "parent_whitelist_status": null, "permalink": "/r/ThePPShow/comments/10s0777/thanks/", "pinned": false, "pwls": null, "quarantine": false, "removed_by": null, "removed_by_category": null, "retrieved_on": 1678342880, "score": 11, "secure_media": null, "secure_media_embed": {}, "selftext": "Hey PP,\n\nI was watching the live stream yesterday and heard you mention the Carl Ichan doc and decided to check it out. Just finished watching it and I was awesome! Just want to give you a Thanks for all the hype. Has really gotten me through all the FUD to solidify and hold my measly position. \n\nThanks,\n\nSomeGuy", "send_replies": true, "spoiler": false, "stickied": false, "subreddit": "ThePPShow", "subreddit_id": "t5_7q5o7y", "subreddit_name_prefixed": "r/ThePPShow", "subreddit_subscribers": 582, "subreddit_type": "public", "suggested_sort": null, "thumbnail": "self", "thumbnail_height": null, "thumbnail_width": null, "title": "Thanks!", "top_awarded_type": null, "total_awards_received": 0, "treatment_tags": [], "upvote_ratio": 1.0, "url": "https://www.reddit.com/r/ThePPShow/comments/10s0777/thanks/", "view_count": null, "whitelist_status": null, "wls": null}, {"all_awardings": [], "allow_live_comments": false, "archived": false, "author": "[deleted]", "author_created_utc": null, "author_flair_background_color": "", "author_flair_css_class": null, "author_flair_template_id": null, "author_flair_text": null, "author_flair_text_color": "dark", "awarders": [], "banned_by": null, "can_gild": false, "can_mod_post": false, "category": null, "content_categories": null, "contest_mode": false, "created_utc": 1675367267, "discussion_type": null, "distinguished": null, "domain": "", "edited": false, "gilded": 0, "gildings": {}, "hidden": false, "hide_score": false, "id": "10ryx5t", "is_created_from_ads_ui": false, "is_crosspostable": false, "is_meta": false, "is_original_content": false, "is_reddit_media_domain": true, "is_robot_indexable": false, "is_self": false, "is_video": false, "link_flair_background_color": "#ffd635", "link_flair_css_class": "", "link_flair_richtext": [], "link_flair_template_id": "bef22e6a-8f0a-11ed-affa-76ea4a8b63bf", "link_flair_text": "Memes ", "link_flair_text_color": "dark", "link_flair_type": "text", "locked": false, "media": null, "media_embed": {}, "media_only": false, "name": "t3_10ryx5t", "no_follow": false, "num_comments": 8, "num_crossposts": 0, "over_18": false, "parent_whitelist_status": null, "permalink": "/r/ThePPShow/comments/10ryx5t/citadel_banned_me_from_wsb_from_a_hype_video/", "pinned": false, "pwls": null, "quarantine": false, "removed_by": null, "removed_by_category": "deleted", "retrieved_on": 1678342932, "score": 28, "secure_media": null, "secure_media_embed": {}, "selftext": "[deleted]", "send_replies": true, "spoiler": false, "stickied": false, "subreddit": "ThePPShow", "subreddit_id": "t5_7q5o7y", "subreddit_name_prefixed": "r/ThePPShow", "subreddit_subscribers": 582, "subreddit_type": "public", "suggested_sort": null, "thumbnail": "default", "thumbnail_height": 140, "thumbnail_width": 140, "title": "Citadel banned me from wsb from a hype video posted a month ago. Bullish as fuck!!!!", "top_awarded_type": null, "total_awards_received": 0, "treatment_tags": [], "upvote_ratio": 0.94, "url": "", "url_overridden_by_dest": "", "view_count": null, "whitelist_status": null, "wls": null}, {"all_awardings": [], "allow_live_comments": false, "archived": false, "author": "BeWaryOfCrab", "author_created_utc": 1673543512, "author_flair_background_color": null, "author_flair_css_class": null, "author_flair_richtext": [], "author_flair_template_id": null, "author_flair_text": null, "author_flair_text_color": null, "author_flair_type": "text", "author_fullname": "t2_u3j9h4pd", "author_patreon_flair": false, "author_premium": false, "awarders": [], "banned_by": null, "can_gild": true, "can_mod_post": false, "category": null, "content_categories": null, "contest_mode": false, "created_utc": 1675357986, "discussion_type": null, "distinguished": null, "domain": "self.ThePPShow", "edited": false, "gilded": 0, "gildings": {}, "hidden": false, "hide_score": false, "id": "10rv32u", "is_created_from_ads_ui": false, "is_crosspostable": true, "is_meta": false, "is_original_content": false, "is_reddit_media_domain": false, "is_robot_indexable": true, "is_self": true, "is_video": false, "link_flair_background_color": "", "link_flair_css_class": null, "link_flair_richtext": [], "link_flair_text": null, "link_flair_text_color": "dark", "link_flair_type": "text", "locked": false, "media": null, "media_embed": {}, "media_metadata": {"2zbqr2vt5tfa1": {"e": "AnimatedImage", "id": "2zbqr2vt5tfa1", "m": "image/gif", "p": [{"u": "https://preview.redd.it/2zbqr2vt5tfa1.gif?width=108&amp;crop=smart&amp;format=png8&amp;v=enabled&amp;s=79406db23e3bf894010d162c3b57cae9c6a6ca8c", "x": 108, "y": 180}, {"u": "https://preview.redd.it/2zbqr2vt5tfa1.gif?width=216&amp;crop=smart&amp;format=png8&amp;v=enabled&amp;s=127db1c6f49d372716b77062ae990d7e226bf5d1", "x": 216, "y": 361}, {"u": "https://preview.redd.it/2zbqr2vt5tfa1.gif?width=320&amp;crop=smart&amp;format=png8&amp;v=enabled&amp;s=fb5e4901ef546ec4ab2f00d992d70f94fb645879", "x": 320, "y": 536}, {"u": "https://preview.redd.it/2zbqr2vt5tfa1.gif?width=640&amp;crop=smart&amp;format=png8&amp;v=enabled&amp;s=6be3e24878371dbbde7365958994b90a94c2f99f", "x": 640, "y": 1072}], "s": {"gif": "https://i.redd.it/2zbqr2vt5tfa1.gif", "mp4": "https://preview.redd.it/2zbqr2vt5tfa1.gif?format=mp4&amp;v=enabled&amp;s=ce3e5efb6c65c6d6342de32c904ede705cd2bb4d", "x": 714, "y": 1196}, "status": "valid"}}, "media_only": false, "name": "t3_10rv32u", "no_follow": false, "num_comments": 0, "num_crossposts": 0, "over_18": false, "parent_whitelist_status": null, "permalink": "/r/ThePPShow/comments/10rv32u/short_sellers_in_a_nut_shell/", "pinned": false, "pwls": null, "quarantine": false, "removed_by": null, "removed_by_category": null, "retrieved_on": 1678343085, "score": 2, "secure_media": null, "secure_media_embed": {}, "selftext": "I think by now he has blocked half of Twitter :D\n\n&amp;#x200B;\n\nhttps://i.redd.it/2zbqr2vt5tfa1.gif", "send_replies": true, "spoiler": false, "stickied": false, "subreddit": "ThePPShow", "subreddit_id": "t5_7q5o7y", "subreddit_name_prefixed": "r/ThePPShow", "subreddit_subscribers": 582, "subreddit_type": "public", "suggested_sort": null, "thumbnail": "https://b.thumbs.redditmedia.com/SWxPyWEmQlxz065XVgGxANCW3LRZIylP_KRdcwMSCds.jpg", "thumbnail_height": 140, "thumbnail_width": 140, "title": "Short sellers in a nut shell ..", "top_awarded_type": null, "total_awards_received": 0, "treatment_tags": [], "upvote_ratio": 0.76, "url": "https://www.reddit.com/r/ThePPShow/comments/10rv32u/short_sellers_in_a_nut_shell/", "view_count": null, "whitelist_status": null, "wls": null}, {"all_awardings": [], "allow_live_comments": false, "archived": false, "author": "ApeDaveApeDave", "author_created_utc": 1660818624, "author_flair_background_color": null, "author_flair_css_class": null, "author_flair_richtext": [], "author_flair_template_id": null, "author_flair_text": null, "author_flair_text_color": null, "author_flair_type": "text", "author_fullname": "t2_rmv4c93h", "author_patreon_flair": false, "author_premium": false, "awarders": [], "banned_by": null, "can_gild": true, "can_mod_post": false, "category": null, "content_categories": null, "contest_mode": false, "created_utc": 1675350833, "crosspost_parent": "t3_10rs51x", "crosspost_parent_list": [{"all_awardings": [], "allow_live_comments": true, "approved_at_utc": null, "approved_by": null, "archived": false, "author": "ApeDaveApeDave", "author_flair_background_color": null, "author_flair_css_class": null, "author_flair_richtext": [], "author_flair_template_id": null, "author_flair_text": null, "author_flair_text_color": null, "author_flair_type": "text", "author_fullname": "t2_rmv4c93h", "author_is_blocked": false, "author_patreon_flair": false, "author_premium": false, "awarders": [], "banned_at_utc": null, "banned_by": null, "can_gild": true, "can_mod_post": false, "category": null, "clicked": false, "content_categories": null, "contest_mode": false, "created": 1675350811.0, "created_utc": 1675350811.0, "discussion_type": null, "distinguished": null, "domain": "i.redd.it", "downs": 0, "edited": false, "gilded": 0, "gildings": {}, "hidden": false, "hide_score": false, "id": "10rs51x", "is_created_from_ads_ui": false, "is_crosspostable": true, "is_meta": false, "is_original_content": false, "is_reddit_media_domain": true, "is_robot_indexable": true, "is_self": false, "is_video": false, "likes": null, "link_flair_background_color": "#0dd3bb", "link_flair_css_class": "", "link_flair_richtext": [], "link_flair_template_id": "0067c970-78d0-11eb-ba92-0eafda223999", "link_flair_text": "\ud83e\udd21 Meme", "link_flair_text_color": "light", "link_flair_type": "text", "locked": false, "media": null, "media_embed": {}, "media_only": false, "mod_note": null, "mod_reason_by": null, "mod_reason_title": null, "mod_reports": [], "name": "t3_10rs51x", "no_follow": false, "num_comments": 24, "num_crossposts": 2, "num_reports": null, "over_18": false, "parent_whitelist_status": null, "permalink": "/r/BBBY/comments/10rs51x/no_cell_no_sell_bbby_tokenize_my_ass/", "pinned": false, "post_hint": "image", "preview": {"enabled": true, "images": [{"id": "t4rM2d7OW7kCVSnIaSMQRHplvnpVbXHxr8EH0v5KsLI", "resolutions": [{"height": 96, "url": "https://preview.redd.it/s4zw7t242ufa1.jpg?width=108&amp;crop=smart&amp;auto=webp&amp;v=enabled&amp;s=25d970e0169c27436d48c4ff02c58a7a3efeb379", "width": 108}, {"height": 192, "url": "https://preview.redd.it/s4zw7t242ufa1.jpg?width=216&amp;crop=smart&amp;auto=webp&amp;v=enabled&amp;s=b12fd9135f3666bd8ae8fc7588b3a9273b19e678", "width": 216}, {"height": 285, "url": "https://preview.redd.it/s4zw7t242ufa1.jpg?width=320&amp;crop=smart&amp;auto=webp&amp;v=enabled&amp;s=0135ffbad7da8d0487dddd8759ab977a8b402883", "width": 320}, {"height": 570, "url": "https://preview.redd.it/s4zw7t242ufa1.jpg?width=640&amp;crop=smart&amp;auto=webp&amp;v=enabled&amp;s=133212388fd1c0d7fbc3eb560de4e33cd31393b8", "width": 640}, {"height": 855, "url": "https://preview.redd.it/s4zw7t242ufa1.jpg?width=960&amp;crop=smart&amp;auto=webp&amp;v=enabled&amp;s=0eef53230157492be3e303d66492d4ea5ef5f8a3", "width": 960}, {"height": 962, "url": "https://preview.redd.it/s4zw7t242ufa1.jpg?width=1080&amp;crop=smart&amp;auto=webp&amp;v=enabled&amp;s=cbfbe4b45d1ad22c1c5ed9c1cf6ac19138a2982a", "width": 1080}], "source": {"height": 1003, "url": "https://preview.redd.it/s4zw7t242ufa1.jpg?auto=webp&amp;v=enabled&amp;s=33983ab3bcae8b44c158e2020d00941367460aa3", "width": 1125}, "variants": {}}]}, "pwls": null, "quarantine": false, "removal_reason": null, "removed_by": null, "removed_by_category": null, "report_reasons": null, "saved": false, "score": 77, "secure_media": null, "secure_media_embed": {}, "selftext": "", "selftext_html": null, "send_replies": true, "spoiler": false, "stickied": false, "subreddit": "BBBY", "subreddit_id": "t5_3q5hel", "subreddit_name_prefixed": "r/BBBY", "subreddit_subscribers": 55969, "subreddit_type": "public", "suggested_sort": null, "thumbnail": "https://b.thumbs.redditmedia.com/AEV5SMFe_u2wIJW_rMsF6Rc6ZL2WCxTSB9Src11zfxw.jpg", "thumbnail_height": 124, "thumbnail_width": 140, "title": "No cell, no sell! #bbby tokenize my Ass!", "top_awarded_type": null, "total_awards_received": 0, "treatment_tags": [], "ups": 77, "upvote_ratio": 0.86, "url": "https://i.redd.it/s4zw7t242ufa1.jpg", "url_overridden_by_dest": "https://i.redd.it/s4zw7t242ufa1.jpg", "user_reports": [], "view_count": null, "visited": false, "whitelist_status": null, "wls": null}], "discussion_type": null, "distinguished": null, "domain": "i.redd.it", "edited": false, "gilded": 0, "gildings": {}, "hidden": false, "hide_score": false, "id": "10rs5ca", "is_created_from_ads_ui": false, "is_crosspostable": true, "is_meta": false, "is_original_content": false, "is_reddit_media_domain": true, "is_robot_indexable": true, "is_self": false, "is_video": false, "link_flair_background_color": "", "link_flair_css_class": null, "link_flair_richtext": [], "link_flair_text": null, "link_flair_text_color": "dark", "link_flair_type": "text", "locked": false, "media": null, "media_embed": {}, "media_only": false, "name": "t3_10rs5ca", "no_follow": false, "num_comments": 1, "num_crossposts": 0, "over_18": false, "parent_whitelist_status": null, "permalink": "/r/ThePPShow/comments/10rs5ca/no_cell_no_sell_bbby_tokenize_my_ass/", "pinned": false, "post_hint": "image", "preview": {"enabled": true, "images": [{"id": "t4rM2d7OW7kCVSnIaSMQRHplvnpVbXHxr8EH0v5KsLI", "resolutions": [{"height": 96, "url": "https://preview.redd.it/s4zw7t242ufa1.jpg?width=108&amp;crop=smart&amp;auto=webp&amp;v=enabled&amp;s=25d970e0169c27436d48c4ff02c58a7a3efeb379", "width": 108}, {"height": 192, "url": "https://preview.redd.it/s4zw7t242ufa1.jpg?width=216&amp;crop=smart&amp;auto=webp&amp;v=enabled&amp;s=b12fd9135f3666bd8ae8fc7588b3a9273b19e678", "width": 216}, {"height": 285, "url": "https://preview.redd.it/s4zw7t242ufa1.jpg?width=320&amp;crop=smart&amp;auto=webp&amp;v=enabled&amp;s=0135ffbad7da8d0487dddd8759ab977a8b402883", "width": 320}, {"height": 570, "url": "https://preview.redd.it/s4zw7t242ufa1.jpg?width=640&amp;crop=smart&amp;auto=webp&amp;v=enabled&amp;s=133212388fd1c0d7fbc3eb560de4e33cd31393b8", "width": 640}, {"height": 855, "url": "https://preview.redd.it/s4zw7t242ufa1.jpg?width=960&amp;crop=smart&amp;auto=webp&amp;v=enabled&amp;s=0eef53230157492be3e303d66492d4ea5ef5f8a3", "width": 960}, {"height": 962, "url": "https://preview.redd.it/s4zw7t242ufa1.jpg?width=1080&amp;crop=smart&amp;auto=webp&amp;v=enabled&amp;s=cbfbe4b45d1ad22c1c5ed9c1cf6ac19138a2982a", "width": 1080}], "source": {"height": 1003, "url": "https://preview.redd.it/s4zw7t242ufa1.jpg?auto=webp&amp;v=enabled&amp;s=33983ab3bcae8b44c158e2020d00941367460aa3", "width": 1125}, "variants": {}}]}, "pwls": null, "quarantine": false, "removed_by": null, "removed_by_category": null, "retrieved_on": 1678343202, "score": 6, "secure_media": null, "secure_media_embed": {}, "selftext": "", "send_replies": false, "spoiler": false, "stickied": false, "subreddit": "ThePPShow", "subreddit_id": "t5_7q5o7y", "subreddit_name_prefixed": "r/ThePPShow", "subreddit_subscribers": 582, "subreddit_type": "public", "suggested_sort": null, "thumbnail": "https://b.thumbs.redditmedia.com/AEV5SMFe_u2wIJW_rMsF6Rc6ZL2WCxTSB9Src11zfxw.jpg", "thumbnail_height": 124, "thumbnail_width": 140, "title": "No cell, no sell! #bbby tokenize my Ass!", "top_awarded_type": null, "total_awards_received": 0, "treatment_tags": [], "upvote_ratio": 1.0, "url": "https://i.redd.it/s4zw7t242ufa1.jpg", "url_overridden_by_dest": "https://i.redd.it/s4zw7t242ufa1.jpg", "view_count": null, "whitelist_status": null, "wls": null}, {"all_awardings": [], "allow_live_comments": true, "archived": false, "author": "[deleted]", "author_created_utc": null, "author_flair_background_color": "", "author_flair_css_class": null, "author_flair_template_id": null, "author_flair_text": null, "author_flair_text_color": "dark", "awarders": [], "banned_by": null, "can_gild": false, "can_mod_post": false, "category": null, "content_categories": null, "contest_mode": false, "created_utc": 1675347657, "discussion_type": "CHAT", "distinguished": null, "domain": "", "edited": false, "gilded": 0, "gildings": {}, "hidden": false, "hide_score": false, "id": "10rqy81", "is_created_from_ads_ui": false, "is_crosspostable": false, "is_meta": false, "is_original_content": false, "is_reddit_media_domain": false, "is_robot_indexable": false, "is_self": true, "is_video": false, "link_flair_background_color": "", "link_flair_css_class": null, "link_flair_richtext": [], "link_flair_text": null, "link_flair_text_color": "dark", "link_flair_type": "text", "locked": false, "media": null, "media_embed": {}, "media_only": false, "name": "t3_10rqy81", "no_follow": true, "num_comments": 1, "num_crossposts": 0, "over_18": false, "parent_whitelist_status": null, "permalink": "/r/ThePPShow/comments/10rqy81/hey_pp_any_way_we_can_have_a_quick_chat/", "pinned": false, "pwls": null, "quarantine": false, "removed_by": null, "removed_by_category": "deleted", "retrieved_on": 1678343250, "score": 0, "secure_media": null, "secure_media_embed": {}, "selftext": "[removed]", "send_replies": true, "spoiler": false, "stickied": false, "subreddit": "ThePPShow", "subreddit_id": "t5_7q5o7y", "subreddit_name_prefixed": "r/ThePPShow", "subreddit_subscribers": 582, "subreddit_type": "public", "suggested_sort": "new", "thumbnail": "default", "thumbnail_height": null, "thumbnail_width": null, "title": "Hey PP any way we can have a quick chat ?", "top_awarded_type": null, "total_awards_received": 0, "treatment_tags": [], "upvote_ratio": 0.5, "url": "", "view_count": null, "whitelist_status": null, "wls": null}, {"all_awardings": [], "allow_live_comments": false, "archived": false, "author": "RaggedyAnn1963", "author_created_utc": 1612584599, "author_flair_background_color": null, "author_flair_css_class": null, "author_flair_richtext": [], "author_flair_template_id": null, "author_flair_text": null, "author_flair_text_color": null, "author_flair_type": "text", "author_fullname": "t2_a758w8tv", "author_patreon_flair": false, "author_premium": false, "awarders": [], "banned_by": null, "can_gild": true, "can_mod_post": false, "category": null, "content_categories": null, "contest_mode": false, "created_utc": 1675343819, "discussion_type": null, "distinguished": null, "domain": "i.redd.it", "edited": false, "gilded": 0, "gildings": {}, "hidden": false, "hide_score": false, "id": "10rplja", "is_created_from_ads_ui": false, "is_crosspostable": true, "is_meta": false, "is_original_content": false, "is_reddit_media_domain": true, "is_robot_indexable": true, "is_self": false, "is_video": false, "link_flair_background_color": "", "link_flair_css_class": null, "link_flair_richtext": [], "link_flair_text": null, "link_flair_text_color": "dark", "link_flair_type": "text", "locked": false, "media": null, "media_embed": {}, "media_only": false, "name": "t3_10rplja", "no_follow": false, "num_comments": 2, "num_crossposts": 0, "over_18": false, "parent_whitelist_status": null, "permalink": "/r/ThePPShow/comments/10rplja/lfg/", "pinned": false, "post_hint": "image", "preview": {"enabled": true, "images": [{"id": "gXCswLPeKz1C5HXhwM7oBK_xs0eP8XCS9uVvNt3n2Vo", "resolutions": [{"height": 140, "url": "https://preview.redd.it/eb6c8ytahtfa1.png?width=108&amp;crop=smart&amp;auto=webp&amp;v=enabled&amp;s=f356b7a1931ae46b532c5efad60ee452baf490a9", "width": 108}, {"height": 280, "url": "https://preview.redd.it/eb6c8ytahtfa1.png?width=216&amp;crop=smart&amp;auto=webp&amp;v=enabled&amp;s=8d065a3cffeefbfd9517e6454cf72c68acbf836c", "width": 216}, {"height": 414, "url": "https://preview.redd.it/eb6c8ytahtfa1.png?width=320&amp;crop=smart&amp;auto=webp&amp;v=enabled&amp;s=6ad0bb5d26a7e1e916e3cecdff55ee34579d67d7", "width": 320}, {"height": 829, "url": "https://preview.redd.it/eb6c8ytahtfa1.png?width=640&amp;crop=smart&amp;auto=webp&amp;v=enabled&amp;s=9504d4d38a14643fa55ae5803a393bd6b75cc378", "width": 640}, {"height": 1244, "url": "https://preview.redd.it/eb6c8ytahtfa1.png?width=960&amp;crop=smart&amp;auto=webp&amp;v=enabled&amp;s=4e8e252e8007851fb7c8c932a92237acd500a717", "width": 960}, {"height": 1400, "url": "https://preview.redd.it/eb6c8ytahtfa1.png?width=1080&amp;crop=smart&amp;auto=webp&amp;v=enabled&amp;s=353cc82db419771e4ec309aef3530e680cf54014", "width": 1080}], "source": {"height": 1400, "url": "https://preview.redd.it/eb6c8ytahtfa1.png?auto=webp&amp;v=enabled&amp;s=ec9982952e061b0959f5af71f07632da17d34993", "width": 1080}, "variants": {}}]}, "pwls": null, "quarantine": false, "removed_by": null, "removed_by_category": null, "retrieved_on": 1678343305, "score": 5, "secure_media": null, "secure_media_embed": {}, "selftext": "", "send_replies": true, "spoiler": false, "stickied": false, "subreddit": "ThePPShow", "subreddit_id": "t5_7q5o7y", "subreddit_name_prefixed": "r/ThePPShow", "subreddit_subscribers": 582, "subreddit_type": "public", "suggested_sort": null, "thumbnail": "https://b.thumbs.redditmedia.com/KbQxPITa_qBstOioURA3EsF4EPesyxIOjUNF1W1gElw.jpg", "thumbnail_height": 140, "thumbnail_width": 140, "title": "LFG \ud83d\ude80", "top_awarded_type": null, "total_awards_received": 0, "treatment_tags": [], "upvote_ratio": 1.0, "url": "https://i.redd.it/eb6c8ytahtfa1.png", "url_overridden_by_dest": "https://i.redd.it/eb6c8ytahtfa1.png", "view_count": null, "whitelist_status": null, "wls": null}, {"all_awardings": [], "allow_live_comments": false, "archived": false, "author": "starshippr", "author_created_utc": 1612092309, "author_flair_background_color": null, "author_flair_css_class": null, "author_flair_richtext": [], "author_flair_template_id": null, "author_flair_text": null, "author_flair_text_color": null, "author_flair_type": "text", "author_fullname": "t2_9at0oc35", "author_patreon_flair": false, "author_premium": false, "awarders": [], "banned_by": null, "can_gild": true, "can_mod_post": false, "category": null, "content_categories": null, "contest_mode": false, "created_utc": 1675316662, "crosspost_parent": "t3_10r82cq", "crosspost_parent_list": [{"all_awardings": [{"award_sub_type": "PREMIUM", "award_type": "global", "awardings_required_to_grant_benefits": null, "coin_price": 30, "coin_reward": 0, "count": 1, "days_of_drip_extension": null, "days_of_premium": null, "description": "A glowing commendation for all to see", "end_date": null, "giver_coin_reward": null, "icon_format": "APNG", "icon_height": 2048, "icon_url": "https://www.redditstatic.com/gold/awards/icon/Illuminati_512.png", "icon_width": 2048, "id": "award_b4ff447e-05a5-42dc-9002-63568807cfe6", "is_enabled": true, "is_new": false, "name": "All-Seeing Upvote", "penny_donate": null, "penny_price": null, "resized_icons": [{"height": 16, "url": "https://www.redditstatic.com/gold/awards/icon/Illuminati_16.png", "width": 16}, {"height": 32, "url": "https://www.redditstatic.com/gold/awards/icon/Illuminati_32.png", "width": 32}, {"height": 48, "url": "https://www.redditstatic.com/gold/awards/icon/Illuminati_48.png", "width": 48}, {"height": 64, "url": "https://www.redditstatic.com/gold/awards/icon/Illuminati_64.png", "width": 64}, {"height": 128, "url": "https://www.redditstatic.com/gold/awards/icon/Illuminati_128.png", "width": 128}], "resized_static_icons": [{"height": 16, "url": "https://preview.redd.it/award_images/t5_q0gj4/am40b8b08l581_All-SeeingUpvote2.png?width=16&amp;height=16&amp;auto=webp&amp;v=enabled&amp;s=25880d00e4283ff6a3851b64c83fea465c3fac48", "width": 16}, {"height": 32, "url": "https://preview.redd.it/award_images/t5_q0gj4/am40b8b08l581_All-SeeingUpvote2.png?width=32&amp;height=32&amp;auto=webp&amp;v=enabled&amp;s=67fae0c2af26488b9d70cb7afe877086707cf1d1", "width": 32}, {"height": 48, "url": "https://preview.redd.it/award_images/t5_q0gj4/am40b8b08l581_All-SeeingUpvote2.png?width=48&amp;height=48&amp;auto=webp&amp;v=enabled&amp;s=3033c6583809a27b998883b7c56c158102cb0420", "width": 48}, {"height": 64, "url": "https://preview.redd.it/award_images/t5_q0gj4/am40b8b08l581_All-SeeingUpvote2.png?width=64&amp;height=64&amp;auto=webp&amp;v=enabled&amp;s=cccb48d7518eaba72894a7ac4214bb70c7120793", "width": 64}, {"height": 128, "url": "https://preview.redd.it/award_images/t5_q0gj4/am40b8b08l581_All-SeeingUpvote2.png?width=128&amp;height=128&amp;auto=webp&amp;v=enabled&amp;s=4101e0eff424bbd818195853387db358bec74ed0", "width": 128}], "start_date": null, "static_icon_height": 2048, "static_icon_url": "https://i.redd.it/award_images/t5_q0gj4/am40b8b08l581_All-SeeingUpvote2.png", "static_icon_width": 2048, "sticky_duration_seconds": null, "subreddit_coin_reward": 0, "subreddit_id": null, "tiers_by_required_awardings": null}, {"award_sub_type": "PREMIUM", "award_type": "global", "awardings_required_to_grant_benefits": null, "coin_price": 30, "coin_reward": 0, "count": 1, "days_of_drip_extension": null, "days_of_premium": null, "description": "A golden splash of respect", "end_date": null, "giver_coin_reward": null, "icon_format": null, "icon_height": 2048, "icon_url": "https://i.redd.it/award_images/t5_22cerq/80j20o397jj41_NarwhalSalute.png", "icon_width": 2048, "id": "award_a2506925-fc82-4d6c-ae3b-b7217e09d7f0", "is_enabled": true, "is_new": false, "name": "Narwhal Salute", "penny_donate": null, "penny_price": null, "resized_icons": [{"height": 16, "url": "https://preview.redd.it/award_images/t5_22cerq/80j20o397jj41_NarwhalSalute.png?width=16&amp;height=16&amp;auto=webp&amp;v=enabled&amp;s=8a2a2acbd09705a194b77e9d555b630ec0ed9966", "width": 16}, {"height": 32, "url": "https://preview.redd.it/award_images/t5_22cerq/80j20o397jj41_NarwhalSalute.png?width=32&amp;height=32&amp;auto=webp&amp;v=enabled&amp;s=a1b4dc570c54d4835d396ce6f327cc5df2cd067c", "width": 32}, {"height": 48, "url": "https://preview.redd.it/award_images/t5_22cerq/80j20o397jj41_NarwhalSalute.png?width=48&amp;height=48&amp;auto=webp&amp;v=enabled&amp;s=e4979f617effb9d355397aa2c3f8032870f96fd3", "width": 48}, {"height": 64, "url": "https://preview.redd.it/award_images/t5_22cerq/80j20o397jj41_NarwhalSalute.png?width=64&amp;height=64&amp;auto=webp&amp;v=enabled&amp;s=12d699f41173c6ed50555c5689b463020696a5d3", "width": 64}, {"height": 128, "url": "https://preview.redd.it/award_images/t5_22cerq/80j20o397jj41_NarwhalSalute.png?width=128&amp;height=128&amp;auto=webp&amp;v=enabled&amp;s=5716709f7a329eb81103a5acfee4a545ec0be9b0", "width": 128}], "resized_static_icons": [{"height": 16, "url": "https://preview.redd.it/award_images/t5_22cerq/80j20o397jj41_NarwhalSalute.png?width=16&amp;height=16&amp;auto=webp&amp;v=enabled&amp;s=8a2a2acbd09705a194b77e9d555b630ec0ed9966", "width": 16}, {"height": 32, "url": "https://preview.redd.it/award_images/t5_22cerq/80j20o397jj41_NarwhalSalute.png?width=32&amp;height=32&amp;auto=webp&amp;v=enabled&amp;s=a1b4dc570c54d4835d396ce6f327cc5df2cd067c", "width": 32}, {"height": 48, "url": "https://preview.redd.it/award_images/t5_22cerq/80j20o397jj41_NarwhalSalute.png?width=48&amp;height=48&amp;auto=webp&amp;v=enabled&amp;s=e4979f617effb9d355397aa2c3f8032870f96fd3", "width": 48}, {"height": 64, "url": "https://preview.redd.it/award_images/t5_22cerq/80j20o397jj41_NarwhalSalute.png?width=64&amp;height=64&amp;auto=webp&amp;v=enabled&amp;s=12d699f41173c6ed50555c5689b463020696a5d3", "width": 64}, {"height": 128, "url": "https://preview.redd.it/award_images/t5_22cerq/80j20o397jj41_NarwhalSalute.png?width=128&amp;height=128&amp;auto=webp&amp;v=enabled&amp;s=5716709f7a329eb81103a5acfee4a545ec0be9b0", "width": 128}], "start_date": null, "static_icon_height": 2048, "static_icon_url": "https://i.redd.it/award_images/t5_22cerq/80j20o397jj41_NarwhalSalute.png", "static_icon_width": 2048, "sticky_duration_seconds": null, "subreddit_coin_reward": 0, "subreddit_id": null, "tiers_by_required_awardings": null}, {"award_sub_type": "PREMIUM", "award_type": "global", "awardings_required_to_grant_benefits": null, "coin_price": 30, "coin_reward": 0, "count": 1, "days_of_drip_extension": null, "days_of_premium": null, "description": "A glittering stamp for a feel-good thing", "end_date": null, "giver_coin_reward": null, "icon_format": null, "icon_height": 2048, "icon_url": "https://i.redd.it/award_images/t5_22cerq/b9ks3a5k7jj41_WholesomeSealofApproval.png", "icon_width": 2048, "id": "award_c4b2e438-16bb-4568-88e7-7893b7662944", "is_enabled": true, "is_new": false, "name": "Wholesome Seal of Approval", "penny_donate": null, "penny_price": null, "resized_icons": [{"height": 16, "url": "https://preview.redd.it/award_images/t5_22cerq/b9ks3a5k7jj41_WholesomeSealofApproval.png?width=16&amp;height=16&amp;auto=webp&amp;v=enabled&amp;s=703f779c36fa6c24a87048219c8ad79c38f588dc", "width": 16}, {"height": 32, "url": "https://preview.redd.it/award_images/t5_22cerq/b9ks3a5k7jj41_WholesomeSealofApproval.png?width=32&amp;height=32&amp;auto=webp&amp;v=enabled&amp;s=f1353fd49988371ae4b98114d2f30ad3abd2435e", "width": 32}, {"height": 48, "url": "https://preview.redd.it/award_images/t5_22cerq/b9ks3a5k7jj41_WholesomeSealofApproval.png?width=48&amp;height=48&amp;auto=webp&amp;v=enabled&amp;s=a6325378b5acbd6940233feeeab0d6cc936467c9", "width": 48}, {"height": 64, "url": "https://preview.redd.it/award_images/t5_22cerq/b9ks3a5k7jj41_WholesomeSealofApproval.png?width=64&amp;height=64&amp;auto=webp&amp;v=enabled&amp;s=aa1d8321e60dc611ebc686f814b0ad996d1056c5", "width": 64}, {"height": 128, "url": "https://preview.redd.it/award_images/t5_22cerq/b9ks3a5k7jj41_WholesomeSealofApproval.png?width=128&amp;height=128&amp;auto=webp&amp;v=enabled&amp;s=4c5a9a5cf1591f7074c67a67339e34fbf34a3107", "width": 128}], "resized_static_icons": [{"height": 16, "url": "https://preview.redd.it/award_images/t5_22cerq/b9ks3a5k7jj41_WholesomeSealofApproval.png?width=16&amp;height=16&amp;auto=webp&amp;v=enabled&amp;s=703f779c36fa6c24a87048219c8ad79c38f588dc", "width": 16}, {"height": 32, "url": "https://preview.redd.it/award_images/t5_22cerq/b9ks3a5k7jj41_WholesomeSealofApproval.png?width=32&amp;height=32&amp;auto=webp&amp;v=enabled&amp;s=f1353fd49988371ae4b98114d2f30ad3abd2435e", "width": 32}, {"height": 48, "url": "https://preview.redd.it/award_images/t5_22cerq/b9ks3a5k7jj41_WholesomeSealofApproval.png?width=48&amp;height=48&amp;auto=webp&amp;v=enabled&amp;s=a6325378b5acbd6940233feeeab0d6cc936467c9", "width": 48}, {"height": 64, "url": "https://preview.redd.it/award_images/t5_22cerq/b9ks3a5k7jj41_WholesomeSealofApproval.png?width=64&amp;height=64&amp;auto=webp&amp;v=enabled&amp;s=aa1d8321e60dc611ebc686f814b0ad996d1056c5", "width": 64}, {"height": 128, "url": "https://preview.redd.it/award_images/t5_22cerq/b9ks3a5k7jj41_WholesomeSealofApproval.png?width=128&amp;height=128&amp;auto=webp&amp;v=enabled&amp;s=4c5a9a5cf1591f7074c67a67339e34fbf34a3107", "width": 128}], "start_date": null, "static_icon_height": 2048, "static_icon_url": "https://i.redd.it/award_images/t5_22cerq/b9ks3a5k7jj41_WholesomeSealofApproval.png", "static_icon_width": 2048, "sticky_duration_seconds": null, "subreddit_coin_reward": 0, "subreddit_id": null, "tiers_by_required_awardings": null}], "allow_live_comments": false, "approved_at_utc": null, "approved_by": null, "archived": false, "author": "starshippr", "author_flair_background_color": null, "author_flair_css_class": null, "author_flair_richtext": [], "author_flair_template_id": null, "author_flair_text": null, "author_flair_text_color": null, "author_flair_type": "text", "author_fullname": "t2_9at0oc35", "author_is_blocked": false, "author_patreon_flair": false, "author_premium": false, "awarders": [], "banned_at_utc": null, "banned_by": null, "can_gild": true, "can_mod_post": false, "category": null, "clicked": false, "content_categories": null, "contest_mode": false, "created": 1675289930.0, "created_utc": 1675289930.0, "discussion_type": null, "distinguished": null, "domain": "v.redd.it", "downs": 0, "edited": false, "gilded": 0, "gildings": {}, "hidden": false, "hide_score": false, "id": "10r82cq", "is_created_from_ads_ui": false, "is_crosspostable": true, "is_meta": false, "is_original_content": false, "is_reddit_media_domain": true, "is_robot_indexable": true, "is_self": false, "is_video": true, "likes": null, "link_flair_background_color": "#0dd3bb", "link_flair_css_class": "", "link_flair_richtext": [], "link_flair_template_id": "0067c970-78d0-11eb-ba92-0eafda223999", "link_flair_text": "\ud83e\udd21 Meme", "link_flair_text_color": "light", "link_flair_type": "text", "locked": false, "media": {"reddit_video": {"bitrate_kbps": 2400, "dash_url": "https://v.redd.it/1irafsa21pfa1/DASHPlaylist.mpd?a=1680935598%2COGUyMmFkNDlmOTY3MjQxYTZkYWUyMTU1OGI3NzdmN2I1ODM1ZjE3NzJiNDIwNDg3NjczOGE5MzA1MTQ2MWI0MQ%3D%3D&amp;v=1&amp;f=sd", "duration": 90, "fallback_url": "https://v.redd.it/1irafsa21pfa1/DASH_720.mp4?source=fallback", "height": 720, "hls_url": "https://v.redd.it/1irafsa21pfa1/HLSPlaylist.m3u8?a=1680935598%2CNmExMDk3ZWZiYzFjNzVhYWU3YTdjMzFiOTVkZDY2OTlhMTQ3MDBmM2RlYWNiZjNmNDgzZjZhMGVmYmE3YmE3OA%3D%3D&amp;v=1&amp;f=sd", "is_gif": false, "scrubber_media_url": "https://v.redd.it/1irafsa21pfa1/DASH_96.mp4", "transcoding_status": "completed", "width": 404}}, "media_embed": {}, "media_only": false, "mod_note": null, "mod_reason_by": null, "mod_reason_title": null, "mod_reports": [], "name": "t3_10r82cq", "no_follow": false, "num_comments": 27, "num_crossposts": 3, "num_reports": null, "over_18": false, "parent_whitelist_status": null, "permalink": "/r/BBBY/comments/10r82cq/live_coverage_from_62_wiliam_street_ny_with/", "pinned": false, "post_hint": "hosted:video", "preview": {"enabled": false, "images": [{"id": "2A0Jg7xXOu2iDmWhjX4Br_MaD67-oOhTt-rH8fINecU", "resolutions": [{"height": 192, "url": "https://external-preview.redd.it/OVbnf6qSIaAJOtVlSGNEeLExG4--jNouL_avin2BAHs.png?width=108&amp;crop=smart&amp;format=pjpg&amp;auto=webp&amp;v=enabled&amp;s=33a82c0b65d0a6dccc3625ab754f249e87eb4a67", "width": 108}, {"height": 384, "url": "https://external-preview.redd.it/OVbnf6qSIaAJOtVlSGNEeLExG4--jNouL_avin2BAHs.png?width=216&amp;crop=smart&amp;format=pjpg&amp;auto=webp&amp;v=enabled&amp;s=704c51d9bf13d0069e4e839877aeac30c796f74f", "width": 216}, {"height": 570, "url": "https://external-preview.redd.it/OVbnf6qSIaAJOtVlSGNEeLExG4--jNouL_avin2BAHs.png?width=320&amp;crop=smart&amp;format=pjpg&amp;auto=webp&amp;v=enabled&amp;s=214530e21625106527ea650c25e398f333059676", "width": 320}], "source": {"height": 720, "url": "https://external-preview.redd.it/OVbnf6qSIaAJOtVlSGNEeLExG4--jNouL_avin2BAHs.png?format=pjpg&amp;auto=webp&amp;v=enabled&amp;s=2b0fe7f4d37caf6f78c0473a3e4f807262259e62", "width": 404}, "variants": {}}]}, "pwls": null, "quarantine": false, "removal_reason": null, "removed_by": null, "removed_by_category": null, "report_reasons": null, "saved": false, "score": 185, "secure_media": {"reddit_video": {"bitrate_kbps": 2400, "dash_url": "https://v.redd.it/1irafsa21pfa1/DASHPlaylist.mpd?a=1680935598%2COGUyMmFkNDlmOTY3MjQxYTZkYWUyMTU1OGI3NzdmN2I1ODM1ZjE3NzJiNDIwNDg3NjczOGE5MzA1MTQ2MWI0MQ%3D%3D&amp;v=1&amp;f=sd", "duration": 90, "fallback_url": "https://v.redd.it/1irafsa21pfa1/DASH_720.mp4?source=fallback", "height": 720, "hls_url": "https://v.redd.it/1irafsa21pfa1/HLSPlaylist.m3u8?a=1680935598%2CNmExMDk3ZWZiYzFjNzVhYWU3YTdjMzFiOTVkZDY2OTlhMTQ3MDBmM2RlYWNiZjNmNDgzZjZhMGVmYmE3YmE3OA%3D%3D&amp;v=1&amp;f=sd", "is_gif": false, "scrubber_media_url": "https://v.redd.it/1irafsa21pfa1/DASH_96.mp4", "transcoding_status": "completed", "width": 404}}, "secure_media_embed": {}, "selftext": "", "selftext_html": null, "send_replies": true, "spoiler": false, "stickied": false, "subreddit": "BBBY", "subreddit_id": "t5_3q5hel", "subreddit_name_prefixed": "r/BBBY", "subreddit_subscribers": 55970, "subreddit_type": "public", "suggested_sort": null, "thumbnail": "https://b.thumbs.redditmedia.com/0mV8DSGmKbpWWucnKfB6XYdM2mTSQrYU82p02Ooh85I.jpg", "thumbnail_height": 140, "thumbnail_width": 140, "title": "Live coverage from 62 Wiliam Street NY\ud83c\udfe2! With exclusive audio \ud83d\udd0a", "top_awarded_type": null, "total_awards_received": 3, "treatment_tags": [], "ups": 185, "upvote_ratio": 0.89, "url": "https://v.redd.it/1irafsa21pfa1", "url_overridden_by_dest": "https://v.redd.it/1irafsa21pfa1", "user_reports": [], "view_count": null, "visited": false, "whitelist_status": null, "wls": null}], "discussion_type": null, "distinguished": null, "domain": "v.redd.it", "edited": false, "gilded": 0, "gildings": {}, "hidden": false, "hide_score": false, "id": "10ri613", "is_created_from_ads_ui": false, "is_crosspostable": false, "is_meta": false, "is_original_content": false, "is_reddit_media_domain": true, "is_robot_indexable": false, "is_self": false, "is_video": false, "link_flair_background_color": "", "link_flair_css_class": null, "link_flair_richtext": [], "link_flair_text": null, "link_flair_text_color": "dark", "link_flair_type": "text", "locked": false, "media": null, "media_embed": {}, "media_only": false, "name": "t3_10ri613", "no_follow": true, "num_comments": 2, "num_crossposts": 0, "over_18": false, "parent_whitelist_status": null, "permalink": "/r/ThePPShow/comments/10ri613/live_coverage_from_62_wiliam_street_ny_with/", "pinned": false, "pwls": null, "quarantine": false, "removed_by": null, "removed_by_category": "moderator", "retrieved_on": 1678343599, "score": 11, "secure_media": null, "secure_media_embed": {}, "selftext": "", "send_replies": false, "spoiler": false, "stickied": false, "subreddit": "ThePPShow", "subreddit_id": "t5_7q5o7y", "subreddit_name_prefixed": "r/ThePPShow", "subreddit_subscribers": 582, "subreddit_type": "public", "suggested_sort": null, "thumbnail": "default", "thumbnail_height": 140, "thumbnail_width": 140, "title": "Live coverage from 62 Wiliam Street NY\ud83c\udfe2! With exclusive audio \ud83d\udd0a", "top_awarded_type": null, "total_awards_received": 0, "treatment_tags": [], "upvote_ratio": 1.0, "url": "https://v.redd.it/1irafsa21pfa1", "url_overridden_by_dest": "https://v.redd.it/1irafsa21pfa1", "view_count": null, "whitelist_status": null, "wls": null}, {"all_awardings": [], "allow_live_comments": false, "archived": false, "author": "[deleted]", "author_created_utc": null, "author_flair_background_color": "", "author_flair_css_class": null, "author_flair_template_id": null, "author_flair_text": null, "author_flair_text_color": "dark", "awarders": [], "banned_by": null, "can_gild": false, "can_mod_post": false, "category": null, "content_categories": null, "contest_mode": false, "created_utc": 1675298215, "discussion_type": null, "distinguished": null, "domain": "", "edited": false, "gilded": 0, "gildings": {}, "hidden": false, "hide_score": false, "id": "10rbi1j", "is_created_from_ads_ui": false, "is_crosspostable": false, "is_meta": false, "is_original_content": false, "is_reddit_media_domain": false, "is_robot_indexable": false, "is_self": false, "is_video": false, "link_flair_background_color": "#ffd635", "link_flair_css_class": "", "link_flair_richtext": [], "link_flair_template_id": "cf8e4b00-8f0a-11ed-bcf5-ea5ecab695a0", "link_flair_text": "Stream Live Chat", "link_flair_text_color": "dark", "link_flair_type": "text", "locked": false, "media": {"oembed": {"author_name": "ThePPshow", "author_url": "https://www.youtube.com/@ThePPshow", "height": 200, "html": "&lt;iframe width=\"356\" height=\"200\" src=\"https://www.youtube.com/embed/oJZSTuQxAcE?feature=oembed&amp;enablejsapi=1\" frameborder=\"0\" allow=\"accelerometer; autoplay; clipboard-write; encrypted-media; gyroscope; picture-in-picture; web-share\" allowfullscreen title=\"ThePPShow BBBY Livestream\"&gt;&lt;/iframe&gt;", "provider_name": "YouTube", "provider_url": "https://www.youtube.com/", "thumbnail_height": 360, "thumbnail_url": "https://i.ytimg.com/vi/oJZSTuQxAcE/hqdefault.jpg", "thumbnail_width": 480, "title": "ThePPShow BBBY Livestream", "type": "video", "version": "1.0", "width": 356}, "type": "youtube.com"}, "media_embed": {"content": "&lt;iframe width=\"356\" height=\"200\" src=\"https://www.youtube.com/embed/oJZSTuQxAcE?feature=oembed&amp;enablejsapi=1\" frameborder=\"0\" allow=\"accelerometer; autoplay; clipboard-write; encrypted-media; gyroscope; picture-in-picture; web-share\" allowfullscreen title=\"ThePPShow BBBY Livestream\"&gt;&lt;/iframe&gt;", "height": 200, "scrolling": false, "width": 356}, "media_only": false, "name": "t3_10rbi1j", "no_follow": true, "num_comments": 2, "num_crossposts": 0, "over_18": false, "parent_whitelist_status": null, "permalink": "/r/ThePPShow/comments/10rbi1j/stream_is_starting_shortly_come_hangout_and_we/", "pinned": false, "pwls": null, "quarantine": false, "removed_by": null, "removed_by_category": "deleted", "retrieved_on": 1678343878, "score": 6, "secure_media": {"oembed": {"author_name": "ThePPshow", "author_url": "https://www.youtube.com/@ThePPshow", "height": 200, "html": "&lt;iframe width=\"356\" height=\"200\" src=\"https://www.youtube.com/embed/oJZSTuQxAcE?feature=oembed&amp;enablejsapi=1\" frameborder=\"0\" allow=\"accelerometer; autoplay; clipboard-write; encrypted-media; gyroscope; picture-in-picture; web-share\" allowfullscreen title=\"ThePPShow BBBY Livestream\"&gt;&lt;/iframe&gt;", "provider_name": "YouTube", "provider_url": "https://www.youtube.com/", "thumbnail_height": 360, "thumbnail_url": "https://i.ytimg.com/vi/oJZSTuQxAcE/hqdefault.jpg", "thumbnail_width": 480, "title": "ThePPShow BBBY Livestream", "type": "video", "version": "1.0", "width": 356}, "type": "youtube.com"}, "secure_media_embed": {"content": "&lt;iframe width=\"356\" height=\"200\" src=\"https://www.youtube.com/embed/oJZSTuQxAcE?feature=oembed&amp;enablejsapi=1\" frameborder=\"0\" allow=\"accelerometer; autoplay; clipboard-write; encrypted-media; gyroscope; picture-in-picture; web-share\" allowfullscreen title=\"ThePPShow BBBY Livestream\"&gt;&lt;/iframe&gt;", "height": 200, "media_domain_url": "https://www.redditmedia.com/mediaembed/10rbi1j", "scrolling": false, "width": 356}, "selftext": "[removed]", "send_replies": true, "spoiler": false, "stickied": false, "subreddit": "ThePPShow", "subreddit_id": "t5_7q5o7y", "subreddit_name_prefixed": "r/ThePPShow", "subreddit_subscribers": 582, "subreddit_type": "public", "suggested_sort": null, "thumbnail": "default", "thumbnail_height": 105, "thumbnail_width": 140, "title": "Stream is starting shortly, come hangout and we will get into our fav stock BBBY!", "top_awarded_type": null, "total_awards_received": 0, "treatment_tags": [], "upvote_ratio": 0.88, "url": "", "url_overridden_by_dest": "", "view_count": null, "whitelist_status": null, "wls": null}], "metadata": {"op_a": 55, "op_b": 51, "total": 106}, "error": null}