{"data": [{"all_awardings": [], "allow_live_comments": false, "archived": false, "author": "[deleted]", "author_created_utc": null, "author_flair_background_color": "", "author_flair_css_class": null, "author_flair_template_id": null, "author_flair_text": null, "author_flair_text_color": "dark", "awarders": [], "banned_by": null, "can_gild": false, "can_mod_post": false, "category": null, "content_categories": null, "contest_mode": false, "created_utc": 1676067295, "discussion_type": null, "distinguished": null, "domain": "", "edited": false, "gilded": 0, "gildings": {}, "hidden": false, "hide_score": false, "id": "10z4lip", "is_created_from_ads_ui": false, "is_crosspostable": false, "is_meta": false, "is_original_content": false, "is_reddit_media_domain": false, "is_robot_indexable": false, "is_self": true, "is_video": false, "link_flair_background_color": "", "link_flair_css_class": null, "link_flair_richtext": [], "link_flair_text": null, "link_flair_text_color": "dark", "link_flair_type": "text", "locked": false, "media": null, "media_embed": {}, "media_only": false, "name": "t3_10z4lip", "no_follow": false, "num_comments": 13, "num_crossposts": 0, "over_18": false, "parent_whitelist_status": null, "permalink": "/r/ThePPShow/comments/10z4lip/ppshow/", "pinned": false, "pwls": null, "quarantine": false, "removed_by": null, "removed_by_category": "deleted", "retrieved_on": 1678332775, "score": 13, "secure_media": null, "secure_media_embed": {}, "selftext": "[deleted]", "send_replies": true, "spoiler": false, "stickied": false, "subreddit": "ThePPShow", "subreddit_id": "t5_7q5o7y", "subreddit_name_prefixed": "r/ThePPShow", "subreddit_subscribers": 581, "subreddit_type": "public", "suggested_sort": null, "thumbnail": "default", "thumbnail_height": null, "thumbnail_width": null, "title": "Ppshow?", "top_awarded_type": null, "total_awards_received": 0, "treatment_tags": [], "upvote_ratio": 1.0, "url": "", "view_count": null, "whitelist_status": null, "wls": null}, {"all_awardings": [], "allow_live_comments": false, "archived": false, "author": "wawgawwtb", "author_created_utc": 1641484963, "author_flair_background_color": null, "author_flair_css_class": null, "author_flair_richtext": [], "author_flair_template_id": null, "author_flair_text": null, "author_flair_text_color": null, "author_flair_type": "text", "author_fullname": "t2_ib5c79c7", "author_patreon_flair": false, "author_premium": false, "awarders": [], "banned_by": null, "can_gild": true, "can_mod_post": false, "category": null, "content_categories": null, "contest_mode": false, "created_utc": 1676066836, "discussion_type": null, "distinguished": null, "domain": "youtube.com", "edited": false, "gilded": 0, "gildings": {}, "hidden": false, "hide_score": false, "id": "10z4g4p", "is_created_from_ads_ui": false, "is_crosspostable": true, "is_meta": false, "is_original_content": false, "is_reddit_media_domain": false, "is_robot_indexable": true, "is_self": false, "is_video": false, "link_flair_background_color": "", "link_flair_css_class": null, "link_flair_richtext": [], "link_flair_text": null, "link_flair_text_color": "dark", "link_flair_type": "text", "locked": false, "media": {"oembed": {"author_name": "Roger James Hamilton", "author_url": "https://www.youtube.com/@RogerJamesHamilton1", "height": 200, "html": "&lt;iframe width=\"356\" height=\"200\" src=\"https://www.youtube.com/embed/TF8j4Cksx2k?feature=oembed&amp;enablejsapi=1\" frameborder=\"0\" allow=\"accelerometer; autoplay; clipboard-write; encrypted-media; gyroscope; picture-in-picture; web-share\" allowfullscreen title=\"Tracking Naked Shorts on Wall Street - ShareIntel &amp;amp; BuyIns.Net\"&gt;&lt;/iframe&gt;", "provider_name": "YouTube", "provider_url": "https://www.youtube.com/", "thumbnail_height": 360, "thumbnail_url": "https://i.ytimg.com/vi/TF8j4Cksx2k/hqdefault.jpg", "thumbnail_width": 480, "title": "Tracking Naked Shorts on Wall Street - ShareIntel &amp; BuyIns.Net", "type": "video", "version": "1.0", "width": 356}, "type": "youtube.com"}, "media_embed": {"content": "&lt;iframe width=\"356\" height=\"200\" src=\"https://www.youtube.com/embed/TF8j4Cksx2k?feature=oembed&amp;enablejsapi=1\" frameborder=\"0\" allow=\"accelerometer; autoplay; clipboard-write; encrypted-media; gyroscope; picture-in-picture; web-share\" allowfullscreen title=\"Tracking Naked Shorts on Wall Street - ShareIntel &amp;amp; BuyIns.Net\"&gt;&lt;/iframe&gt;", "height": 200, "scrolling": false, "width": 356}, "media_only": false, "name": "t3_10z4g4p", "no_follow": false, "num_comments": 0, "num_crossposts": 0, "over_18": false, "parent_whitelist_status": null, "permalink": "/r/ThePPShow/comments/10z4g4p/video_worth_watching_about_naked_short_selling/", "pinned": false, "post_hint": "rich:video", "preview": {"enabled": false, "images": [{"id": "vWEAS_lSG17B1GEgll7LJl7jGSCyTh6GeDUs3C-zFo8", "resolutions": [{"height": 81, "url": "https://external-preview.redd.it/mnXJk0k7SwiUQFiwLHn8PJ93yXS6qHp8sbggYcSQltU.jpg?width=108&amp;crop=smart&amp;auto=webp&amp;v=enabled&amp;s=4ac93e3a6e1d848ecc27a3bad87602ab90d59747", "width": 108}, {"height": 162, "url": "https://external-preview.redd.it/mnXJk0k7SwiUQFiwLHn8PJ93yXS6qHp8sbggYcSQltU.jpg?width=216&amp;crop=smart&amp;auto=webp&amp;v=enabled&amp;s=4375378c3ee785048407ca6c952a80e206050fef", "width": 216}, {"height": 240, "url": "https://external-preview.redd.it/mnXJk0k7SwiUQFiwLHn8PJ93yXS6qHp8sbggYcSQltU.jpg?width=320&amp;crop=smart&amp;auto=webp&amp;v=enabled&amp;s=cfbcd201a3120ba3af159fae32d24d54dc314364", "width": 320}], "source": {"height": 360, "url": "https://external-preview.redd.it/mnXJk0k7SwiUQFiwLHn8PJ93yXS6qHp8sbggYcSQltU.jpg?auto=webp&amp;v=enabled&amp;s=ab36495ab508ecaa664691474af8366f0ddc9924", "width": 480}, "variants": {}}]}, "pwls": null, "quarantine": false, "removed_by": null, "removed_by_category": null, "retrieved_on": 1678332781, "score": 3, "secure_media": {"oembed": {"author_name": "Roger James Hamilton", "author_url": "https://www.youtube.com/@RogerJamesHamilton1", "height": 200, "html": "&lt;iframe width=\"356\" height=\"200\" src=\"https://www.youtube.com/embed/TF8j4Cksx2k?feature=oembed&amp;enablejsapi=1\" frameborder=\"0\" allow=\"accelerometer; autoplay; clipboard-write; encrypted-media; gyroscope; picture-in-picture; web-share\" allowfullscreen title=\"Tracking Naked Shorts on Wall Street - ShareIntel &amp;amp; BuyIns.Net\"&gt;&lt;/iframe&gt;", "provider_name": "YouTube", "provider_url": "https://www.youtube.com/", "thumbnail_height": 360, "thumbnail_url": "https://i.ytimg.com/vi/TF8j4Cksx2k/hqdefault.jpg", "thumbnail_width": 480, "title": "Tracking Naked Shorts on Wall Street - ShareIntel &amp; BuyIns.Net", "type": "video", "version": "1.0", "width": 356}, "type": "youtube.com"}, "secure_media_embed": {"content": "&lt;iframe width=\"356\" height=\"200\" src=\"https://www.youtube.com/embed/TF8j4Cksx2k?feature=oembed&amp;enablejsapi=1\" frameborder=\"0\" allow=\"accelerometer; autoplay; clipboard-write; encrypted-media; gyroscope; picture-in-picture; web-share\" allowfullscreen title=\"Tracking Naked Shorts on Wall Street - ShareIntel &amp;amp; BuyIns.Net\"&gt;&lt;/iframe&gt;", "height": 200, "media_domain_url": "https://www.redditmedia.com/mediaembed/10z4g4p", "scrolling": false, "width": 356}, "selftext": "", "send_replies": true, "spoiler": false, "stickied": false, "subreddit": "ThePPShow", "subreddit_id": "t5_7q5o7y", "subreddit_name_prefixed": "r/ThePPShow", "subreddit_subscribers": 581, "subreddit_type": "public", "suggested_sort": null, "thumbnail": "https://b.thumbs.redditmedia.com/EGeSU_2_SjsAIeksK5k8YhwH2sKIWLFFuLVHYxc3v4o.jpg", "thumbnail_height": 105, "thumbnail_width": 140, "title": "Video worth watching about Naked Short selling.", "top_awarded_type": null, "total_awards_received": 0, "treatment_tags": [], "upvote_ratio": 1.0, "url": "https://www.youtube.com/watch?v=TF8j4Cksx2k", "url_overridden_by_dest": "https://www.youtube.com/watch?v=TF8j4Cksx2k", "view_count": null, "whitelist_status": null, "wls": null}, {"all_awardings": [], "allow_live_comments": false, "archived": false, "author": "ApeDaveApeDave", "author_created_utc": 1660818624, "author_flair_background_color": null, "author_flair_css_class": null, "author_flair_richtext": [], "author_flair_template_id": null, "author_flair_text": null, "author_flair_text_color": null, "author_flair_type": "text", "author_fullname": "t2_rmv4c93h", "author_patreon_flair": false, "author_premium": false, "awarders": [], "banned_by": null, "can_gild": true, "can_mod_post": false, "category": null, "content_categories": null, "contest_mode": false, "created_utc": 1676053307, "crosspost_parent": "t3_10yyp0u", "crosspost_parent_list": [{"all_awardings": [{"award_sub_type": "GLOBAL", "award_type": "global", "awardings_required_to_grant_benefits": null, "coin_price": 50, "coin_reward": 0, "count": 1, "days_of_drip_extension": null, "days_of_premium": null, "description": "Listen, get educated, and get involved.", "end_date": null, "giver_coin_reward": null, "icon_format": "PNG", "icon_height": 2048, "icon_url": "https://i.redd.it/award_images/t5_22cerq/5nswjpyy44551_Ally.png", "icon_width": 2048, "id": "award_69c94eb4-d6a3-48e7-9cf2-0f39fed8b87c", "is_enabled": true, "is_new": false, "name": "Ally", "penny_donate": null, "penny_price": 0, "resized_icons": [{"height": 16, "url": "https://preview.redd.it/award_images/t5_22cerq/5nswjpyy44551_Ally.png?width=16&amp;height=16&amp;auto=webp&amp;v=enabled&amp;s=12f18f484af14d4a593c0eeca2ddf0104fcafbea", "width": 16}, {"height": 32, "url": "https://preview.redd.it/award_images/t5_22cerq/5nswjpyy44551_Ally.png?width=32&amp;height=32&amp;auto=webp&amp;v=enabled&amp;s=a86cd430c009186819c61a9f12cc6010529da93a", "width": 32}, {"height": 48, "url": "https://preview.redd.it/award_images/t5_22cerq/5nswjpyy44551_Ally.png?width=48&amp;height=48&amp;auto=webp&amp;v=enabled&amp;s=5acf096034215626ed92aba3219a3e02a5270013", "width": 48}, {"height": 64, "url": "https://preview.redd.it/award_images/t5_22cerq/5nswjpyy44551_Ally.png?width=64&amp;height=64&amp;auto=webp&amp;v=enabled&amp;s=8ae29304ad7bd8f005a2a6baf2268dc4e721f59a", "width": 64}, {"height": 128, "url": "https://preview.redd.it/award_images/t5_22cerq/5nswjpyy44551_Ally.png?width=128&amp;height=128&amp;auto=webp&amp;v=enabled&amp;s=d258ce2dd4a244a34f9a37bcf05ecc0a7dbd9e8f", "width": 128}], "resized_static_icons": [{"height": 16, "url": "https://preview.redd.it/award_images/t5_22cerq/5nswjpyy44551_Ally.png?width=16&amp;height=16&amp;auto=webp&amp;v=enabled&amp;s=12f18f484af14d4a593c0eeca2ddf0104fcafbea", "width": 16}, {"height": 32, "url": "https://preview.redd.it/award_images/t5_22cerq/5nswjpyy44551_Ally.png?width=32&amp;height=32&amp;auto=webp&amp;v=enabled&amp;s=a86cd430c009186819c61a9f12cc6010529da93a", "width": 32}, {"height": 48, "url": "https://preview.redd.it/award_images/t5_22cerq/5nswjpyy44551_Ally.png?width=48&amp;height=48&amp;auto=webp&amp;v=enabled&amp;s=5acf096034215626ed92aba3219a3e02a5270013", "width": 48}, {"height": 64, "url": "https://preview.redd.it/award_images/t5_22cerq/5nswjpyy44551_Ally.png?width=64&amp;height=64&amp;auto=webp&amp;v=enabled&amp;s=8ae29304ad7bd8f005a2a6baf2268dc4e721f59a", "width": 64}, {"height": 128, "url": "https://preview.redd.it/award_images/t5_22cerq/5nswjpyy44551_Ally.png?width=128&amp;height=128&amp;auto=webp&amp;v=enabled&amp;s=d258ce2dd4a244a34f9a37bcf05ecc0a7dbd9e8f", "width": 128}], "start_date": null, "static_icon_height": 2048, "static_icon_url": "https://i.redd.it/award_images/t5_22cerq/5nswjpyy44551_Ally.png", "static_icon_width": 2048, "sticky_duration_seconds": null, "subreddit_coin_reward": 0, "subreddit_id": null, "tiers_by_required_awardings": null}], "allow_live_comments": true, "approved_at_utc": null, "approved_by": null, "archived": false, "author": "ApeDaveApeDave", "author_flair_background_color": null, "author_flair_css_class": null, "author_flair_richtext": [], "author_flair_template_id": null, "author_flair_text": null, "author_flair_text_color": null, "author_flair_type": "text", "author_fullname": "t2_rmv4c93h", "author_is_blocked": false, "author_patreon_flair": false, "author_premium": false, "awarders": [], "banned_at_utc": null, "banned_by": null, "can_gild": true, "can_mod_post": false, "category": null, "clicked": false, "content_categories": null, "contest_mode": false, "created": 1676052755.0, "created_utc": 1676052755.0, "discussion_type": null, "distinguished": null, "domain": "i.redd.it", "downs": 0, "edited": false, "gilded": 0, "gildings": {}, "hidden": false, "hide_score": false, "id": "10yyp0u", "is_created_from_ads_ui": false, "is_crosspostable": true, "is_meta": false, "is_original_content": false, "is_reddit_media_domain": true, "is_robot_indexable": true, "is_self": false, "is_video": false, "likes": null, "link_flair_background_color": "#46d160", "link_flair_css_class": "", "link_flair_richtext": [], "link_flair_template_id": "4fe0d610-d6d3-11ec-9f0b-02abe9284534", "link_flair_text": "\ud83e\udd14 Speculation / Opinion", "link_flair_text_color": "dark", "link_flair_type": "text", "locked": false, "media": null, "media_embed": {}, "media_only": false, "mod_note": null, "mod_reason_by": null, "mod_reason_title": null, "mod_reports": [], "name": "t3_10yyp0u", "no_follow": false, "num_comments": 33, "num_crossposts": 2, "num_reports": null, "over_18": false, "parent_whitelist_status": null, "permalink": "/r/BBBY/comments/10yyp0u/interesting_found_on_twitter_what_are_the_wrinkle/", "pinned": false, "post_hint": "image", "preview": {"enabled": true, "images": [{"id": "WtqfyKg9qmYtODCCFa10x8R6GODTBWXviga11ao1cS8", "resolutions": [{"height": 93, "url": "https://preview.redd.it/4xp90fnc1gha1.jpg?width=108&amp;crop=smart&amp;auto=webp&amp;v=enabled&amp;s=f786fb7e691d9e092d94d1fe8c42b96a49d453ec", "width": 108}, {"height": 187, "url": "https://preview.redd.it/4xp90fnc1gha1.jpg?width=216&amp;crop=smart&amp;auto=webp&amp;v=enabled&amp;s=bb1e61847f39d803a2a49de485739554be2c83f4", "width": 216}, {"height": 278, "url": "https://preview.redd.it/4xp90fnc1gha1.jpg?width=320&amp;crop=smart&amp;auto=webp&amp;v=enabled&amp;s=2c4661dda1830f97b3c597a3dde42c442072c986", "width": 320}, {"height": 556, "url": "https://preview.redd.it/4xp90fnc1gha1.jpg?width=640&amp;crop=smart&amp;auto=webp&amp;v=enabled&amp;s=490424d885d20419458f7601163521884ce40bbd", "width": 640}, {"height": 834, "url": "https://preview.redd.it/4xp90fnc1gha1.jpg?width=960&amp;crop=smart&amp;auto=webp&amp;v=enabled&amp;s=e990b14f75f97963091c1fae6f2081747788af8f", "width": 960}, {"height": 938, "url": "https://preview.redd.it/4xp90fnc1gha1.jpg?width=1080&amp;crop=smart&amp;auto=webp&amp;v=enabled&amp;s=a9d2c154ea8944f2c40ca564c478904592331f58", "width": 1080}], "source": {"height": 978, "url": "https://preview.redd.it/4xp90fnc1gha1.jpg?auto=webp&amp;v=enabled&amp;s=fa4a2efc875306d3d1e97bb6625fb23024e82423", "width": 1125}, "variants": {}}]}, "pwls": null, "quarantine": false, "removal_reason": null, "removed_by": null, "removed_by_category": null, "report_reasons": null, "saved": false, "score": 223, "secure_media": null, "secure_media_embed": {}, "selftext": "", "selftext_html": null, "send_replies": true, "spoiler": false, "stickied": false, "subreddit": "BBBY", "subreddit_id": "t5_3q5hel", "subreddit_name_prefixed": "r/BBBY", "subreddit_subscribers": 55952, "subreddit_type": "public", "suggested_sort": null, "thumbnail": "https://b.thumbs.redditmedia.com/Z46GDMUxnIRXZbWe6ZCQ1v9hh9PbSkeWxJA2o37_KlM.jpg", "thumbnail_height": 121, "thumbnail_width": 140, "title": "Interesting - found on twitter - what are the wrinkle apes thinking?", "top_awarded_type": null, "total_awards_received": 1, "treatment_tags": [], "ups": 223, "upvote_ratio": 0.94, "url": "https://i.redd.it/4xp90fnc1gha1.jpg", "url_overridden_by_dest": "https://i.redd.it/4xp90fnc1gha1.jpg", "user_reports": [], "view_count": null, "visited": false, "whitelist_status": null, "wls": null}], "discussion_type": null, "distinguished": null, "domain": "i.redd.it", "edited": false, "gilded": 0, "gildings": {}, "hidden": false, "hide_score": false, "id": "10yyx2b", "is_created_from_ads_ui": false, "is_crosspostable": true, "is_meta": false, "is_original_content": false, "is_reddit_media_domain": true, "is_robot_indexable": true, "is_self": false, "is_video": false, "link_flair_background_color": "", "link_flair_css_class": null, "link_flair_richtext": [], "link_flair_text": null, "link_flair_text_color": "dark", "link_flair_type": "text", "locked": false, "media": null, "media_embed": {}, "media_only": false, "name": "t3_10yyx2b", "no_follow": false, "num_comments": 0, "num_crossposts": 0, "over_18": false, "parent_whitelist_status": null, "permalink": "/r/ThePPShow/comments/10yyx2b/interesting_found_on_twitter_what_are_the_wrinkle/", "pinned": false, "post_hint": "image", "preview": {"enabled": true, "images": [{"id": "WtqfyKg9qmYtODCCFa10x8R6GODTBWXviga11ao1cS8", "resolutions": [{"height": 93, "url": "https://preview.redd.it/4xp90fnc1gha1.jpg?width=108&amp;crop=smart&amp;auto=webp&amp;v=enabled&amp;s=f786fb7e691d9e092d94d1fe8c42b96a49d453ec", "width": 108}, {"height": 187, "url": "https://preview.redd.it/4xp90fnc1gha1.jpg?width=216&amp;crop=smart&amp;auto=webp&amp;v=enabled&amp;s=bb1e61847f39d803a2a49de485739554be2c83f4", "width": 216}, {"height": 278, "url": "https://preview.redd.it/4xp90fnc1gha1.jpg?width=320&amp;crop=smart&amp;auto=webp&amp;v=enabled&amp;s=2c4661dda1830f97b3c597a3dde42c442072c986", "width": 320}, {"height": 556, "url": "https://preview.redd.it/4xp90fnc1gha1.jpg?width=640&amp;crop=smart&amp;auto=webp&amp;v=enabled&amp;s=490424d885d20419458f7601163521884ce40bbd", "width": 640}, {"height": 834, "url": "https://preview.redd.it/4xp90fnc1gha1.jpg?width=960&amp;crop=smart&amp;auto=webp&amp;v=enabled&amp;s=e990b14f75f97963091c1fae6f2081747788af8f", "width": 960}, {"height": 938, "url": "https://preview.redd.it/4xp90fnc1gha1.jpg?width=1080&amp;crop=smart&amp;auto=webp&amp;v=enabled&amp;s=a9d2c154ea8944f2c40ca564c478904592331f58", "width": 1080}], "source": {"height": 978, "url": "https://preview.redd.it/4xp90fnc1gha1.jpg?auto=webp&amp;v=enabled&amp;s=fa4a2efc875306d3d1e97bb6625fb23024e82423", "width": 1125}, "variants": {}}]}, "pwls": null, "quarantine": false, "removed_by": null, "removed_by_category": null, "retrieved_on": 1678333014, "score": 2, "secure_media": null, "secure_media_embed": {}, "selftext": "", "send_replies": false, "spoiler": false, "stickied": false, "subreddit": "ThePPShow", "subreddit_id": "t5_7q5o7y", "subreddit_name_prefixed": "r/ThePPShow", "subreddit_subscribers": 581, "subreddit_type": "public", "suggested_sort": null, "thumbnail": "https://b.thumbs.redditmedia.com/Z46GDMUxnIRXZbWe6ZCQ1v9hh9PbSkeWxJA2o37_KlM.jpg", "thumbnail_height": 121, "thumbnail_width": 140, "title": "Interesting - found on twitter - what are the wrinkle apes thinking?", "top_awarded_type": null, "total_awards_received": 0, "treatment_tags": [], "upvote_ratio": 1.0, "url": "https://i.redd.it/4xp90fnc1gha1.jpg", "url_overridden_by_dest": "https://i.redd.it/4xp90fnc1gha1.jpg", "view_count": null, "whitelist_status": null, "wls": null}, {"all_awardings": [], "allow_live_comments": false, "archived": false, "author": "dicemetal", "author_created_utc": null, "author_flair_background_color": null, "author_flair_css_class": null, "author_flair_richtext": [], "author_flair_template_id": null, "author_flair_text": null, "author_flair_text_color": null, "author_flair_type": "text", "author_fullname": "t2_oygs8m7t", "author_patreon_flair": false, "author_premium": false, "awarders": [], "banned_by": null, "can_gild": true, "can_mod_post": false, "category": null, "content_categories": null, "contest_mode": false, "created_utc": 1676038371, "discussion_type": null, "distinguished": null, "domain": "i.redd.it", "edited": false, "gilded": 0, "gildings": {}, "hidden": false, "hide_score": false, "id": "10yt04k", "is_created_from_ads_ui": false, "is_crosspostable": true, "is_meta": false, "is_original_content": false, "is_reddit_media_domain": true, "is_robot_indexable": true, "is_self": false, "is_video": false, "link_flair_background_color": "", "link_flair_css_class": null, "link_flair_richtext": [], "link_flair_text": null, "link_flair_text_color": "dark", "link_flair_type": "text", "locked": false, "media": null, "media_embed": {}, "media_only": false, "name": "t3_10yt04k", "no_follow": false, "num_comments": 3, "num_crossposts": 0, "over_18": false, "parent_whitelist_status": null, "permalink": "/r/ThePPShow/comments/10yt04k/when_the_most_zen_voice_of_the_bbby_community/", "pinned": false, "post_hint": "image", "preview": {"enabled": true, "images": [{"id": "2mxZ-MtxbbpLjhmk9uRxgvCmXfvsopePAGIGb--2A48", "resolutions": [{"height": 92, "url": "https://preview.redd.it/w6v9kzzkueha1.jpg?width=108&amp;crop=smart&amp;auto=webp&amp;v=enabled&amp;s=263dc8ba7783a6690c652cdff869cef2fea938ac", "width": 108}, {"height": 185, "url": "https://preview.redd.it/w6v9kzzkueha1.jpg?width=216&amp;crop=smart&amp;auto=webp&amp;v=enabled&amp;s=8030602bae2aafd01d11eecae1a2894303aac053", "width": 216}, {"height": 275, "url": "https://preview.redd.it/w6v9kzzkueha1.jpg?width=320&amp;crop=smart&amp;auto=webp&amp;v=enabled&amp;s=cc95ee1c2f434f35a0e3316ba868d4fcea59e3bf", "width": 320}], "source": {"height": 538, "url": "https://preview.redd.it/w6v9kzzkueha1.jpg?auto=webp&amp;v=enabled&amp;s=b20bd17a3b5379106f101d72902ccb3f71561b64", "width": 626}, "variants": {}}]}, "pwls": null, "quarantine": false, "removed_by": null, "removed_by_category": null, "retrieved_on": 1678333268, "score": 13, "secure_media": null, "secure_media_embed": {}, "selftext": "", "send_replies": true, "spoiler": false, "stickied": false, "subreddit": "ThePPShow", "subreddit_id": "t5_7q5o7y", "subreddit_name_prefixed": "r/ThePPShow", "subreddit_subscribers": 581, "subreddit_type": "public", "suggested_sort": null, "thumbnail": "https://b.thumbs.redditmedia.com/I3PaNJSygJp_EWVpS6hMFUYJ3_ij4cdoaDOhvd_cjPo.jpg", "thumbnail_height": 120, "thumbnail_width": 140, "title": "When the most zen voice of the BBBY community calls into the show\u270c", "top_awarded_type": null, "total_awards_received": 0, "treatment_tags": [], "upvote_ratio": 0.94, "url": "https://i.redd.it/w6v9kzzkueha1.jpg", "url_overridden_by_dest": "https://i.redd.it/w6v9kzzkueha1.jpg", "view_count": null, "whitelist_status": null, "wls": null}, {"all_awardings": [], "allow_live_comments": false, "archived": false, "author": "Shipporno", "author_created_utc": 1349987042, "author_flair_background_color": null, "author_flair_css_class": null, "author_flair_richtext": [], "author_flair_template_id": null, "author_flair_text": null, "author_flair_text_color": null, "author_flair_type": "text", "author_fullname": "t2_99xby", "author_patreon_flair": false, "author_premium": true, "awarders": [], "banned_by": null, "can_gild": true, "can_mod_post": false, "category": null, "content_categories": null, "contest_mode": false, "created_utc": 1676028988, "discussion_type": null, "distinguished": null, "domain": "i.redd.it", "edited": false, "gilded": 0, "gildings": {}, "hidden": false, "hide_score": false, "id": "10ypsjw", "is_created_from_ads_ui": false, "is_crosspostable": true, "is_meta": false, "is_original_content": false, "is_reddit_media_domain": true, "is_robot_indexable": true, "is_self": false, "is_video": false, "link_flair_background_color": "", "link_flair_css_class": null, "link_flair_richtext": [], "link_flair_text": null, "link_flair_text_color": "dark", "link_flair_type": "text", "locked": false, "media": null, "media_embed": {}, "media_only": false, "name": "t3_10ypsjw", "no_follow": false, "num_comments": 11, "num_crossposts": 0, "over_18": false, "parent_whitelist_status": null, "permalink": "/r/ThePPShow/comments/10ypsjw/would_you_wear_this/", "pinned": false, "post_hint": "image", "preview": {"enabled": true, "images": [{"id": "7AdmGhRBUawQdxYWlTQgrs8_KtIUUnwR0gkFS6OYfR0", "resolutions": [{"height": 115, "url": "https://preview.redd.it/aqhsxhzhkcha1.png?width=108&amp;crop=smart&amp;auto=webp&amp;v=enabled&amp;s=1d2d4055d3e0a0dfdc75e2b79691774644d6fcbb", "width": 108}, {"height": 231, "url": "https://preview.redd.it/aqhsxhzhkcha1.png?width=216&amp;crop=smart&amp;auto=webp&amp;v=enabled&amp;s=da78b7284995daf29cfb5df95741d87489d8f74c", "width": 216}, {"height": 342, "url": "https://preview.redd.it/aqhsxhzhkcha1.png?width=320&amp;crop=smart&amp;auto=webp&amp;v=enabled&amp;s=785b0ebeb194b2552441a2455971950b7423e6a0", "width": 320}, {"height": 685, "url": "https://preview.redd.it/aqhsxhzhkcha1.png?width=640&amp;crop=smart&amp;auto=webp&amp;v=enabled&amp;s=19d1800f092f863412e9a4288ba69d1f773d6acd", "width": 640}, {"height": 1027, "url": "https://preview.redd.it/aqhsxhzhkcha1.png?width=960&amp;crop=smart&amp;auto=webp&amp;v=enabled&amp;s=469d3c4048fb48b6ff8db452f3e3d7a47034ddb2", "width": 960}, {"height": 1156, "url": "https://preview.redd.it/aqhsxhzhkcha1.png?width=1080&amp;crop=smart&amp;auto=webp&amp;v=enabled&amp;s=f0ff8bdc0fd86f21e70a3eda053b5b13fb8b0975", "width": 1080}], "source": {"height": 1156, "url": "https://preview.redd.it/aqhsxhzhkcha1.png?auto=webp&amp;v=enabled&amp;s=2303626c8983ef75aa1996d3c0e1aa2f4d157fbc", "width": 1080}, "variants": {}}]}, "pwls": null, "quarantine": false, "removed_by": null, "removed_by_category": null, "retrieved_on": 1678333397, "score": 16, "secure_media": null, "secure_media_embed": {}, "selftext": "", "send_replies": true, "spoiler": false, "stickied": false, "subreddit": "ThePPShow", "subreddit_id": "t5_7q5o7y", "subreddit_name_prefixed": "r/ThePPShow", "subreddit_subscribers": 581, "subreddit_type": "public", "suggested_sort": null, "thumbnail": "https://b.thumbs.redditmedia.com/rroeRimPnM0jMbR062ibrNXyQ8R9lXpjLf_IX_fiRoM.jpg", "thumbnail_height": 140, "thumbnail_width": 140, "title": "Would you wear this?", "top_awarded_type": null, "total_awards_received": 0, "treatment_tags": [], "upvote_ratio": 0.94, "url": "https://i.redd.it/aqhsxhzhkcha1.png", "url_overridden_by_dest": "https://i.redd.it/aqhsxhzhkcha1.png", "view_count": null, "whitelist_status": null, "wls": null}, {"all_awardings": [], "allow_live_comments": false, "archived": false, "author": "ppseeds", "author_created_utc": 1518222553, "author_flair_background_color": null, "author_flair_css_class": null, "author_flair_richtext": [], "author_flair_template_id": null, "author_flair_text": null, "author_flair_text_color": null, "author_flair_type": "text", "author_fullname": "t2_w7v9rg0", "author_patreon_flair": false, "author_premium": true, "awarders": [], "banned_by": null, "can_gild": true, "can_mod_post": false, "category": null, "content_categories": null, "contest_mode": false, "created_utc": 1676017185, "discussion_type": null, "distinguished": "moderator", "domain": "i.redd.it", "edited": false, "gilded": 0, "gildings": {}, "hidden": false, "hide_score": false, "id": "10ykfq9", "is_created_from_ads_ui": false, "is_crosspostable": true, "is_meta": false, "is_original_content": false, "is_reddit_media_domain": true, "is_robot_indexable": true, "is_self": false, "is_video": false, "link_flair_background_color": "#ffd635", "link_flair_css_class": "", "link_flair_richtext": [], "link_flair_template_id": "b479f938-a5ec-11ed-8dc6-06e6317e03d0", "link_flair_text": "memes", "link_flair_text_color": "dark", "link_flair_type": "text", "locked": false, "media": null, "media_embed": {}, "media_only": false, "name": "t3_10ykfq9", "no_follow": false, "num_comments": 12, "num_crossposts": 0, "over_18": false, "parent_whitelist_status": null, "permalink": "/r/ThePPShow/comments/10ykfq9/abc_and_cc_holding_down_ppshow_while_pp_is_gone/", "pinned": false, "post_hint": "image", "preview": {"enabled": true, "images": [{"id": "wtvpMt2YfmTHAU53nu2R6KjyzT5VahAcHceFz2OAXKM", "resolutions": [{"height": 64, "url": "https://preview.redd.it/vl1h4g8l3dha1.jpg?width=108&amp;crop=smart&amp;auto=webp&amp;v=enabled&amp;s=008d71e7666d98d50df4ea86938d4a1360a55b84", "width": 108}, {"height": 128, "url": "https://preview.redd.it/vl1h4g8l3dha1.jpg?width=216&amp;crop=smart&amp;auto=webp&amp;v=enabled&amp;s=f53d11537bcab84b901d1a887c0365b57130c32b", "width": 216}, {"height": 190, "url": "https://preview.redd.it/vl1h4g8l3dha1.jpg?width=320&amp;crop=smart&amp;auto=webp&amp;v=enabled&amp;s=077443c0f12594608137fe32ee8bdb8643a8f45b", "width": 320}], "source": {"height": 246, "url": "https://preview.redd.it/vl1h4g8l3dha1.jpg?auto=webp&amp;v=enabled&amp;s=fe2bb06f1a279e05b5a921f51aba68fac1e5a2ff", "width": 414}, "variants": {}}]}, "pwls": null, "quarantine": false, "removed_by": null, "removed_by_category": null, "retrieved_on": 1678333553, "score": 20, "secure_media": null, "secure_media_embed": {}, "selftext": "", "send_replies": true, "spoiler": false, "stickied": false, "subreddit": "ThePPShow", "subreddit_id": "t5_7q5o7y", "subreddit_name_prefixed": "r/ThePPShow", "subreddit_subscribers": 581, "subreddit_type": "public", "suggested_sort": null, "thumbnail": "https://b.thumbs.redditmedia.com/QWB9-HiKuXaMPibcpzberdfhy5kkrAgI9hEx7v58vjo.jpg", "thumbnail_height": 83, "thumbnail_width": 140, "title": "ABC and CC holding down ppshow while pp is gone", "top_awarded_type": null, "total_awards_received": 0, "treatment_tags": [], "upvote_ratio": 1.0, "url": "https://i.redd.it/vl1h4g8l3dha1.jpg", "url_overridden_by_dest": "https://i.redd.it/vl1h4g8l3dha1.jpg", "view_count": null, "whitelist_status": null, "wls": null}, {"all_awardings": [], "allow_live_comments": false, "archived": false, "author": "dicemetal", "author_created_utc": null, "author_flair_background_color": null, "author_flair_css_class": null, "author_flair_richtext": [], "author_flair_template_id": null, "author_flair_text": null, "author_flair_text_color": null, "author_flair_type": "text", "author_fullname": "t2_oygs8m7t", "author_patreon_flair": false, "author_premium": false, "awarders": [], "banned_by": null, "can_gild": true, "can_mod_post": false, "category": null, "content_categories": null, "contest_mode": false, "created_utc": 1676017111, "discussion_type": null, "distinguished": null, "domain": "i.redd.it", "edited": false, "gilded": 0, "gildings": {}, "hidden": false, "hide_score": false, "id": "10ykeet", "is_created_from_ads_ui": false, "is_crosspostable": true, "is_meta": false, "is_original_content": false, "is_reddit_media_domain": true, "is_robot_indexable": true, "is_self": false, "is_video": false, "link_flair_background_color": "", "link_flair_css_class": null, "link_flair_richtext": [], "link_flair_text": null, "link_flair_text_color": "dark", "link_flair_type": "text", "locked": false, "media": null, "media_embed": {}, "media_only": false, "name": "t3_10ykeet", "no_follow": false, "num_comments": 0, "num_crossposts": 0, "over_18": false, "parent_whitelist_status": null, "permalink": "/r/ThePPShow/comments/10ykeet/just_glad_you_found_us_abc/", "pinned": false, "post_hint": "image", "preview": {"enabled": true, "images": [{"id": "mSCA0sOZKvxHjfOT2mm9xRV677gdxNbDqIlCq2vYGmc", "resolutions": [{"height": 108, "url": "https://preview.redd.it/pl52588d3dha1.jpg?width=108&amp;crop=smart&amp;auto=webp&amp;v=enabled&amp;s=004e2a69c124251a2fdb0edef8db947d929f5af0", "width": 108}, {"height": 216, "url": "https://preview.redd.it/pl52588d3dha1.jpg?width=216&amp;crop=smart&amp;auto=webp&amp;v=enabled&amp;s=de61784f8b1781e736a9e470e7700e41e9a96ccc", "width": 216}, {"height": 320, "url": "https://preview.redd.it/pl52588d3dha1.jpg?width=320&amp;crop=smart&amp;auto=webp&amp;v=enabled&amp;s=8dc331bdce83cb4c5e6c04c11487725c5a6c6525", "width": 320}, {"height": 640, "url": "https://preview.redd.it/pl52588d3dha1.jpg?width=640&amp;crop=smart&amp;auto=webp&amp;v=enabled&amp;s=8e0d2be591f77f425c820ab15942cb3e5b281085", "width": 640}], "source": {"height": 900, "url": "https://preview.redd.it/pl52588d3dha1.jpg?auto=webp&amp;v=enabled&amp;s=04373a2c05f120835d1c1ae36c47ebca3bf77c2e", "width": 900}, "variants": {}}]}, "pwls": null, "quarantine": false, "removed_by": null, "removed_by_category": null, "retrieved_on": 1678333554, "score": 10, "secure_media": null, "secure_media_embed": {}, "selftext": "", "send_replies": true, "spoiler": false, "stickied": false, "subreddit": "ThePPShow", "subreddit_id": "t5_7q5o7y", "subreddit_name_prefixed": "r/ThePPShow", "subreddit_subscribers": 581, "subreddit_type": "public", "suggested_sort": null, "thumbnail": "https://b.thumbs.redditmedia.com/1_I7w_GMEVDBgL8aKfgo26w_ma4SKtyZ9gp8AJGhL0w.jpg", "thumbnail_height": 140, "thumbnail_width": 140, "title": "Just glad you found us, ABC! \ud83c\udfa2", "top_awarded_type": null, "total_awards_received": 0, "treatment_tags": [], "upvote_ratio": 0.92, "url": "https://i.redd.it/pl52588d3dha1.jpg", "url_overridden_by_dest": "https://i.redd.it/pl52588d3dha1.jpg", "view_count": null, "whitelist_status": null, "wls": null}, {"all_awardings": [], "allow_live_comments": false, "archived": false, "author": "dicemetal", "author_created_utc": null, "author_flair_background_color": null, "author_flair_css_class": null, "author_flair_richtext": [], "author_flair_template_id": null, "author_flair_text": null, "author_flair_text_color": null, "author_flair_type": "text", "author_fullname": "t2_oygs8m7t", "author_patreon_flair": false, "author_premium": false, "awarders": [], "banned_by": null, "can_gild": true, "can_mod_post": false, "category": null, "content_categories": null, "contest_mode": false, "created_utc": 1676016822, "discussion_type": null, "distinguished": null, "domain": "i.redd.it", "edited": false, "gilded": 0, "gildings": {}, "hidden": false, "hide_score": false, "id": "10yk8yr", "is_created_from_ads_ui": false, "is_crosspostable": true, "is_meta": false, "is_original_content": false, "is_reddit_media_domain": true, "is_robot_indexable": true, "is_self": false, "is_video": false, "link_flair_background_color": "", "link_flair_css_class": null, "link_flair_richtext": [], "link_flair_text": null, "link_flair_text_color": "dark", "link_flair_type": "text", "locked": false, "media": null, "media_embed": {}, "media_only": false, "name": "t3_10yk8yr", "no_follow": false, "num_comments": 2, "num_crossposts": 0, "over_18": false, "parent_whitelist_status": null, "permalink": "/r/ThePPShow/comments/10yk8yr/reason_42069_for_moass_to_buy_my_kiwi_friend_a/", "pinned": false, "post_hint": "image", "preview": {"enabled": true, "images": [{"id": "i3Azbuykmjzj1opu1K6oKNC_3FT5WFQ59lTdbaGBPvU", "resolutions": [{"height": 108, "url": "https://preview.redd.it/chbfy1ci2dha1.jpg?width=108&amp;crop=smart&amp;auto=webp&amp;v=enabled&amp;s=34a4129cccc5b2556332d2aee35f4343dc5159ce", "width": 108}, {"height": 216, "url": "https://preview.redd.it/chbfy1ci2dha1.jpg?width=216&amp;crop=smart&amp;auto=webp&amp;v=enabled&amp;s=64ae5dd5d8e4fe38f47825e3dc67cd18778c5b7c", "width": 216}, {"height": 320, "url": "https://preview.redd.it/chbfy1ci2dha1.jpg?width=320&amp;crop=smart&amp;auto=webp&amp;v=enabled&amp;s=5d549ac8f8cfa6e8626684b754b39b50945c8cd4", "width": 320}], "source": {"height": 540, "url": "https://preview.redd.it/chbfy1ci2dha1.jpg?auto=webp&amp;v=enabled&amp;s=4a44ae6cdb03fceda0338cfb167d6d313b582f8e", "width": 540}, "variants": {}}]}, "pwls": null, "quarantine": false, "removed_by": null, "removed_by_category": null, "retrieved_on": 1678333558, "score": 10, "secure_media": null, "secure_media_embed": {}, "selftext": "", "send_replies": true, "spoiler": false, "stickied": false, "subreddit": "ThePPShow", "subreddit_id": "t5_7q5o7y", "subreddit_name_prefixed": "r/ThePPShow", "subreddit_subscribers": 581, "subreddit_type": "public", "suggested_sort": null, "thumbnail": "https://b.thumbs.redditmedia.com/LQwCnZ-e97WsfgW7lHaU9EctsnG0rPewPJITiA5l46g.jpg", "thumbnail_height": 140, "thumbnail_width": 140, "title": "Reason #42069 for MOASS: To buy my Kiwi friend a Beer! \ud83c\uddf3\ud83c\uddff", "top_awarded_type": null, "total_awards_received": 0, "treatment_tags": [], "upvote_ratio": 1.0, "url": "https://i.redd.it/chbfy1ci2dha1.jpg", "url_overridden_by_dest": "https://i.redd.it/chbfy1ci2dha1.jpg", "view_count": null, "whitelist_status": null, "wls": null}, {"all_awardings": [], "allow_live_comments": false, "archived": false, "author": "[deleted]", "author_created_utc": null, "author_flair_background_color": "", "author_flair_css_class": null, "author_flair_template_id": null, "author_flair_text": null, "author_flair_text_color": "dark", "awarders": [], "banned_by": null, "can_gild": false, "can_mod_post": false, "category": null, "content_categories": null, "contest_mode": false, "created_utc": 1676013842, "discussion_type": null, "distinguished": null, "domain": "", "edited": false, "gilded": 0, "gildings": {}, "hidden": false, "hide_score": false, "id": "10yj5fm", "is_created_from_ads_ui": false, "is_crosspostable": false, "is_meta": false, "is_original_content": false, "is_reddit_media_domain": true, "is_robot_indexable": false, "is_self": false, "is_video": false, "link_flair_background_color": "", "link_flair_css_class": null, "link_flair_richtext": [], "link_flair_text": null, "link_flair_text_color": "dark", "link_flair_type": "text", "locked": false, "media": null, "media_embed": {}, "media_only": false, "name": "t3_10yj5fm", "no_follow": false, "num_comments": 1, "num_crossposts": 0, "over_18": false, "parent_whitelist_status": null, "permalink": "/r/ThePPShow/comments/10yj5fm/reddit_removed_all_my_socials_no_way_to_re_add/", "pinned": false, "pwls": null, "quarantine": false, "removed_by": null, "removed_by_category": "deleted", "retrieved_on": 1678333596, "score": 1, "secure_media": null, "secure_media_embed": {}, "selftext": "[deleted]", "send_replies": true, "spoiler": false, "stickied": false, "subreddit": "ThePPShow", "subreddit_id": "t5_7q5o7y", "subreddit_name_prefixed": "r/ThePPShow", "subreddit_subscribers": 581, "subreddit_type": "public", "suggested_sort": null, "thumbnail": "default", "thumbnail_height": 136, "thumbnail_width": 140, "title": "Reddit removed all my socials no way to re add gives me error never seen this before?", "top_awarded_type": null, "total_awards_received": 0, "treatment_tags": [], "upvote_ratio": 1.0, "url": "", "url_overridden_by_dest": "", "view_count": null, "whitelist_status": null, "wls": null}, {"all_awardings": [], "allow_live_comments": false, "archived": false, "author": "[deleted]", "author_created_utc": null, "author_flair_background_color": "", "author_flair_css_class": null, "author_flair_template_id": null, "author_flair_text": null, "author_flair_text_color": "dark", "awarders": [], "banned_by": null, "can_gild": false, "can_mod_post": false, "category": null, "content_categories": null, "contest_mode": false, "created_utc": 1675998997, "discussion_type": null, "distinguished": null, "domain": "", "edited": false, "gilded": 0, "gildings": {}, "hidden": false, "hide_score": false, "id": "10yet20", "is_created_from_ads_ui": false, "is_crosspostable": false, "is_meta": false, "is_original_content": false, "is_reddit_media_domain": true, "is_robot_indexable": false, "is_self": false, "is_video": true, "link_flair_background_color": "#ffd635", "link_flair_css_class": "", "link_flair_richtext": [], "link_flair_template_id": "bef22e6a-8f0a-11ed-affa-76ea4a8b63bf", "link_flair_text": "Memes", "link_flair_text_color": "dark", "link_flair_type": "text", "locked": false, "media": {"reddit_video": {"bitrate_kbps": 4800, "dash_url": "https://v.redd.it/ms00yidt3aha1/DASHPlaylist.mpd?a=1680925784%2CNzE3Zjc3YTI3NjVhMWRmYzNhNGVhMTVhOTI0ZTEwZjJlOWE4OTA3ZmZhZDBlYWM0ZDgwYTllOGVlMmY1ZTA1ZQ%3D%3D&amp;v=1&amp;f=sd", "duration": 84, "fallback_url": "https://v.redd.it/ms00yidt3aha1/DASH_1080.mp4?source=fallback", "height": 1080, "hls_url": "https://v.redd.it/ms00yidt3aha1/HLSPlaylist.m3u8?a=1680925784%2CNDdhNGNjMmM5MTU4MTdhODYzMWMyN2Y4MjU4ZDZiOGUyMTQ3ZGQ0MjUyMGYwODIzYmI2NDJkYjU3MTA2YjJkYg%3D%3D&amp;v=1&amp;f=sd", "is_gif": false, "scrubber_media_url": "https://v.redd.it/ms00yidt3aha1/DASH_96.mp4", "transcoding_status": "completed", "width": 1920}}, "media_embed": {}, "media_only": false, "name": "t3_10yet20", "no_follow": false, "num_comments": 7, "num_crossposts": 0, "over_18": false, "parent_whitelist_status": null, "permalink": "/r/ThePPShow/comments/10yet20/would_ya_look_at_that_step_aside_marantz_this/", "pinned": false, "pwls": null, "quarantine": false, "removed_by": null, "removed_by_category": "deleted", "retrieved_on": 1678333785, "score": 6, "secure_media": {"reddit_video": {"bitrate_kbps": 4800, "dash_url": "https://v.redd.it/ms00yidt3aha1/DASHPlaylist.mpd?a=1680925784%2CNzE3Zjc3YTI3NjVhMWRmYzNhNGVhMTVhOTI0ZTEwZjJlOWE4OTA3ZmZhZDBlYWM0ZDgwYTllOGVlMmY1ZTA1ZQ%3D%3D&amp;v=1&amp;f=sd", "duration": 84, "fallback_url": "https://v.redd.it/ms00yidt3aha1/DASH_1080.mp4?source=fallback", "height": 1080, "hls_url": "https://v.redd.it/ms00yidt3aha1/HLSPlaylist.m3u8?a=1680925784%2CNDdhNGNjMmM5MTU4MTdhODYzMWMyN2Y4MjU4ZDZiOGUyMTQ3ZGQ0MjUyMGYwODIzYmI2NDJkYjU3MTA2YjJkYg%3D%3D&amp;v=1&amp;f=sd", "is_gif": false, "scrubber_media_url": "https://v.redd.it/ms00yidt3aha1/DASH_96.mp4", "transcoding_status": "completed", "width": 1920}}, "secure_media_embed": {}, "selftext": "[deleted]", "send_replies": true, "spoiler": false, "stickied": false, "subreddit": "ThePPShow", "subreddit_id": "t5_7q5o7y", "subreddit_name_prefixed": "r/ThePPShow", "subreddit_subscribers": 581, "subreddit_type": "public", "suggested_sort": null, "thumbnail": "default", "thumbnail_height": 78, "thumbnail_width": 140, "title": "Would ya look at that!!!! Step aside marantz this play is for the big boys", "top_awarded_type": null, "total_awards_received": 0, "treatment_tags": [], "upvote_ratio": 0.81, "url": "", "url_overridden_by_dest": "", "view_count": null, "whitelist_status": null, "wls": null}, {"all_awardings": [], "allow_live_comments": false, "archived": false, "author": "[deleted]", "author_created_utc": null, "author_flair_background_color": "", "author_flair_css_class": null, "author_flair_template_id": null, "author_flair_text": null, "author_flair_text_color": "dark", "awarders": [], "banned_by": null, "can_gild": false, "can_mod_post": false, "category": null, "content_categories": null, "contest_mode": false, "created_utc": 1675996744, "discussion_type": null, "distinguished": null, "domain": "", "edited": false, "gilded": 0, "gildings": {}, "hidden": false, "hide_score": false, "id": "10ye1dv", "is_created_from_ads_ui": false, "is_crosspostable": false, "is_meta": false, "is_original_content": false, "is_reddit_media_domain": true, "is_robot_indexable": false, "is_self": false, "is_video": false, "link_flair_background_color": "#ffd635", "link_flair_css_class": "", "link_flair_richtext": [], "link_flair_template_id": "b389bcaa-8f0a-11ed-9b6e-1e9f599434b1", "link_flair_text": "Stream announcement ", "link_flair_text_color": "dark", "link_flair_type": "text", "locked": false, "media": null, "media_embed": {}, "media_only": false, "name": "t3_10ye1dv", "no_follow": false, "num_comments": 4, "num_crossposts": 0, "over_18": false, "parent_whitelist_status": null, "permalink": "/r/ThePPShow/comments/10ye1dv/hehehe/", "pinned": false, "pwls": null, "quarantine": false, "removed_by": null, "removed_by_category": "deleted", "retrieved_on": 1678333819, "score": 16, "secure_media": null, "secure_media_embed": {}, "selftext": "[deleted]", "send_replies": true, "spoiler": false, "stickied": false, "subreddit": "ThePPShow", "subreddit_id": "t5_7q5o7y", "subreddit_name_prefixed": "r/ThePPShow", "subreddit_subscribers": 581, "subreddit_type": "public", "suggested_sort": null, "thumbnail": "default", "thumbnail_height": 99, "thumbnail_width": 140, "title": "Hehehe \ud83d\udc40", "top_awarded_type": null, "total_awards_received": 0, "treatment_tags": [], "upvote_ratio": 0.87, "url": "", "url_overridden_by_dest": "", "view_count": null, "whitelist_status": null, "wls": null}, {"all_awardings": [], "allow_live_comments": false, "archived": false, "author": "[deleted]", "author_created_utc": null, "author_flair_background_color": "", "author_flair_css_class": null, "author_flair_template_id": null, "author_flair_text": null, "author_flair_text_color": "dark", "awarders": [], "banned_by": null, "can_gild": false, "can_mod_post": false, "category": null, "content_categories": null, "contest_mode": false, "created_utc": 1675996577, "discussion_type": null, "distinguished": null, "domain": "", "edited": false, "gilded": 0, "gildings": {}, "hidden": false, "hide_score": false, "id": "10ydzd9", "is_created_from_ads_ui": false, "is_crosspostable": false, "is_meta": false, "is_original_content": false, "is_reddit_media_domain": true, "is_robot_indexable": false, "is_self": false, "is_video": false, "link_flair_background_color": "", "link_flair_css_class": null, "link_flair_richtext": [], "link_flair_text": null, "link_flair_text_color": "dark", "link_flair_type": "text", "locked": false, "media": null, "media_embed": {}, "media_only": false, "name": "t3_10ydzd9", "no_follow": false, "num_comments": 0, "num_crossposts": 0, "over_18": false, "parent_whitelist_status": null, "permalink": "/r/ThePPShow/comments/10ydzd9/glad_to_have_you_aboard_abc/", "pinned": false, "pwls": null, "quarantine": false, "removed_by": null, "removed_by_category": "deleted", "retrieved_on": 1678333821, "score": 1, "secure_media": null, "secure_media_embed": {}, "selftext": "[deleted]", "send_replies": true, "spoiler": false, "stickied": false, "subreddit": "ThePPShow", "subreddit_id": "t5_7q5o7y", "subreddit_name_prefixed": "r/ThePPShow", "subreddit_subscribers": 581, "subreddit_type": "public", "suggested_sort": null, "thumbnail": "default", "thumbnail_height": 140, "thumbnail_width": 140, "title": "Glad to have you aboard, ABC! \ud83c\udfa2", "top_awarded_type": null, "total_awards_received": 0, "treatment_tags": [], "upvote_ratio": 1.0, "url": "", "url_overridden_by_dest": "", "view_count": null, "whitelist_status": null, "wls": null}, {"all_awardings": [], "allow_live_comments": false, "archived": false, "author": "dicemetal", "author_created_utc": null, "author_flair_background_color": null, "author_flair_css_class": null, "author_flair_richtext": [], "author_flair_template_id": null, "author_flair_text": null, "author_flair_text_color": null, "author_flair_type": "text", "author_fullname": "t2_oygs8m7t", "author_patreon_flair": false, "author_premium": false, "awarders": [], "banned_by": null, "can_gild": true, "can_mod_post": false, "category": null, "content_categories": null, "contest_mode": false, "created_utc": 1675996101, "discussion_type": null, "distinguished": null, "domain": "i.redd.it", "edited": false, "gilded": 0, "gildings": {}, "hidden": false, "hide_score": false, "id": "10ydt0i", "is_created_from_ads_ui": false, "is_crosspostable": true, "is_meta": false, "is_original_content": false, "is_reddit_media_domain": true, "is_robot_indexable": true, "is_self": false, "is_video": false, "link_flair_background_color": "", "link_flair_css_class": null, "link_flair_richtext": [], "link_flair_text": null, "link_flair_text_color": "dark", "link_flair_type": "text", "locked": false, "media": null, "media_embed": {}, "media_only": false, "name": "t3_10ydt0i", "no_follow": false, "num_comments": 0, "num_crossposts": 0, "over_18": false, "parent_whitelist_status": null, "permalink": "/r/ThePPShow/comments/10ydt0i/agent_pp_your_mission_should_you_chose_to_accept/", "pinned": false, "post_hint": "image", "preview": {"enabled": true, "images": [{"id": "hfzBRVmc_UA9eAHVt65OXDBacP88nk--iILqCACooIw", "resolutions": [{"height": 66, "url": "https://preview.redd.it/t1uvcf7wcbha1.jpg?width=108&amp;crop=smart&amp;auto=webp&amp;v=enabled&amp;s=0a62f9841238e927209c7365ade9046b173ab7e9", "width": 108}, {"height": 132, "url": "https://preview.redd.it/t1uvcf7wcbha1.jpg?width=216&amp;crop=smart&amp;auto=webp&amp;v=enabled&amp;s=c0ee1950a7da058f1384b9ddc1a0d38c7c1c3de9", "width": 216}, {"height": 195, "url": "https://preview.redd.it/t1uvcf7wcbha1.jpg?width=320&amp;crop=smart&amp;auto=webp&amp;v=enabled&amp;s=6bf01bb1a5157fba8c65730880e3c9a0640fa283", "width": 320}, {"height": 391, "url": "https://preview.redd.it/t1uvcf7wcbha1.jpg?width=640&amp;crop=smart&amp;auto=webp&amp;v=enabled&amp;s=3602f17b4c5098b7858e1b94f384b130e5940b7e", "width": 640}], "source": {"height": 550, "url": "https://preview.redd.it/t1uvcf7wcbha1.jpg?auto=webp&amp;v=enabled&amp;s=27fedee328f22a31643ab78687be0ee458d4d641", "width": 900}, "variants": {}}]}, "pwls": null, "quarantine": false, "removed_by": null, "removed_by_category": null, "retrieved_on": 1678333829, "score": 7, "secure_media": null, "secure_media_embed": {}, "selftext": "", "send_replies": true, "spoiler": false, "stickied": false, "subreddit": "ThePPShow", "subreddit_id": "t5_7q5o7y", "subreddit_name_prefixed": "r/ThePPShow", "subreddit_subscribers": 581, "subreddit_type": "public", "suggested_sort": null, "thumbnail": "https://a.thumbs.redditmedia.com/vJPx-27Cjg9m4dEcCIDMpc7ypYzXhEpNztpi39xK6O8.jpg", "thumbnail_height": 85, "thumbnail_width": 140, "title": "Agent PP, your mission should you chose to accept it... \ud83d\ude80", "top_awarded_type": null, "total_awards_received": 0, "treatment_tags": [], "upvote_ratio": 0.9, "url": "https://i.redd.it/t1uvcf7wcbha1.jpg", "url_overridden_by_dest": "https://i.redd.it/t1uvcf7wcbha1.jpg", "view_count": null, "whitelist_status": null, "wls": null}, {"all_awardings": [], "allow_live_comments": false, "archived": false, "author": "dicemetal", "author_created_utc": null, "author_flair_background_color": null, "author_flair_css_class": null, "author_flair_richtext": [], "author_flair_template_id": null, "author_flair_text": null, "author_flair_text_color": null, "author_flair_type": "text", "author_fullname": "t2_oygs8m7t", "author_patreon_flair": false, "author_premium": false, "awarders": [], "banned_by": null, "can_gild": true, "can_mod_post": false, "category": null, "content_categories": null, "contest_mode": false, "created_utc": 1675995987, "discussion_type": null, "distinguished": null, "domain": "i.redd.it", "edited": false, "gilded": 0, "gildings": {}, "hidden": false, "hide_score": false, "id": "10ydrjv", "is_created_from_ads_ui": false, "is_crosspostable": true, "is_meta": false, "is_original_content": false, "is_reddit_media_domain": true, "is_robot_indexable": true, "is_self": false, "is_video": false, "link_flair_background_color": "", "link_flair_css_class": null, "link_flair_richtext": [], "link_flair_text": null, "link_flair_text_color": "dark", "link_flair_type": "text", "locked": false, "media": null, "media_embed": {}, "media_only": false, "name": "t3_10ydrjv", "no_follow": false, "num_comments": 0, "num_crossposts": 0, "over_18": false, "parent_whitelist_status": null, "permalink": "/r/ThePPShow/comments/10ydrjv/hodling_like_i_mean_it/", "pinned": false, "post_hint": "image", "preview": {"enabled": true, "images": [{"id": "1Eo4wufBCybgBvrEJMDNDbhPwIrjMnqxWYFmam6l9qo", "resolutions": [{"height": 134, "url": "https://preview.redd.it/qj4rv02kcbha1.jpg?width=108&amp;crop=smart&amp;auto=webp&amp;v=enabled&amp;s=844d8fad1b5eaec08306bc9d300471cc762425e8", "width": 108}, {"height": 268, "url": "https://preview.redd.it/qj4rv02kcbha1.jpg?width=216&amp;crop=smart&amp;auto=webp&amp;v=enabled&amp;s=1cbfe79051425dde21e0f97a942a0279a25b4ef4", "width": 216}, {"height": 398, "url": "https://preview.redd.it/qj4rv02kcbha1.jpg?width=320&amp;crop=smart&amp;auto=webp&amp;v=enabled&amp;s=81d31e46832b328498efc5bd8013560ed129ee16", "width": 320}, {"height": 796, "url": "https://preview.redd.it/qj4rv02kcbha1.jpg?width=640&amp;crop=smart&amp;auto=webp&amp;v=enabled&amp;s=7270956029a47dd796eaf08ca02711080cd61225", "width": 640}], "source": {"height": 900, "url": "https://preview.redd.it/qj4rv02kcbha1.jpg?auto=webp&amp;v=enabled&amp;s=6a9a197fc988d19c42a3601eaa5d9bc1e4f2cc74", "width": 723}, "variants": {}}]}, "pwls": null, "quarantine": false, "removed_by": null, "removed_by_category": null, "retrieved_on": 1678333830, "score": 2, "secure_media": null, "secure_media_embed": {}, "selftext": "", "send_replies": true, "spoiler": false, "stickied": false, "subreddit": "ThePPShow", "subreddit_id": "t5_7q5o7y", "subreddit_name_prefixed": "r/ThePPShow", "subreddit_subscribers": 581, "subreddit_type": "public", "suggested_sort": null, "thumbnail": "https://b.thumbs.redditmedia.com/iHx_B7sQvhfeOo88Gjt3HGyhC0gy4Q093AY0ZvalCDQ.jpg", "thumbnail_height": 140, "thumbnail_width": 140, "title": "Hodling like I mean it \ud83e\udd1d", "top_awarded_type": null, "total_awards_received": 0, "treatment_tags": [], "upvote_ratio": 1.0, "url": "https://i.redd.it/qj4rv02kcbha1.jpg", "url_overridden_by_dest": "https://i.redd.it/qj4rv02kcbha1.jpg", "view_count": null, "whitelist_status": null, "wls": null}, {"all_awardings": [], "allow_live_comments": false, "archived": false, "author": "dicemetal", "author_created_utc": null, "author_flair_background_color": null, "author_flair_css_class": null, "author_flair_richtext": [], "author_flair_template_id": null, "author_flair_text": null, "author_flair_text_color": null, "author_flair_type": "text", "author_fullname": "t2_oygs8m7t", "author_patreon_flair": false, "author_premium": false, "awarders": [], "banned_by": null, "can_gild": true, "can_mod_post": false, "category": null, "content_categories": null, "contest_mode": false, "created_utc": 1675995605, "discussion_type": null, "distinguished": null, "domain": "i.redd.it", "edited": false, "gilded": 0, "gildings": {}, "hidden": false, "hide_score": false, "id": "10ydmmh", "is_created_from_ads_ui": false, "is_crosspostable": true, "is_meta": false, "is_original_content": false, "is_reddit_media_domain": true, "is_robot_indexable": true, "is_self": false, "is_video": false, "link_flair_background_color": "", "link_flair_css_class": null, "link_flair_richtext": [], "link_flair_text": null, "link_flair_text_color": "dark", "link_flair_type": "text", "locked": false, "media": null, "media_embed": {}, "media_only": false, "name": "t3_10ydmmh", "no_follow": false, "num_comments": 3, "num_crossposts": 0, "over_18": false, "parent_whitelist_status": null, "permalink": "/r/ThePPShow/comments/10ydmmh/i_love_it_when_the_shills_confirm_my_bias/", "pinned": false, "post_hint": "image", "preview": {"enabled": true, "images": [{"id": "Byz0IjPQ5Ex2ZmUmzkyY5RZFq0PwZfqwMxKobP1dZ_s", "resolutions": [{"height": 163, "url": "https://preview.redd.it/ypp82d1fbbha1.jpg?width=108&amp;crop=smart&amp;auto=webp&amp;v=enabled&amp;s=27f11625b4b68c4689ad18a0bbd9fde9a7d9de8e", "width": 108}, {"height": 327, "url": "https://preview.redd.it/ypp82d1fbbha1.jpg?width=216&amp;crop=smart&amp;auto=webp&amp;v=enabled&amp;s=a5f8a7d2ea16ada9b8a1eadfce23094891aa0b2d", "width": 216}, {"height": 485, "url": "https://preview.redd.it/ypp82d1fbbha1.jpg?width=320&amp;crop=smart&amp;auto=webp&amp;v=enabled&amp;s=fe18e8ecce3eba8bce3f19543e9b49b297eb8747", "width": 320}, {"height": 970, "url": "https://preview.redd.it/ypp82d1fbbha1.jpg?width=640&amp;crop=smart&amp;auto=webp&amp;v=enabled&amp;s=5613d360479da77000e9d8438d06630e0f2ff226", "width": 640}], "source": {"height": 980, "url": "https://preview.redd.it/ypp82d1fbbha1.jpg?auto=webp&amp;v=enabled&amp;s=4b9bf009827f7c5edcc3c70d441416fb409cbfa6", "width": 646}, "variants": {}}]}, "pwls": null, "quarantine": false, "removed_by": null, "removed_by_category": null, "retrieved_on": 1678333835, "score": 12, "secure_media": null, "secure_media_embed": {}, "selftext": "", "send_replies": true, "spoiler": false, "stickied": false, "subreddit": "ThePPShow", "subreddit_id": "t5_7q5o7y", "subreddit_name_prefixed": "r/ThePPShow", "subreddit_subscribers": 581, "subreddit_type": "public", "suggested_sort": null, "thumbnail": "https://b.thumbs.redditmedia.com/XNIQtAbeCSjcji0XRT0-mgviAf7gXqxDAMIq6141bJc.jpg", "thumbnail_height": 140, "thumbnail_width": 140, "title": "I love it when the shills confirm my bias\ud83d\udc4d", "top_awarded_type": null, "total_awards_received": 0, "treatment_tags": [], "upvote_ratio": 1.0, "url": "https://i.redd.it/ypp82d1fbbha1.jpg", "url_overridden_by_dest": "https://i.redd.it/ypp82d1fbbha1.jpg", "view_count": null, "whitelist_status": null, "wls": null}, {"all_awardings": [], "allow_live_comments": false, "archived": false, "author": "[deleted]", "author_created_utc": null, "author_flair_background_color": "", "author_flair_css_class": null, "author_flair_template_id": null, "author_flair_text": null, "author_flair_text_color": "dark", "awarders": [], "banned_by": null, "can_gild": false, "can_mod_post": false, "category": null, "content_categories": null, "contest_mode": false, "created_utc": 1675994564, "discussion_type": null, "distinguished": null, "domain": "", "edited": false, "gilded": 0, "gildings": {}, "hidden": false, "hide_score": false, "id": "10yd99i", "is_created_from_ads_ui": false, "is_crosspostable": false, "is_meta": false, "is_original_content": false, "is_reddit_media_domain": false, "is_robot_indexable": false, "is_self": true, "is_video": false, "link_flair_background_color": "", "link_flair_css_class": null, "link_flair_richtext": [], "link_flair_text": null, "link_flair_text_color": "dark", "link_flair_type": "text", "locked": false, "media": null, "media_embed": {}, "media_only": false, "name": "t3_10yd99i", "no_follow": false, "num_comments": 3, "num_crossposts": 0, "over_18": false, "parent_whitelist_status": null, "permalink": "/r/ThePPShow/comments/10yd99i/based_on_this_coin_toss_there_will_be_some_very/", "pinned": false, "pwls": null, "quarantine": false, "removed_by": null, "removed_by_category": "deleted", "retrieved_on": 1678333851, "score": 5, "secure_media": null, "secure_media_embed": {}, "selftext": "[deleted]", "send_replies": true, "spoiler": false, "stickied": false, "subreddit": "ThePPShow", "subreddit_id": "t5_7q5o7y", "subreddit_name_prefixed": "r/ThePPShow", "subreddit_subscribers": 581, "subreddit_type": "public", "suggested_sort": null, "thumbnail": "default", "thumbnail_height": null, "thumbnail_width": null, "title": "Based on this coin toss, there will be some very good news on Feb 10th.", "top_awarded_type": null, "total_awards_received": 0, "treatment_tags": [], "upvote_ratio": 1.0, "url": "", "view_count": null, "whitelist_status": null, "wls": null}, {"all_awardings": [], "allow_live_comments": false, "archived": false, "author": "dicemetal", "author_created_utc": null, "author_flair_background_color": null, "author_flair_css_class": null, "author_flair_richtext": [], "author_flair_template_id": null, "author_flair_text": null, "author_flair_text_color": null, "author_flair_type": "text", "author_fullname": "t2_oygs8m7t", "author_patreon_flair": false, "author_premium": false, "awarders": [], "banned_by": null, "can_gild": true, "can_mod_post": false, "category": null, "content_categories": null, "contest_mode": false, "created_utc": 1675988204, "discussion_type": null, "distinguished": null, "domain": "i.redd.it", "edited": false, "gilded": 0, "gildings": {}, "hidden": false, "hide_score": false, "id": "10yayc7", "is_created_from_ads_ui": false, "is_crosspostable": true, "is_meta": false, "is_original_content": false, "is_reddit_media_domain": true, "is_robot_indexable": true, "is_self": false, "is_video": false, "link_flair_background_color": "", "link_flair_css_class": null, "link_flair_richtext": [], "link_flair_text": null, "link_flair_text_color": "dark", "link_flair_type": "text", "locked": false, "media": null, "media_embed": {}, "media_only": false, "name": "t3_10yayc7", "no_follow": false, "num_comments": 0, "num_crossposts": 0, "over_18": false, "parent_whitelist_status": null, "permalink": "/r/ThePPShow/comments/10yayc7/the_whole_crew_is_waiting_for_the_bat_signal/", "pinned": false, "post_hint": "image", "preview": {"enabled": true, "images": [{"id": "PIzbfxtsRr7VTXuowksXhuH66HA0MyGcQhYVfMGulY8", "resolutions": [{"height": 87, "url": "https://preview.redd.it/787ox4gdpaha1.jpg?width=108&amp;crop=smart&amp;auto=webp&amp;v=enabled&amp;s=c073ecdff1cff747b4ed5333665051b3d8ff1017", "width": 108}, {"height": 175, "url": "https://preview.redd.it/787ox4gdpaha1.jpg?width=216&amp;crop=smart&amp;auto=webp&amp;v=enabled&amp;s=c0d5a6caf13174810f7decbcff6b7925168aa5e9", "width": 216}, {"height": 259, "url": "https://preview.redd.it/787ox4gdpaha1.jpg?width=320&amp;crop=smart&amp;auto=webp&amp;v=enabled&amp;s=3235ef2c2fc4165a758abb2518c4489decb4fab6", "width": 320}, {"height": 518, "url": "https://preview.redd.it/787ox4gdpaha1.jpg?width=640&amp;crop=smart&amp;auto=webp&amp;v=enabled&amp;s=2d9c5ca097a3f4fa1ef1a86f44b8924c1ac5d939", "width": 640}], "source": {"height": 681, "url": "https://preview.redd.it/787ox4gdpaha1.jpg?auto=webp&amp;v=enabled&amp;s=f1f2be5c834ef89f5bb538a221b928a8223df071", "width": 840}, "variants": {}}]}, "pwls": null, "quarantine": false, "removed_by": null, "removed_by_category": null, "retrieved_on": 1678333947, "score": 13, "secure_media": null, "secure_media_embed": {}, "selftext": "", "send_replies": true, "spoiler": false, "stickied": false, "subreddit": "ThePPShow", "subreddit_id": "t5_7q5o7y", "subreddit_name_prefixed": "r/ThePPShow", "subreddit_subscribers": 581, "subreddit_type": "public", "suggested_sort": null, "thumbnail": "https://b.thumbs.redditmedia.com/m8tQYPxvwUDSJPG2Gtrqkr5ez0Uam1SKxm0U9yiC_Gc.jpg", "thumbnail_height": 113, "thumbnail_width": 140, "title": "The whole crew is waiting for the bat signal \ud83e\udd1e\u23f0", "top_awarded_type": null, "total_awards_received": 0, "treatment_tags": [], "upvote_ratio": 0.94, "url": "https://i.redd.it/787ox4gdpaha1.jpg", "url_overridden_by_dest": "https://i.redd.it/787ox4gdpaha1.jpg", "view_count": null, "whitelist_status": null, "wls": null}, {"all_awardings": [], "allow_live_comments": false, "archived": false, "author": "[deleted]", "author_created_utc": null, "author_flair_background_color": "", "author_flair_css_class": null, "author_flair_template_id": null, "author_flair_text": null, "author_flair_text_color": "dark", "awarders": [], "banned_by": null, "can_gild": false, "can_mod_post": false, "category": null, "content_categories": null, "contest_mode": false, "created_utc": 1675987396, "discussion_type": null, "distinguished": null, "domain": "", "edited": false, "gilded": 0, "gildings": {}, "hidden": false, "hide_score": false, "id": "10yanji", "is_created_from_ads_ui": false, "is_crosspostable": false, "is_meta": false, "is_original_content": false, "is_reddit_media_domain": true, "is_robot_indexable": false, "is_self": false, "is_video": false, "link_flair_background_color": "", "link_flair_css_class": null, "link_flair_richtext": [], "link_flair_text": null, "link_flair_text_color": "dark", "link_flair_type": "text", "locked": false, "media": null, "media_embed": {}, "media_only": false, "name": "t3_10yanji", "no_follow": true, "num_comments": 0, "num_crossposts": 0, "over_18": false, "parent_whitelist_status": null, "permalink": "/r/ThePPShow/comments/10yanji/when_the_whole_crew_is_watching_for_the_bat_signal/", "pinned": false, "pwls": null, "quarantine": false, "removed_by": null, "removed_by_category": "deleted", "retrieved_on": 1678333959, "score": 1, "secure_media": null, "secure_media_embed": {}, "selftext": "[deleted]", "send_replies": true, "spoiler": false, "stickied": false, "subreddit": "ThePPShow", "subreddit_id": "t5_7q5o7y", "subreddit_name_prefixed": "r/ThePPShow", "subreddit_subscribers": 581, "subreddit_type": "public", "suggested_sort": null, "thumbnail": "default", "thumbnail_height": 113, "thumbnail_width": 140, "title": "When the whole crew is watching for the bat signal\ud83e\udd1e\u23f0", "top_awarded_type": null, "total_awards_received": 0, "treatment_tags": [], "upvote_ratio": 0.67, "url": "", "url_overridden_by_dest": "", "view_count": null, "whitelist_status": null, "wls": null}, {"all_awardings": [], "allow_live_comments": false, "archived": false, "author": "dicemetal", "author_created_utc": null, "author_flair_background_color": null, "author_flair_css_class": null, "author_flair_richtext": [], "author_flair_template_id": null, "author_flair_text": null, "author_flair_text_color": null, "author_flair_type": "text", "author_fullname": "t2_oygs8m7t", "author_patreon_flair": false, "author_premium": false, "awarders": [], "banned_by": null, "can_gild": true, "can_mod_post": false, "category": null, "content_categories": null, "contest_mode": false, "created_utc": 1675987291, "discussion_type": null, "distinguished": null, "domain": "i.redd.it", "edited": false, "gilded": 0, "gildings": {}, "hidden": false, "hide_score": false, "id": "10yam1z", "is_created_from_ads_ui": false, "is_crosspostable": true, "is_meta": false, "is_original_content": false, "is_reddit_media_domain": true, "is_robot_indexable": true, "is_self": false, "is_video": false, "link_flair_background_color": "", "link_flair_css_class": null, "link_flair_richtext": [], "link_flair_text": null, "link_flair_text_color": "dark", "link_flair_type": "text", "locked": false, "media": null, "media_embed": {}, "media_only": false, "name": "t3_10yam1z", "no_follow": false, "num_comments": 1, "num_crossposts": 0, "over_18": false, "parent_whitelist_status": null, "permalink": "/r/ThePPShow/comments/10yam1z/ryan_if_you_are_seeing_this_i_still_beleaf/", "pinned": false, "post_hint": "image", "preview": {"enabled": true, "images": [{"id": "ihLzxxnONTwJI3Jpoutkfg0bT-XhdobraA69qR16yhI", "resolutions": [{"height": 72, "url": "https://preview.redd.it/lbnlru4pmaha1.jpg?width=108&amp;crop=smart&amp;auto=webp&amp;v=enabled&amp;s=7e23256dee8f8615ff542bf40ef2809c500bfbc6", "width": 108}, {"height": 144, "url": "https://preview.redd.it/lbnlru4pmaha1.jpg?width=216&amp;crop=smart&amp;auto=webp&amp;v=enabled&amp;s=5481c18b9259f2c050901e2c3d6759280e815d59", "width": 216}, {"height": 214, "url": "https://preview.redd.it/lbnlru4pmaha1.jpg?width=320&amp;crop=smart&amp;auto=webp&amp;v=enabled&amp;s=da3fecaeaa05ca893156dbeb2fdd99638c63d897", "width": 320}, {"height": 428, "url": "https://preview.redd.it/lbnlru4pmaha1.jpg?width=640&amp;crop=smart&amp;auto=webp&amp;v=enabled&amp;s=108dafb098308c22f1549c1922a942feef4538b7", "width": 640}, {"height": 643, "url": "https://preview.redd.it/lbnlru4pmaha1.jpg?width=960&amp;crop=smart&amp;auto=webp&amp;v=enabled&amp;s=a54f93d52feb3d879ed8a58dcc4363e8b848e160", "width": 960}], "source": {"height": 686, "url": "https://preview.redd.it/lbnlru4pmaha1.jpg?auto=webp&amp;v=enabled&amp;s=ab0fdb86529efb85d7cf5a6dc4e1821b8b0c6505", "width": 1024}, "variants": {}}]}, "pwls": null, "quarantine": false, "removed_by": null, "removed_by_category": null, "retrieved_on": 1678333961, "score": 13, "secure_media": null, "secure_media_embed": {}, "selftext": "", "send_replies": true, "spoiler": false, "stickied": false, "subreddit": "ThePPShow", "subreddit_id": "t5_7q5o7y", "subreddit_name_prefixed": "r/ThePPShow", "subreddit_subscribers": 581, "subreddit_type": "public", "suggested_sort": null, "thumbnail": "https://b.thumbs.redditmedia.com/72pDz-VsnAqW3DTlz6li_DMQkNXGGzv4V8a8th97UbM.jpg", "thumbnail_height": 93, "thumbnail_width": 140, "title": "Ryan, if you are seeing this, I still beleaf \ud83d\udc98", "top_awarded_type": null, "total_awards_received": 0, "treatment_tags": [], "upvote_ratio": 0.89, "url": "https://i.redd.it/lbnlru4pmaha1.jpg", "url_overridden_by_dest": "https://i.redd.it/lbnlru4pmaha1.jpg", "view_count": null, "whitelist_status": null, "wls": null}], "metadata": {"op_a": 55, "op_b": 52, "total": 108}, "error": null}