{"data": [{"all_awardings": [], "allow_live_comments": false, "archived": false, "author": "moonshot_69", "author_created_utc": 1662328354, "author_flair_background_color": null, "author_flair_css_class": null, "author_flair_richtext": [], "author_flair_template_id": null, "author_flair_text": null, "author_flair_text_color": null, "author_flair_type": "text", "author_fullname": "t2_rpv9h1mq", "author_patreon_flair": false, "author_premium": true, "awarders": [], "banned_by": null, "can_gild": true, "can_mod_post": false, "category": null, "content_categories": null, "contest_mode": false, "created_utc": 1677361594, "crosspost_parent": "t3_11bwknm", "crosspost_parent_list": [{"all_awardings": [], "allow_live_comments": true, "approved_at_utc": null, "approved_by": null, "archived": false, "author": "moonshot_69", "author_flair_background_color": "#d3d6da", "author_flair_css_class": null, "author_flair_richtext": [], "author_flair_template_id": "481f78aa-a004-11ed-ac31-5e57c8d9e576", "author_flair_text": "Kais Maleej", "author_flair_text_color": "dark", "author_flair_type": "text", "author_fullname": "t2_rpv9h1mq", "author_is_blocked": false, "author_patreon_flair": false, "author_premium": true, "awarders": [], "banned_at_utc": null, "banned_by": null, "can_gild": true, "can_mod_post": false, "category": null, "clicked": false, "content_categories": null, "contest_mode": false, "created": 1677361243.0, "created_utc": 1677361243.0, "discussion_type": null, "distinguished": null, "domain": "reddit.com", "downs": 0, "edited": false, "gallery_data": {"items": [{"id": 244712010, "media_id": "t7lbewtmmeka1"}, {"id": 244712011, "media_id": "bhq51xtmmeka1"}, {"id": 244712012, "media_id": "wq4fuwtmmeka1"}, {"id": 244712013, "media_id": "gwp1ywtmmeka1"}, {"id": 244712014, "media_id": "dldt0xtmmeka1"}, {"id": 244712015, "media_id": "dclscytmmeka1"}, {"id": 244712016, "media_id": "gh9mq1ummeka1"}, {"id": 244712017, "media_id": "cpgmi3ummeka1"}, {"id": 244712018, "media_id": "y990x1ummeka1"}, {"id": 244712019, "media_id": "sikzc2ummeka1"}, {"id": 244712020, "media_id": "er0qqaummeka1"}, {"id": 244712021, "media_id": "yueeb2ummeka1"}]}, "gilded": 0, "gildings": {}, "hidden": false, "hide_score": false, "id": "11bwknm", "is_created_from_ads_ui": false, "is_crosspostable": true, "is_gallery": true, "is_meta": false, "is_original_content": false, "is_reddit_media_domain": false, "is_robot_indexable": true, "is_self": false, "is_video": false, "likes": null, "link_flair_background_color": "#46d160", "link_flair_css_class": "", "link_flair_richtext": [], "link_flair_template_id": "80fe723c-9c23-11ed-9b55-7ab6cab9aad5", "link_flair_text": "Kais Maleej", "link_flair_text_color": "dark", "link_flair_type": "text", "locked": false, "media": null, "media_embed": {}, "media_metadata": {"bhq51xtmmeka1": {"e": "Image", "id": "bhq51xtmmeka1", "m": "image/jpg", "p": [{"u": "https://preview.redd.it/bhq51xtmmeka1.jpg?width=108&amp;crop=smart&amp;auto=webp&amp;v=enabled&amp;s=bf583b758056dcb37cb571c88d9d0c398a5d40f2", "x": 108, "y": 49}, {"u": "https://preview.redd.it/bhq51xtmmeka1.jpg?width=216&amp;crop=smart&amp;auto=webp&amp;v=enabled&amp;s=81dc74555292735083f9536d6f3fcf65809f3afb", "x": 216, "y": 99}, {"u": "https://preview.redd.it/bhq51xtmmeka1.jpg?width=320&amp;crop=smart&amp;auto=webp&amp;v=enabled&amp;s=c4e525baeb6df7de93852e14adf03ce3fc5c6019", "x": 320, "y": 147}, {"u": "https://preview.redd.it/bhq51xtmmeka1.jpg?width=640&amp;crop=smart&amp;auto=webp&amp;v=enabled&amp;s=2a1991351e326c87216990596eb554530cc88031", "x": 640, "y": 295}, {"u": "https://preview.redd.it/bhq51xtmmeka1.jpg?width=960&amp;crop=smart&amp;auto=webp&amp;v=enabled&amp;s=37e364176f4e73ea58e3d264baf749fa6d3d365e", "x": 960, "y": 443}, {"u": "https://preview.redd.it/bhq51xtmmeka1.jpg?width=1080&amp;crop=smart&amp;auto=webp&amp;v=enabled&amp;s=25dbc5d1ba39a037f7736d2e6ddea9aa02fff703", "x": 1080, "y": 498}], "s": {"u": "https://preview.redd.it/bhq51xtmmeka1.jpg?width=2436&amp;format=pjpg&amp;auto=webp&amp;v=enabled&amp;s=285c16237a646af1fa909ec56f457eb007eab3bc", "x": 2436, "y": 1125}, "status": "valid"}, "cpgmi3ummeka1": {"e": "Image", "id": "cpgmi3ummeka1", "m": "image/jpg", "p": [{"u": "https://preview.redd.it/cpgmi3ummeka1.jpg?width=108&amp;crop=smart&amp;auto=webp&amp;v=enabled&amp;s=c61504858692709dd7f3649e9589badcb7761a14", "x": 108, "y": 49}, {"u": "https://preview.redd.it/cpgmi3ummeka1.jpg?width=216&amp;crop=smart&amp;auto=webp&amp;v=enabled&amp;s=21b4edf2e651a71c3ae8bfc19f19b43ec566ace1", "x": 216, "y": 99}, {"u": "https://preview.redd.it/cpgmi3ummeka1.jpg?width=320&amp;crop=smart&amp;auto=webp&amp;v=enabled&amp;s=10c13bf73db50642bd522646cf7b8807200c17fb", "x": 320, "y": 147}, {"u": "https://preview.redd.it/cpgmi3ummeka1.jpg?width=640&amp;crop=smart&amp;auto=webp&amp;v=enabled&amp;s=563f4e55f661d2f617d1bef7548e8caa2ec8293a", "x": 640, "y": 295}, {"u": "https://preview.redd.it/cpgmi3ummeka1.jpg?width=960&amp;crop=smart&amp;auto=webp&amp;v=enabled&amp;s=f0ba90ba2e1022877520888a98b7bcbb3a25107d", "x": 960, "y": 443}, {"u": "https://preview.redd.it/cpgmi3ummeka1.jpg?width=1080&amp;crop=smart&amp;auto=webp&amp;v=enabled&amp;s=a7636f33eac1839308b17062ce8605eef37f1883", "x": 1080, "y": 498}], "s": {"u": "https://preview.redd.it/cpgmi3ummeka1.jpg?width=2436&amp;format=pjpg&amp;auto=webp&amp;v=enabled&amp;s=72d8242b4221c20c5bfc2970c755193299c51806", "x": 2436, "y": 1125}, "status": "valid"}, "dclscytmmeka1": {"e": "Image", "id": "dclscytmmeka1", "m": "image/jpg", "p": [{"u": "https://preview.redd.it/dclscytmmeka1.jpg?width=108&amp;crop=smart&amp;auto=webp&amp;v=enabled&amp;s=b2cd1dc4bc258c25b9b728721258914ce4d6ef77", "x": 108, "y": 49}, {"u": "https://preview.redd.it/dclscytmmeka1.jpg?width=216&amp;crop=smart&amp;auto=webp&amp;v=enabled&amp;s=43c38aa613a5ccbddf85779fc4dd4ab94ed08e18", "x": 216, "y": 99}, {"u": "https://preview.redd.it/dclscytmmeka1.jpg?width=320&amp;crop=smart&amp;auto=webp&amp;v=enabled&amp;s=aa497d3a1061c44ac6aa123e24876c9bd4e02b34", "x": 320, "y": 147}, {"u": "https://preview.redd.it/dclscytmmeka1.jpg?width=640&amp;crop=smart&amp;auto=webp&amp;v=enabled&amp;s=4bb0e5726a4dc275f6b1d51d045732e7769b6295", "x": 640, "y": 295}, {"u": "https://preview.redd.it/dclscytmmeka1.jpg?width=960&amp;crop=smart&amp;auto=webp&amp;v=enabled&amp;s=01b23364ae429f5f4dccc64da732410998e5a190", "x": 960, "y": 443}, {"u": "https://preview.redd.it/dclscytmmeka1.jpg?width=1080&amp;crop=smart&amp;auto=webp&amp;v=enabled&amp;s=df088b151b78f440645e27acf33b279652bbe1f9", "x": 1080, "y": 498}], "s": {"u": "https://preview.redd.it/dclscytmmeka1.jpg?width=2436&amp;format=pjpg&amp;auto=webp&amp;v=enabled&amp;s=43a9de08b7ffbb4497ce91fab2c76eb43aa17e54", "x": 2436, "y": 1125}, "status": "valid"}, "dldt0xtmmeka1": {"e": "Image", "id": "dldt0xtmmeka1", "m": "image/jpg", "p": [{"u": "https://preview.redd.it/dldt0xtmmeka1.jpg?width=108&amp;crop=smart&amp;auto=webp&amp;v=enabled&amp;s=a988f1d1a2665771afa839672022d93bd45a12ca", "x": 108, "y": 49}, {"u": "https://preview.redd.it/dldt0xtmmeka1.jpg?width=216&amp;crop=smart&amp;auto=webp&amp;v=enabled&amp;s=00a6d99e4725b0d4c7208e6d365670c895a84ec1", "x": 216, "y": 99}, {"u": "https://preview.redd.it/dldt0xtmmeka1.jpg?width=320&amp;crop=smart&amp;auto=webp&amp;v=enabled&amp;s=0f984b33e0377416efc3b595fdea798ef52755df", "x": 320, "y": 147}, {"u": "https://preview.redd.it/dldt0xtmmeka1.jpg?width=640&amp;crop=smart&amp;auto=webp&amp;v=enabled&amp;s=15a471e4d448dece9242f5db96e1ac2426c7bb10", "x": 640, "y": 295}, {"u": "https://preview.redd.it/dldt0xtmmeka1.jpg?width=960&amp;crop=smart&amp;auto=webp&amp;v=enabled&amp;s=bcefa0471e60eb7f290e914eb91ea67faa898d0a", "x": 960, "y": 443}, {"u": "https://preview.redd.it/dldt0xtmmeka1.jpg?width=1080&amp;crop=smart&amp;auto=webp&amp;v=enabled&amp;s=e386cb1dba759d7155ab81994c4bee0f22b1c064", "x": 1080, "y": 498}], "s": {"u": "https://preview.redd.it/dldt0xtmmeka1.jpg?width=2436&amp;format=pjpg&amp;auto=webp&amp;v=enabled&amp;s=c333af014bbcaab2491dcf84c5bf6096b313217d", "x": 2436, "y": 1125}, "status": "valid"}, "er0qqaummeka1": {"e": "Image", "id": "er0qqaummeka1", "m": "image/jpg", "p": [{"u": "https://preview.redd.it/er0qqaummeka1.jpg?width=108&amp;crop=smart&amp;auto=webp&amp;v=enabled&amp;s=6be3c220ce2df752b7e33169193700d8a8df6a0c", "x": 108, "y": 49}, {"u": "https://preview.redd.it/er0qqaummeka1.jpg?width=216&amp;crop=smart&amp;auto=webp&amp;v=enabled&amp;s=2ea59a3dbc739ccd74f92d0cd67a93885b3d52d9", "x": 216, "y": 99}, {"u": "https://preview.redd.it/er0qqaummeka1.jpg?width=320&amp;crop=smart&amp;auto=webp&amp;v=enabled&amp;s=4d886b3cfd24108afd016579125ca3c5942161e7", "x": 320, "y": 147}, {"u": "https://preview.redd.it/er0qqaummeka1.jpg?width=640&amp;crop=smart&amp;auto=webp&amp;v=enabled&amp;s=d66f3c3bce40a16863b074bfba56900c69501dc8", "x": 640, "y": 295}, {"u": "https://preview.redd.it/er0qqaummeka1.jpg?width=960&amp;crop=smart&amp;auto=webp&amp;v=enabled&amp;s=b471de99cb5feff2f5531ba374df0c241d253fad", "x": 960, "y": 443}, {"u": "https://preview.redd.it/er0qqaummeka1.jpg?width=1080&amp;crop=smart&amp;auto=webp&amp;v=enabled&amp;s=2b94044382a71f6eac85a5ad6463e4cf0e1e5c5b", "x": 1080, "y": 498}], "s": {"u": "https://preview.redd.it/er0qqaummeka1.jpg?width=2436&amp;format=pjpg&amp;auto=webp&amp;v=enabled&amp;s=032920eb9f17cbf17fb8b8f45aa96da1661eb84d", "x": 2436, "y": 1125}, "status": "valid"}, "gh9mq1ummeka1": {"e": "Image", "id": "gh9mq1ummeka1", "m": "image/jpg", "p": [{"u": "https://preview.redd.it/gh9mq1ummeka1.jpg?width=108&amp;crop=smart&amp;auto=webp&amp;v=enabled&amp;s=ea44bad840ab77860a96547f480096644dab0df0", "x": 108, "y": 49}, {"u": "https://preview.redd.it/gh9mq1ummeka1.jpg?width=216&amp;crop=smart&amp;auto=webp&amp;v=enabled&amp;s=d73359bbd27c80e8477df5f63007061b9e26127d", "x": 216, "y": 99}, {"u": "https://preview.redd.it/gh9mq1ummeka1.jpg?width=320&amp;crop=smart&amp;auto=webp&amp;v=enabled&amp;s=fedaccfd09f5797aa22526f183666061b35dd755", "x": 320, "y": 147}, {"u": "https://preview.redd.it/gh9mq1ummeka1.jpg?width=640&amp;crop=smart&amp;auto=webp&amp;v=enabled&amp;s=2f0762009681380b429b64526487cdecbcad5f60", "x": 640, "y": 295}, {"u": "https://preview.redd.it/gh9mq1ummeka1.jpg?width=960&amp;crop=smart&amp;auto=webp&amp;v=enabled&amp;s=bb35696dc864ed8001d83a4224e32d9cc63682cc", "x": 960, "y": 443}, {"u": "https://preview.redd.it/gh9mq1ummeka1.jpg?width=1080&amp;crop=smart&amp;auto=webp&amp;v=enabled&amp;s=a884ba7a3465a6d8e5ecbcbaab421c77d9937d0c", "x": 1080, "y": 498}], "s": {"u": "https://preview.redd.it/gh9mq1ummeka1.jpg?width=2436&amp;format=pjpg&amp;auto=webp&amp;v=enabled&amp;s=c64b4fc3e85f6dc5eb9be434f55d351efd55a8d7", "x": 2436, "y": 1125}, "status": "valid"}, "gwp1ywtmmeka1": {"e": "Image", "id": "gwp1ywtmmeka1", "m": "image/jpg", "p": [{"u": "https://preview.redd.it/gwp1ywtmmeka1.jpg?width=108&amp;crop=smart&amp;auto=webp&amp;v=enabled&amp;s=7c6059a020fc07b07f7abde10dc30915ee8835e0", "x": 108, "y": 49}, {"u": "https://preview.redd.it/gwp1ywtmmeka1.jpg?width=216&amp;crop=smart&amp;auto=webp&amp;v=enabled&amp;s=2198534612df750fcb2062e23d3da03b8b15e416", "x": 216, "y": 99}, {"u": "https://preview.redd.it/gwp1ywtmmeka1.jpg?width=320&amp;crop=smart&amp;auto=webp&amp;v=enabled&amp;s=3780a7d01b48fba2f6e061c580ebae9610cc2381", "x": 320, "y": 147}, {"u": "https://preview.redd.it/gwp1ywtmmeka1.jpg?width=640&amp;crop=smart&amp;auto=webp&amp;v=enabled&amp;s=105281d5ca4f512275a9e99f49d567d4b67a8469", "x": 640, "y": 295}, {"u": "https://preview.redd.it/gwp1ywtmmeka1.jpg?width=960&amp;crop=smart&amp;auto=webp&amp;v=enabled&amp;s=ab9f7e63ca766aa0b047e6c8b441e75267e900f9", "x": 960, "y": 443}, {"u": "https://preview.redd.it/gwp1ywtmmeka1.jpg?width=1080&amp;crop=smart&amp;auto=webp&amp;v=enabled&amp;s=cb63509133056ef81d8026c65da3d9e64e2a068f", "x": 1080, "y": 498}], "s": {"u": "https://preview.redd.it/gwp1ywtmmeka1.jpg?width=2436&amp;format=pjpg&amp;auto=webp&amp;v=enabled&amp;s=6c7726a80a87d471bab49324e929165652c0860c", "x": 2436, "y": 1125}, "status": "valid"}, "sikzc2ummeka1": {"e": "Image", "id": "sikzc2ummeka1", "m": "image/jpg", "p": [{"u": "https://preview.redd.it/sikzc2ummeka1.jpg?width=108&amp;crop=smart&amp;auto=webp&amp;v=enabled&amp;s=e07326ded4197c7745d0e98a42f31a58babfb6f3", "x": 108, "y": 49}, {"u": "https://preview.redd.it/sikzc2ummeka1.jpg?width=216&amp;crop=smart&amp;auto=webp&amp;v=enabled&amp;s=f3f250d71f96e90a3ea85ac348c62d3970b3f27f", "x": 216, "y": 99}, {"u": "https://preview.redd.it/sikzc2ummeka1.jpg?width=320&amp;crop=smart&amp;auto=webp&amp;v=enabled&amp;s=4716375e12234ddc8cb51bb0ae99015005395237", "x": 320, "y": 147}, {"u": "https://preview.redd.it/sikzc2ummeka1.jpg?width=640&amp;crop=smart&amp;auto=webp&amp;v=enabled&amp;s=7919353fddbb2cca736bad4ca1df20e8602322c8", "x": 640, "y": 295}, {"u": "https://preview.redd.it/sikzc2ummeka1.jpg?width=960&amp;crop=smart&amp;auto=webp&amp;v=enabled&amp;s=0e6b51b3e50aa3929557bc459c1d441b78d1dce7", "x": 960, "y": 443}, {"u": "https://preview.redd.it/sikzc2ummeka1.jpg?width=1080&amp;crop=smart&amp;auto=webp&amp;v=enabled&amp;s=7ab2cae538e9f1d9285f6b1e5ef15e4d170210bd", "x": 1080, "y": 498}], "s": {"u": "https://preview.redd.it/sikzc2ummeka1.jpg?width=2436&amp;format=pjpg&amp;auto=webp&amp;v=enabled&amp;s=267103b9c93fcca0d153fbf5d3872b005f6d32f6", "x": 2436, "y": 1125}, "status": "valid"}, "t7lbewtmmeka1": {"e": "Image", "id": "t7lbewtmmeka1", "m": "image/jpg", "p": [{"u": "https://preview.redd.it/t7lbewtmmeka1.jpg?width=108&amp;crop=smart&amp;auto=webp&amp;v=enabled&amp;s=d7dd5635372834c9c8eb556d41f6ebcdd3eb59b6", "x": 108, "y": 49}, {"u": "https://preview.redd.it/t7lbewtmmeka1.jpg?width=216&amp;crop=smart&amp;auto=webp&amp;v=enabled&amp;s=e2b458bbe56fb673fc66b75e06dc6e32b9a7f7eb", "x": 216, "y": 99}, {"u": "https://preview.redd.it/t7lbewtmmeka1.jpg?width=320&amp;crop=smart&amp;auto=webp&amp;v=enabled&amp;s=e8fe7822015a364045142ea384af2810421ddd90", "x": 320, "y": 147}, {"u": "https://preview.redd.it/t7lbewtmmeka1.jpg?width=640&amp;crop=smart&amp;auto=webp&amp;v=enabled&amp;s=4cf74b837deba5bd0782dbfdaf01dc7292b0d2f3", "x": 640, "y": 295}, {"u": "https://preview.redd.it/t7lbewtmmeka1.jpg?width=960&amp;crop=smart&amp;auto=webp&amp;v=enabled&amp;s=1571ab470f9af874aa6cfed153ced76ac7c55406", "x": 960, "y": 443}, {"u": "https://preview.redd.it/t7lbewtmmeka1.jpg?width=1080&amp;crop=smart&amp;auto=webp&amp;v=enabled&amp;s=9b4d51b40ccb02be5ce43d205b8c74d521446480", "x": 1080, "y": 498}], "s": {"u": "https://preview.redd.it/t7lbewtmmeka1.jpg?width=2436&amp;format=pjpg&amp;auto=webp&amp;v=enabled&amp;s=55768a0a0b745a2438f1b2c6c289faf0415b78f9", "x": 2436, "y": 1125}, "status": "valid"}, "wq4fuwtmmeka1": {"e": "Image", "id": "wq4fuwtmmeka1", "m": "image/jpg", "p": [{"u": "https://preview.redd.it/wq4fuwtmmeka1.jpg?width=108&amp;crop=smart&amp;auto=webp&amp;v=enabled&amp;s=7de95d9dccc77da91de33bfc78269aa485c12a61", "x": 108, "y": 49}, {"u": "https://preview.redd.it/wq4fuwtmmeka1.jpg?width=216&amp;crop=smart&amp;auto=webp&amp;v=enabled&amp;s=333a7268f31b6b315b2cc615d78dedc94a0fdf94", "x": 216, "y": 99}, {"u": "https://preview.redd.it/wq4fuwtmmeka1.jpg?width=320&amp;crop=smart&amp;auto=webp&amp;v=enabled&amp;s=186a16dcee146c046f151843e961f184dda44e3c", "x": 320, "y": 147}, {"u": "https://preview.redd.it/wq4fuwtmmeka1.jpg?width=640&amp;crop=smart&amp;auto=webp&amp;v=enabled&amp;s=bcd5d966a680f72094e2f3062bc750851d873fad", "x": 640, "y": 295}, {"u": "https://preview.redd.it/wq4fuwtmmeka1.jpg?width=960&amp;crop=smart&amp;auto=webp&amp;v=enabled&amp;s=4eb74e4ac05fe0e219ac9de7c1b7f2624f17e716", "x": 960, "y": 443}, {"u": "https://preview.redd.it/wq4fuwtmmeka1.jpg?width=1080&amp;crop=smart&amp;auto=webp&amp;v=enabled&amp;s=a58e91fd528d360a429454b8690d01e75c1c3fe7", "x": 1080, "y": 498}], "s": {"u": "https://preview.redd.it/wq4fuwtmmeka1.jpg?width=2436&amp;format=pjpg&amp;auto=webp&amp;v=enabled&amp;s=371bd7e59158cadfdaf88ebcadbd08a1956ffc6f", "x": 2436, "y": 1125}, "status": "valid"}, "y990x1ummeka1": {"e": "Image", "id": "y990x1ummeka1", "m": "image/jpg", "p": [{"u": "https://preview.redd.it/y990x1ummeka1.jpg?width=108&amp;crop=smart&amp;auto=webp&amp;v=enabled&amp;s=f1414234aa4b385a8a8d9c2119d79f5450448047", "x": 108, "y": 49}, {"u": "https://preview.redd.it/y990x1ummeka1.jpg?width=216&amp;crop=smart&amp;auto=webp&amp;v=enabled&amp;s=71a3ec5ab6e3a7545aec3d219ad20cc3ab94175d", "x": 216, "y": 99}, {"u": "https://preview.redd.it/y990x1ummeka1.jpg?width=320&amp;crop=smart&amp;auto=webp&amp;v=enabled&amp;s=faa15b106b03c9f4382d1cde8cb437951a09e3a0", "x": 320, "y": 147}, {"u": "https://preview.redd.it/y990x1ummeka1.jpg?width=640&amp;crop=smart&amp;auto=webp&amp;v=enabled&amp;s=41c87c1a4e7a05910678c04c310cc11019748091", "x": 640, "y": 295}, {"u": "https://preview.redd.it/y990x1ummeka1.jpg?width=960&amp;crop=smart&amp;auto=webp&amp;v=enabled&amp;s=dc9fe57c173b854c9a9d7ec80c468ed66609aaf3", "x": 960, "y": 443}, {"u": "https://preview.redd.it/y990x1ummeka1.jpg?width=1080&amp;crop=smart&amp;auto=webp&amp;v=enabled&amp;s=d75a5619466bc7eed27bfb9510ace741515da170", "x": 1080, "y": 498}], "s": {"u": "https://preview.redd.it/y990x1ummeka1.jpg?width=2436&amp;format=pjpg&amp;auto=webp&amp;v=enabled&amp;s=10d87d707f9cd3948627dc13b5ae35a432a2f6c2", "x": 2436, "y": 1125}, "status": "valid"}, "yueeb2ummeka1": {"e": "Image", "id": "yueeb2ummeka1", "m": "image/jpg", "p": [{"u": "https://preview.redd.it/yueeb2ummeka1.jpg?width=108&amp;crop=smart&amp;auto=webp&amp;v=enabled&amp;s=6ec5eb05dc0cd1e5ad934b9faee996fc42ec6482", "x": 108, "y": 49}, {"u": "https://preview.redd.it/yueeb2ummeka1.jpg?width=216&amp;crop=smart&amp;auto=webp&amp;v=enabled&amp;s=8e0547bb5dd78ac336c1729a21032ae712e0a909", "x": 216, "y": 99}, {"u": "https://preview.redd.it/yueeb2ummeka1.jpg?width=320&amp;crop=smart&amp;auto=webp&amp;v=enabled&amp;s=0d9b7dfce437a774734a871d25027de62e039183", "x": 320, "y": 147}, {"u": "https://preview.redd.it/yueeb2ummeka1.jpg?width=640&amp;crop=smart&amp;auto=webp&amp;v=enabled&amp;s=88b629f741121523b1deed2681afce9010f5a881", "x": 640, "y": 295}, {"u": "https://preview.redd.it/yueeb2ummeka1.jpg?width=960&amp;crop=smart&amp;auto=webp&amp;v=enabled&amp;s=12fda1afe9d613de828f1cd5c2ae694236219a96", "x": 960, "y": 443}, {"u": "https://preview.redd.it/yueeb2ummeka1.jpg?width=1080&amp;crop=smart&amp;auto=webp&amp;v=enabled&amp;s=bdf71925899678afc0d303992101e548774e49a4", "x": 1080, "y": 498}], "s": {"u": "https://preview.redd.it/yueeb2ummeka1.jpg?width=2436&amp;format=pjpg&amp;auto=webp&amp;v=enabled&amp;s=b884f7c0346a41f62ea2e631ccf46c9c16e98f00", "x": 2436, "y": 1125}, "status": "valid"}}, "media_only": false, "mod_note": null, "mod_reason_by": null, "mod_reason_title": null, "mod_reports": [], "name": "t3_11bwknm", "no_follow": false, "num_comments": 7, "num_crossposts": 4, "num_reports": null, "over_18": false, "parent_whitelist_status": null, "permalink": "/r/bbby_remastered/comments/11bwknm/the_situmatation_reg_sho_aint_really_shit/", "pinned": false, "pwls": null, "quarantine": false, "removal_reason": null, "removed_by": null, "removed_by_category": null, "report_reasons": null, "saved": false, "score": 15, "secure_media": null, "secure_media_embed": {}, "selftext": "", "selftext_html": null, "send_replies": true, "spoiler": false, "stickied": false, "subreddit": "bbby_remastered", "subreddit_id": "t5_7tgjqd", "subreddit_name_prefixed": "r/bbby_remastered", "subreddit_subscribers": 1032, "subreddit_type": "public", "suggested_sort": null, "thumbnail": "https://b.thumbs.redditmedia.com/gBO3KPyLzBXw9nEr3ihlK-wuTmgCWHrspg0EFPXl7LI.jpg", "thumbnail_height": 64, "thumbnail_width": 140, "title": "The Situ-mat-ation; Reg SHO ain\u2019t really shit", "top_awarded_type": null, "total_awards_received": 0, "treatment_tags": [], "ups": 15, "upvote_ratio": 0.8, "url": "https://www.reddit.com/gallery/11bwknm", "url_overridden_by_dest": "https://www.reddit.com/gallery/11bwknm", "user_reports": [], "view_count": null, "visited": false, "whitelist_status": null, "wls": null}], "discussion_type": null, "distinguished": null, "domain": "reddit.com", "edited": false, "gilded": 0, "gildings": {}, "hidden": false, "hide_score": false, "id": "11bwpto", "is_created_from_ads_ui": false, "is_crosspostable": true, "is_meta": false, "is_original_content": false, "is_reddit_media_domain": false, "is_robot_indexable": true, "is_self": false, "is_video": false, "link_flair_background_color": "", "link_flair_css_class": null, "link_flair_richtext": [], "link_flair_text": null, "link_flair_text_color": "dark", "link_flair_type": "text", "locked": false, "media": null, "media_embed": {}, "media_only": false, "name": "t3_11bwpto", "no_follow": false, "num_comments": 0, "num_crossposts": 0, "over_18": false, "parent_whitelist_status": null, "permalink": "/r/ThePPShow/comments/11bwpto/the_situmatation_reg_sho_aint_really_shit/", "pinned": false, "pwls": null, "quarantine": false, "removed_by": null, "removed_by_category": null, "retrieved_on": 1678313856, "score": 4, "secure_media": null, "secure_media_embed": {}, "selftext": "", "send_replies": false, "spoiler": false, "stickied": false, "subreddit": "ThePPShow", "subreddit_id": "t5_7q5o7y", "subreddit_name_prefixed": "r/ThePPShow", "subreddit_subscribers": 580, "subreddit_type": "public", "suggested_sort": null, "thumbnail": "https://b.thumbs.redditmedia.com/gBO3KPyLzBXw9nEr3ihlK-wuTmgCWHrspg0EFPXl7LI.jpg", "thumbnail_height": 64, "thumbnail_width": 140, "title": "The Situ-mat-ation; Reg SHO ain\u2019t really shit", "top_awarded_type": null, "total_awards_received": 0, "treatment_tags": [], "upvote_ratio": 0.83, "url": "https://www.reddit.com/gallery/11bwknm", "url_overridden_by_dest": "https://www.reddit.com/gallery/11bwknm", "view_count": null, "whitelist_status": null, "wls": null}, {"all_awardings": [], "allow_live_comments": false, "archived": false, "author": "[deleted]", "author_created_utc": null, "author_flair_background_color": "", "author_flair_css_class": null, "author_flair_template_id": null, "author_flair_text": null, "author_flair_text_color": "dark", "awarders": [], "banned_by": null, "can_gild": false, "can_mod_post": false, "category": null, "content_categories": null, "contest_mode": false, "created_utc": 1677291398, "discussion_type": null, "distinguished": null, "domain": "", "edited": false, "gilded": 0, "gildings": {}, "hidden": false, "hide_score": false, "id": "11b9abv", "is_created_from_ads_ui": false, "is_crosspostable": false, "is_meta": false, "is_original_content": false, "is_reddit_media_domain": false, "is_robot_indexable": false, "is_self": false, "is_video": false, "link_flair_background_color": "#ffd635", "link_flair_css_class": "", "link_flair_richtext": [], "link_flair_template_id": "cf8e4b00-8f0a-11ed-bcf5-ea5ecab695a0", "link_flair_text": "Stream Live Chat", "link_flair_text_color": "dark", "link_flair_type": "text", "locked": false, "media": {"oembed": {"author_name": "ThePPshow", "author_url": "https://www.youtube.com/@ThePPshow", "height": 200, "html": "&lt;iframe width=\"356\" height=\"200\" src=\"https://www.youtube.com/embed/U9MSjCNYUCI?feature=oembed&amp;enablejsapi=1\" frameborder=\"0\" allow=\"accelerometer; autoplay; clipboard-write; encrypted-media; gyroscope; picture-in-picture; web-share\" allowfullscreen title=\"ThePPShow BBBY Livestream\"&gt;&lt;/iframe&gt;", "provider_name": "YouTube", "provider_url": "https://www.youtube.com/", "thumbnail_height": 360, "thumbnail_url": "https://i.ytimg.com/vi/U9MSjCNYUCI/hqdefault.jpg", "thumbnail_width": 480, "title": "ThePPShow BBBY Livestream", "type": "video", "version": "1.0", "width": 356}, "type": "youtube.com"}, "media_embed": {"content": "&lt;iframe width=\"356\" height=\"200\" src=\"https://www.youtube.com/embed/U9MSjCNYUCI?feature=oembed&amp;enablejsapi=1\" frameborder=\"0\" allow=\"accelerometer; autoplay; clipboard-write; encrypted-media; gyroscope; picture-in-picture; web-share\" allowfullscreen title=\"ThePPShow BBBY Livestream\"&gt;&lt;/iframe&gt;", "height": 200, "scrolling": false, "width": 356}, "media_only": false, "name": "t3_11b9abv", "no_follow": false, "num_comments": 0, "num_crossposts": 0, "over_18": false, "parent_whitelist_status": null, "permalink": "/r/ThePPShow/comments/11b9abv/the_show_is_starting_soon_come_hang_out_lets_talk/", "pinned": false, "pwls": null, "quarantine": false, "removed_by": null, "removed_by_category": "deleted", "retrieved_on": 1678314858, "score": 6, "secure_media": {"oembed": {"author_name": "ThePPshow", "author_url": "https://www.youtube.com/@ThePPshow", "height": 200, "html": "&lt;iframe width=\"356\" height=\"200\" src=\"https://www.youtube.com/embed/U9MSjCNYUCI?feature=oembed&amp;enablejsapi=1\" frameborder=\"0\" allow=\"accelerometer; autoplay; clipboard-write; encrypted-media; gyroscope; picture-in-picture; web-share\" allowfullscreen title=\"ThePPShow BBBY Livestream\"&gt;&lt;/iframe&gt;", "provider_name": "YouTube", "provider_url": "https://www.youtube.com/", "thumbnail_height": 360, "thumbnail_url": "https://i.ytimg.com/vi/U9MSjCNYUCI/hqdefault.jpg", "thumbnail_width": 480, "title": "ThePPShow BBBY Livestream", "type": "video", "version": "1.0", "width": 356}, "type": "youtube.com"}, "secure_media_embed": {"content": "&lt;iframe width=\"356\" height=\"200\" src=\"https://www.youtube.com/embed/U9MSjCNYUCI?feature=oembed&amp;enablejsapi=1\" frameborder=\"0\" allow=\"accelerometer; autoplay; clipboard-write; encrypted-media; gyroscope; picture-in-picture; web-share\" allowfullscreen title=\"ThePPShow BBBY Livestream\"&gt;&lt;/iframe&gt;", "height": 200, "media_domain_url": "https://www.redditmedia.com/mediaembed/11b9abv", "scrolling": false, "width": 356}, "selftext": "[deleted]", "send_replies": true, "spoiler": false, "stickied": false, "subreddit": "ThePPShow", "subreddit_id": "t5_7q5o7y", "subreddit_name_prefixed": "r/ThePPShow", "subreddit_subscribers": 580, "subreddit_type": "public", "suggested_sort": null, "thumbnail": "default", "thumbnail_height": 105, "thumbnail_width": 140, "title": "THE SHOW IS STARTING SOON! COME HANG OUT LETS TALK STOCK!!! BBBY!", "top_awarded_type": null, "total_awards_received": 0, "treatment_tags": [], "upvote_ratio": 1.0, "url": "", "url_overridden_by_dest": "", "view_count": null, "whitelist_status": null, "wls": null}], "metadata": {"op_a": 61, "op_b": 50, "total": 112}, "error": null}