{"data": [{"all_awardings": [], "allow_live_comments": false, "archived": false, "author": "[deleted]", "author_created_utc": null, "author_flair_background_color": "", "author_flair_css_class": null, "author_flair_template_id": null, "author_flair_text": null, "author_flair_text_color": "dark", "awarders": [], "banned_by": null, "can_gild": false, "can_mod_post": false, "category": null, "content_categories": null, "contest_mode": false, "created_utc": 1675796438, "discussion_type": null, "distinguished": null, "domain": "", "edited": 1675830115.0, "gilded": 0, "gildings": {}, "hidden": false, "hide_score": false, "id": "10w9yvo", "is_created_from_ads_ui": false, "is_crosspostable": false, "is_meta": false, "is_original_content": false, "is_reddit_media_domain": false, "is_robot_indexable": false, "is_self": true, "is_video": false, "link_flair_background_color": "", "link_flair_css_class": null, "link_flair_richtext": [], "link_flair_text": null, "link_flair_text_color": "dark", "link_flair_type": "text", "locked": false, "media": null, "media_embed": {}, "media_only": false, "name": "t3_10w9yvo", "no_follow": false, "num_comments": 1, "num_crossposts": 0, "over_18": false, "parent_whitelist_status": null, "permalink": "/r/ThePPShow/comments/10w9yvo/guess_what_another_birthday_and_another_sec/", "pinned": false, "pwls": null, "quarantine": false, "removed_by": null, "removed_by_category": "deleted", "retrieved_on": 1678336820, "score": 9, "secure_media": null, "secure_media_embed": {}, "selftext": "[deleted]", "send_replies": true, "spoiler": false, "stickied": false, "subreddit": "ThePPShow", "subreddit_id": "t5_7q5o7y", "subreddit_name_prefixed": "r/ThePPShow", "subreddit_subscribers": 582, "subreddit_type": "public", "suggested_sort": null, "thumbnail": "default", "thumbnail_height": null, "thumbnail_width": null, "title": "Guess what - another birthday and another SEC filing coming soon... buckle up!", "top_awarded_type": null, "total_awards_received": 0, "treatment_tags": [], "upvote_ratio": 1.0, "url": "", "view_count": null, "whitelist_status": null, "wls": null}, {"all_awardings": [], "allow_live_comments": false, "archived": false, "author": "[deleted]", "author_created_utc": null, "author_flair_background_color": "", "author_flair_css_class": null, "author_flair_template_id": null, "author_flair_text": null, "author_flair_text_color": "dark", "awarders": [], "banned_by": null, "can_gild": false, "can_mod_post": false, "category": null, "content_categories": null, "contest_mode": false, "created_utc": 1675784072, "discussion_type": null, "distinguished": null, "domain": "", "edited": false, "gilded": 0, "gildings": {}, "hidden": false, "hide_score": false, "id": "10w4qyk", "is_created_from_ads_ui": false, "is_crosspostable": false, "is_meta": false, "is_original_content": false, "is_reddit_media_domain": false, "is_robot_indexable": false, "is_self": true, "is_video": false, "link_flair_background_color": "", "link_flair_css_class": null, "link_flair_richtext": [], "link_flair_text": null, "link_flair_text_color": "dark", "link_flair_type": "text", "locked": false, "media": null, "media_embed": {}, "media_only": false, "name": "t3_10w4qyk", "no_follow": false, "num_comments": 3, "num_crossposts": 0, "over_18": false, "parent_whitelist_status": null, "permalink": "/r/ThePPShow/comments/10w4qyk/pps_cell_phone_dream_he_got_on_friday_feb_3rd/", "pinned": false, "pwls": null, "quarantine": false, "removed_by": null, "removed_by_category": "deleted", "retrieved_on": 1678337033, "score": 7, "secure_media": null, "secure_media_embed": {}, "selftext": "[deleted]", "send_replies": true, "spoiler": false, "stickied": false, "subreddit": "ThePPShow", "subreddit_id": "t5_7q5o7y", "subreddit_name_prefixed": "r/ThePPShow", "subreddit_subscribers": 582, "subreddit_type": "public", "suggested_sort": null, "thumbnail": "default", "thumbnail_height": null, "thumbnail_width": null, "title": "PP's cell phone dream he got on Friday Feb 3rd interpretation", "top_awarded_type": null, "total_awards_received": 0, "treatment_tags": [], "upvote_ratio": 0.89, "url": "", "view_count": null, "whitelist_status": null, "wls": null}, {"all_awardings": [], "allow_live_comments": false, "archived": false, "author": "moonshot_69", "author_created_utc": 1662328354, "author_flair_background_color": null, "author_flair_css_class": null, "author_flair_richtext": [], "author_flair_template_id": null, "author_flair_text": null, "author_flair_text_color": null, "author_flair_type": "text", "author_fullname": "t2_rpv9h1mq", "author_patreon_flair": false, "author_premium": true, "awarders": [], "banned_by": null, "can_gild": true, "can_mod_post": false, "category": null, "content_categories": null, "contest_mode": false, "created_utc": 1675735299, "crosspost_parent": "t3_10voqgt", "crosspost_parent_list": [{"all_awardings": [], "allow_live_comments": false, "approved_at_utc": null, "approved_by": null, "archived": false, "author": "moonshot_69", "author_flair_background_color": "#d3d6da", "author_flair_css_class": null, "author_flair_richtext": [], "author_flair_template_id": "481f78aa-a004-11ed-ac31-5e57c8d9e576", "author_flair_text": "Kais Maleej", "author_flair_text_color": "dark", "author_flair_type": "text", "author_fullname": "t2_rpv9h1mq", "author_is_blocked": false, "author_patreon_flair": false, "author_premium": true, "awarders": [], "banned_at_utc": null, "banned_by": null, "can_gild": true, "can_mod_post": false, "category": null, "clicked": false, "content_categories": null, "contest_mode": false, "created": 1675733851.0, "created_utc": 1675733851.0, "discussion_type": null, "distinguished": null, "domain": "reddit.com", "downs": 0, "edited": false, "gallery_data": {"items": [{"id": 237918339, "media_id": "4zyr0qak7oga1"}, {"id": 237918340, "media_id": "q9ey0pak7oga1"}, {"id": 237918341, "media_id": "t5vpcpak7oga1"}, {"id": 237918342, "media_id": "d4v6qpak7oga1"}, {"id": 237918343, "media_id": "86rh5pak7oga1"}, {"id": 237918344, "media_id": "t7ppcpak7oga1"}, {"id": 237918345, "media_id": "2bxagpak7oga1"}, {"id": 237918346, "media_id": "uxaw0tak7oga1"}, {"id": 237918347, "media_id": "esqxqtak7oga1"}, {"id": 237918348, "media_id": "81wc7bbk7oga1"}, {"id": 237918349, "media_id": "fzuhwabk7oga1"}]}, "gilded": 0, "gildings": {}, "hidden": false, "hide_score": false, "id": "10voqgt", "is_created_from_ads_ui": false, "is_crosspostable": true, "is_gallery": true, "is_meta": false, "is_original_content": false, "is_reddit_media_domain": false, "is_robot_indexable": true, "is_self": false, "is_video": false, "likes": null, "link_flair_background_color": "#46d160", "link_flair_css_class": "", "link_flair_richtext": [], "link_flair_template_id": "80fe723c-9c23-11ed-9b55-7ab6cab9aad5", "link_flair_text": "Kais Maleej", "link_flair_text_color": "dark", "link_flair_type": "text", "locked": false, "media": null, "media_embed": {}, "media_metadata": {"2bxagpak7oga1": {"e": "Image", "id": "2bxagpak7oga1", "m": "image/jpg", "p": [{"u": "https://preview.redd.it/2bxagpak7oga1.jpg?width=108&amp;crop=smart&amp;auto=webp&amp;v=enabled&amp;s=10c60cd98e64a991d663c755b2443fdf0ba7ddfc", "x": 108, "y": 49}, {"u": "https://preview.redd.it/2bxagpak7oga1.jpg?width=216&amp;crop=smart&amp;auto=webp&amp;v=enabled&amp;s=466169e5200ab6705f9aab7ebe26cdb7f3929375", "x": 216, "y": 99}, {"u": "https://preview.redd.it/2bxagpak7oga1.jpg?width=320&amp;crop=smart&amp;auto=webp&amp;v=enabled&amp;s=4f21ce99d2233da6e77a9b234ba87d5b2a960b41", "x": 320, "y": 147}, {"u": "https://preview.redd.it/2bxagpak7oga1.jpg?width=640&amp;crop=smart&amp;auto=webp&amp;v=enabled&amp;s=3caac4b4f065402d75a16034772c797270284313", "x": 640, "y": 295}, {"u": "https://preview.redd.it/2bxagpak7oga1.jpg?width=960&amp;crop=smart&amp;auto=webp&amp;v=enabled&amp;s=5f123820ed200c5895b0e1266b06caeb9c96d6bb", "x": 960, "y": 443}, {"u": "https://preview.redd.it/2bxagpak7oga1.jpg?width=1080&amp;crop=smart&amp;auto=webp&amp;v=enabled&amp;s=c836716bb8e9d407aa3d8dba71e8c9d727a1069e", "x": 1080, "y": 498}], "s": {"u": "https://preview.redd.it/2bxagpak7oga1.jpg?width=2436&amp;format=pjpg&amp;auto=webp&amp;v=enabled&amp;s=8f647bd77fbedd3f10ed910260277f5dd6d4c8e1", "x": 2436, "y": 1125}, "status": "valid"}, "4zyr0qak7oga1": {"e": "Image", "id": "4zyr0qak7oga1", "m": "image/jpg", "p": [{"u": "https://preview.redd.it/4zyr0qak7oga1.jpg?width=108&amp;crop=smart&amp;auto=webp&amp;v=enabled&amp;s=1f8a9493fa5cf935faaba72076438d85b9315f27", "x": 108, "y": 49}, {"u": "https://preview.redd.it/4zyr0qak7oga1.jpg?width=216&amp;crop=smart&amp;auto=webp&amp;v=enabled&amp;s=76bfe89db5498e9e1e5d317c07646d2db26e42f6", "x": 216, "y": 99}, {"u": "https://preview.redd.it/4zyr0qak7oga1.jpg?width=320&amp;crop=smart&amp;auto=webp&amp;v=enabled&amp;s=224bb5c696c95832f5b51d737c5183ae95d30676", "x": 320, "y": 147}, {"u": "https://preview.redd.it/4zyr0qak7oga1.jpg?width=640&amp;crop=smart&amp;auto=webp&amp;v=enabled&amp;s=57b9f2fbfd8e50edb35a0625382bfba9ec5e6123", "x": 640, "y": 295}, {"u": "https://preview.redd.it/4zyr0qak7oga1.jpg?width=960&amp;crop=smart&amp;auto=webp&amp;v=enabled&amp;s=fbe5b718512d589df779c70bb7ab9113bb3fad85", "x": 960, "y": 443}, {"u": "https://preview.redd.it/4zyr0qak7oga1.jpg?width=1080&amp;crop=smart&amp;auto=webp&amp;v=enabled&amp;s=9845d6615e633396b44b3123eccd7bcce56b6572", "x": 1080, "y": 498}], "s": {"u": "https://preview.redd.it/4zyr0qak7oga1.jpg?width=2436&amp;format=pjpg&amp;auto=webp&amp;v=enabled&amp;s=095bbd71babcbb889a7c5180eda6600d6aeac10a", "x": 2436, "y": 1125}, "status": "valid"}, "81wc7bbk7oga1": {"e": "Image", "id": "81wc7bbk7oga1", "m": "image/jpg", "p": [{"u": "https://preview.redd.it/81wc7bbk7oga1.jpg?width=108&amp;crop=smart&amp;auto=webp&amp;v=enabled&amp;s=0ac4b2e7330655236e244ce365e1e36177d74d5f", "x": 108, "y": 49}, {"u": "https://preview.redd.it/81wc7bbk7oga1.jpg?width=216&amp;crop=smart&amp;auto=webp&amp;v=enabled&amp;s=155bad4cd0612a18361552c2550669fdae593a87", "x": 216, "y": 99}, {"u": "https://preview.redd.it/81wc7bbk7oga1.jpg?width=320&amp;crop=smart&amp;auto=webp&amp;v=enabled&amp;s=cb0ecb8e135febc9ebcbef7e34bf1d60083ec8ac", "x": 320, "y": 147}, {"u": "https://preview.redd.it/81wc7bbk7oga1.jpg?width=640&amp;crop=smart&amp;auto=webp&amp;v=enabled&amp;s=ec7b9e0b99d218596cb3e094c97f847ea367b569", "x": 640, "y": 295}, {"u": "https://preview.redd.it/81wc7bbk7oga1.jpg?width=960&amp;crop=smart&amp;auto=webp&amp;v=enabled&amp;s=f352e608343d1aea448f2c345de72f9430b26e8e", "x": 960, "y": 443}, {"u": "https://preview.redd.it/81wc7bbk7oga1.jpg?width=1080&amp;crop=smart&amp;auto=webp&amp;v=enabled&amp;s=17958289eb59bd50335f70a6bb3a91cd045a76c0", "x": 1080, "y": 498}], "s": {"u": "https://preview.redd.it/81wc7bbk7oga1.jpg?width=2436&amp;format=pjpg&amp;auto=webp&amp;v=enabled&amp;s=312b276f8762e46256d77d6b3cafd9d8d17ed50b", "x": 2436, "y": 1125}, "status": "valid"}, "86rh5pak7oga1": {"e": "Image", "id": "86rh5pak7oga1", "m": "image/jpg", "p": [{"u": "https://preview.redd.it/86rh5pak7oga1.jpg?width=108&amp;crop=smart&amp;auto=webp&amp;v=enabled&amp;s=23f8f44c23d7dcf61095b7a17b37b48e0a144339", "x": 108, "y": 49}, {"u": "https://preview.redd.it/86rh5pak7oga1.jpg?width=216&amp;crop=smart&amp;auto=webp&amp;v=enabled&amp;s=060369b515f6f9f307e1f1155bdc125fd6c3b83e", "x": 216, "y": 99}, {"u": "https://preview.redd.it/86rh5pak7oga1.jpg?width=320&amp;crop=smart&amp;auto=webp&amp;v=enabled&amp;s=42653e69d2e712198ac13c251d929fa0ead00fb4", "x": 320, "y": 147}, {"u": "https://preview.redd.it/86rh5pak7oga1.jpg?width=640&amp;crop=smart&amp;auto=webp&amp;v=enabled&amp;s=a0ed33fd19753aa9ea6a1b506242d936d427804d", "x": 640, "y": 295}, {"u": "https://preview.redd.it/86rh5pak7oga1.jpg?width=960&amp;crop=smart&amp;auto=webp&amp;v=enabled&amp;s=f00d633a33b9fd9ea04115f14518f27cbd1fbf67", "x": 960, "y": 443}, {"u": "https://preview.redd.it/86rh5pak7oga1.jpg?width=1080&amp;crop=smart&amp;auto=webp&amp;v=enabled&amp;s=fa2d45409d7465832a983ffc8299bcf300d7e179", "x": 1080, "y": 498}], "s": {"u": "https://preview.redd.it/86rh5pak7oga1.jpg?width=2436&amp;format=pjpg&amp;auto=webp&amp;v=enabled&amp;s=deaa69847cc337327a048340839fb8eca21aac51", "x": 2436, "y": 1125}, "status": "valid"}, "d4v6qpak7oga1": {"e": "Image", "id": "d4v6qpak7oga1", "m": "image/jpg", "p": [{"u": "https://preview.redd.it/d4v6qpak7oga1.jpg?width=108&amp;crop=smart&amp;auto=webp&amp;v=enabled&amp;s=5fbac23b792f6de34f0e195be2b8c4c6ebafdaed", "x": 108, "y": 49}, {"u": "https://preview.redd.it/d4v6qpak7oga1.jpg?width=216&amp;crop=smart&amp;auto=webp&amp;v=enabled&amp;s=44dfdf26ab769bdef686a5a18c5d41ca96d857d0", "x": 216, "y": 99}, {"u": "https://preview.redd.it/d4v6qpak7oga1.jpg?width=320&amp;crop=smart&amp;auto=webp&amp;v=enabled&amp;s=dac797905747416aa1543e201c1246c633e94b11", "x": 320, "y": 147}, {"u": "https://preview.redd.it/d4v6qpak7oga1.jpg?width=640&amp;crop=smart&amp;auto=webp&amp;v=enabled&amp;s=32ea3094d8c9da544315cc12aa9b09e63399ec79", "x": 640, "y": 295}, {"u": "https://preview.redd.it/d4v6qpak7oga1.jpg?width=960&amp;crop=smart&amp;auto=webp&amp;v=enabled&amp;s=5a5b14dc65a39b95ae4022c78e8e1fbc0adf46b0", "x": 960, "y": 443}, {"u": "https://preview.redd.it/d4v6qpak7oga1.jpg?width=1080&amp;crop=smart&amp;auto=webp&amp;v=enabled&amp;s=b0596e92a852af8dd0a6c230b173456cabdc2e87", "x": 1080, "y": 498}], "s": {"u": "https://preview.redd.it/d4v6qpak7oga1.jpg?width=2436&amp;format=pjpg&amp;auto=webp&amp;v=enabled&amp;s=79e04247fc037896d55f907f5f392735f9033d51", "x": 2436, "y": 1125}, "status": "valid"}, "esqxqtak7oga1": {"e": "Image", "id": "esqxqtak7oga1", "m": "image/jpg", "p": [{"u": "https://preview.redd.it/esqxqtak7oga1.jpg?width=108&amp;crop=smart&amp;auto=webp&amp;v=enabled&amp;s=f8b930115fc01481b02c50b88bf34aafcf627e86", "x": 108, "y": 49}, {"u": "https://preview.redd.it/esqxqtak7oga1.jpg?width=216&amp;crop=smart&amp;auto=webp&amp;v=enabled&amp;s=f4b74aad9f607e08cd794ea56395162fbbba3a78", "x": 216, "y": 99}, {"u": "https://preview.redd.it/esqxqtak7oga1.jpg?width=320&amp;crop=smart&amp;auto=webp&amp;v=enabled&amp;s=6b2af94a3b4717e9956bdf9525d29a9a501dcd2c", "x": 320, "y": 147}, {"u": "https://preview.redd.it/esqxqtak7oga1.jpg?width=640&amp;crop=smart&amp;auto=webp&amp;v=enabled&amp;s=a061086b7b90de86d104d357f01ce62d4a54c660", "x": 640, "y": 295}, {"u": "https://preview.redd.it/esqxqtak7oga1.jpg?width=960&amp;crop=smart&amp;auto=webp&amp;v=enabled&amp;s=85f1ddc7c1698d5fd3fbd1e2831a14cf1c4e34cc", "x": 960, "y": 443}, {"u": "https://preview.redd.it/esqxqtak7oga1.jpg?width=1080&amp;crop=smart&amp;auto=webp&amp;v=enabled&amp;s=18424328fcfccb1094ec8d15bdcf513aba13f725", "x": 1080, "y": 498}], "s": {"u": "https://preview.redd.it/esqxqtak7oga1.jpg?width=2436&amp;format=pjpg&amp;auto=webp&amp;v=enabled&amp;s=4d502e69cd99f3b14cf49af3993617baa19971bc", "x": 2436, "y": 1125}, "status": "valid"}, "fzuhwabk7oga1": {"e": "Image", "id": "fzuhwabk7oga1", "m": "image/jpg", "p": [{"u": "https://preview.redd.it/fzuhwabk7oga1.jpg?width=108&amp;crop=smart&amp;auto=webp&amp;v=enabled&amp;s=e95f484926d94732225ac3c3c173f11a948c37b6", "x": 108, "y": 49}, {"u": "https://preview.redd.it/fzuhwabk7oga1.jpg?width=216&amp;crop=smart&amp;auto=webp&amp;v=enabled&amp;s=1441cba0490f2bf30b0a5edb405fd6b51b05ddc0", "x": 216, "y": 99}, {"u": "https://preview.redd.it/fzuhwabk7oga1.jpg?width=320&amp;crop=smart&amp;auto=webp&amp;v=enabled&amp;s=2afb1ef2e68812ab8f153fdc156ebd8e50341152", "x": 320, "y": 147}, {"u": "https://preview.redd.it/fzuhwabk7oga1.jpg?width=640&amp;crop=smart&amp;auto=webp&amp;v=enabled&amp;s=078b6c97ee31aa679634ee71e6d830b3f74d4ae2", "x": 640, "y": 295}, {"u": "https://preview.redd.it/fzuhwabk7oga1.jpg?width=960&amp;crop=smart&amp;auto=webp&amp;v=enabled&amp;s=8595d39546fd1ac80ce54cebd4c6dd3b173a6fda", "x": 960, "y": 443}, {"u": "https://preview.redd.it/fzuhwabk7oga1.jpg?width=1080&amp;crop=smart&amp;auto=webp&amp;v=enabled&amp;s=12536c2440914f23bcb5a182df5c3d5a49015246", "x": 1080, "y": 498}], "s": {"u": "https://preview.redd.it/fzuhwabk7oga1.jpg?width=2436&amp;format=pjpg&amp;auto=webp&amp;v=enabled&amp;s=6c7fe3b5221519a60ae81fd3ccafc54b0540059f", "x": 2436, "y": 1125}, "status": "valid"}, "q9ey0pak7oga1": {"e": "Image", "id": "q9ey0pak7oga1", "m": "image/jpg", "p": [{"u": "https://preview.redd.it/q9ey0pak7oga1.jpg?width=108&amp;crop=smart&amp;auto=webp&amp;v=enabled&amp;s=2347eb8a711db1cc8e5a456d1b0f819ce0988724", "x": 108, "y": 49}, {"u": "https://preview.redd.it/q9ey0pak7oga1.jpg?width=216&amp;crop=smart&amp;auto=webp&amp;v=enabled&amp;s=46831ff91e225cd7b355879045a3b9b4bbac338e", "x": 216, "y": 99}, {"u": "https://preview.redd.it/q9ey0pak7oga1.jpg?width=320&amp;crop=smart&amp;auto=webp&amp;v=enabled&amp;s=cdb0920cca20cd1fb164efb71596323bd25a4712", "x": 320, "y": 147}, {"u": "https://preview.redd.it/q9ey0pak7oga1.jpg?width=640&amp;crop=smart&amp;auto=webp&amp;v=enabled&amp;s=284f671d1d448294d17471235f736247830cd766", "x": 640, "y": 295}, {"u": "https://preview.redd.it/q9ey0pak7oga1.jpg?width=960&amp;crop=smart&amp;auto=webp&amp;v=enabled&amp;s=2dd8be7f59ff08e98e7583aba4cf2e4731dfb7e9", "x": 960, "y": 443}, {"u": "https://preview.redd.it/q9ey0pak7oga1.jpg?width=1080&amp;crop=smart&amp;auto=webp&amp;v=enabled&amp;s=5b690e367f1a6a2e927bc209a6eeb3e863bba8d9", "x": 1080, "y": 498}], "s": {"u": "https://preview.redd.it/q9ey0pak7oga1.jpg?width=2436&amp;format=pjpg&amp;auto=webp&amp;v=enabled&amp;s=eaff10fb0220af1eb96d72d8dfcfdc593e5d18a3", "x": 2436, "y": 1125}, "status": "valid"}, "t5vpcpak7oga1": {"e": "Image", "id": "t5vpcpak7oga1", "m": "image/jpg", "p": [{"u": "https://preview.redd.it/t5vpcpak7oga1.jpg?width=108&amp;crop=smart&amp;auto=webp&amp;v=enabled&amp;s=0ba9f2d62d99e3eefb9645059752933180b73027", "x": 108, "y": 49}, {"u": "https://preview.redd.it/t5vpcpak7oga1.jpg?width=216&amp;crop=smart&amp;auto=webp&amp;v=enabled&amp;s=6d60d2726677a0dc0d3fe93f2156e9ea04f457c2", "x": 216, "y": 99}, {"u": "https://preview.redd.it/t5vpcpak7oga1.jpg?width=320&amp;crop=smart&amp;auto=webp&amp;v=enabled&amp;s=b36c17caacf9a683199b6a10d0c1f5a8c805e83c", "x": 320, "y": 147}, {"u": "https://preview.redd.it/t5vpcpak7oga1.jpg?width=640&amp;crop=smart&amp;auto=webp&amp;v=enabled&amp;s=a5f9b449473e75cb113460fe46f86822cd25b842", "x": 640, "y": 295}, {"u": "https://preview.redd.it/t5vpcpak7oga1.jpg?width=960&amp;crop=smart&amp;auto=webp&amp;v=enabled&amp;s=1b90cf3a615c601aa7fe7cbe3b10bc6c18879fdd", "x": 960, "y": 443}, {"u": "https://preview.redd.it/t5vpcpak7oga1.jpg?width=1080&amp;crop=smart&amp;auto=webp&amp;v=enabled&amp;s=e38bf7cf882dd1110ef1cab47d4134ea5a2cb5a8", "x": 1080, "y": 498}], "s": {"u": "https://preview.redd.it/t5vpcpak7oga1.jpg?width=2436&amp;format=pjpg&amp;auto=webp&amp;v=enabled&amp;s=66f2f5c508aecee0693b6b8a6c79c079bd221dd2", "x": 2436, "y": 1125}, "status": "valid"}, "t7ppcpak7oga1": {"e": "Image", "id": "t7ppcpak7oga1", "m": "image/jpg", "p": [{"u": "https://preview.redd.it/t7ppcpak7oga1.jpg?width=108&amp;crop=smart&amp;auto=webp&amp;v=enabled&amp;s=400b75e7ec96f73f89034fdaa77e66c72f2cba0c", "x": 108, "y": 49}, {"u": "https://preview.redd.it/t7ppcpak7oga1.jpg?width=216&amp;crop=smart&amp;auto=webp&amp;v=enabled&amp;s=79e628b27e3974a94e16aabc738818062c7335c2", "x": 216, "y": 99}, {"u": "https://preview.redd.it/t7ppcpak7oga1.jpg?width=320&amp;crop=smart&amp;auto=webp&amp;v=enabled&amp;s=9c8f87e62ca969896bb671e4fdd5c8085adc88ae", "x": 320, "y": 147}, {"u": "https://preview.redd.it/t7ppcpak7oga1.jpg?width=640&amp;crop=smart&amp;auto=webp&amp;v=enabled&amp;s=4e2b3732fffc0370f7835250109e23bd26346665", "x": 640, "y": 295}, {"u": "https://preview.redd.it/t7ppcpak7oga1.jpg?width=960&amp;crop=smart&amp;auto=webp&amp;v=enabled&amp;s=20fa9eef2eb555aafa6a24e4cb6225b7825146b3", "x": 960, "y": 443}, {"u": "https://preview.redd.it/t7ppcpak7oga1.jpg?width=1080&amp;crop=smart&amp;auto=webp&amp;v=enabled&amp;s=aef8a0014bd5fdbc03bc70cdf21635f94a7b1bd0", "x": 1080, "y": 498}], "s": {"u": "https://preview.redd.it/t7ppcpak7oga1.jpg?width=2436&amp;format=pjpg&amp;auto=webp&amp;v=enabled&amp;s=dc9b1ca0c12f45b5884b0a34d5257a559f292495", "x": 2436, "y": 1125}, "status": "valid"}, "uxaw0tak7oga1": {"e": "Image", "id": "uxaw0tak7oga1", "m": "image/jpg", "p": [{"u": "https://preview.redd.it/uxaw0tak7oga1.jpg?width=108&amp;crop=smart&amp;auto=webp&amp;v=enabled&amp;s=f3156117b76404fc358d54594b76c3b9de245a97", "x": 108, "y": 49}, {"u": "https://preview.redd.it/uxaw0tak7oga1.jpg?width=216&amp;crop=smart&amp;auto=webp&amp;v=enabled&amp;s=4c9e2d10c31cb12c13109ebedd56a79b6c2192b7", "x": 216, "y": 99}, {"u": "https://preview.redd.it/uxaw0tak7oga1.jpg?width=320&amp;crop=smart&amp;auto=webp&amp;v=enabled&amp;s=c5d0c68d475dd6eb9e2667c6e8a0506c31ca6989", "x": 320, "y": 147}, {"u": "https://preview.redd.it/uxaw0tak7oga1.jpg?width=640&amp;crop=smart&amp;auto=webp&amp;v=enabled&amp;s=da95de359db7176348d57cd61293560eded048ed", "x": 640, "y": 295}, {"u": "https://preview.redd.it/uxaw0tak7oga1.jpg?width=960&amp;crop=smart&amp;auto=webp&amp;v=enabled&amp;s=5816303d62bdcd8d6d1dde5c65417735b721a4e3", "x": 960, "y": 443}, {"u": "https://preview.redd.it/uxaw0tak7oga1.jpg?width=1080&amp;crop=smart&amp;auto=webp&amp;v=enabled&amp;s=7fe5c284fc273759869c5b733aa18bc5776ff358", "x": 1080, "y": 498}], "s": {"u": "https://preview.redd.it/uxaw0tak7oga1.jpg?width=2436&amp;format=pjpg&amp;auto=webp&amp;v=enabled&amp;s=f2a23eb762f9690c5c053d773454ff61ee6e1976", "x": 2436, "y": 1125}, "status": "valid"}}, "media_only": false, "mod_note": null, "mod_reason_by": null, "mod_reason_title": null, "mod_reports": [], "name": "t3_10voqgt", "no_follow": false, "num_comments": 9, "num_crossposts": 1, "num_reports": null, "over_18": false, "parent_whitelist_status": null, "permalink": "/r/bbby_remastered/comments/10voqgt/the_situation_i_tried_to_get_through_the_filings/", "pinned": false, "pwls": null, "quarantine": false, "removal_reason": null, "removed_by": null, "removed_by_category": null, "report_reasons": null, "saved": false, "score": 18, "secure_media": null, "secure_media_embed": {}, "selftext": "", "selftext_html": null, "send_replies": true, "spoiler": false, "stickied": false, "subreddit": "bbby_remastered", "subreddit_id": "t5_7tgjqd", "subreddit_name_prefixed": "r/bbby_remastered", "subreddit_subscribers": 1034, "subreddit_type": "public", "suggested_sort": null, "thumbnail": "https://b.thumbs.redditmedia.com/Yg4ICSwwfo5q7FE0yMKJgRsXBWDUja5gZ3JT-KQvpww.jpg", "thumbnail_height": 64, "thumbnail_width": 140, "title": "The Situation: I tried to get through the filings, but I remembered that I am severely regarded", "top_awarded_type": null, "total_awards_received": 0, "treatment_tags": [], "ups": 18, "upvote_ratio": 1.0, "url": "https://www.reddit.com/gallery/10voqgt", "url_overridden_by_dest": "https://www.reddit.com/gallery/10voqgt", "user_reports": [], "view_count": null, "visited": false, "whitelist_status": null, "wls": null}], "discussion_type": null, "distinguished": null, "domain": "reddit.com", "edited": false, "gilded": 0, "gildings": {}, "hidden": false, "hide_score": false, "id": "10vpaf9", "is_created_from_ads_ui": false, "is_crosspostable": true, "is_meta": false, "is_original_content": false, "is_reddit_media_domain": false, "is_robot_indexable": true, "is_self": false, "is_video": false, "link_flair_background_color": "", "link_flair_css_class": null, "link_flair_richtext": [], "link_flair_text": null, "link_flair_text_color": "dark", "link_flair_type": "text", "locked": false, "media": null, "media_embed": {}, "media_only": false, "name": "t3_10vpaf9", "no_follow": false, "num_comments": 0, "num_crossposts": 0, "over_18": false, "parent_whitelist_status": null, "permalink": "/r/ThePPShow/comments/10vpaf9/tried_my_best/", "pinned": false, "pwls": null, "quarantine": false, "removed_by": null, "removed_by_category": null, "retrieved_on": 1678337650, "score": 4, "secure_media": null, "secure_media_embed": {}, "selftext": "", "send_replies": false, "spoiler": false, "stickied": false, "subreddit": "ThePPShow", "subreddit_id": "t5_7q5o7y", "subreddit_name_prefixed": "r/ThePPShow", "subreddit_subscribers": 582, "subreddit_type": "public", "suggested_sort": null, "thumbnail": "https://b.thumbs.redditmedia.com/Yg4ICSwwfo5q7FE0yMKJgRsXBWDUja5gZ3JT-KQvpww.jpg", "thumbnail_height": 64, "thumbnail_width": 140, "title": "Tried my best", "top_awarded_type": null, "total_awards_received": 0, "treatment_tags": [], "upvote_ratio": 1.0, "url": "https://www.reddit.com/gallery/10voqgt", "url_overridden_by_dest": "https://www.reddit.com/gallery/10voqgt", "view_count": null, "whitelist_status": null, "wls": null}, {"all_awardings": [], "allow_live_comments": false, "archived": false, "author": "[deleted]", "author_created_utc": null, "author_flair_background_color": "", "author_flair_css_class": null, "author_flair_template_id": null, "author_flair_text": null, "author_flair_text_color": "dark", "awarders": [], "banned_by": null, "can_gild": false, "can_mod_post": false, "category": null, "content_categories": null, "contest_mode": false, "created_utc": 1675730486, "discussion_type": null, "distinguished": null, "domain": "", "edited": false, "gilded": 0, "gildings": {}, "hidden": false, "hide_score": false, "id": "10vnfxz", "is_created_from_ads_ui": false, "is_crosspostable": false, "is_meta": false, "is_original_content": false, "is_reddit_media_domain": false, "is_robot_indexable": false, "is_self": false, "is_video": false, "link_flair_background_color": "#ffd635", "link_flair_css_class": "", "link_flair_richtext": [], "link_flair_template_id": "b389bcaa-8f0a-11ed-9b6e-1e9f599434b1", "link_flair_text": "Stream announcement", "link_flair_text_color": "dark", "link_flair_type": "text", "locked": false, "media": {"oembed": {"author_name": "ThePPshow", "author_url": "https://www.youtube.com/@ThePPshow", "height": 200, "html": "&lt;iframe width=\"356\" height=\"200\" src=\"https://www.youtube.com/embed/q5nZVfuPjJw?feature=oembed&amp;enablejsapi=1\" frameborder=\"0\" allow=\"accelerometer; autoplay; clipboard-write; encrypted-media; gyroscope; picture-in-picture; web-share\" allowfullscreen title=\"ThePPShow BBBY Livestream\"&gt;&lt;/iframe&gt;", "provider_name": "YouTube", "provider_url": "https://www.youtube.com/", "thumbnail_height": 360, "thumbnail_url": "https://i.ytimg.com/vi/q5nZVfuPjJw/hqdefault.jpg", "thumbnail_width": 480, "title": "ThePPShow BBBY Livestream", "type": "video", "version": "1.0", "width": 356}, "type": "youtube.com"}, "media_embed": {"content": "&lt;iframe width=\"356\" height=\"200\" src=\"https://www.youtube.com/embed/q5nZVfuPjJw?feature=oembed&amp;enablejsapi=1\" frameborder=\"0\" allow=\"accelerometer; autoplay; clipboard-write; encrypted-media; gyroscope; picture-in-picture; web-share\" allowfullscreen title=\"ThePPShow BBBY Livestream\"&gt;&lt;/iframe&gt;", "height": 200, "scrolling": false, "width": 356}, "media_only": false, "name": "t3_10vnfxz", "no_follow": false, "num_comments": 1, "num_crossposts": 0, "over_18": false, "parent_whitelist_status": null, "permalink": "/r/ThePPShow/comments/10vnfxz/theppshow_is_starting_soon_come_hangout_lets_talk/", "pinned": false, "pwls": null, "quarantine": false, "removed_by": null, "removed_by_category": "deleted", "retrieved_on": 1678337724, "score": 11, "secure_media": {"oembed": {"author_name": "ThePPshow", "author_url": "https://www.youtube.com/@ThePPshow", "height": 200, "html": "&lt;iframe width=\"356\" height=\"200\" src=\"https://www.youtube.com/embed/q5nZVfuPjJw?feature=oembed&amp;enablejsapi=1\" frameborder=\"0\" allow=\"accelerometer; autoplay; clipboard-write; encrypted-media; gyroscope; picture-in-picture; web-share\" allowfullscreen title=\"ThePPShow BBBY Livestream\"&gt;&lt;/iframe&gt;", "provider_name": "YouTube", "provider_url": "https://www.youtube.com/", "thumbnail_height": 360, "thumbnail_url": "https://i.ytimg.com/vi/q5nZVfuPjJw/hqdefault.jpg", "thumbnail_width": 480, "title": "ThePPShow BBBY Livestream", "type": "video", "version": "1.0", "width": 356}, "type": "youtube.com"}, "secure_media_embed": {"content": "&lt;iframe width=\"356\" height=\"200\" src=\"https://www.youtube.com/embed/q5nZVfuPjJw?feature=oembed&amp;enablejsapi=1\" frameborder=\"0\" allow=\"accelerometer; autoplay; clipboard-write; encrypted-media; gyroscope; picture-in-picture; web-share\" allowfullscreen title=\"ThePPShow BBBY Livestream\"&gt;&lt;/iframe&gt;", "height": 200, "media_domain_url": "https://www.redditmedia.com/mediaembed/10vnfxz", "scrolling": false, "width": 356}, "selftext": "[deleted]", "send_replies": true, "spoiler": false, "stickied": false, "subreddit": "ThePPShow", "subreddit_id": "t5_7q5o7y", "subreddit_name_prefixed": "r/ThePPShow", "subreddit_subscribers": 582, "subreddit_type": "public", "suggested_sort": null, "thumbnail": "default", "thumbnail_height": 105, "thumbnail_width": 140, "title": "ThePPShow Is starting soon! Come hangout lets talk stocks!!!", "top_awarded_type": null, "total_awards_received": 0, "treatment_tags": [], "upvote_ratio": 0.87, "url": "", "url_overridden_by_dest": "", "view_count": null, "whitelist_status": null, "wls": null}, {"all_awardings": [], "allow_live_comments": false, "archived": false, "author": "portrepublic", "author_created_utc": 1576019863, "author_flair_background_color": null, "author_flair_css_class": null, "author_flair_richtext": [], "author_flair_template_id": null, "author_flair_text": null, "author_flair_text_color": null, "author_flair_type": "text", "author_fullname": "t2_4dnzmql1", "author_patreon_flair": false, "author_premium": true, "awarders": [], "banned_by": null, "can_gild": true, "can_mod_post": false, "category": null, "content_categories": null, "contest_mode": false, "created_utc": 1675729311, "discussion_type": null, "distinguished": null, "domain": "self.ThePPShow", "edited": false, "gilded": 0, "gildings": {}, "hidden": false, "hide_score": false, "id": "10vmzzm", "is_created_from_ads_ui": false, "is_crosspostable": true, "is_meta": false, "is_original_content": false, "is_reddit_media_domain": false, "is_robot_indexable": true, "is_self": true, "is_video": false, "link_flair_background_color": "", "link_flair_css_class": null, "link_flair_richtext": [], "link_flair_text": null, "link_flair_text_color": "dark", "link_flair_type": "text", "locked": false, "media": null, "media_embed": {}, "media_only": false, "name": "t3_10vmzzm", "no_follow": false, "num_comments": 4, "num_crossposts": 0, "over_18": false, "parent_whitelist_status": null, "permalink": "/r/ThePPShow/comments/10vmzzm/we_need_runningwithbearz_tonight/", "pinned": false, "pwls": null, "quarantine": false, "removed_by": null, "removed_by_category": null, "retrieved_on": 1678337741, "score": 10, "secure_media": null, "secure_media_embed": {}, "selftext": "u/runningwithbearz you free?", "send_replies": true, "spoiler": false, "stickied": false, "subreddit": "ThePPShow", "subreddit_id": "t5_7q5o7y", "subreddit_name_prefixed": "r/ThePPShow", "subreddit_subscribers": 582, "subreddit_type": "public", "suggested_sort": null, "thumbnail": "self", "thumbnail_height": null, "thumbnail_width": null, "title": "We need runningwithbearz tonight!", "top_awarded_type": null, "total_awards_received": 0, "treatment_tags": [], "upvote_ratio": 0.86, "url": "https://www.reddit.com/r/ThePPShow/comments/10vmzzm/we_need_runningwithbearz_tonight/", "view_count": null, "whitelist_status": null, "wls": null}], "metadata": {"op_a": 56, "op_b": 49, "total": 105}, "error": null}