{"data": [{"all_awardings": [{"award_sub_type": "PREMIUM", "award_type": "global", "awardings_required_to_grant_benefits": null, "coin_price": 30, "coin_reward": 0, "count": 1, "days_of_drip_extension": null, "days_of_premium": null, "description": "A glittering stamp for a feel-good thing", "end_date": null, "giver_coin_reward": null, "icon_format": null, "icon_height": 2048, "icon_url": "https://i.redd.it/award_images/t5_22cerq/b9ks3a5k7jj41_WholesomeSealofApproval.png", "icon_width": 2048, "id": "award_c4b2e438-16bb-4568-88e7-7893b7662944", "is_enabled": true, "is_new": false, "name": "Wholesome Seal of Approval", "penny_donate": null, "penny_price": null, "resized_icons": [{"height": 16, "url": "https://preview.redd.it/award_images/t5_22cerq/b9ks3a5k7jj41_WholesomeSealofApproval.png?width=16&amp;height=16&amp;auto=webp&amp;v=enabled&amp;s=703f779c36fa6c24a87048219c8ad79c38f588dc", "width": 16}, {"height": 32, "url": "https://preview.redd.it/award_images/t5_22cerq/b9ks3a5k7jj41_WholesomeSealofApproval.png?width=32&amp;height=32&amp;auto=webp&amp;v=enabled&amp;s=f1353fd49988371ae4b98114d2f30ad3abd2435e", "width": 32}, {"height": 48, "url": "https://preview.redd.it/award_images/t5_22cerq/b9ks3a5k7jj41_WholesomeSealofApproval.png?width=48&amp;height=48&amp;auto=webp&amp;v=enabled&amp;s=a6325378b5acbd6940233feeeab0d6cc936467c9", "width": 48}, {"height": 64, "url": "https://preview.redd.it/award_images/t5_22cerq/b9ks3a5k7jj41_WholesomeSealofApproval.png?width=64&amp;height=64&amp;auto=webp&amp;v=enabled&amp;s=aa1d8321e60dc611ebc686f814b0ad996d1056c5", "width": 64}, {"height": 128, "url": "https://preview.redd.it/award_images/t5_22cerq/b9ks3a5k7jj41_WholesomeSealofApproval.png?width=128&amp;height=128&amp;auto=webp&amp;v=enabled&amp;s=4c5a9a5cf1591f7074c67a67339e34fbf34a3107", "width": 128}], "resized_static_icons": [{"height": 16, "url": "https://preview.redd.it/award_images/t5_22cerq/b9ks3a5k7jj41_WholesomeSealofApproval.png?width=16&amp;height=16&amp;auto=webp&amp;v=enabled&amp;s=703f779c36fa6c24a87048219c8ad79c38f588dc", "width": 16}, {"height": 32, "url": "https://preview.redd.it/award_images/t5_22cerq/b9ks3a5k7jj41_WholesomeSealofApproval.png?width=32&amp;height=32&amp;auto=webp&amp;v=enabled&amp;s=f1353fd49988371ae4b98114d2f30ad3abd2435e", "width": 32}, {"height": 48, "url": "https://preview.redd.it/award_images/t5_22cerq/b9ks3a5k7jj41_WholesomeSealofApproval.png?width=48&amp;height=48&amp;auto=webp&amp;v=enabled&amp;s=a6325378b5acbd6940233feeeab0d6cc936467c9", "width": 48}, {"height": 64, "url": "https://preview.redd.it/award_images/t5_22cerq/b9ks3a5k7jj41_WholesomeSealofApproval.png?width=64&amp;height=64&amp;auto=webp&amp;v=enabled&amp;s=aa1d8321e60dc611ebc686f814b0ad996d1056c5", "width": 64}, {"height": 128, "url": "https://preview.redd.it/award_images/t5_22cerq/b9ks3a5k7jj41_WholesomeSealofApproval.png?width=128&amp;height=128&amp;auto=webp&amp;v=enabled&amp;s=4c5a9a5cf1591f7074c67a67339e34fbf34a3107", "width": 128}], "start_date": null, "static_icon_height": 2048, "static_icon_url": "https://i.redd.it/award_images/t5_22cerq/b9ks3a5k7jj41_WholesomeSealofApproval.png", "static_icon_width": 2048, "sticky_duration_seconds": null, "subreddit_coin_reward": 0, "subreddit_id": null, "tiers_by_required_awardings": null}], "allow_live_comments": false, "archived": false, "author": "ppseeds", "author_created_utc": 1518222553, "author_flair_background_color": null, "author_flair_css_class": null, "author_flair_richtext": [], "author_flair_template_id": null, "author_flair_text": null, "author_flair_text_color": null, "author_flair_type": "text", "author_fullname": "t2_w7v9rg0", "author_patreon_flair": false, "author_premium": true, "awarders": [], "banned_by": null, "can_gild": true, "can_mod_post": false, "category": null, "content_categories": null, "contest_mode": false, "created_utc": 1677878678, "discussion_type": null, "distinguished": "moderator", "domain": "i.redd.it", "edited": false, "gilded": 0, "gildings": {}, "hidden": false, "hide_score": false, "id": "11hff9x", "is_created_from_ads_ui": false, "is_crosspostable": true, "is_meta": false, "is_original_content": false, "is_reddit_media_domain": true, "is_robot_indexable": true, "is_self": false, "is_video": false, "link_flair_background_color": "#ffd635", "link_flair_css_class": "", "link_flair_richtext": [], "link_flair_template_id": "b389bcaa-8f0a-11ed-9b6e-1e9f599434b1", "link_flair_text": "Stream announcement ", "link_flair_text_color": "dark", "link_flair_type": "text", "locked": false, "media": null, "media_embed": {}, "media_only": false, "name": "t3_11hff9x", "no_follow": false, "num_comments": 20, "num_crossposts": 0, "over_18": false, "parent_whitelist_status": null, "permalink": "/r/ThePPShow/comments/11hff9x/heard_you_guys_want_a_ppshow_tonight_bet_see_you/", "pinned": false, "post_hint": "image", "preview": {"enabled": true, "images": [{"id": "_pRmd_GHTVzOChSHlqcK0-u9D64jE_Zf7bWuj9-3990", "resolutions": [{"height": 120, "url": "https://preview.redd.it/o3dqhpdrumla1.jpg?width=108&amp;crop=smart&amp;auto=webp&amp;v=enabled&amp;s=ca657f8ba16c750450d7329355744012bca87c8f", "width": 108}, {"height": 241, "url": "https://preview.redd.it/o3dqhpdrumla1.jpg?width=216&amp;crop=smart&amp;auto=webp&amp;v=enabled&amp;s=038aac8e0dd2f4496b8c6f745d770b20b841c91a", "width": 216}, {"height": 357, "url": "https://preview.redd.it/o3dqhpdrumla1.jpg?width=320&amp;crop=smart&amp;auto=webp&amp;v=enabled&amp;s=2a60678a2f3e723db854faa25bb3953cc6da46e3", "width": 320}, {"height": 714, "url": "https://preview.redd.it/o3dqhpdrumla1.jpg?width=640&amp;crop=smart&amp;auto=webp&amp;v=enabled&amp;s=9e8526ad682488fe21519844f587dfe1d9f166d1", "width": 640}, {"height": 1071, "url": "https://preview.redd.it/o3dqhpdrumla1.jpg?width=960&amp;crop=smart&amp;auto=webp&amp;v=enabled&amp;s=7b15d0c3e53979bb1ab67c7ed8f2ff3a3b83528b", "width": 960}, {"height": 1205, "url": "https://preview.redd.it/o3dqhpdrumla1.jpg?width=1080&amp;crop=smart&amp;auto=webp&amp;v=enabled&amp;s=d3e4c2d5b56d5fb669587c89e73c963efaeaad3f", "width": 1080}], "source": {"height": 2231, "url": "https://preview.redd.it/o3dqhpdrumla1.jpg?auto=webp&amp;v=enabled&amp;s=2466bff8a4d7542fa7a118fc2deebc56f93c5b1d", "width": 1999}, "variants": {}}]}, "pwls": null, "quarantine": false, "removed_by": null, "removed_by_category": null, "retrieved_on": 1681021753, "score": 40, "secure_media": null, "secure_media_embed": {}, "selftext": "", "send_replies": true, "spoiler": false, "stickied": false, "subreddit": "ThePPShow", "subreddit_id": "t5_7q5o7y", "subreddit_name_prefixed": "r/ThePPShow", "subreddit_subscribers": 1240, "subreddit_type": "public", "suggested_sort": null, "thumbnail": "https://a.thumbs.redditmedia.com/geaOuegF_-rM3SDSUbPGjQ0cBAn3QRnCT2nIgBY3ic4.jpg", "thumbnail_height": 140, "thumbnail_width": 140, "title": "Heard you guys want a ppshow tonight? Bet see you tonight possibly 7PMCT/7:30PMCT tonight!!", "top_awarded_type": null, "total_awards_received": 1, "treatment_tags": [], "upvote_ratio": 1.0, "url": "https://i.redd.it/o3dqhpdrumla1.jpg", "url_overridden_by_dest": "https://i.redd.it/o3dqhpdrumla1.jpg", "view_count": null, "whitelist_status": null, "wls": null}, {"all_awardings": [], "allow_live_comments": false, "archived": false, "author": "calibull2019", "author_created_utc": 1659657946, "author_flair_background_color": null, "author_flair_css_class": null, "author_flair_richtext": [], "author_flair_template_id": null, "author_flair_text": null, "author_flair_text_color": null, "author_flair_type": "text", "author_fullname": "t2_qxyp6d3x", "author_patreon_flair": false, "author_premium": false, "awarders": [], "banned_by": null, "can_gild": true, "can_mod_post": false, "category": null, "content_categories": null, "contest_mode": false, "created_utc": 1677875205, "discussion_type": null, "distinguished": null, "domain": "i.redd.it", "edited": false, "gilded": 0, "gildings": {}, "hidden": false, "hide_score": false, "id": "11hdvfl", "is_created_from_ads_ui": false, "is_crosspostable": true, "is_meta": false, "is_original_content": false, "is_reddit_media_domain": true, "is_robot_indexable": true, "is_self": false, "is_video": false, "link_flair_background_color": "", "link_flair_css_class": null, "link_flair_richtext": [], "link_flair_text": null, "link_flair_text_color": "dark", "link_flair_type": "text", "locked": false, "media": null, "media_embed": {}, "media_only": false, "name": "t3_11hdvfl", "no_follow": false, "num_comments": 3, "num_crossposts": 0, "over_18": false, "parent_whitelist_status": null, "permalink": "/r/ThePPShow/comments/11hdvfl/me_waiting_for_the_next_ppshow/", "pinned": false, "post_hint": "image", "preview": {"enabled": true, "images": [{"id": "iVA7zhdvm-tegY7cCBu4QCzV8XM8SRI8tHK4qfWxx-s", "resolutions": [{"height": 216, "url": "https://preview.redd.it/incfa1pfkmla1.jpg?width=108&amp;crop=smart&amp;auto=webp&amp;v=enabled&amp;s=5fa5abaf9c454675873052ffadf8b835baacf2ee", "width": 108}, {"height": 432, "url": "https://preview.redd.it/incfa1pfkmla1.jpg?width=216&amp;crop=smart&amp;auto=webp&amp;v=enabled&amp;s=3dcfc695b3d917bed7c621a8321e149e6b174536", "width": 216}, {"height": 640, "url": "https://preview.redd.it/incfa1pfkmla1.jpg?width=320&amp;crop=smart&amp;auto=webp&amp;v=enabled&amp;s=b086fceb4bf6717a28a775dac9fb6cda34b06f04", "width": 320}, {"height": 1280, "url": "https://preview.redd.it/incfa1pfkmla1.jpg?width=640&amp;crop=smart&amp;auto=webp&amp;v=enabled&amp;s=3c0adb9ec60105226919e3859f404fcb8c69d0bc", "width": 640}, {"height": 1920, "url": "https://preview.redd.it/incfa1pfkmla1.jpg?width=960&amp;crop=smart&amp;auto=webp&amp;v=enabled&amp;s=3b25fa5bad47692c8d57b496649288eee1666648", "width": 960}, {"height": 2160, "url": "https://preview.redd.it/incfa1pfkmla1.jpg?width=1080&amp;crop=smart&amp;auto=webp&amp;v=enabled&amp;s=a1abbd17e9ea795647b52988e2f816fb6d6301a4", "width": 1080}], "source": {"height": 2316, "url": "https://preview.redd.it/incfa1pfkmla1.jpg?auto=webp&amp;v=enabled&amp;s=4c5e0d402b97218fd56aba16eb6aa2c4aa45e22a", "width": 1080}, "variants": {}}]}, "pwls": null, "quarantine": false, "removed_by": null, "removed_by_category": null, "retrieved_on": 1681021807, "score": 15, "secure_media": null, "secure_media_embed": {}, "selftext": "", "send_replies": true, "spoiler": false, "stickied": false, "subreddit": "ThePPShow", "subreddit_id": "t5_7q5o7y", "subreddit_name_prefixed": "r/ThePPShow", "subreddit_subscribers": 1240, "subreddit_type": "public", "suggested_sort": null, "thumbnail": "https://b.thumbs.redditmedia.com/xA6dLAN6uSE84A-OUBQyTAVI2C7iTFDjs5_9A3yCiTw.jpg", "thumbnail_height": 140, "thumbnail_width": 140, "title": "me waiting for the next PPshow", "top_awarded_type": null, "total_awards_received": 0, "treatment_tags": [], "upvote_ratio": 1.0, "url": "https://i.redd.it/incfa1pfkmla1.jpg", "url_overridden_by_dest": "https://i.redd.it/incfa1pfkmla1.jpg", "view_count": null, "whitelist_status": null, "wls": null}, {"all_awardings": [], "allow_live_comments": false, "archived": false, "author": "TendieSupasta", "author_created_utc": 1611775107, "author_flair_background_color": null, "author_flair_css_class": null, "author_flair_richtext": [], "author_flair_template_id": null, "author_flair_text": null, "author_flair_text_color": null, "author_flair_type": "text", "author_fullname": "t2_a0uup1m6", "author_patreon_flair": false, "author_premium": false, "awarders": [], "banned_by": null, "can_gild": true, "can_mod_post": false, "category": null, "content_categories": null, "contest_mode": false, "created_utc": 1677870623, "discussion_type": null, "distinguished": null, "domain": "self.ThePPShow", "edited": false, "gilded": 0, "gildings": {}, "hidden": false, "hide_score": false, "id": "11hbvpp", "is_created_from_ads_ui": false, "is_crosspostable": true, "is_meta": false, "is_original_content": false, "is_reddit_media_domain": false, "is_robot_indexable": true, "is_self": true, "is_video": false, "link_flair_background_color": "#ffd635", "link_flair_css_class": "", "link_flair_richtext": [], "link_flair_template_id": "d96925a0-ae68-11ed-8a4a-0a2543e76d1b", "link_flair_text": "Speculation/Opinion", "link_flair_text_color": "dark", "link_flair_type": "text", "locked": false, "media": null, "media_embed": {}, "media_only": false, "name": "t3_11hbvpp", "no_follow": false, "num_comments": 0, "num_crossposts": 0, "over_18": false, "parent_whitelist_status": null, "permalink": "/r/ThePPShow/comments/11hbvpp/march_madness_event_no_rsvp_required_lots_of/", "pinned": false, "pwls": null, "quarantine": false, "removed_by": null, "removed_by_category": null, "retrieved_on": 1681021879, "score": 5, "secure_media": null, "secure_media_embed": {}, "selftext": "Everything  will print next month during our March Madness Event. Please make sure  you attend. No RSVP required. Regards the enjoyment of the event, please  feel free to bring as many tag alongs in full regards as possible. The  more Regards taken, the more Regards given for an afternoon and evening  of pleasure. Its a themed costume party so bring your spacesuit. If you  plan on riding our gamma ramp roller coaster during the event, please  take note that it does not have seat belts so make sure you strengthen  your wrists and forearms ahead of the event in consideration of personal  safety. There are a few thick glass panels that the ride will be  directly traversing through, be sure to jack those Ts and As to ensure  your ability to cut a clean cut in the glass. Truly yours, in full  Regards.... See you all at The Event.", "send_replies": true, "spoiler": false, "stickied": false, "subreddit": "ThePPShow", "subreddit_id": "t5_7q5o7y", "subreddit_name_prefixed": "r/ThePPShow", "subreddit_subscribers": 1240, "subreddit_type": "public", "suggested_sort": null, "thumbnail": "self", "thumbnail_height": null, "thumbnail_width": null, "title": "March Madness Event. No rsvp required. Lots of space left.", "top_awarded_type": null, "total_awards_received": 0, "treatment_tags": [], "upvote_ratio": 1.0, "url": "https://www.reddit.com/r/ThePPShow/comments/11hbvpp/march_madness_event_no_rsvp_required_lots_of/", "view_count": null, "whitelist_status": null, "wls": null}, {"all_awardings": [], "allow_live_comments": false, "archived": false, "author": "Life_Relationship_77", "author_created_utc": 1611904496, "author_flair_background_color": null, "author_flair_css_class": null, "author_flair_richtext": [], "author_flair_template_id": null, "author_flair_text": null, "author_flair_text_color": null, "author_flair_type": "text", "author_fullname": "t2_4d87olhk", "author_patreon_flair": false, "author_premium": false, "awarders": [], "banned_by": null, "can_gild": true, "can_mod_post": false, "category": null, "content_categories": null, "contest_mode": false, "created_utc": 1677869922, "crosspost_parent": "t3_11gs437", "crosspost_parent_list": [{"all_awardings": [{"award_sub_type": "PREMIUM", "award_type": "global", "awardings_required_to_grant_benefits": null, "coin_price": 30, "coin_reward": 0, "count": 1, "days_of_drip_extension": null, "days_of_premium": null, "description": "A glowing commendation for all to see", "end_date": null, "giver_coin_reward": null, "icon_format": "APNG", "icon_height": 2048, "icon_url": "https://www.redditstatic.com/gold/awards/icon/Illuminati_512.png", "icon_width": 2048, "id": "award_b4ff447e-05a5-42dc-9002-63568807cfe6", "is_enabled": true, "is_new": false, "name": "All-Seeing Upvote", "penny_donate": null, "penny_price": null, "resized_icons": [{"height": 16, "url": "https://www.redditstatic.com/gold/awards/icon/Illuminati_16.png", "width": 16}, {"height": 32, "url": "https://www.redditstatic.com/gold/awards/icon/Illuminati_32.png", "width": 32}, {"height": 48, "url": "https://www.redditstatic.com/gold/awards/icon/Illuminati_48.png", "width": 48}, {"height": 64, "url": "https://www.redditstatic.com/gold/awards/icon/Illuminati_64.png", "width": 64}, {"height": 128, "url": "https://www.redditstatic.com/gold/awards/icon/Illuminati_128.png", "width": 128}], "resized_static_icons": [{"height": 16, "url": "https://preview.redd.it/award_images/t5_q0gj4/am40b8b08l581_All-SeeingUpvote2.png?width=16&amp;height=16&amp;auto=webp&amp;v=enabled&amp;s=25880d00e4283ff6a3851b64c83fea465c3fac48", "width": 16}, {"height": 32, "url": "https://preview.redd.it/award_images/t5_q0gj4/am40b8b08l581_All-SeeingUpvote2.png?width=32&amp;height=32&amp;auto=webp&amp;v=enabled&amp;s=67fae0c2af26488b9d70cb7afe877086707cf1d1", "width": 32}, {"height": 48, "url": "https://preview.redd.it/award_images/t5_q0gj4/am40b8b08l581_All-SeeingUpvote2.png?width=48&amp;height=48&amp;auto=webp&amp;v=enabled&amp;s=3033c6583809a27b998883b7c56c158102cb0420", "width": 48}, {"height": 64, "url": "https://preview.redd.it/award_images/t5_q0gj4/am40b8b08l581_All-SeeingUpvote2.png?width=64&amp;height=64&amp;auto=webp&amp;v=enabled&amp;s=cccb48d7518eaba72894a7ac4214bb70c7120793", "width": 64}, {"height": 128, "url": "https://preview.redd.it/award_images/t5_q0gj4/am40b8b08l581_All-SeeingUpvote2.png?width=128&amp;height=128&amp;auto=webp&amp;v=enabled&amp;s=4101e0eff424bbd818195853387db358bec74ed0", "width": 128}], "start_date": null, "static_icon_height": 2048, "static_icon_url": "https://i.redd.it/award_images/t5_q0gj4/am40b8b08l581_All-SeeingUpvote2.png", "static_icon_width": 2048, "sticky_duration_seconds": null, "subreddit_coin_reward": 0, "subreddit_id": null, "tiers_by_required_awardings": null}, {"award_sub_type": "GLOBAL", "award_type": "global", "awardings_required_to_grant_benefits": null, "coin_price": 50, "coin_reward": 0, "count": 1, "days_of_drip_extension": null, "days_of_premium": null, "description": "I'm in this with you.", "end_date": null, "giver_coin_reward": null, "icon_format": "PNG", "icon_height": 2048, "icon_url": "https://i.redd.it/award_images/t5_q0gj4/p4yzxkaed5f61_oldtakemyenergy.png", "icon_width": 2048, "id": "award_02d9ab2c-162e-4c01-8438-317a016ed3d9", "is_enabled": true, "is_new": false, "name": "Take My Energy", "penny_donate": null, "penny_price": 0, "resized_icons": [{"height": 16, "url": "https://preview.redd.it/award_images/t5_q0gj4/p4yzxkaed5f61_oldtakemyenergy.png?width=16&amp;height=16&amp;auto=webp&amp;v=enabled&amp;s=32add54efce28cc8ce035c5e2bc89a27286a815e", "width": 16}, {"height": 32, "url": "https://preview.redd.it/award_images/t5_q0gj4/p4yzxkaed5f61_oldtakemyenergy.png?width=32&amp;height=32&amp;auto=webp&amp;v=enabled&amp;s=dfb00ece05340570177df7cfa1af6d2737c0910b", "width": 32}, {"height": 48, "url": "https://preview.redd.it/award_images/t5_q0gj4/p4yzxkaed5f61_oldtakemyenergy.png?width=48&amp;height=48&amp;auto=webp&amp;v=enabled&amp;s=e8b0b87b868f6cd6313e2c90975dac636e4a0412", "width": 48}, {"height": 64, "url": "https://preview.redd.it/award_images/t5_q0gj4/p4yzxkaed5f61_oldtakemyenergy.png?width=64&amp;height=64&amp;auto=webp&amp;v=enabled&amp;s=2a3ad7ec2ccc57b6c65b17e2b57647a81f335039", "width": 64}, {"height": 128, "url": "https://preview.redd.it/award_images/t5_q0gj4/p4yzxkaed5f61_oldtakemyenergy.png?width=128&amp;height=128&amp;auto=webp&amp;v=enabled&amp;s=d4a8ca64b391e8b057408067d77f503752c29b7e", "width": 128}], "resized_static_icons": [{"height": 16, "url": "https://preview.redd.it/award_images/t5_q0gj4/jtw7x06j68361_TakeMyEnergyElf.png?width=16&amp;height=16&amp;auto=webp&amp;v=enabled&amp;s=4efb20a46b5cee58042da74830ee914d1547236c", "width": 16}, {"height": 32, "url": "https://preview.redd.it/award_images/t5_q0gj4/jtw7x06j68361_TakeMyEnergyElf.png?width=32&amp;height=32&amp;auto=webp&amp;v=enabled&amp;s=83e8bea70baef2140842017e967f163a9f530a9d", "width": 32}, {"height": 48, "url": "https://preview.redd.it/award_images/t5_q0gj4/jtw7x06j68361_TakeMyEnergyElf.png?width=48&amp;height=48&amp;auto=webp&amp;v=enabled&amp;s=14fb29ce140b35a21a7cc7ee1c4d212ce0b1179d", "width": 48}, {"height": 64, "url": "https://preview.redd.it/award_images/t5_q0gj4/jtw7x06j68361_TakeMyEnergyElf.png?width=64&amp;height=64&amp;auto=webp&amp;v=enabled&amp;s=533b05085677b48f15004bd7f9ff19ec5b29099f", "width": 64}, {"height": 128, "url": "https://preview.redd.it/award_images/t5_q0gj4/jtw7x06j68361_TakeMyEnergyElf.png?width=128&amp;height=128&amp;auto=webp&amp;v=enabled&amp;s=6f767b3c289e5cb2a733b24da5f4c46d9c079bc7", "width": 128}], "start_date": null, "static_icon_height": 2048, "static_icon_url": "https://i.redd.it/award_images/t5_q0gj4/jtw7x06j68361_TakeMyEnergyElf.png", "static_icon_width": 2048, "sticky_duration_seconds": null, "subreddit_coin_reward": 0, "subreddit_id": null, "tiers_by_required_awardings": null}], "allow_live_comments": true, "approved_at_utc": null, "approved_by": null, "archived": false, "author": "Life_Relationship_77", "author_flair_background_color": null, "author_flair_css_class": null, "author_flair_richtext": [], "author_flair_template_id": null, "author_flair_text": null, "author_flair_text_color": null, "author_flair_type": "text", "author_fullname": "t2_4d87olhk", "author_is_blocked": false, "author_patreon_flair": false, "author_premium": false, "awarders": [], "banned_at_utc": null, "banned_by": null, "can_gild": true, "can_mod_post": false, "category": null, "clicked": false, "content_categories": null, "contest_mode": false, "created": 1677820448.0, "created_utc": 1677820448.0, "discussion_type": null, "distinguished": null, "domain": "self.BBBY", "downs": 0, "edited": 1677822327.0, "gilded": 0, "gildings": {}, "hidden": false, "hide_score": false, "id": "11gs437", "is_created_from_ads_ui": false, "is_crosspostable": true, "is_meta": false, "is_original_content": false, "is_reddit_media_domain": false, "is_robot_indexable": true, "is_self": true, "is_video": false, "likes": null, "link_flair_background_color": "#46d160", "link_flair_css_class": "", "link_flair_richtext": [], "link_flair_template_id": "4fe0d610-d6d3-11ec-9f0b-02abe9284534", "link_flair_text": "\ud83e\udd14 Speculation / Opinion", "link_flair_text_color": "dark", "link_flair_type": "text", "locked": false, "media": null, "media_embed": {}, "media_metadata": {"xu65yle2bgla1": {"e": "Image", "id": "xu65yle2bgla1", "m": "image/png", "p": [{"u": "https://preview.redd.it/xu65yle2bgla1.png?width=108&amp;crop=smart&amp;auto=webp&amp;v=enabled&amp;s=bc53110af434682fd93cdaaef33be2d0bbdf760e", "x": 108, "y": 86}, {"u": "https://preview.redd.it/xu65yle2bgla1.png?width=216&amp;crop=smart&amp;auto=webp&amp;v=enabled&amp;s=9e01fc206a702c0f5f71c25ec4cbd5e1bf4d6b52", "x": 216, "y": 172}, {"u": "https://preview.redd.it/xu65yle2bgla1.png?width=320&amp;crop=smart&amp;auto=webp&amp;v=enabled&amp;s=4c6e0ca9baacd1c77afc7888d2dda1c8b393963d", "x": 320, "y": 255}, {"u": "https://preview.redd.it/xu65yle2bgla1.png?width=640&amp;crop=smart&amp;auto=webp&amp;v=enabled&amp;s=024b6f13c1d71fc947ea82f0243b1ab85661bf78", "x": 640, "y": 511}], "s": {"u": "https://preview.redd.it/xu65yle2bgla1.png?width=727&amp;format=png&amp;auto=webp&amp;v=enabled&amp;s=5b0ccf881c53eeb81f0044cba132712d6e25a432", "x": 727, "y": 581}, "status": "valid"}}, "media_only": false, "mod_note": null, "mod_reason_by": null, "mod_reason_title": null, "mod_reports": [], "name": "t3_11gs437", "no_follow": false, "num_comments": 25, "num_crossposts": 2, "num_reports": null, "over_18": false, "parent_whitelist_status": null, "permalink": "/r/BBBY/comments/11gs437/buying_deep_itm_call_options_and_early_exercising/", "pinned": false, "pwls": null, "quarantine": false, "removal_reason": null, "removed_by": null, "removed_by_category": null, "report_reasons": null, "saved": false, "score": 91, "secure_media": null, "secure_media_embed": {}, "selftext": "I had [cross-posted](https://www.reddit.com/r/BBBY/comments/11fft9h/nfa_buying_deep_itm_call_options_and_early/) my post from r/stocks yesterday about a trading strategy of buying deep in the money call options and early exercising them right away, instead of just buying shares, to avoid the buy orders being satisfied by synthetic shares sold by naked shorts. From the price action of yesterday and today, since my [first post](https://www.reddit.com/r/ThePPShow/comments/11f6kp6/nfa_buying_deep_itm_call_options_and_early/) about this strategy went online and the increase in Open Interest (OI) of 03 Mar '23 1.00C options since then, as seen in the chart below from the [optiontistics.com website](https://www.optionistics.com/quotes/option-prices), it appears that some folks did use this approach. They either did early exercise their options and the OI stats still accounted the OI for the time the option was held during the day before it was exercised or did not exercise their options yet and the call options sellers covered those deep ITM calls by buying shares anyways. As a result, at least some of the price suppression action via naked shorting could be mitigated and we ended-up green on both days, more yesterday than today and that can potentially be attributed to slightly higher OI observed yesterday, compared to today.\n\n&amp;#x200B;\n\n[3 Mar '23 1.00 C options](https://preview.redd.it/xu65yle2bgla1.png?width=727&amp;format=png&amp;auto=webp&amp;v=enabled&amp;s=5b0ccf881c53eeb81f0044cba132712d6e25a432)\n\nBelow is an informative YouTube video, which describes trading strategies using deep ITM call options:\n\n[https://www.youtube.com/watch?v=kWp7QdhtGaQ](https://www.youtube.com/watch?v=kWp7QdhtGaQ)\n\nIf more folks bought these deep ITM calls and exercised their calls to buy shares (or even if folks who just like to trade calls bought these deep ITM calls and didn't exercise them), instead of buying shares in the market, the price suppression via naked shorting can be effectively mitigated, IMO. I know, I've posted earlier about RegSho FTD forced close-out dates, but it looks like the naked shorts may use tricks like [using DTCC Obligation Warehouse](https://www.reddit.com/r/Superstonk/comments/wf48m9/dtcc_obligation_warehouse_ftd_grave_yard/) to clear-out or even reset the clock on their FTD close-out obligations, without buying real shares on the market. So, the above approach may be the only guaranteed approach to combat naked shorting. We also know that DFV went big on his call options for GME and it seems to have worked then, as well.\n\n**PS:** This is not financial advice and I am not a financial advisor. The above information has been shared just for educational purpose.", "selftext_html": "&lt;!-- SC_OFF --&gt;&lt;div class=\"md\"&gt;&lt;p&gt;I had &lt;a href=\"https://www.reddit.com/r/BBBY/comments/11fft9h/nfa_buying_deep_itm_call_options_and_early/\"&gt;cross-posted&lt;/a&gt; my post from &lt;a href=\"/r/stocks\"&gt;r/stocks&lt;/a&gt; yesterday about a trading strategy of buying deep in the money call options and early exercising them right away, instead of just buying shares, to avoid the buy orders being satisfied by synthetic shares sold by naked shorts. From the price action of yesterday and today, since my &lt;a href=\"https://www.reddit.com/r/ThePPShow/comments/11f6kp6/nfa_buying_deep_itm_call_options_and_early/\"&gt;first post&lt;/a&gt; about this strategy went online and the increase in Open Interest (OI) of 03 Mar &amp;#39;23 1.00C options since then, as seen in the chart below from the &lt;a href=\"https://www.optionistics.com/quotes/option-prices\"&gt;optiontistics.com website&lt;/a&gt;, it appears that some folks did use this approach. They either did early exercise their options and the OI stats still accounted the OI for the time the option was held during the day before it was exercised or did not exercise their options yet and the call options sellers covered those deep ITM calls by buying shares anyways. As a result, at least some of the price suppression action via naked shorting could be mitigated and we ended-up green on both days, more yesterday than today and that can potentially be attributed to slightly higher OI observed yesterday, compared to today.&lt;/p&gt;\n\n&lt;p&gt;&amp;#x200B;&lt;/p&gt;\n\n&lt;p&gt;&lt;a href=\"https://preview.redd.it/xu65yle2bgla1.png?width=727&amp;amp;format=png&amp;amp;auto=webp&amp;amp;v=enabled&amp;amp;s=5b0ccf881c53eeb81f0044cba132712d6e25a432\"&gt;3 Mar &amp;#39;23 1.00 C options&lt;/a&gt;&lt;/p&gt;\n\n&lt;p&gt;Below is an informative YouTube video, which describes trading strategies using deep ITM call options:&lt;/p&gt;\n\n&lt;p&gt;&lt;a href=\"https://www.youtube.com/watch?v=kWp7QdhtGaQ\"&gt;https://www.youtube.com/watch?v=kWp7QdhtGaQ&lt;/a&gt;&lt;/p&gt;\n\n&lt;p&gt;If more folks bought these deep ITM calls and exercised their calls to buy shares (or even if folks who just like to trade calls bought these deep ITM calls and didn&amp;#39;t exercise them), instead of buying shares in the market, the price suppression via naked shorting can be effectively mitigated, IMO. I know, I&amp;#39;ve posted earlier about RegSho FTD forced close-out dates, but it looks like the naked shorts may use tricks like &lt;a href=\"https://www.reddit.com/r/Superstonk/comments/wf48m9/dtcc_obligation_warehouse_ftd_grave_yard/\"&gt;using DTCC Obligation Warehouse&lt;/a&gt; to clear-out or even reset the clock on their FTD close-out obligations, without buying real shares on the market. So, the above approach may be the only guaranteed approach to combat naked shorting. We also know that DFV went big on his call options for GME and it seems to have worked then, as well.&lt;/p&gt;\n\n&lt;p&gt;&lt;strong&gt;PS:&lt;/strong&gt; This is not financial advice and I am not a financial advisor. The above information has been shared just for educational purpose.&lt;/p&gt;\n&lt;/div&gt;&lt;!-- SC_ON --&gt;", "send_replies": true, "spoiler": false, "stickied": false, "subreddit": "BBBY", "subreddit_id": "t5_3q5hel", "subreddit_name_prefixed": "r/BBBY", "subreddit_subscribers": 61078, "subreddit_type": "public", "suggested_sort": null, "thumbnail": "https://b.thumbs.redditmedia.com/MvLpA7BfUTRQhHTr13byvWWSGOotD3HkT7I5sBOFOYY.jpg", "thumbnail_height": 111, "thumbnail_width": 140, "title": "Buying Deep ITM Call Options And Early Exercising Them To Combat Naked Shorting Seems To Work", "top_awarded_type": null, "total_awards_received": 2, "treatment_tags": [], "ups": 91, "upvote_ratio": 0.88, "url": "https://www.reddit.com/r/BBBY/comments/11gs437/buying_deep_itm_call_options_and_early_exercising/", "user_reports": [], "view_count": null, "visited": false, "whitelist_status": null, "wls": null}], "discussion_type": null, "distinguished": null, "domain": "self.BBBY", "edited": false, "gilded": 0, "gildings": {}, "hidden": false, "hide_score": false, "id": "11hbjwb", "is_created_from_ads_ui": false, "is_crosspostable": true, "is_meta": false, "is_original_content": false, "is_reddit_media_domain": false, "is_robot_indexable": true, "is_self": false, "is_video": false, "link_flair_background_color": "#ffd635", "link_flair_css_class": "", "link_flair_richtext": [], "link_flair_template_id": "d96925a0-ae68-11ed-8a4a-0a2543e76d1b", "link_flair_text": "Speculation/Opinion", "link_flair_text_color": "dark", "link_flair_type": "text", "locked": false, "media": null, "media_embed": {}, "media_only": false, "name": "t3_11hbjwb", "no_follow": false, "num_comments": 0, "num_crossposts": 0, "over_18": false, "parent_whitelist_status": null, "permalink": "/r/ThePPShow/comments/11hbjwb/buying_deep_itm_call_options_and_early_exercising/", "pinned": false, "pwls": null, "quarantine": false, "removed_by": null, "removed_by_category": null, "retrieved_on": 1681021891, "score": 5, "secure_media": null, "secure_media_embed": {}, "selftext": "", "send_replies": false, "spoiler": false, "stickied": false, "subreddit": "ThePPShow", "subreddit_id": "t5_7q5o7y", "subreddit_name_prefixed": "r/ThePPShow", "subreddit_subscribers": 1240, "subreddit_type": "public", "suggested_sort": null, "thumbnail": "https://b.thumbs.redditmedia.com/MvLpA7BfUTRQhHTr13byvWWSGOotD3HkT7I5sBOFOYY.jpg", "thumbnail_height": 111, "thumbnail_width": 140, "title": "Buying Deep ITM Call Options And Early Exercising Them To Combat Naked Shorting Seems To Work", "top_awarded_type": null, "total_awards_received": 0, "treatment_tags": [], "upvote_ratio": 1.0, "url": "/r/BBBY/comments/11gs437/buying_deep_itm_call_options_and_early_exercising/", "url_overridden_by_dest": "/r/BBBY/comments/11gs437/buying_deep_itm_call_options_and_early_exercising/", "view_count": null, "whitelist_status": null, "wls": null}, {"all_awardings": [], "allow_live_comments": false, "archived": false, "author": "calibull2019", "author_created_utc": 1659657946, "author_flair_background_color": null, "author_flair_css_class": null, "author_flair_richtext": [], "author_flair_template_id": null, "author_flair_text": null, "author_flair_text_color": null, "author_flair_type": "text", "author_fullname": "t2_qxyp6d3x", "author_patreon_flair": false, "author_premium": false, "awarders": [], "banned_by": null, "can_gild": true, "can_mod_post": false, "category": null, "content_categories": null, "contest_mode": false, "created_utc": 1677853018, "crosspost_parent": "t3_11gtx51", "crosspost_parent_list": [{"all_awardings": [{"award_sub_type": "PREMIUM", "award_type": "global", "awardings_required_to_grant_benefits": null, "coin_price": 30, "coin_reward": 0, "count": 2, "days_of_drip_extension": null, "days_of_premium": null, "description": "A glowing commendation for all to see", "end_date": null, "giver_coin_reward": null, "icon_format": "APNG", "icon_height": 2048, "icon_url": "https://www.redditstatic.com/gold/awards/icon/Illuminati_512.png", "icon_width": 2048, "id": "award_b4ff447e-05a5-42dc-9002-63568807cfe6", "is_enabled": true, "is_new": false, "name": "All-Seeing Upvote", "penny_donate": null, "penny_price": null, "resized_icons": [{"height": 16, "url": "https://www.redditstatic.com/gold/awards/icon/Illuminati_16.png", "width": 16}, {"height": 32, "url": "https://www.redditstatic.com/gold/awards/icon/Illuminati_32.png", "width": 32}, {"height": 48, "url": "https://www.redditstatic.com/gold/awards/icon/Illuminati_48.png", "width": 48}, {"height": 64, "url": "https://www.redditstatic.com/gold/awards/icon/Illuminati_64.png", "width": 64}, {"height": 128, "url": "https://www.redditstatic.com/gold/awards/icon/Illuminati_128.png", "width": 128}], "resized_static_icons": [{"height": 16, "url": "https://preview.redd.it/award_images/t5_q0gj4/am40b8b08l581_All-SeeingUpvote2.png?width=16&amp;height=16&amp;auto=webp&amp;v=enabled&amp;s=25880d00e4283ff6a3851b64c83fea465c3fac48", "width": 16}, {"height": 32, "url": "https://preview.redd.it/award_images/t5_q0gj4/am40b8b08l581_All-SeeingUpvote2.png?width=32&amp;height=32&amp;auto=webp&amp;v=enabled&amp;s=67fae0c2af26488b9d70cb7afe877086707cf1d1", "width": 32}, {"height": 48, "url": "https://preview.redd.it/award_images/t5_q0gj4/am40b8b08l581_All-SeeingUpvote2.png?width=48&amp;height=48&amp;auto=webp&amp;v=enabled&amp;s=3033c6583809a27b998883b7c56c158102cb0420", "width": 48}, {"height": 64, "url": "https://preview.redd.it/award_images/t5_q0gj4/am40b8b08l581_All-SeeingUpvote2.png?width=64&amp;height=64&amp;auto=webp&amp;v=enabled&amp;s=cccb48d7518eaba72894a7ac4214bb70c7120793", "width": 64}, {"height": 128, "url": "https://preview.redd.it/award_images/t5_q0gj4/am40b8b08l581_All-SeeingUpvote2.png?width=128&amp;height=128&amp;auto=webp&amp;v=enabled&amp;s=4101e0eff424bbd818195853387db358bec74ed0", "width": 128}], "start_date": null, "static_icon_height": 2048, "static_icon_url": "https://i.redd.it/award_images/t5_q0gj4/am40b8b08l581_All-SeeingUpvote2.png", "static_icon_width": 2048, "sticky_duration_seconds": null, "subreddit_coin_reward": 0, "subreddit_id": null, "tiers_by_required_awardings": null}, {"award_sub_type": "PREMIUM", "award_type": "global", "awardings_required_to_grant_benefits": null, "coin_price": 30, "coin_reward": 0, "count": 1, "days_of_drip_extension": null, "days_of_premium": null, "description": "A golden splash of respect", "end_date": null, "giver_coin_reward": null, "icon_format": null, "icon_height": 2048, "icon_url": "https://i.redd.it/award_images/t5_22cerq/80j20o397jj41_NarwhalSalute.png", "icon_width": 2048, "id": "award_a2506925-fc82-4d6c-ae3b-b7217e09d7f0", "is_enabled": true, "is_new": false, "name": "Narwhal Salute", "penny_donate": null, "penny_price": null, "resized_icons": [{"height": 16, "url": "https://preview.redd.it/award_images/t5_22cerq/80j20o397jj41_NarwhalSalute.png?width=16&amp;height=16&amp;auto=webp&amp;v=enabled&amp;s=8a2a2acbd09705a194b77e9d555b630ec0ed9966", "width": 16}, {"height": 32, "url": "https://preview.redd.it/award_images/t5_22cerq/80j20o397jj41_NarwhalSalute.png?width=32&amp;height=32&amp;auto=webp&amp;v=enabled&amp;s=a1b4dc570c54d4835d396ce6f327cc5df2cd067c", "width": 32}, {"height": 48, "url": "https://preview.redd.it/award_images/t5_22cerq/80j20o397jj41_NarwhalSalute.png?width=48&amp;height=48&amp;auto=webp&amp;v=enabled&amp;s=e4979f617effb9d355397aa2c3f8032870f96fd3", "width": 48}, {"height": 64, "url": "https://preview.redd.it/award_images/t5_22cerq/80j20o397jj41_NarwhalSalute.png?width=64&amp;height=64&amp;auto=webp&amp;v=enabled&amp;s=12d699f41173c6ed50555c5689b463020696a5d3", "width": 64}, {"height": 128, "url": "https://preview.redd.it/award_images/t5_22cerq/80j20o397jj41_NarwhalSalute.png?width=128&amp;height=128&amp;auto=webp&amp;v=enabled&amp;s=5716709f7a329eb81103a5acfee4a545ec0be9b0", "width": 128}], "resized_static_icons": [{"height": 16, "url": "https://preview.redd.it/award_images/t5_22cerq/80j20o397jj41_NarwhalSalute.png?width=16&amp;height=16&amp;auto=webp&amp;v=enabled&amp;s=8a2a2acbd09705a194b77e9d555b630ec0ed9966", "width": 16}, {"height": 32, "url": "https://preview.redd.it/award_images/t5_22cerq/80j20o397jj41_NarwhalSalute.png?width=32&amp;height=32&amp;auto=webp&amp;v=enabled&amp;s=a1b4dc570c54d4835d396ce6f327cc5df2cd067c", "width": 32}, {"height": 48, "url": "https://preview.redd.it/award_images/t5_22cerq/80j20o397jj41_NarwhalSalute.png?width=48&amp;height=48&amp;auto=webp&amp;v=enabled&amp;s=e4979f617effb9d355397aa2c3f8032870f96fd3", "width": 48}, {"height": 64, "url": "https://preview.redd.it/award_images/t5_22cerq/80j20o397jj41_NarwhalSalute.png?width=64&amp;height=64&amp;auto=webp&amp;v=enabled&amp;s=12d699f41173c6ed50555c5689b463020696a5d3", "width": 64}, {"height": 128, "url": "https://preview.redd.it/award_images/t5_22cerq/80j20o397jj41_NarwhalSalute.png?width=128&amp;height=128&amp;auto=webp&amp;v=enabled&amp;s=5716709f7a329eb81103a5acfee4a545ec0be9b0", "width": 128}], "start_date": null, "static_icon_height": 2048, "static_icon_url": "https://i.redd.it/award_images/t5_22cerq/80j20o397jj41_NarwhalSalute.png", "static_icon_width": 2048, "sticky_duration_seconds": null, "subreddit_coin_reward": 0, "subreddit_id": null, "tiers_by_required_awardings": null}, {"award_sub_type": "PREMIUM", "award_type": "global", "awardings_required_to_grant_benefits": null, "coin_price": 20, "coin_reward": 0, "count": 1, "days_of_drip_extension": null, "days_of_premium": null, "description": "Can't stop seeing stars", "end_date": null, "giver_coin_reward": null, "icon_format": "APNG", "icon_height": 512, "icon_url": "https://www.redditstatic.com/gold/awards/icon/Starstruck_512.png", "icon_width": 512, "id": "award_abb865cf-620b-4219-8777-3658cf9091fb", "is_enabled": true, "is_new": false, "name": "Starstruck", "penny_donate": null, "penny_price": 0, "resized_icons": [{"height": 16, "url": "https://www.redditstatic.com/gold/awards/icon/Starstruck_16.png", "width": 16}, {"height": 32, "url": "https://www.redditstatic.com/gold/awards/icon/Starstruck_32.png", "width": 32}, {"height": 48, "url": "https://www.redditstatic.com/gold/awards/icon/Starstruck_48.png", "width": 48}, {"height": 64, "url": "https://www.redditstatic.com/gold/awards/icon/Starstruck_64.png", "width": 64}, {"height": 128, "url": "https://www.redditstatic.com/gold/awards/icon/Starstruck_128.png", "width": 128}], "resized_static_icons": [{"height": 16, "url": "https://preview.redd.it/award_images/t5_22cerq/snotiq9vxyn51_Starstruck.png?width=16&amp;height=16&amp;auto=webp&amp;v=enabled&amp;s=33eba03e0a6defb8abde795039b68e67e88b065e", "width": 16}, {"height": 32, "url": "https://preview.redd.it/award_images/t5_22cerq/snotiq9vxyn51_Starstruck.png?width=32&amp;height=32&amp;auto=webp&amp;v=enabled&amp;s=c78ffa7024982f9d4734f29e69627ec6c4c5484f", "width": 32}, {"height": 48, "url": "https://preview.redd.it/award_images/t5_22cerq/snotiq9vxyn51_Starstruck.png?width=48&amp;height=48&amp;auto=webp&amp;v=enabled&amp;s=4e130b357daf70f0a9cc7f8bf8b0e70f0e1e17fd", "width": 48}, {"height": 64, "url": "https://preview.redd.it/award_images/t5_22cerq/snotiq9vxyn51_Starstruck.png?width=64&amp;height=64&amp;auto=webp&amp;v=enabled&amp;s=931bd1908b603e61ec971fb9c882d221eb800cc5", "width": 64}, {"height": 128, "url": "https://preview.redd.it/award_images/t5_22cerq/snotiq9vxyn51_Starstruck.png?width=128&amp;height=128&amp;auto=webp&amp;v=enabled&amp;s=ed034a40c86c89af6308aca761ec27b46e6207f0", "width": 128}], "start_date": null, "static_icon_height": 512, "static_icon_url": "https://i.redd.it/award_images/t5_22cerq/snotiq9vxyn51_Starstruck.png", "static_icon_width": 512, "sticky_duration_seconds": null, "subreddit_coin_reward": 0, "subreddit_id": null, "tiers_by_required_awardings": null}], "allow_live_comments": true, "approved_at_utc": null, "approved_by": null, "archived": false, "author": "Altnob", "author_flair_background_color": null, "author_flair_css_class": null, "author_flair_richtext": [], "author_flair_template_id": null, "author_flair_text": null, "author_flair_text_color": null, "author_flair_type": "text", "author_fullname": "t2_7dsvh", "author_is_blocked": false, "author_patreon_flair": false, "author_premium": false, "awarders": [], "banned_at_utc": null, "banned_by": null, "can_gild": true, "can_mod_post": false, "category": null, "clicked": false, "content_categories": null, "contest_mode": false, "created": 1677826296.0, "created_utc": 1677826296.0, "discussion_type": null, "distinguished": null, "domain": "self.BBBY", "downs": 0, "edited": false, "gilded": 0, "gildings": {}, "hidden": false, "hide_score": false, "id": "11gtx51", "is_created_from_ads_ui": false, "is_crosspostable": true, "is_meta": false, "is_original_content": false, "is_reddit_media_domain": false, "is_robot_indexable": true, "is_self": true, "is_video": false, "likes": null, "link_flair_background_color": "#46d160", "link_flair_css_class": "", "link_flair_richtext": [], "link_flair_template_id": "4fe0d610-d6d3-11ec-9f0b-02abe9284534", "link_flair_text": "\ud83e\udd14 Speculation / Opinion", "link_flair_text_color": "dark", "link_flair_type": "text", "locked": false, "media": null, "media_embed": {}, "media_only": false, "mod_note": null, "mod_reason_by": null, "mod_reason_title": null, "mod_reports": [], "name": "t3_11gtx51", "no_follow": false, "num_comments": 112, "num_crossposts": 1, "num_reports": null, "over_18": false, "parent_whitelist_status": null, "permalink": "/r/BBBY/comments/11gtx51/the_dynamic_of_a_squeeze_and_when_youll_know_if/", "pinned": false, "pwls": null, "quarantine": false, "removal_reason": null, "removed_by": null, "removed_by_category": null, "report_reasons": null, "saved": false, "score": 546, "secure_media": null, "secure_media_embed": {}, "selftext": "Everyone memes, \"straight to blah blah\" and what not but the price is never just going to open at some ridiculous price point. It will happen similarly to GME.\n\nThe price will climb beyond 10 and 20 and probably experience lots of volatility up and down. Couple 20% days couple -30% days etc.\n\nThe squeeze will only take a day or two but the rise before the squeeze  could be weeks or months. The squeeze points are extremely easy to find on a chart. Stocks don't go straight up due to market mechanics. There are a series of price points that need to be broken aka resistance. These resistance points are almost always long term short holders IE: people who shorted at certain prices waiting for bankruptcy.\n\nThe current point to break is 2.5$ then 8ishsh then then 15ish 30ish after 30, the real fun begins. Before 30, there will be loads of volatility up and down. Thats because a lot of new shorts in the past few years have opened positions above 30 and theyre still fine. Theyll open new shorts as current shorts get liquidated which will cause the volatility spikes.\n\n* short a has a 45$ short position\n* short b has a 5$ \n* if the price breaks 5 short B decides to close causing a big green day. Meanwhile,  short A shorts more due to an increased opportunity for profits keeping the price down .\n\nThis cycle continues until major price points. Once short A starts to get worried and close out the price moves to the next point. All of this will take days, weeks and probably months without some sort of major catalyst.\n\nThe KEY PRICE that I see on the charts is 62$. If bbby managed to touch 62 this will cause extreme fear in the short positions that opened in 2015 as their 8 year huge profits become less and less. \n\nWhat this will lead to is the big boys exiting or getting liquidated if short positions at 62$ start closing at a loss. This is where the \"real\" squeeze begins. This is when this sub will wake up at 5am 6am and see the stock is up 300% in the premarket. This is when actual FOMO kicks in. The cascading effect of long term shorts closing and new shorts opening as the price rises is going to create volatility mimicking GME from Jan 13th - Jan 28th. This is when millionaires will actually be made. \n\nThere are certain times that clearing houses or whatever need to post positive and what was learned from the robinhood reports was this happened at 4am and it needed to be cleared before the markets opened. That's the day gme went up 300% in the premarket.\n\nI keep telling my buddy that NOTHING is going to happen until you wake up and see premarket price above critical short positions  IE: 62$ for bbby. For GME it was 80$ iirc. \n\nSeriously,  go look at the charts around the end of 2015. The shorting started then. On everything. If bbby managers to break out of that price range it's game over and the price will squeeze thousands if not tens of thousands percentages from 1.50$ \n\nWhen this is over, if it squeezes, youll see at least 15,000% price increase from tomorrow to the peak. But you have to understand, once the price gets above 62$ it's only like an additional 550% to reach GME levels of around 400$. However, from tomorrows price the charts will show  28,000%.\n\nI say this because some of yall expect the price to just go up 28-100k% in a day but it's not. It's gonna go up a few hundred percent at a time but each time it does it's exponential and I'm certain some of yall will just be like, \"only 100%\" not a squeeze. \n\nThe most I can remember GME increasing was about 300% and that was damn near the peak.", "selftext_html": "&lt;!-- SC_OFF --&gt;&lt;div class=\"md\"&gt;&lt;p&gt;Everyone memes, &amp;quot;straight to blah blah&amp;quot; and what not but the price is never just going to open at some ridiculous price point. It will happen similarly to GME.&lt;/p&gt;\n\n&lt;p&gt;The price will climb beyond 10 and 20 and probably experience lots of volatility up and down. Couple 20% days couple -30% days etc.&lt;/p&gt;\n\n&lt;p&gt;The squeeze will only take a day or two but the rise before the squeeze  could be weeks or months. The squeeze points are extremely easy to find on a chart. Stocks don&amp;#39;t go straight up due to market mechanics. There are a series of price points that need to be broken aka resistance. These resistance points are almost always long term short holders IE: people who shorted at certain prices waiting for bankruptcy.&lt;/p&gt;\n\n&lt;p&gt;The current point to break is 2.5$ then 8ishsh then then 15ish 30ish after 30, the real fun begins. Before 30, there will be loads of volatility up and down. Thats because a lot of new shorts in the past few years have opened positions above 30 and theyre still fine. Theyll open new shorts as current shorts get liquidated which will cause the volatility spikes.&lt;/p&gt;\n\n&lt;ul&gt;\n&lt;li&gt;short a has a 45$ short position&lt;/li&gt;\n&lt;li&gt;short b has a 5$ &lt;/li&gt;\n&lt;li&gt;if the price breaks 5 short B decides to close causing a big green day. Meanwhile,  short A shorts more due to an increased opportunity for profits keeping the price down .&lt;/li&gt;\n&lt;/ul&gt;\n\n&lt;p&gt;This cycle continues until major price points. Once short A starts to get worried and close out the price moves to the next point. All of this will take days, weeks and probably months without some sort of major catalyst.&lt;/p&gt;\n\n&lt;p&gt;The KEY PRICE that I see on the charts is 62$. If bbby managed to touch 62 this will cause extreme fear in the short positions that opened in 2015 as their 8 year huge profits become less and less. &lt;/p&gt;\n\n&lt;p&gt;What this will lead to is the big boys exiting or getting liquidated if short positions at 62$ start closing at a loss. This is where the &amp;quot;real&amp;quot; squeeze begins. This is when this sub will wake up at 5am 6am and see the stock is up 300% in the premarket. This is when actual FOMO kicks in. The cascading effect of long term shorts closing and new shorts opening as the price rises is going to create volatility mimicking GME from Jan 13th - Jan 28th. This is when millionaires will actually be made. &lt;/p&gt;\n\n&lt;p&gt;There are certain times that clearing houses or whatever need to post positive and what was learned from the robinhood reports was this happened at 4am and it needed to be cleared before the markets opened. That&amp;#39;s the day gme went up 300% in the premarket.&lt;/p&gt;\n\n&lt;p&gt;I keep telling my buddy that NOTHING is going to happen until you wake up and see premarket price above critical short positions  IE: 62$ for bbby. For GME it was 80$ iirc. &lt;/p&gt;\n\n&lt;p&gt;Seriously,  go look at the charts around the end of 2015. The shorting started then. On everything. If bbby managers to break out of that price range it&amp;#39;s game over and the price will squeeze thousands if not tens of thousands percentages from 1.50$ &lt;/p&gt;\n\n&lt;p&gt;When this is over, if it squeezes, youll see at least 15,000% price increase from tomorrow to the peak. But you have to understand, once the price gets above 62$ it&amp;#39;s only like an additional 550% to reach GME levels of around 400$. However, from tomorrows price the charts will show  28,000%.&lt;/p&gt;\n\n&lt;p&gt;I say this because some of yall expect the price to just go up 28-100k% in a day but it&amp;#39;s not. It&amp;#39;s gonna go up a few hundred percent at a time but each time it does it&amp;#39;s exponential and I&amp;#39;m certain some of yall will just be like, &amp;quot;only 100%&amp;quot; not a squeeze. &lt;/p&gt;\n\n&lt;p&gt;The most I can remember GME increasing was about 300% and that was damn near the peak.&lt;/p&gt;\n&lt;/div&gt;&lt;!-- SC_ON --&gt;", "send_replies": true, "spoiler": false, "stickied": false, "subreddit": "BBBY", "subreddit_id": "t5_3q5hel", "subreddit_name_prefixed": "r/BBBY", "subreddit_subscribers": 61078, "subreddit_type": "public", "suggested_sort": null, "thumbnail": "self", "thumbnail_height": null, "thumbnail_width": null, "title": "The dynamic of a squeeze and when you'll know if it's on its way.", "top_awarded_type": null, "total_awards_received": 4, "treatment_tags": [], "ups": 546, "upvote_ratio": 0.91, "url": "https://www.reddit.com/r/BBBY/comments/11gtx51/the_dynamic_of_a_squeeze_and_when_youll_know_if/", "user_reports": [], "view_count": null, "visited": false, "whitelist_status": null, "wls": null}], "discussion_type": null, "distinguished": null, "domain": "self.BBBY", "edited": false, "gilded": 0, "gildings": {}, "hidden": false, "hide_score": false, "id": "11h1v9l", "is_created_from_ads_ui": false, "is_crosspostable": true, "is_meta": false, "is_original_content": false, "is_reddit_media_domain": false, "is_robot_indexable": true, "is_self": false, "is_video": false, "link_flair_background_color": "#ffd635", "link_flair_css_class": "", "link_flair_richtext": [], "link_flair_template_id": "d96925a0-ae68-11ed-8a4a-0a2543e76d1b", "link_flair_text": "Speculation/Opinion", "link_flair_text_color": "dark", "link_flair_type": "text", "locked": false, "media": null, "media_embed": {}, "media_only": false, "name": "t3_11h1v9l", "no_follow": false, "num_comments": 0, "num_crossposts": 0, "over_18": false, "parent_whitelist_status": null, "permalink": "/r/ThePPShow/comments/11h1v9l/found_this_to_be_kind_of_a_reasonable_analysisthe/", "pinned": false, "pwls": null, "quarantine": false, "removed_by": null, "removed_by_category": null, "retrieved_on": 1681022181, "score": 9, "secure_media": null, "secure_media_embed": {}, "selftext": "", "send_replies": false, "spoiler": false, "stickied": false, "subreddit": "ThePPShow", "subreddit_id": "t5_7q5o7y", "subreddit_name_prefixed": "r/ThePPShow", "subreddit_subscribers": 1240, "subreddit_type": "public", "suggested_sort": null, "thumbnail": "default", "thumbnail_height": null, "thumbnail_width": null, "title": "Found this to be kind of a reasonable analysis....The dynamic of a squeeze and when you'll know if it's on its way.", "top_awarded_type": null, "total_awards_received": 0, "treatment_tags": [], "upvote_ratio": 1.0, "url": "/r/BBBY/comments/11gtx51/the_dynamic_of_a_squeeze_and_when_youll_know_if/", "url_overridden_by_dest": "/r/BBBY/comments/11gtx51/the_dynamic_of_a_squeeze_and_when_youll_know_if/", "view_count": null, "whitelist_status": null, "wls": null}, {"all_awardings": [], "allow_live_comments": false, "archived": false, "author": "ApeDaveApeDave", "author_created_utc": 1660818624, "author_flair_background_color": null, "author_flair_css_class": null, "author_flair_richtext": [], "author_flair_template_id": null, "author_flair_text": null, "author_flair_text_color": null, "author_flair_type": "text", "author_fullname": "t2_rmv4c93h", "author_patreon_flair": false, "author_premium": true, "awarders": [], "banned_by": null, "can_gild": true, "can_mod_post": false, "category": null, "content_categories": null, "contest_mode": false, "created_utc": 1677850266, "crosspost_parent": "t3_11gzlzg", "crosspost_parent_list": [{"all_awardings": [{"award_sub_type": "PREMIUM", "award_type": "global", "awardings_required_to_grant_benefits": null, "coin_price": 30, "coin_reward": 0, "count": 1, "days_of_drip_extension": null, "days_of_premium": null, "description": "A glowing commendation for all to see", "end_date": null, "giver_coin_reward": null, "icon_format": "APNG", "icon_height": 2048, "icon_url": "https://www.redditstatic.com/gold/awards/icon/Illuminati_512.png", "icon_width": 2048, "id": "award_b4ff447e-05a5-42dc-9002-63568807cfe6", "is_enabled": true, "is_new": false, "name": "All-Seeing Upvote", "penny_donate": null, "penny_price": null, "resized_icons": [{"height": 16, "url": "https://www.redditstatic.com/gold/awards/icon/Illuminati_16.png", "width": 16}, {"height": 32, "url": "https://www.redditstatic.com/gold/awards/icon/Illuminati_32.png", "width": 32}, {"height": 48, "url": "https://www.redditstatic.com/gold/awards/icon/Illuminati_48.png", "width": 48}, {"height": 64, "url": "https://www.redditstatic.com/gold/awards/icon/Illuminati_64.png", "width": 64}, {"height": 128, "url": "https://www.redditstatic.com/gold/awards/icon/Illuminati_128.png", "width": 128}], "resized_static_icons": [{"height": 16, "url": "https://preview.redd.it/award_images/t5_q0gj4/am40b8b08l581_All-SeeingUpvote2.png?width=16&amp;height=16&amp;auto=webp&amp;v=enabled&amp;s=25880d00e4283ff6a3851b64c83fea465c3fac48", "width": 16}, {"height": 32, "url": "https://preview.redd.it/award_images/t5_q0gj4/am40b8b08l581_All-SeeingUpvote2.png?width=32&amp;height=32&amp;auto=webp&amp;v=enabled&amp;s=67fae0c2af26488b9d70cb7afe877086707cf1d1", "width": 32}, {"height": 48, "url": "https://preview.redd.it/award_images/t5_q0gj4/am40b8b08l581_All-SeeingUpvote2.png?width=48&amp;height=48&amp;auto=webp&amp;v=enabled&amp;s=3033c6583809a27b998883b7c56c158102cb0420", "width": 48}, {"height": 64, "url": "https://preview.redd.it/award_images/t5_q0gj4/am40b8b08l581_All-SeeingUpvote2.png?width=64&amp;height=64&amp;auto=webp&amp;v=enabled&amp;s=cccb48d7518eaba72894a7ac4214bb70c7120793", "width": 64}, {"height": 128, "url": "https://preview.redd.it/award_images/t5_q0gj4/am40b8b08l581_All-SeeingUpvote2.png?width=128&amp;height=128&amp;auto=webp&amp;v=enabled&amp;s=4101e0eff424bbd818195853387db358bec74ed0", "width": 128}], "start_date": null, "static_icon_height": 2048, "static_icon_url": "https://i.redd.it/award_images/t5_q0gj4/am40b8b08l581_All-SeeingUpvote2.png", "static_icon_width": 2048, "sticky_duration_seconds": null, "subreddit_coin_reward": 0, "subreddit_id": null, "tiers_by_required_awardings": null}], "allow_live_comments": true, "approved_at_utc": null, "approved_by": null, "archived": false, "author": "ApeDaveApeDave", "author_flair_background_color": null, "author_flair_css_class": null, "author_flair_richtext": [], "author_flair_template_id": null, "author_flair_text": null, "author_flair_text_color": null, "author_flair_type": "text", "author_fullname": "t2_rmv4c93h", "author_is_blocked": false, "author_patreon_flair": false, "author_premium": true, "awarders": [], "banned_at_utc": null, "banned_by": null, "can_gild": true, "can_mod_post": false, "category": null, "clicked": false, "content_categories": null, "contest_mode": false, "created": 1677846774.0, "created_utc": 1677846774.0, "discussion_type": null, "distinguished": null, "domain": "self.BBBY", "downs": 0, "edited": false, "gilded": 0, "gildings": {}, "hidden": false, "hide_score": false, "id": "11gzlzg", "is_created_from_ads_ui": false, "is_crosspostable": true, "is_meta": false, "is_original_content": false, "is_reddit_media_domain": false, "is_robot_indexable": true, "is_self": true, "is_video": false, "likes": null, "link_flair_background_color": "#ffb000", "link_flair_css_class": "", "link_flair_richtext": [], "link_flair_template_id": "8112c8cc-16bd-11ed-a17a-1ef4a6ed33a9", "link_flair_text": "\ud83d\udca1 Education", "link_flair_text_color": "dark", "link_flair_type": "text", "locked": false, "media": null, "media_embed": {}, "media_only": false, "mod_note": null, "mod_reason_by": null, "mod_reason_title": null, "mod_reports": [], "name": "t3_11gzlzg", "no_follow": false, "num_comments": 52, "num_crossposts": 2, "num_reports": null, "over_18": false, "parent_whitelist_status": null, "permalink": "/r/BBBY/comments/11gzlzg/guideline_for_gaslighting_shilling_and_fud_how/", "pinned": false, "pwls": null, "quarantine": false, "removal_reason": null, "removed_by": null, "removed_by_category": null, "report_reasons": null, "saved": false, "score": 140, "secure_media": null, "secure_media_embed": {}, "selftext": "Thanks to u/hollyberryness for sending me this. We don\u2019t know exactly where it comes from, but refers most likely to the political sphere- but the mechanics are the same. Troll and shill farms are real and very sophisticated- we got the full throttle FUD machine the last couple of months. \n\nHere it comes:\n\nTACTICS FOR EFFECTIVE ONLINE GASLIGHTING\n\n\n1) Engage  \n\n\nDemand an elaborate, time-consuming comparison / analysis between your position and theirs.  \n\n\n2) Entangle  \n\n\nInsist that the \\[mark\\] put their posts in their own words. That will consume the most time and effort for the \\[x\\] poster.  \n\n\nThey will be unable to spread numerous points on numerous \\[posts\\] if you have them occupied. Allowing a \\[mark\\] to post a web link is too quick and efficient for them. Tie them up. We are going for delay of game here.  \n\n\n3) Demoralize  \n\n\nDismiss their narrative as rubbish immediately.  \n\n\nDo not even read it. Once the \\[mark\\] goes through the trouble to research, gather, collate, compose and write their narrative your job is to discredit it. Make it obvious you tossed their labor-intensive narrative aside like garbage. This will have the effect of demoralizing the \\[target\\] poster.  \n\n\nIt will make them unwilling to expend the effort again, and for us, that is a net win.  \n\n\n4) Attack  \n\n\nAttack the source. Any \\[x\\] website or information source must be marginalized, trivialized and discounted. Let the \\[readers\\] know that \\[\\].org, \\[\\] and \\[\\].com are \\[x\\] rubbish propaganda. Discredit \\[x\\] sources of information whenever possible.  \n\n\n5) Confuse  \n\n\nChallenge the \\[x\\] position with questions, always questions. The questions need not be relevant. The goal is to knock the \\[x\\] poster off their game, and seize control of the narrative.  \n\n\nOnce you have control you can direct the narrative to where you want it to go, which is always away from letting the \\[x\\] make their point. Conversely, do not respond to their leading questions. Don't rise to their bait.  \n\n\n6) Contain  \n\n\nYour job is to prevent the presentation and spread of \\[x\\] viewpoints.  \n\n\nDo anything you must do to prevent a \\[x\\] poster from presenting a well-reasoned argument or starting a civil discussion.  \n\n\nDon't allow a \\[x\\] to present their dogma unchallenged EVER.  \n\n\n7) Intimidate  \n\n\nTaunt the \\[x\\]. If you find yourself in a debate with a \\[x\\] where you are losing a fact-based argument then call them a name to derail their diatribe. Remember your goal is to prevent a meaningful exchange of views and ideas which may portray \\[x\\] in a positive light.  \n\n\nYour goal as a \\[x\\] poster is to stop the spread and advance of the \\[x\\] agenda. Play upon any identifiable idiosyncrasies, character flaws, physical traits, names, to their disadvantage. Monitor other posts for vulnerabilities you can exploit. Stay on the offensive with \\[partisan\\] wimps. Don't let up.  \n\n\n8) Insult their Movement  \n\n\nAssign as many character and moral flaws to \\[x\\] as you can. You must portray \\[x\\] as weak, vacillating, indecisive, amoral, unpatriotic, purists, elitists, sense of entitlement, \\[...\\] ...etc. Always use these negative epithets when referring to, or describing \\[x\\].  \n\n\n9) Deceive  \n\n\nIdentify yourself as a moderate, centrist or independent. It will also cause \\[x\\] to lower their guard a bit, which gives you an effective opening. This may also have the effect of aligning \\[x\\] viewpoints with the real moderates we are attempting to reach.  \n\n\nIt may serve to influence some moderates over to the \\[x\\] side.  \n\n\n10) Patriotism  \n\n\nAlways claim the high ground of pro-military, strong defense, and morality. Own those virtues. Learn how to exploit them when debating.  \n\n\n11) Demean  \n\n\nAlways refer to the other side as \\[others\\]. Never assign them the status of a bona-fide political party. Hang \\[x\\] around their neck like a burning tire. Make \\[x\\] appear as a moral turpitude or a character flaw. ... Never assign them respect.  \n\n\n12) Opportunity  \n\n\nBe alert for ways to insert our catch phrases into your narrative. You will receive your daily list of talking points and topics that we want you to cover. Consistent, persistent repetition and inculcation will drive our talking points home and so will neuro-linguistic programming. Stick with it and our talking points will become truth. If they debunk your talking point, ignore it, and move on as if you didn't hear it.", "selftext_html": "&lt;!-- SC_OFF --&gt;&lt;div class=\"md\"&gt;&lt;p&gt;Thanks to &lt;a href=\"/u/hollyberryness\"&gt;u/hollyberryness&lt;/a&gt; for sending me this. We don\u2019t know exactly where it comes from, but refers most likely to the political sphere- but the mechanics are the same. Troll and shill farms are real and very sophisticated- we got the full throttle FUD machine the last couple of months. &lt;/p&gt;\n\n&lt;p&gt;Here it comes:&lt;/p&gt;\n\n&lt;p&gt;TACTICS FOR EFFECTIVE ONLINE GASLIGHTING&lt;/p&gt;\n\n&lt;p&gt;1) Engage  &lt;/p&gt;\n\n&lt;p&gt;Demand an elaborate, time-consuming comparison / analysis between your position and theirs.  &lt;/p&gt;\n\n&lt;p&gt;2) Entangle  &lt;/p&gt;\n\n&lt;p&gt;Insist that the [mark] put their posts in their own words. That will consume the most time and effort for the [x] poster.  &lt;/p&gt;\n\n&lt;p&gt;They will be unable to spread numerous points on numerous [posts] if you have them occupied. Allowing a [mark] to post a web link is too quick and efficient for them. Tie them up. We are going for delay of game here.  &lt;/p&gt;\n\n&lt;p&gt;3) Demoralize  &lt;/p&gt;\n\n&lt;p&gt;Dismiss their narrative as rubbish immediately.  &lt;/p&gt;\n\n&lt;p&gt;Do not even read it. Once the [mark] goes through the trouble to research, gather, collate, compose and write their narrative your job is to discredit it. Make it obvious you tossed their labor-intensive narrative aside like garbage. This will have the effect of demoralizing the [target] poster.  &lt;/p&gt;\n\n&lt;p&gt;It will make them unwilling to expend the effort again, and for us, that is a net win.  &lt;/p&gt;\n\n&lt;p&gt;4) Attack  &lt;/p&gt;\n\n&lt;p&gt;Attack the source. Any [x] website or information source must be marginalized, trivialized and discounted. Let the [readers] know that [].org, [] and [].com are [x] rubbish propaganda. Discredit [x] sources of information whenever possible.  &lt;/p&gt;\n\n&lt;p&gt;5) Confuse  &lt;/p&gt;\n\n&lt;p&gt;Challenge the [x] position with questions, always questions. The questions need not be relevant. The goal is to knock the [x] poster off their game, and seize control of the narrative.  &lt;/p&gt;\n\n&lt;p&gt;Once you have control you can direct the narrative to where you want it to go, which is always away from letting the [x] make their point. Conversely, do not respond to their leading questions. Don&amp;#39;t rise to their bait.  &lt;/p&gt;\n\n&lt;p&gt;6) Contain  &lt;/p&gt;\n\n&lt;p&gt;Your job is to prevent the presentation and spread of [x] viewpoints.  &lt;/p&gt;\n\n&lt;p&gt;Do anything you must do to prevent a [x] poster from presenting a well-reasoned argument or starting a civil discussion.  &lt;/p&gt;\n\n&lt;p&gt;Don&amp;#39;t allow a [x] to present their dogma unchallenged EVER.  &lt;/p&gt;\n\n&lt;p&gt;7) Intimidate  &lt;/p&gt;\n\n&lt;p&gt;Taunt the [x]. If you find yourself in a debate with a [x] where you are losing a fact-based argument then call them a name to derail their diatribe. Remember your goal is to prevent a meaningful exchange of views and ideas which may portray [x] in a positive light.  &lt;/p&gt;\n\n&lt;p&gt;Your goal as a [x] poster is to stop the spread and advance of the [x] agenda. Play upon any identifiable idiosyncrasies, character flaws, physical traits, names, to their disadvantage. Monitor other posts for vulnerabilities you can exploit. Stay on the offensive with [partisan] wimps. Don&amp;#39;t let up.  &lt;/p&gt;\n\n&lt;p&gt;8) Insult their Movement  &lt;/p&gt;\n\n&lt;p&gt;Assign as many character and moral flaws to [x] as you can. You must portray [x] as weak, vacillating, indecisive, amoral, unpatriotic, purists, elitists, sense of entitlement, [...] ...etc. Always use these negative epithets when referring to, or describing [x].  &lt;/p&gt;\n\n&lt;p&gt;9) Deceive  &lt;/p&gt;\n\n&lt;p&gt;Identify yourself as a moderate, centrist or independent. It will also cause [x] to lower their guard a bit, which gives you an effective opening. This may also have the effect of aligning [x] viewpoints with the real moderates we are attempting to reach.  &lt;/p&gt;\n\n&lt;p&gt;It may serve to influence some moderates over to the [x] side.  &lt;/p&gt;\n\n&lt;p&gt;10) Patriotism  &lt;/p&gt;\n\n&lt;p&gt;Always claim the high ground of pro-military, strong defense, and morality. Own those virtues. Learn how to exploit them when debating.  &lt;/p&gt;\n\n&lt;p&gt;11) Demean  &lt;/p&gt;\n\n&lt;p&gt;Always refer to the other side as [others]. Never assign them the status of a bona-fide political party. Hang [x] around their neck like a burning tire. Make [x] appear as a moral turpitude or a character flaw. ... Never assign them respect.  &lt;/p&gt;\n\n&lt;p&gt;12) Opportunity  &lt;/p&gt;\n\n&lt;p&gt;Be alert for ways to insert our catch phrases into your narrative. You will receive your daily list of talking points and topics that we want you to cover. Consistent, persistent repetition and inculcation will drive our talking points home and so will neuro-linguistic programming. Stick with it and our talking points will become truth. If they debunk your talking point, ignore it, and move on as if you didn&amp;#39;t hear it.&lt;/p&gt;\n&lt;/div&gt;&lt;!-- SC_ON --&gt;", "send_replies": true, "spoiler": false, "stickied": false, "subreddit": "BBBY", "subreddit_id": "t5_3q5hel", "subreddit_name_prefixed": "r/BBBY", "subreddit_subscribers": 61078, "subreddit_type": "public", "suggested_sort": null, "thumbnail": "self", "thumbnail_height": null, "thumbnail_width": null, "title": "Guideline for gaslighting - shilling and FUD, how does it work? I think a lot sounds very familiar from the bbby sub", "top_awarded_type": null, "total_awards_received": 1, "treatment_tags": [], "ups": 140, "upvote_ratio": 0.87, "url": "https://www.reddit.com/r/BBBY/comments/11gzlzg/guideline_for_gaslighting_shilling_and_fud_how/", "user_reports": [], "view_count": null, "visited": false, "whitelist_status": null, "wls": null}], "discussion_type": null, "distinguished": null, "domain": "self.BBBY", "edited": false, "gilded": 0, "gildings": {}, "hidden": false, "hide_score": false, "id": "11h0ufq", "is_created_from_ads_ui": false, "is_crosspostable": true, "is_meta": false, "is_original_content": false, "is_reddit_media_domain": false, "is_robot_indexable": true, "is_self": false, "is_video": false, "link_flair_background_color": "#ffd635", "link_flair_css_class": "", "link_flair_richtext": [], "link_flair_template_id": "d96925a0-ae68-11ed-8a4a-0a2543e76d1b", "link_flair_text": "Speculation/Opinion", "link_flair_text_color": "dark", "link_flair_type": "text", "locked": false, "media": null, "media_embed": {}, "media_only": false, "name": "t3_11h0ufq", "no_follow": false, "num_comments": 0, "num_crossposts": 0, "over_18": false, "parent_whitelist_status": null, "permalink": "/r/ThePPShow/comments/11h0ufq/guideline_for_gaslighting_shilling_and_fud_how/", "pinned": false, "pwls": null, "quarantine": false, "removed_by": null, "removed_by_category": null, "retrieved_on": 1681022219, "score": 6, "secure_media": null, "secure_media_embed": {}, "selftext": "", "send_replies": false, "spoiler": false, "stickied": false, "subreddit": "ThePPShow", "subreddit_id": "t5_7q5o7y", "subreddit_name_prefixed": "r/ThePPShow", "subreddit_subscribers": 1240, "subreddit_type": "public", "suggested_sort": null, "thumbnail": "default", "thumbnail_height": null, "thumbnail_width": null, "title": "Guideline for gaslighting - shilling and FUD, how does it work? I think a lot sounds very familiar from the bbby sub", "top_awarded_type": null, "total_awards_received": 0, "treatment_tags": [], "upvote_ratio": 0.88, "url": "/r/BBBY/comments/11gzlzg/guideline_for_gaslighting_shilling_and_fud_how/", "url_overridden_by_dest": "/r/BBBY/comments/11gzlzg/guideline_for_gaslighting_shilling_and_fud_how/", "view_count": null, "whitelist_status": null, "wls": null}, {"all_awardings": [], "allow_live_comments": false, "archived": false, "author": "wilsash42", "author_created_utc": 1621173925, "author_flair_background_color": null, "author_flair_css_class": null, "author_flair_richtext": [], "author_flair_template_id": null, "author_flair_text": null, "author_flair_text_color": null, "author_flair_type": "text", "author_fullname": "t2_c5vzyhey", "author_patreon_flair": false, "author_premium": true, "awarders": [], "banned_by": null, "can_gild": true, "can_mod_post": false, "category": null, "content_categories": null, "contest_mode": false, "created_utc": 1677814197, "discussion_type": null, "distinguished": null, "domain": "twitter.com", "edited": false, "gilded": 0, "gildings": {}, "hidden": false, "hide_score": false, "id": "11gpzag", "is_created_from_ads_ui": false, "is_crosspostable": true, "is_meta": false, "is_original_content": false, "is_reddit_media_domain": false, "is_robot_indexable": true, "is_self": false, "is_video": false, "link_flair_background_color": "#ffd635", "link_flair_css_class": "", "link_flair_richtext": [], "link_flair_template_id": "d96925a0-ae68-11ed-8a4a-0a2543e76d1b", "link_flair_text": "Speculation/Opinion", "link_flair_text_color": "dark", "link_flair_type": "text", "locked": false, "media": {"oembed": {"author_name": "The Devil's Stock Broker", "author_url": "https://twitter.com/TRUExDEMON", "cache_age": 3153600000, "height": null, "html": "&lt;blockquote class=\"twitter-video\"&gt;&lt;p lang=\"en\" dir=\"ltr\"&gt;I admit I ignored &lt;a href=\"https://twitter.com/search?q=%24BBBY&amp;amp;src=ctag&amp;amp;ref_src=twsrc%5Etfw\"&gt;$BBBY&lt;/a&gt; for a long time before it popped to $30, but I decided I wouldn&amp;#39;t count out an underdog in the future.&lt;br&gt;&lt;br&gt;As it turns out, &lt;a href=\"https://twitter.com/search?q=%24BBBY&amp;amp;src=ctag&amp;amp;ref_src=twsrc%5Etfw\"&gt;$BBBY&lt;/a&gt; is throwing some interesting signals that I believe ya&amp;#39;ll might be interested in. &lt;a href=\"https://t.co/N0WRGyQzV8\"&gt;https://t.co/N0WRGyQzV8&lt;/a&gt;&lt;/p&gt;&amp;mdash; The Devil&amp;#39;s Stock Broker (@TRUExDEMON) &lt;a href=\"https://twitter.com/TRUExDEMON/status/1631482761470173185?ref_src=twsrc%5Etfw\"&gt;March 3, 2023&lt;/a&gt;&lt;/blockquote&gt;\n&lt;script async src=\"https://platform.twitter.com/widgets.js\" charset=\"utf-8\"&gt;&lt;/script&gt;\n", "provider_name": "Twitter", "provider_url": "https://twitter.com", "type": "rich", "url": "https://twitter.com/TRUExDEMON/status/1631482761470173185", "version": "1.0", "width": 350}, "type": "twitter.com"}, "media_embed": {"content": "&lt;blockquote class=\"twitter-video\"&gt;&lt;p lang=\"en\" dir=\"ltr\"&gt;I admit I ignored &lt;a href=\"https://twitter.com/search?q=%24BBBY&amp;amp;src=ctag&amp;amp;ref_src=twsrc%5Etfw\"&gt;$BBBY&lt;/a&gt; for a long time before it popped to $30, but I decided I wouldn&amp;#39;t count out an underdog in the future.&lt;br&gt;&lt;br&gt;As it turns out, &lt;a href=\"https://twitter.com/search?q=%24BBBY&amp;amp;src=ctag&amp;amp;ref_src=twsrc%5Etfw\"&gt;$BBBY&lt;/a&gt; is throwing some interesting signals that I believe ya&amp;#39;ll might be interested in. &lt;a href=\"https://t.co/N0WRGyQzV8\"&gt;https://t.co/N0WRGyQzV8&lt;/a&gt;&lt;/p&gt;&amp;mdash; The Devil&amp;#39;s Stock Broker (@TRUExDEMON) &lt;a href=\"https://twitter.com/TRUExDEMON/status/1631482761470173185?ref_src=twsrc%5Etfw\"&gt;March 3, 2023&lt;/a&gt;&lt;/blockquote&gt;\n&lt;script async src=\"https://platform.twitter.com/widgets.js\" charset=\"utf-8\"&gt;&lt;/script&gt;\n", "height": 200, "scrolling": false, "width": 350}, "media_only": false, "name": "t3_11gpzag", "no_follow": false, "num_comments": 2, "num_crossposts": 0, "over_18": false, "parent_whitelist_status": null, "permalink": "/r/ThePPShow/comments/11gpzag/bbby_devilish_gamma/", "pinned": false, "post_hint": "link", "preview": {"enabled": false, "images": [{"id": "FbY9Lm5jXqHGqIrz_9wNdMosfc_aL-PfwwRT8LY2G7k", "resolutions": [{"height": 108, "url": "https://external-preview.redd.it/3JaRteI8jhrvxT9ufRyzvJe74lv3LoWd_TLNk8VcLcU.jpg?width=108&amp;crop=smart&amp;auto=webp&amp;v=enabled&amp;s=4a303f029f150e48f0d9189e5808a4c2a2c13122", "width": 108}], "source": {"height": 140, "url": "https://external-preview.redd.it/3JaRteI8jhrvxT9ufRyzvJe74lv3LoWd_TLNk8VcLcU.jpg?auto=webp&amp;v=enabled&amp;s=75b93dbc6ab48a07f2061d4d4348e909d00c8ea2", "width": 140}, "variants": {}}]}, "pwls": null, "quarantine": false, "removed_by": null, "removed_by_category": null, "retrieved_on": 1681022614, "score": 17, "secure_media": {"oembed": {"author_name": "The Devil's Stock Broker", "author_url": "https://twitter.com/TRUExDEMON", "cache_age": 3153600000, "height": null, "html": "&lt;blockquote class=\"twitter-video\"&gt;&lt;p lang=\"en\" dir=\"ltr\"&gt;I admit I ignored &lt;a href=\"https://twitter.com/search?q=%24BBBY&amp;amp;src=ctag&amp;amp;ref_src=twsrc%5Etfw\"&gt;$BBBY&lt;/a&gt; for a long time before it popped to $30, but I decided I wouldn&amp;#39;t count out an underdog in the future.&lt;br&gt;&lt;br&gt;As it turns out, &lt;a href=\"https://twitter.com/search?q=%24BBBY&amp;amp;src=ctag&amp;amp;ref_src=twsrc%5Etfw\"&gt;$BBBY&lt;/a&gt; is throwing some interesting signals that I believe ya&amp;#39;ll might be interested in. &lt;a href=\"https://t.co/N0WRGyQzV8\"&gt;https://t.co/N0WRGyQzV8&lt;/a&gt;&lt;/p&gt;&amp;mdash; The Devil&amp;#39;s Stock Broker (@TRUExDEMON) &lt;a href=\"https://twitter.com/TRUExDEMON/status/1631482761470173185?ref_src=twsrc%5Etfw\"&gt;March 3, 2023&lt;/a&gt;&lt;/blockquote&gt;\n&lt;script async src=\"https://platform.twitter.com/widgets.js\" charset=\"utf-8\"&gt;&lt;/script&gt;\n", "provider_name": "Twitter", "provider_url": "https://twitter.com", "type": "rich", "url": "https://twitter.com/TRUExDEMON/status/1631482761470173185", "version": "1.0", "width": 350}, "type": "twitter.com"}, "secure_media_embed": {"content": "&lt;blockquote class=\"twitter-video\"&gt;&lt;p lang=\"en\" dir=\"ltr\"&gt;I admit I ignored &lt;a href=\"https://twitter.com/search?q=%24BBBY&amp;amp;src=ctag&amp;amp;ref_src=twsrc%5Etfw\"&gt;$BBBY&lt;/a&gt; for a long time before it popped to $30, but I decided I wouldn&amp;#39;t count out an underdog in the future.&lt;br&gt;&lt;br&gt;As it turns out, &lt;a href=\"https://twitter.com/search?q=%24BBBY&amp;amp;src=ctag&amp;amp;ref_src=twsrc%5Etfw\"&gt;$BBBY&lt;/a&gt; is throwing some interesting signals that I believe ya&amp;#39;ll might be interested in. &lt;a href=\"https://t.co/N0WRGyQzV8\"&gt;https://t.co/N0WRGyQzV8&lt;/a&gt;&lt;/p&gt;&amp;mdash; The Devil&amp;#39;s Stock Broker (@TRUExDEMON) &lt;a href=\"https://twitter.com/TRUExDEMON/status/1631482761470173185?ref_src=twsrc%5Etfw\"&gt;March 3, 2023&lt;/a&gt;&lt;/blockquote&gt;\n&lt;script async src=\"https://platform.twitter.com/widgets.js\" charset=\"utf-8\"&gt;&lt;/script&gt;\n", "height": 200, "media_domain_url": "https://www.redditmedia.com/mediaembed/11gpzag", "scrolling": false, "width": 350}, "selftext": "", "send_replies": false, "spoiler": false, "stickied": false, "subreddit": "ThePPShow", "subreddit_id": "t5_7q5o7y", "subreddit_name_prefixed": "r/ThePPShow", "subreddit_subscribers": 1240, "subreddit_type": "public", "suggested_sort": null, "thumbnail": "https://b.thumbs.redditmedia.com/uIXDrSiVuyvmWKx0hhCZxsUSnA2QbbETVNKKvlE6hsA.jpg", "thumbnail_height": 140, "thumbnail_width": 140, "title": "BBBY \u201cDevilish Gamma!\u201d", "top_awarded_type": null, "total_awards_received": 0, "treatment_tags": [], "upvote_ratio": 0.95, "url": "https://twitter.com/truexdemon/status/1631482761470173185?s=46&amp;t=aQK-3QQBp-R2sdSZ04m3kw", "url_overridden_by_dest": "https://twitter.com/truexdemon/status/1631482761470173185?s=46&amp;t=aQK-3QQBp-R2sdSZ04m3kw", "view_count": null, "whitelist_status": null, "wls": null}], "metadata": {"op_a": 59, "op_b": 49, "total": 109}, "error": null}