{"data": [{"all_awardings": [], "allow_live_comments": false, "archived": false, "author": "[deleted]", "author_created_utc": null, "author_flair_background_color": "", "author_flair_css_class": null, "author_flair_template_id": null, "author_flair_text": null, "author_flair_text_color": "dark", "awarders": [], "banned_by": null, "can_gild": false, "can_mod_post": false, "category": null, "content_categories": null, "contest_mode": false, "created_utc": 1678146698, "discussion_type": null, "distinguished": null, "domain": "i.redd.it", "edited": false, "gilded": 0, "gildings": {}, "hidden": false, "hide_score": false, "id": "11kiif8", "is_created_from_ads_ui": false, "is_crosspostable": true, "is_meta": false, "is_original_content": false, "is_reddit_media_domain": true, "is_robot_indexable": true, "is_self": false, "is_video": false, "link_flair_background_color": "", "link_flair_css_class": null, "link_flair_richtext": [], "link_flair_text": null, "link_flair_text_color": "dark", "link_flair_type": "text", "locked": false, "media": null, "media_embed": {}, "media_only": false, "name": "t3_11kiif8", "no_follow": false, "num_comments": 8, "num_crossposts": 0, "over_18": false, "parent_whitelist_status": null, "permalink": "/r/ThePPShow/comments/11kiif8/abc_has_been_spotted_finally_i_knew_it_was_him/", "pinned": false, "post_hint": "image", "preview": {"enabled": true, "images": [{"id": "xmurxvc5mwlChj-hci9X4_fjyjRhGxrlbF_iOXvnjzU", "resolutions": [{"height": 68, "url": "https://preview.redd.it/c7kf13a2i7ma1.jpg?width=108&amp;crop=smart&amp;auto=webp&amp;v=enabled&amp;s=0b76d3944e304003d5589ae028175cb1974200aa", "width": 108}, {"height": 136, "url": "https://preview.redd.it/c7kf13a2i7ma1.jpg?width=216&amp;crop=smart&amp;auto=webp&amp;v=enabled&amp;s=b8699f9872c0963709095e9c3083e4d653ea5b93", "width": 216}, {"height": 202, "url": "https://preview.redd.it/c7kf13a2i7ma1.jpg?width=320&amp;crop=smart&amp;auto=webp&amp;v=enabled&amp;s=33a40209f01fe5f40ecaf1120358cb5a09822def", "width": 320}, {"height": 405, "url": "https://preview.redd.it/c7kf13a2i7ma1.jpg?width=640&amp;crop=smart&amp;auto=webp&amp;v=enabled&amp;s=371a01f7d6a984814d813cb4cd5bc68f8237c485", "width": 640}, {"height": 607, "url": "https://preview.redd.it/c7kf13a2i7ma1.jpg?width=960&amp;crop=smart&amp;auto=webp&amp;v=enabled&amp;s=968d02439303f0fafa6035039a5fab03e4bb5885", "width": 960}], "source": {"height": 632, "url": "https://preview.redd.it/c7kf13a2i7ma1.jpg?auto=webp&amp;v=enabled&amp;s=968a7120de3f314ebb02a955532a5615f375926b", "width": 998}, "variants": {}}]}, "pwls": null, "quarantine": false, "removed_by": null, "removed_by_category": null, "retrieved_on": 1681018062, "score": 28, "secure_media": null, "secure_media_embed": {}, "selftext": "", "send_replies": true, "spoiler": false, "stickied": false, "subreddit": "ThePPShow", "subreddit_id": "t5_7q5o7y", "subreddit_name_prefixed": "r/ThePPShow", "subreddit_subscribers": 1240, "subreddit_type": "public", "suggested_sort": null, "thumbnail": "https://b.thumbs.redditmedia.com/poowcvKg7gQxp6v46slakVWfuyRpohTht8Sy0lG-RXk.jpg", "thumbnail_height": 88, "thumbnail_width": 140, "title": "ABC has been spotted... finally! I knew it was him.", "top_awarded_type": null, "total_awards_received": 0, "treatment_tags": [], "upvote_ratio": 0.97, "url": "https://i.redd.it/c7kf13a2i7ma1.jpg", "url_overridden_by_dest": "https://i.redd.it/c7kf13a2i7ma1.jpg", "view_count": null, "whitelist_status": null, "wls": null}, {"all_awardings": [{"award_sub_type": "PREMIUM", "award_type": "global", "awardings_required_to_grant_benefits": null, "coin_price": 30, "coin_reward": 0, "count": 1, "days_of_drip_extension": null, "days_of_premium": null, "description": "A glowing commendation for all to see", "end_date": null, "giver_coin_reward": null, "icon_format": "APNG", "icon_height": 2048, "icon_url": "https://www.redditstatic.com/gold/awards/icon/Illuminati_512.png", "icon_width": 2048, "id": "award_b4ff447e-05a5-42dc-9002-63568807cfe6", "is_enabled": true, "is_new": false, "name": "All-Seeing Upvote", "penny_donate": null, "penny_price": null, "resized_icons": [{"height": 16, "url": "https://www.redditstatic.com/gold/awards/icon/Illuminati_16.png", "width": 16}, {"height": 32, "url": "https://www.redditstatic.com/gold/awards/icon/Illuminati_32.png", "width": 32}, {"height": 48, "url": "https://www.redditstatic.com/gold/awards/icon/Illuminati_48.png", "width": 48}, {"height": 64, "url": "https://www.redditstatic.com/gold/awards/icon/Illuminati_64.png", "width": 64}, {"height": 128, "url": "https://www.redditstatic.com/gold/awards/icon/Illuminati_128.png", "width": 128}], "resized_static_icons": [{"height": 16, "url": "https://preview.redd.it/award_images/t5_q0gj4/am40b8b08l581_All-SeeingUpvote2.png?width=16&amp;height=16&amp;auto=webp&amp;v=enabled&amp;s=25880d00e4283ff6a3851b64c83fea465c3fac48", "width": 16}, {"height": 32, "url": "https://preview.redd.it/award_images/t5_q0gj4/am40b8b08l581_All-SeeingUpvote2.png?width=32&amp;height=32&amp;auto=webp&amp;v=enabled&amp;s=67fae0c2af26488b9d70cb7afe877086707cf1d1", "width": 32}, {"height": 48, "url": "https://preview.redd.it/award_images/t5_q0gj4/am40b8b08l581_All-SeeingUpvote2.png?width=48&amp;height=48&amp;auto=webp&amp;v=enabled&amp;s=3033c6583809a27b998883b7c56c158102cb0420", "width": 48}, {"height": 64, "url": "https://preview.redd.it/award_images/t5_q0gj4/am40b8b08l581_All-SeeingUpvote2.png?width=64&amp;height=64&amp;auto=webp&amp;v=enabled&amp;s=cccb48d7518eaba72894a7ac4214bb70c7120793", "width": 64}, {"height": 128, "url": "https://preview.redd.it/award_images/t5_q0gj4/am40b8b08l581_All-SeeingUpvote2.png?width=128&amp;height=128&amp;auto=webp&amp;v=enabled&amp;s=4101e0eff424bbd818195853387db358bec74ed0", "width": 128}], "start_date": null, "static_icon_height": 2048, "static_icon_url": "https://i.redd.it/award_images/t5_q0gj4/am40b8b08l581_All-SeeingUpvote2.png", "static_icon_width": 2048, "sticky_duration_seconds": null, "subreddit_coin_reward": 0, "subreddit_id": null, "tiers_by_required_awardings": null}], "allow_live_comments": false, "archived": false, "author": "ppseeds", "author_created_utc": 1518222553, "author_flair_background_color": null, "author_flair_css_class": null, "author_flair_richtext": [], "author_flair_template_id": null, "author_flair_text": null, "author_flair_text_color": null, "author_flair_type": "text", "author_fullname": "t2_w7v9rg0", "author_patreon_flair": false, "author_premium": true, "awarders": [], "banned_by": null, "can_gild": true, "can_mod_post": false, "category": null, "content_categories": null, "contest_mode": false, "created_utc": 1678145203, "discussion_type": null, "distinguished": null, "domain": "youtube.com", "edited": false, "gilded": 0, "gildings": {}, "hidden": false, "hide_score": false, "id": "11khutp", "is_created_from_ads_ui": false, "is_crosspostable": true, "is_meta": false, "is_original_content": false, "is_reddit_media_domain": false, "is_robot_indexable": true, "is_self": false, "is_video": false, "link_flair_background_color": "#ffd635", "link_flair_css_class": "", "link_flair_richtext": [], "link_flair_template_id": "cf8e4b00-8f0a-11ed-bcf5-ea5ecab695a0", "link_flair_text": "Stream Live Chat", "link_flair_text_color": "dark", "link_flair_type": "text", "locked": false, "media": {"oembed": {"author_name": "ThePPshow", "author_url": "https://www.youtube.com/@ThePPshow", "height": 200, "html": "&lt;iframe width=\"356\" height=\"200\" src=\"https://www.youtube.com/embed/1IPdiUwSVyk?feature=oembed&amp;enablejsapi=1\" frameborder=\"0\" allow=\"accelerometer; autoplay; clipboard-write; encrypted-media; gyroscope; picture-in-picture; web-share\" allowfullscreen title=\"ThePPShow BBBY Livestream\"&gt;&lt;/iframe&gt;", "provider_name": "YouTube", "provider_url": "https://www.youtube.com/", "thumbnail_height": 360, "thumbnail_url": "https://i.ytimg.com/vi/1IPdiUwSVyk/hqdefault.jpg", "thumbnail_width": 480, "title": "ThePPShow BBBY Livestream", "type": "video", "version": "1.0", "width": 356}, "type": "youtube.com"}, "media_embed": {"content": "&lt;iframe width=\"356\" height=\"200\" src=\"https://www.youtube.com/embed/1IPdiUwSVyk?feature=oembed&amp;enablejsapi=1\" frameborder=\"0\" allow=\"accelerometer; autoplay; clipboard-write; encrypted-media; gyroscope; picture-in-picture; web-share\" allowfullscreen title=\"ThePPShow BBBY Livestream\"&gt;&lt;/iframe&gt;", "height": 200, "scrolling": false, "width": 356}, "media_only": false, "name": "t3_11khutp", "no_follow": false, "num_comments": 2, "num_crossposts": 0, "over_18": false, "parent_whitelist_status": null, "permalink": "/r/ThePPShow/comments/11khutp/theppshow_come_enjoy_a_beer_and_lets_talk_about/", "pinned": false, "post_hint": "rich:video", "preview": {"enabled": false, "images": [{"id": "E1loU_22ZShlHwZcPMdVR9YOw1ctODoWDJLuQESBoHk", "resolutions": [{"height": 81, "url": "https://external-preview.redd.it/mevniBrxleFfoKTGFwK4pGXrewGtI-Clu0OUPRFUwMg.jpg?width=108&amp;crop=smart&amp;auto=webp&amp;v=enabled&amp;s=909da2dbe3e58cdeab3c4af2f56691e48d368607", "width": 108}, {"height": 162, "url": "https://external-preview.redd.it/mevniBrxleFfoKTGFwK4pGXrewGtI-Clu0OUPRFUwMg.jpg?width=216&amp;crop=smart&amp;auto=webp&amp;v=enabled&amp;s=8a8113902aed173f1dc190fa106d4ceb9476aed0", "width": 216}, {"height": 240, "url": "https://external-preview.redd.it/mevniBrxleFfoKTGFwK4pGXrewGtI-Clu0OUPRFUwMg.jpg?width=320&amp;crop=smart&amp;auto=webp&amp;v=enabled&amp;s=86e348691a87aec7cb6d37257e6bfb23dbfaf445", "width": 320}], "source": {"height": 360, "url": "https://external-preview.redd.it/mevniBrxleFfoKTGFwK4pGXrewGtI-Clu0OUPRFUwMg.jpg?auto=webp&amp;v=enabled&amp;s=02036a474996e015d8b56d8f7fdeabcaeed42d54", "width": 480}, "variants": {}}]}, "pwls": null, "quarantine": false, "removed_by": null, "removed_by_category": null, "retrieved_on": 1681018085, "score": 15, "secure_media": {"oembed": {"author_name": "ThePPshow", "author_url": "https://www.youtube.com/@ThePPshow", "height": 200, "html": "&lt;iframe width=\"356\" height=\"200\" src=\"https://www.youtube.com/embed/1IPdiUwSVyk?feature=oembed&amp;enablejsapi=1\" frameborder=\"0\" allow=\"accelerometer; autoplay; clipboard-write; encrypted-media; gyroscope; picture-in-picture; web-share\" allowfullscreen title=\"ThePPShow BBBY Livestream\"&gt;&lt;/iframe&gt;", "provider_name": "YouTube", "provider_url": "https://www.youtube.com/", "thumbnail_height": 360, "thumbnail_url": "https://i.ytimg.com/vi/1IPdiUwSVyk/hqdefault.jpg", "thumbnail_width": 480, "title": "ThePPShow BBBY Livestream", "type": "video", "version": "1.0", "width": 356}, "type": "youtube.com"}, "secure_media_embed": {"content": "&lt;iframe width=\"356\" height=\"200\" src=\"https://www.youtube.com/embed/1IPdiUwSVyk?feature=oembed&amp;enablejsapi=1\" frameborder=\"0\" allow=\"accelerometer; autoplay; clipboard-write; encrypted-media; gyroscope; picture-in-picture; web-share\" allowfullscreen title=\"ThePPShow BBBY Livestream\"&gt;&lt;/iframe&gt;", "height": 200, "media_domain_url": "https://www.redditmedia.com/mediaembed/11khutp", "scrolling": false, "width": 356}, "selftext": "", "send_replies": true, "spoiler": false, "stickied": false, "subreddit": "ThePPShow", "subreddit_id": "t5_7q5o7y", "subreddit_name_prefixed": "r/ThePPShow", "subreddit_subscribers": 1240, "subreddit_type": "public", "suggested_sort": null, "thumbnail": "https://b.thumbs.redditmedia.com/RXyMrRNMycuhQJAXshiskzneZC9PmPqd5skW1k-v5gE.jpg", "thumbnail_height": 105, "thumbnail_width": 140, "title": "ThePPShow! Come enjoy a beer and lets talk about BBBY!", "top_awarded_type": null, "total_awards_received": 1, "treatment_tags": [], "upvote_ratio": 1.0, "url": "https://www.youtube.com/watch?v=1IPdiUwSVyk", "url_overridden_by_dest": "https://www.youtube.com/watch?v=1IPdiUwSVyk", "view_count": null, "whitelist_status": null, "wls": null}, {"all_awardings": [], "allow_live_comments": false, "archived": false, "author": "calibull2019", "author_created_utc": 1659657946, "author_flair_background_color": null, "author_flair_css_class": null, "author_flair_richtext": [], "author_flair_template_id": null, "author_flair_text": null, "author_flair_text_color": null, "author_flair_type": "text", "author_fullname": "t2_qxyp6d3x", "author_patreon_flair": false, "author_premium": false, "awarders": [], "banned_by": null, "can_gild": true, "can_mod_post": false, "category": null, "content_categories": null, "contest_mode": false, "created_utc": 1678135061, "discussion_type": null, "distinguished": null, "domain": "i.redd.it", "edited": false, "gilded": 0, "gildings": {}, "hidden": false, "hide_score": false, "id": "11kd6l7", "is_created_from_ads_ui": false, "is_crosspostable": true, "is_meta": false, "is_original_content": false, "is_reddit_media_domain": true, "is_robot_indexable": true, "is_self": false, "is_video": false, "link_flair_background_color": "", "link_flair_css_class": null, "link_flair_richtext": [], "link_flair_text": null, "link_flair_text_color": "dark", "link_flair_type": "text", "locked": false, "media": null, "media_embed": {}, "media_only": false, "name": "t3_11kd6l7", "no_follow": false, "num_comments": 3, "num_crossposts": 0, "over_18": false, "parent_whitelist_status": null, "permalink": "/r/ThePPShow/comments/11kd6l7/couldnt_resist_barcode_prices/", "pinned": false, "post_hint": "image", "preview": {"enabled": true, "images": [{"id": "3jNUQ8WaDEhYvu9e3FIJvVgSSDnYi3Efx-_Q89HDCDs", "resolutions": [{"height": 34, "url": "https://preview.redd.it/0qkkj6c418ma1.jpg?width=108&amp;crop=smart&amp;auto=webp&amp;v=enabled&amp;s=bea6fb7f4aac6feeef57af895036906830b0a854", "width": 108}, {"height": 68, "url": "https://preview.redd.it/0qkkj6c418ma1.jpg?width=216&amp;crop=smart&amp;auto=webp&amp;v=enabled&amp;s=6b8498e0f7fe9da4c06af97c65b6d5e2a217fb54", "width": 216}, {"height": 100, "url": "https://preview.redd.it/0qkkj6c418ma1.jpg?width=320&amp;crop=smart&amp;auto=webp&amp;v=enabled&amp;s=dec7240307f0821b4f2029a03407819985a1c191", "width": 320}, {"height": 201, "url": "https://preview.redd.it/0qkkj6c418ma1.jpg?width=640&amp;crop=smart&amp;auto=webp&amp;v=enabled&amp;s=e1282c1a7a1b2aba13515513d18c600c38d4e1db", "width": 640}, {"height": 302, "url": "https://preview.redd.it/0qkkj6c418ma1.jpg?width=960&amp;crop=smart&amp;auto=webp&amp;v=enabled&amp;s=c61516f5eeb4242bfa344192c618b2a8070a3a0b", "width": 960}, {"height": 340, "url": "https://preview.redd.it/0qkkj6c418ma1.jpg?width=1080&amp;crop=smart&amp;auto=webp&amp;v=enabled&amp;s=aad37329dc20908512d7c58271cc97c84a1f825b", "width": 1080}], "source": {"height": 931, "url": "https://preview.redd.it/0qkkj6c418ma1.jpg?auto=webp&amp;v=enabled&amp;s=10c4038843f686493f2f30cf4a07d96cf97f322c", "width": 2951}, "variants": {}}]}, "pwls": null, "quarantine": false, "removed_by": null, "removed_by_category": null, "retrieved_on": 1681018249, "score": 12, "secure_media": null, "secure_media_embed": {}, "selftext": "", "send_replies": true, "spoiler": false, "stickied": false, "subreddit": "ThePPShow", "subreddit_id": "t5_7q5o7y", "subreddit_name_prefixed": "r/ThePPShow", "subreddit_subscribers": 1240, "subreddit_type": "public", "suggested_sort": null, "thumbnail": "https://a.thumbs.redditmedia.com/yWOkyfA8EH9MUlBCslEZFTAMk8yvb59MpjiVbnTY2Z8.jpg", "thumbnail_height": 44, "thumbnail_width": 140, "title": "couldn't resist barcode prices", "top_awarded_type": null, "total_awards_received": 0, "treatment_tags": [], "upvote_ratio": 0.94, "url": "https://i.redd.it/0qkkj6c418ma1.jpg", "url_overridden_by_dest": "https://i.redd.it/0qkkj6c418ma1.jpg", "view_count": null, "whitelist_status": null, "wls": null}, {"all_awardings": [], "allow_live_comments": true, "archived": false, "author": "ppseeds", "author_created_utc": 1518222553, "author_flair_background_color": null, "author_flair_css_class": null, "author_flair_richtext": [], "author_flair_template_id": null, "author_flair_text": null, "author_flair_text_color": null, "author_flair_type": "text", "author_fullname": "t2_w7v9rg0", "author_patreon_flair": false, "author_premium": true, "awarders": [], "banned_by": null, "can_gild": true, "can_mod_post": false, "category": null, "content_categories": null, "contest_mode": false, "created_utc": 1678130157, "discussion_type": null, "distinguished": null, "domain": "self.ThePPShow", "edited": false, "gilded": 0, "gildings": {}, "hidden": false, "hide_score": false, "id": "11kavn7", "is_created_from_ads_ui": false, "is_crosspostable": true, "is_meta": false, "is_original_content": false, "is_reddit_media_domain": false, "is_robot_indexable": true, "is_self": true, "is_video": false, "link_flair_background_color": "#ffd635", "link_flair_css_class": "", "link_flair_richtext": [], "link_flair_template_id": "b389bcaa-8f0a-11ed-9b6e-1e9f599434b1", "link_flair_text": "Stream announcement", "link_flair_text_color": "dark", "link_flair_type": "text", "locked": false, "media": null, "media_embed": {}, "media_only": false, "name": "t3_11kavn7", "no_follow": false, "num_comments": 19, "num_crossposts": 0, "over_18": false, "parent_whitelist_status": null, "permalink": "/r/ThePPShow/comments/11kavn7/theppshow_will_be_tonight_starting_at_530pmct_see/", "pinned": false, "pwls": null, "quarantine": false, "removed_by": null, "removed_by_category": null, "retrieved_on": 1681018330, "score": 41, "secure_media": null, "secure_media_embed": {}, "selftext": "", "send_replies": true, "spoiler": false, "stickied": false, "subreddit": "ThePPShow", "subreddit_id": "t5_7q5o7y", "subreddit_name_prefixed": "r/ThePPShow", "subreddit_subscribers": 1240, "subreddit_type": "public", "suggested_sort": null, "thumbnail": "self", "thumbnail_height": null, "thumbnail_width": null, "title": "ThePPshow will be tonight starting at 5:30PMCT! See you then!", "top_awarded_type": null, "total_awards_received": 0, "treatment_tags": [], "upvote_ratio": 0.98, "url": "https://www.reddit.com/r/ThePPShow/comments/11kavn7/theppshow_will_be_tonight_starting_at_530pmct_see/", "view_count": null, "whitelist_status": null, "wls": null}, {"all_awardings": [], "allow_live_comments": false, "archived": false, "author": "wilsash42", "author_created_utc": 1621173925, "author_flair_background_color": null, "author_flair_css_class": null, "author_flair_richtext": [], "author_flair_template_id": null, "author_flair_text": null, "author_flair_text_color": null, "author_flair_type": "text", "author_fullname": "t2_c5vzyhey", "author_patreon_flair": false, "author_premium": true, "awarders": [], "banned_by": null, "can_gild": true, "can_mod_post": false, "category": null, "content_categories": null, "contest_mode": false, "created_utc": 1678074746, "discussion_type": null, "distinguished": null, "domain": "i.redd.it", "edited": false, "gilded": 0, "gildings": {}, "hidden": false, "hide_score": false, "id": "11jnjyh", "is_created_from_ads_ui": false, "is_crosspostable": true, "is_meta": false, "is_original_content": false, "is_reddit_media_domain": true, "is_robot_indexable": true, "is_self": false, "is_video": false, "link_flair_background_color": "", "link_flair_css_class": null, "link_flair_richtext": [], "link_flair_text": null, "link_flair_text_color": "dark", "link_flair_type": "text", "locked": false, "media": null, "media_embed": {}, "media_only": false, "name": "t3_11jnjyh", "no_follow": false, "num_comments": 7, "num_crossposts": 0, "over_18": false, "parent_whitelist_status": null, "permalink": "/r/ThePPShow/comments/11jnjyh/im_not_sure_what_abc_looks_like_but_this_is/", "pinned": false, "post_hint": "image", "preview": {"enabled": true, "images": [{"id": "XK1K1ctOR20FNtFhqbzBoWpRxGLBpHlIhs4UggroH-Y", "resolutions": [{"height": 119, "url": "https://preview.redd.it/czmu6fwr13ma1.jpg?width=108&amp;crop=smart&amp;auto=webp&amp;v=enabled&amp;s=961672a54f0943f3e252d7031f6caa2bee7f84a8", "width": 108}, {"height": 239, "url": "https://preview.redd.it/czmu6fwr13ma1.jpg?width=216&amp;crop=smart&amp;auto=webp&amp;v=enabled&amp;s=cdae378fb68443fd19a500f08499ff8aef872e57", "width": 216}, {"height": 354, "url": "https://preview.redd.it/czmu6fwr13ma1.jpg?width=320&amp;crop=smart&amp;auto=webp&amp;v=enabled&amp;s=cbcc04ebae691fd2e40ff3ef07f96a3106f807df", "width": 320}, {"height": 709, "url": "https://preview.redd.it/czmu6fwr13ma1.jpg?width=640&amp;crop=smart&amp;auto=webp&amp;v=enabled&amp;s=0eef95d8f59ecbd6fd0c3d373cb3f0a5e2d5b783", "width": 640}, {"height": 1063, "url": "https://preview.redd.it/czmu6fwr13ma1.jpg?width=960&amp;crop=smart&amp;auto=webp&amp;v=enabled&amp;s=2b5168a038bfdfcb02a4311f321d6a1261f291c6", "width": 960}, {"height": 1196, "url": "https://preview.redd.it/czmu6fwr13ma1.jpg?width=1080&amp;crop=smart&amp;auto=webp&amp;v=enabled&amp;s=cb9dfc8f6e8450d0932f3db53bced8936d70c3e6", "width": 1080}], "source": {"height": 1372, "url": "https://preview.redd.it/czmu6fwr13ma1.jpg?auto=webp&amp;v=enabled&amp;s=d7f9dd2a510460b6b423bcee97fed7a6f86a030d", "width": 1238}, "variants": {}}]}, "pwls": null, "quarantine": false, "removed_by": null, "removed_by_category": null, "retrieved_on": 1681019083, "score": 28, "secure_media": null, "secure_media_embed": {}, "selftext": "", "send_replies": true, "spoiler": false, "stickied": false, "subreddit": "ThePPShow", "subreddit_id": "t5_7q5o7y", "subreddit_name_prefixed": "r/ThePPShow", "subreddit_subscribers": 1240, "subreddit_type": "public", "suggested_sort": null, "thumbnail": "https://b.thumbs.redditmedia.com/hU8Dg22G_Ao6L1kCDDp8vGEx8c7qsubcFKzpA_B1ltE.jpg", "thumbnail_height": 140, "thumbnail_width": 140, "title": "I\u2019m not sure what ABC looks like, but this is definitely where I\u2019m at these days!! \u201cI love Coke\u201d \ud83d\udc9c\ud83c\udf88", "top_awarded_type": null, "total_awards_received": 0, "treatment_tags": [], "upvote_ratio": 1.0, "url": "https://i.redd.it/czmu6fwr13ma1.jpg", "url_overridden_by_dest": "https://i.redd.it/czmu6fwr13ma1.jpg", "view_count": null, "whitelist_status": null, "wls": null}, {"all_awardings": [], "allow_live_comments": false, "archived": false, "author": "TendieSupasta", "author_created_utc": 1611775107, "author_flair_background_color": null, "author_flair_css_class": null, "author_flair_richtext": [], "author_flair_template_id": null, "author_flair_text": null, "author_flair_text_color": null, "author_flair_type": "text", "author_fullname": "t2_a0uup1m6", "author_patreon_flair": false, "author_premium": false, "awarders": [], "banned_by": null, "can_gild": true, "can_mod_post": false, "category": null, "content_categories": null, "contest_mode": false, "created_utc": 1678066258, "discussion_type": null, "distinguished": null, "domain": "self.ThePPShow", "edited": false, "gilded": 0, "gildings": {}, "hidden": false, "hide_score": false, "id": "11jkegj", "is_created_from_ads_ui": false, "is_crosspostable": true, "is_meta": false, "is_original_content": false, "is_reddit_media_domain": false, "is_robot_indexable": true, "is_self": true, "is_video": false, "link_flair_background_color": "", "link_flair_css_class": null, "link_flair_richtext": [], "link_flair_text": null, "link_flair_text_color": "dark", "link_flair_type": "text", "locked": false, "media": null, "media_embed": {}, "media_only": false, "name": "t3_11jkegj", "no_follow": false, "num_comments": 5, "num_crossposts": 1, "over_18": false, "parent_whitelist_status": null, "permalink": "/r/ThePPShow/comments/11jkegj/280_days_is_the_cycle_is_what_it_is_im_too_smooth/", "pinned": false, "pwls": null, "quarantine": false, "removed_by": null, "removed_by_category": null, "retrieved_on": 1681019194, "score": 12, "secure_media": null, "secure_media_embed": {}, "selftext": "280 days is the magic number. Don't fight the cycle.\n\nOpEx quarterlies? CBOE? Swap contracts? Triple witching OpEx week? \n\nDropping of the latest smaller ETF seems like less vehicles to mark FTDs as long through. \n\nTwo things will break this stock for moon time. High liquidity or illiquidity.  I'm seeming algo.s whale teething this and I'm looking at NVI at *never before seen lows*. So maybe illiquidity?\n\nPoint of this post is this. I'm smooth but I can count nearly up to 300. \n\nJan 25 2021 -&gt; Nov 1st 2021  = 280 days. Nov. 1st 2021 -&gt; Aug 8th 2022 =  280 days.\n\nSo Aug 8th 2022 + 280 days = **May 15th 2023.**\n\nDon't know why and I don't need to, but if someone does ...", "send_replies": true, "spoiler": false, "stickied": false, "subreddit": "ThePPShow", "subreddit_id": "t5_7q5o7y", "subreddit_name_prefixed": "r/ThePPShow", "subreddit_subscribers": 1240, "subreddit_type": "public", "suggested_sort": null, "thumbnail": "self", "thumbnail_height": null, "thumbnail_width": null, "title": "280 days is the cycle. Is what it is, I'm too smooth to know why.", "top_awarded_type": null, "total_awards_received": 0, "treatment_tags": [], "upvote_ratio": 0.88, "url": "https://www.reddit.com/r/ThePPShow/comments/11jkegj/280_days_is_the_cycle_is_what_it_is_im_too_smooth/", "view_count": null, "whitelist_status": null, "wls": null}], "metadata": {"op_a": 56, "op_b": 49, "total": 105}, "error": null}