{"data": [{"all_awardings": [], "allow_live_comments": true, "archived": false, "author": "[deleted]", "author_created_utc": null, "author_flair_background_color": "", "author_flair_css_class": null, "author_flair_template_id": null, "author_flair_text": null, "author_flair_text_color": "dark", "awarders": [], "banned_by": null, "can_gild": false, "can_mod_post": false, "category": null, "content_categories": null, "contest_mode": false, "created_utc": 1673083326, "discussion_type": "CHAT", "distinguished": null, "domain": "", "edited": false, "gilded": 0, "gildings": {}, "hidden": false, "hide_score": false, "id": "105kwd4", "is_created_from_ads_ui": false, "is_crosspostable": false, "is_meta": false, "is_original_content": false, "is_reddit_media_domain": false, "is_robot_indexable": false, "is_self": true, "is_video": false, "link_flair_background_color": "", "link_flair_css_class": null, "link_flair_richtext": [], "link_flair_text": null, "link_flair_text_color": "dark", "link_flair_type": "text", "locked": false, "media": null, "media_embed": {}, "media_only": false, "name": "t3_105kwd4", "no_follow": true, "num_comments": 0, "num_crossposts": 0, "over_18": false, "parent_whitelist_status": null, "permalink": "/r/ThePPShow/comments/105kwd4/rtheppshow_lounge/", "pinned": false, "pwls": null, "quarantine": false, "removed_by": null, "removed_by_category": "deleted", "retrieved_on": 1676245986, "score": 1, "secure_media": null, "secure_media_embed": {}, "selftext": "[deleted]", "send_replies": true, "spoiler": false, "stickied": false, "subreddit": "ThePPShow", "subreddit_id": "t5_7q5o7y", "subreddit_name_prefixed": "r/ThePPShow", "subreddit_subscribers": 328, "subreddit_type": "public", "suggested_sort": "new", "thumbnail": "default", "thumbnail_height": null, "thumbnail_width": null, "title": "r/ThePPShow Lounge", "top_awarded_type": null, "total_awards_received": 0, "treatment_tags": [], "upvote_ratio": 1.0, "url": "", "view_count": null, "whitelist_status": null, "wls": null}], "metadata": {"op_a": 57, "op_b": 49, "total": 106}, "error": null}