{"data": [{"all_awardings": [], "allow_live_comments": false, "archived": false, "author": "Slothslumber", "author_created_utc": 1508976206, "author_flair_background_color": null, "author_flair_css_class": null, "author_flair_richtext": [], "author_flair_template_id": null, "author_flair_text": null, "author_flair_text_color": null, "author_flair_type": "text", "author_fullname": "t2_in8bem5", "author_patreon_flair": false, "author_premium": false, "awarders": [], "banned_by": null, "can_gild": true, "can_mod_post": false, "category": null, "content_categories": null, "contest_mode": false, "created_utc": 1676119812, "discussion_type": null, "distinguished": null, "domain": "self.ThePPShow", "edited": false, "gilded": 0, "gildings": {}, "hidden": false, "hide_score": false, "id": "10zmw87", "is_created_from_ads_ui": false, "is_crosspostable": true, "is_meta": false, "is_original_content": false, "is_reddit_media_domain": false, "is_robot_indexable": true, "is_self": true, "is_video": false, "link_flair_background_color": "", "link_flair_css_class": null, "link_flair_richtext": [], "link_flair_text": null, "link_flair_text_color": "dark", "link_flair_type": "text", "locked": false, "media": null, "media_embed": {}, "media_only": false, "name": "t3_10zmw87", "no_follow": false, "num_comments": 8, "num_crossposts": 0, "over_18": false, "parent_whitelist_status": null, "permalink": "/r/ThePPShow/comments/10zmw87/the_clock/", "pinned": false, "pwls": null, "quarantine": false, "removed_by": null, "removed_by_category": null, "retrieved_on": 1678332069, "score": 1, "secure_media": null, "secure_media_embed": {}, "selftext": "tl:dr-\"alternative\" (tok) up(tik) rule?\n\n\u00a0The\u00a0clock\u00a0has\u00a0been\u00a0itching\u00a0me\u00a0for\u00a0since\u00a0I\u00a0laid\u00a0eyes\u00a0on\u00a0it.\u00a0Like\u00a0some\u00a0sort\u00a0of\u00a0eye\u00a0lice.\u00a0The\u00a0damn\u00a0thing\u00a0just\u00a0seems\u00a0so\u00a0much\u00a0like\u00a0communication.\u00a0So\u00a0I\u00a0wanted\u00a0to\u00a0think\u00a0about\u00a0it\u00a0close,\u00a0but\u00a0not\u00a0toooo\u00a0close.\u00a0Basically\u00a0a\u00a0bastardized\u00a0tin\u00a0amalgamation.\u00a0My\u00a0path\u00a0was\u00a0such\u00a0a\u00a0weird\u00a0rabbit\u00a0hole\u00a0to\u00a0end\u00a0up\u00a0where\u00a0I\u00a0did.\u00a0Almost\u00a0felt\u00a0like\u00a0I\u00a0took\u00a0the\u00a0long\u00a0way.\u00a0This\u00a0is\u00a0going\u00a0to\u00a0be\u00a0hella\u00a0tinfoil,\u00a0but\u00a0it\u00a0kinda\u00a0falls\u00a0off\u00a0and\u00a0stabilizes\u00a0at\u00a0the\u00a0end.\u00a0The\u00a0tl:dr\u00a0says\u00a0it\u00a0all.\u00a0And\u00a0if\u00a0someone\u00a0else\u00a0already\u00a0theorized\u00a0this,\u00a0that\u00a0would\u00a0make\u00a0sense.\u00a0Just\u00a0seems\u00a0simple.\u00a0But\u00a0I\u00a0want\u00a0to\u00a0get\u00a0rid\u00a0of\u00a0this\u00a0ticking\u00a0clock!\n\u00a0So\u00a0take\u00a0a\u00a0journey\u00a0with\u00a0me...\u00a0I\u00a0first\u00a0focused\u00a0on\u00a0the\u00a0three\u00a0hands.\u00a0A\u00a0clock\u00a0can\u00a0have\u00a0three\u00a0hands,\u00a0the\u00a0second,\u00a0minute,\u00a0and\u00a0hour.\u00a0But\u00a0I\u00a0really\u00a0lasered\u00a0in\u00a0on\u00a0the\u00a0pie.\u00a0Why\u00a0is\u00a0that\u00a0there?\u00a0stands\u00a0out\u00a0pretty\u00a0big.\u00a0So,\u00a0I\u00a0counted\u00a0three\u00a0hands\u00a0and\u00a0just\u00a0counted\u00a0the\u00a0pie,\u00a010\u00a0marks.\u00a0So\u00a0that's\u00a02hr,\u00a010min\u00a0and\u00a010sec.\u00a0Maybe\u00a0a\u00a0date?\u00a0February\u00a010th,\u00a02010.\u00a0So\u00a0I\u00a0casually\u00a0looked\u00a0up\u00a0what\u00a0happened\u00a0then\u00a0and\u00a0the\u00a0article\u00a0I\u00a0found\u00a0really\u00a0jammed\u00a0into\u00a0my\u00a0brain.\n\u00a0Snowmageddon!\u00a0..\u00a0And\u00a0on\u00a0a\u00a0weather\u00a0article,\u00a0Kesha's\u00a0\"tik\u00a0tok\"...\u00a0\ud83e\udd14.\u00a0\n\u00a0America's\u00a050\u00a0states\u00a0were\u00a0on\u00a0the\u00a0verge\u00a0of\u00a0full\u00a0snow\u00a0coverage.\u00a0Her\u00a0song\u00a0was\u00a0number\u00a01\u00a0during\u00a0this\u00a0time.\u00a0I\u00a0definitely\u00a0smelled\u00a0something,\u00a0but\u00a0could\u00a0be\u00a0shit..But\u00a0what\u00a0the\u00a0H\u00a0is\u00a0the\u00a0connection?\u00a0So\u00a0I\u00a0found\u00a0a\u00a0dead\u00a0end\u00a0and\u00a0look\u00a0at\u00a0the\u00a0other\u00a0three\u00a0clues\u00a0shown.\u00a0Garbage\u00a0men\u00a0and\u00a0cowboys..\u00a0maaaaan\u00a0i\u00a0don't\u00a0fucking\u00a0know,\u00a0you\u00a0guys\u00a0might\u00a0do\u00a0better..\u00a0all\u00a0I\u00a0could\u00a0find\u00a0were\u00a0garbage\u00a0trucks\u00a0with\u00a0snow\u00a0plows\u00a0during\u00a0this\u00a0snowpocalypse..\u00a0not\u00a0all\u00a0uncommon\u00a0in\u00a0certain\u00a0areas.\u00a0They\u00a0were\u00a0keeping\u00a0the\u00a0streets\u00a0clean\u00a0and\u00a0safe.\u00a0It's\u00a0weaksauce,\u00a0but\u00a0I'm\u00a0lost.\u00a0In\u00a0an\u00a0article\u00a0looking\u00a0up\u00a0the\u00a0date,\u00a0the\u00a0only\u00a0connection\u00a0I\u00a0could\u00a0find\u00a0was\u00a0something\u00a0about\u00a0Roy\u00a0Rogers.\u00a0The\u00a0article\u00a0called\u00a0him\u00a0\"the\u00a0king\u00a0of\u00a0cowboys\",\u00a0even\u00a0weaker\u00a0I\u00a0know.\u00a0But\u00a0that\u00a0damn\u00a0weather\u00a0article\u00a0started\u00a0an\u00a0itch.\u00a0Maybe\u00a0I'm\u00a0diving\u00a0too\u00a0deep...\u00a0Gotta\u00a0get\u00a0up\u00a0for\u00a0air,\u00a0back\u00a0to\u00a0the\u00a0clock!\n\u00a0Well,\u00a0the\u00a0clock\u00a0is\u00a0definitely\u00a0at\u00a02:10.\u00a0Not\u00a0actually,\u00a0but\u00a0visually.\u00a0Something\u00a0just\u00a0must\u00a0of\u00a0happened\u00a0in\u00a0February\u00a02010.\u00a0The\u00a0exact\u00a0date\u00a0may\u00a0not\u00a0be\u00a0important.\u00a0Maybe\u00a0that\u00a0month\u00a0and\u00a0year..\u00a0Something\u00a0that\u00a0could\u00a0be\u00a0related...\u00a0I\u00a0found\u00a0a\u00a0financial\u00a0article\u00a0about\u00a0\"garbage\u00a0in,\u00a0garbage\u00a0out\"\u00a0policies.\u00a0Way\u00a0too\u00a0smooth\u00a0brained\u00a0to\u00a0understand\u00a0the\u00a0correlation\u00a0to\u00a0this\u00a0stock,\u00a0but\u00a0maybe???\u00a0So,\u00a0I'm\u00a0finally\u00a0giving\u00a0up\u00a0on\u00a0this\u00a0deep\u00a0dive.\n\u00a0Even\u00a0if\u00a0this\u00a0crap\u00a0matched\u00a0up,\u00a0what\u00a0the\u00a0hell\u00a0is\u00a0the\u00a0relation\u00a0to\u00a0a\u00a0stock.\u00a0I\u00a0need\u00a0financial\u00a0relevancy.\u00a0The\u00a0last\u00a0(and\u00a0only)\u00a0info\u00a0I\u00a0could\u00a0find\u00a0regarding\u00a0to\u00a0the\u00a0market..\u00a0On\u00a0February\u00a024th,\u00a0the\u00a0sec\u00a0passes\u00a0the\u00a0short\u00a0selling\u00a0restriction\u00a0rule.\u00a0Rule\u00a0201.\u00a0My\u00a0conclusion\u00a0is,\u00a0the\u00a0clock\u00a0isn't\u00a0actually\u00a0a\u00a0date\u00a0or\u00a0time\u00a0in\u00a0the\u00a0future.\u00a0It's\u00a0just\u00a0signaling\u00a0something\u00a0else.\u00a0It's\u00a0in\u00a0reference\u00a0to\u00a0a\u00a0rule.\u00a02\u00a0o\u00a0clock\u00a0the\u00a0kids\u00a0are\u00a0waiting\u00a0for.\u00a02:00\u00a0is\u00a0pretty\u00a0close\u00a0to\u00a0201.\u00a0They\u00a0are\u00a0waiting\u00a0for\u00a0201\u00a0to\u00a0work\u00a0it's\u00a0magic!(I\u00a0guess)\u00a0The\u00a0clock\u00a0itself\u00a0is\u00a0actually\u00a0showing\u00a0a\u00a0past\u00a0time,\u00a0February\u00a02010.\n\u00a0Kesha's\u00a0song\u00a0was\u00a0hot\u00a0at\u00a0the\u00a0time.\u00a0It\u00a0was\u00a0playing\u00a0all\u00a0around.\u00a0Tik\u00a0tok.\u00a0\"Tik\u00a0tok\u00a0on\u00a0the\u00a0clock.\"\u00a0Tbh,\u00a0once\u00a0I\u00a0found\u00a0the\u00a0sec\u00a0ruling\u00a0I\u00a0wanted\u00a0to\u00a0make\u00a0the\u00a0tinfoil\u00a0fit.\u00a0The\u00a0ruling\u00a0is\u00a0littered\u00a0with\u00a0another\u00a0name,\u00a0the\u00a0alternative\u00a0uptick\u00a0rule.\u00a0Sooo,\u00a0the\u00a0\"alternative\"\u00a0to\u00a0tick\u00a0I\u00a0figure\u00a0is\u00a0tock.\u00a0Tik\u00a0tok,\u00a0the\u00a0alternative\u00a0uptick\u00a0rule\u00a0established\u00a0in\u00a0February\u00a02010,\u00a02/10,\u00a02:10..\u00a0or\u00a01:50(\ud83e\udd23)\n\u00a0Anyhow,\u00a0I'm\u00a0sure\u00a0someone\u00a0already\u00a0said\u00a0this\u00a0or\u00a0I'm\u00a0completely\u00a0tin\u00a0brained\u00a0or\u00a0something.\u00a0It\u00a0was\u00a0a\u00a0fun\u00a0puzzle\u00a0ignited\u00a0by\u00a0one\u00a0weather\u00a0article!\u00a0This\u00a0sec\u00a0info\u00a0could\u00a0even\u00a0be\u00a0out\u00a0of\u00a0date!\u00a0But\u00a0I\u00a0hope\u00a0you\u00a0read\u00a0it\u00a0and\u00a0give\u00a0me\u00a0some\u00a0thoughts\u00a0on\u00a0this,\u00a0this\u00a0damn\u00a0clock\u00a0has\u00a0been\u00a0bothering\u00a0me.\u00a0And\u00a0yes,\u00a0this\u00a0is\u00a0easier\u00a0than\u00a0reading\u00a0one\u00a0of\u00a0those\u00a0damn\u00a0300\u00a0page\u00a0bbby\u00a0sec\u00a0filings..\n\nSec ruling https://www.sec.gov/news/press/2010/2010-26.htm\n\nMan on YouTube explaining the rule https://youtu.be/z0b8CdDs1RU\n\nRoy Rogers \"King of cowboys\" https://en.m.wikipedia.org/wiki/Roy_Rogers\n\nWeather article that started it all https://www.climatecentral.org/news/map-50-states-snow-18664\n\nKesha's billboard top 100 https://www.billboard.com/charts/hot-100/2010-02-06/\n\nInvestopedia explanation of the uptick rule https://www.investopedia.com/terms/u/uptickrule.asp#:~:text=The%202010%20alternative%20uptick%20rule,above%20the%20current%20best%20bid.\n\nP.S I gotta say, the guys YouTube video actually makes some of this weird price movements make sense. Especially the AH/PM ones", "send_replies": true, "spoiler": false, "stickied": false, "subreddit": "ThePPShow", "subreddit_id": "t5_7q5o7y", "subreddit_name_prefixed": "r/ThePPShow", "subreddit_subscribers": 581, "subreddit_type": "public", "suggested_sort": null, "thumbnail": "self", "thumbnail_height": null, "thumbnail_width": null, "title": "The clock", "top_awarded_type": null, "total_awards_received": 0, "treatment_tags": [], "upvote_ratio": 0.57, "url": "https://www.reddit.com/r/ThePPShow/comments/10zmw87/the_clock/", "view_count": null, "whitelist_status": null, "wls": null}, {"all_awardings": [], "allow_live_comments": false, "archived": false, "author": "[deleted]", "author_created_utc": null, "author_flair_background_color": "", "author_flair_css_class": null, "author_flair_template_id": null, "author_flair_text": null, "author_flair_text_color": "dark", "awarders": [], "banned_by": null, "can_gild": false, "can_mod_post": false, "category": null, "content_categories": null, "contest_mode": false, "created_utc": 1676116401, "discussion_type": null, "distinguished": null, "domain": "", "edited": false, "gilded": 0, "gildings": {}, "hidden": false, "hide_score": false, "id": "10zlwow", "is_created_from_ads_ui": false, "is_crosspostable": false, "is_meta": false, "is_original_content": false, "is_reddit_media_domain": false, "is_robot_indexable": false, "is_self": false, "is_video": false, "link_flair_background_color": "", "link_flair_css_class": null, "link_flair_richtext": [], "link_flair_text": null, "link_flair_text_color": "dark", "link_flair_type": "text", "locked": false, "media": null, "media_embed": {}, "media_only": false, "name": "t3_10zlwow", "no_follow": true, "num_comments": 1, "num_crossposts": 0, "over_18": false, "parent_whitelist_status": null, "permalink": "/r/ThePPShow/comments/10zlwow/that_damn_clock/", "pinned": false, "pwls": null, "quarantine": false, "removed_by": null, "removed_by_category": "deleted", "retrieved_on": 1678332109, "score": 1, "secure_media": null, "secure_media_embed": {}, "selftext": "[deleted]", "send_replies": true, "spoiler": false, "stickied": false, "subreddit": "ThePPShow", "subreddit_id": "t5_7q5o7y", "subreddit_name_prefixed": "r/ThePPShow", "subreddit_subscribers": 581, "subreddit_type": "public", "suggested_sort": null, "thumbnail": "default", "thumbnail_height": 140, "thumbnail_width": 140, "title": "That damn clock..", "top_awarded_type": null, "total_awards_received": 0, "treatment_tags": [], "upvote_ratio": 1.0, "url": "", "url_overridden_by_dest": "", "view_count": null, "whitelist_status": null, "wls": null}, {"all_awardings": [], "allow_live_comments": false, "archived": false, "author": "[deleted]", "author_created_utc": null, "author_flair_background_color": "", "author_flair_css_class": null, "author_flair_template_id": null, "author_flair_text": null, "author_flair_text_color": "dark", "awarders": [], "banned_by": null, "can_gild": false, "can_mod_post": false, "category": null, "content_categories": null, "contest_mode": false, "created_utc": 1676094838, "discussion_type": null, "distinguished": null, "domain": "self.ThePPShow", "edited": false, "gilded": 0, "gildings": {}, "hidden": false, "hide_score": false, "id": "10zdn3d", "is_created_from_ads_ui": false, "is_crosspostable": true, "is_meta": false, "is_original_content": false, "is_reddit_media_domain": false, "is_robot_indexable": true, "is_self": true, "is_video": false, "link_flair_background_color": "", "link_flair_css_class": null, "link_flair_richtext": [], "link_flair_text": null, "link_flair_text_color": "dark", "link_flair_type": "text", "locked": false, "media": null, "media_embed": {}, "media_only": false, "name": "t3_10zdn3d", "no_follow": false, "num_comments": 3, "num_crossposts": 1, "over_18": false, "parent_whitelist_status": null, "permalink": "/r/ThePPShow/comments/10zdn3d/8k_other_posted_on_27/", "pinned": false, "pwls": null, "quarantine": false, "removed_by": null, "removed_by_category": null, "retrieved_on": 1678332381, "score": 18, "secure_media": null, "secure_media_embed": {}, "selftext": "In the 2/7/23 separate 8k \"Other\": 8.01\n\nhttps://www.sec.gov/ix?doc=/Archives/edgar/data/886158/000119312523026124/d400307d8k.htm\n\nIt references an S3 form filed August 31..\n\nhttps://www.sec.gov/Archives/edgar/data/886158/000119312522234511/d400374ds3asr.htm\n\nThis form says they can randomly issue common stock.. I think BBBY legit just played 4D chess.. related to the idea of a red herring. I think this slipped under everyone's radar, THEY KNEW the way the deal was structured was classic brink of bankruptcy AND then they started issuing common stock to make it seem like the new investors were dumping shares.\n\nTHEN they amended 8ks to make it clear that investors would actually be more interested in holding the shares.. through the 8K 2/10!!! Where it says shareholders can either sell at 6.15 OR the last 10 days VWAP.. and now all SHF realize they are fucked and the common shares coming into the market were actually distributed by BBBY.\n\nI am pretty new to this community (December, 1108 @ 2.5.. nothing i know)\nBut I really do think this is happening.\n\nEdit: I have 19 karma barely use reddit and thus cannot post in BBBY. Pls post for me. :)", "send_replies": true, "spoiler": false, "stickied": false, "subreddit": "ThePPShow", "subreddit_id": "t5_7q5o7y", "subreddit_name_prefixed": "r/ThePPShow", "subreddit_subscribers": 581, "subreddit_type": "public", "suggested_sort": null, "thumbnail": "self", "thumbnail_height": null, "thumbnail_width": null, "title": "8K (Other) Posted on 2/7...", "top_awarded_type": null, "total_awards_received": 0, "treatment_tags": [], "upvote_ratio": 0.95, "url": "https://www.reddit.com/r/ThePPShow/comments/10zdn3d/8k_other_posted_on_27/", "view_count": null, "whitelist_status": null, "wls": null}, {"all_awardings": [], "allow_live_comments": false, "archived": false, "author": "[deleted]", "author_created_utc": null, "author_flair_background_color": "", "author_flair_css_class": null, "author_flair_template_id": null, "author_flair_text": null, "author_flair_text_color": "dark", "awarders": [], "banned_by": null, "can_gild": false, "can_mod_post": false, "category": null, "content_categories": null, "contest_mode": false, "created_utc": 1676083511, "discussion_type": null, "distinguished": "moderator", "domain": "", "edited": false, "gilded": 0, "gildings": {}, "hidden": false, "hide_score": false, "id": "10za7o2", "is_created_from_ads_ui": false, "is_crosspostable": false, "is_meta": false, "is_original_content": false, "is_reddit_media_domain": true, "is_robot_indexable": false, "is_self": false, "is_video": false, "link_flair_background_color": "#ffd635", "link_flair_css_class": "", "link_flair_richtext": [], "link_flair_template_id": "b479f938-a5ec-11ed-8dc6-06e6317e03d0", "link_flair_text": "memes", "link_flair_text_color": "dark", "link_flair_type": "text", "locked": false, "media": null, "media_embed": {}, "media_only": false, "name": "t3_10za7o2", "no_follow": false, "num_comments": 3, "num_crossposts": 0, "over_18": false, "parent_whitelist_status": null, "permalink": "/r/ThePPShow/comments/10za7o2/theppshow_fucks/", "pinned": false, "pwls": null, "quarantine": false, "removed_by": null, "removed_by_category": "deleted", "retrieved_on": 1678332536, "score": 18, "secure_media": null, "secure_media_embed": {}, "selftext": "[deleted]", "send_replies": true, "spoiler": false, "stickied": false, "subreddit": "ThePPShow", "subreddit_id": "t5_7q5o7y", "subreddit_name_prefixed": "r/ThePPShow", "subreddit_subscribers": 581, "subreddit_type": "public", "suggested_sort": null, "thumbnail": "default", "thumbnail_height": 140, "thumbnail_width": 140, "title": "ThePPShow fucks", "top_awarded_type": null, "total_awards_received": 0, "treatment_tags": [], "upvote_ratio": 0.91, "url": "", "url_overridden_by_dest": "", "view_count": null, "whitelist_status": null, "wls": null}, {"all_awardings": [], "allow_live_comments": false, "archived": false, "author": "[deleted]", "author_created_utc": null, "author_flair_background_color": "", "author_flair_css_class": null, "author_flair_template_id": null, "author_flair_text": null, "author_flair_text_color": "dark", "awarders": [], "banned_by": null, "can_gild": false, "can_mod_post": false, "category": null, "content_categories": null, "contest_mode": false, "created_utc": 1676078437, "discussion_type": null, "distinguished": null, "domain": "", "edited": false, "gilded": 0, "gildings": {}, "hidden": false, "hide_score": false, "id": "10z8k6m", "is_created_from_ads_ui": false, "is_crosspostable": false, "is_meta": false, "is_original_content": false, "is_reddit_media_domain": false, "is_robot_indexable": false, "is_self": false, "is_video": false, "link_flair_background_color": "", "link_flair_css_class": null, "link_flair_richtext": [], "link_flair_text": null, "link_flair_text_color": "dark", "link_flair_type": "text", "locked": false, "media": {"oembed": {"author_name": "Alex Chiu", "author_url": "https://www.youtube.com/@AlexYCChiu", "height": 200, "html": "&lt;iframe width=\"356\" height=\"200\" src=\"https://www.youtube.com/embed/YFvKjw1rm28?feature=oembed&amp;enablejsapi=1\" frameborder=\"0\" allow=\"accelerometer; autoplay; clipboard-write; encrypted-media; gyroscope; picture-in-picture; web-share\" allowfullscreen title=\"Alex Chiu is now 52 year-old.  I am trading BBBY right now\"&gt;&lt;/iframe&gt;", "provider_name": "YouTube", "provider_url": "https://www.youtube.com/", "thumbnail_height": 360, "thumbnail_url": "https://i.ytimg.com/vi/YFvKjw1rm28/hqdefault.jpg", "thumbnail_width": 480, "title": "Alex Chiu is now 52 year-old.  I am trading BBBY right now", "type": "video", "version": "1.0", "width": 356}, "type": "youtube.com"}, "media_embed": {"content": "&lt;iframe width=\"356\" height=\"200\" src=\"https://www.youtube.com/embed/YFvKjw1rm28?feature=oembed&amp;enablejsapi=1\" frameborder=\"0\" allow=\"accelerometer; autoplay; clipboard-write; encrypted-media; gyroscope; picture-in-picture; web-share\" allowfullscreen title=\"Alex Chiu is now 52 year-old.  I am trading BBBY right now\"&gt;&lt;/iframe&gt;", "height": 200, "scrolling": false, "width": 356}, "media_only": false, "name": "t3_10z8k6m", "no_follow": true, "num_comments": 6, "num_crossposts": 0, "over_18": false, "parent_whitelist_status": null, "permalink": "/r/ThePPShow/comments/10z8k6m/i_am_trading_bbby_right_now/", "pinned": false, "pwls": null, "quarantine": false, "removed_by": null, "removed_by_category": "deleted", "retrieved_on": 1678332607, "score": 1, "secure_media": {"oembed": {"author_name": "Alex Chiu", "author_url": "https://www.youtube.com/@AlexYCChiu", "height": 200, "html": "&lt;iframe width=\"356\" height=\"200\" src=\"https://www.youtube.com/embed/YFvKjw1rm28?feature=oembed&amp;enablejsapi=1\" frameborder=\"0\" allow=\"accelerometer; autoplay; clipboard-write; encrypted-media; gyroscope; picture-in-picture; web-share\" allowfullscreen title=\"Alex Chiu is now 52 year-old.  I am trading BBBY right now\"&gt;&lt;/iframe&gt;", "provider_name": "YouTube", "provider_url": "https://www.youtube.com/", "thumbnail_height": 360, "thumbnail_url": "https://i.ytimg.com/vi/YFvKjw1rm28/hqdefault.jpg", "thumbnail_width": 480, "title": "Alex Chiu is now 52 year-old.  I am trading BBBY right now", "type": "video", "version": "1.0", "width": 356}, "type": "youtube.com"}, "secure_media_embed": {"content": "&lt;iframe width=\"356\" height=\"200\" src=\"https://www.youtube.com/embed/YFvKjw1rm28?feature=oembed&amp;enablejsapi=1\" frameborder=\"0\" allow=\"accelerometer; autoplay; clipboard-write; encrypted-media; gyroscope; picture-in-picture; web-share\" allowfullscreen title=\"Alex Chiu is now 52 year-old.  I am trading BBBY right now\"&gt;&lt;/iframe&gt;", "height": 200, "media_domain_url": "https://www.redditmedia.com/mediaembed/10z8k6m", "scrolling": false, "width": 356}, "selftext": "[removed]", "send_replies": true, "spoiler": false, "stickied": false, "subreddit": "ThePPShow", "subreddit_id": "t5_7q5o7y", "subreddit_name_prefixed": "r/ThePPShow", "subreddit_subscribers": 581, "subreddit_type": "public", "suggested_sort": null, "thumbnail": "default", "thumbnail_height": 105, "thumbnail_width": 140, "title": "I am trading BBBY right now", "top_awarded_type": null, "total_awards_received": 0, "treatment_tags": [], "upvote_ratio": 1.0, "url": "", "url_overridden_by_dest": "", "view_count": null, "whitelist_status": null, "wls": null}, {"all_awardings": [], "allow_live_comments": false, "archived": false, "author": "ScratchExciting365", "author_created_utc": null, "author_flair_background_color": null, "author_flair_css_class": null, "author_flair_richtext": [], "author_flair_template_id": null, "author_flair_text": null, "author_flair_text_color": null, "author_flair_type": "text", "author_fullname": "t2_68uf2yz4", "author_patreon_flair": false, "author_premium": false, "awarders": [], "banned_by": null, "can_gild": true, "can_mod_post": false, "category": null, "content_categories": null, "contest_mode": false, "created_utc": 1676075317, "discussion_type": null, "distinguished": null, "domain": "youtu.be", "edited": false, "gilded": 0, "gildings": {}, "hidden": false, "hide_score": false, "id": "10z7i4e", "is_created_from_ads_ui": false, "is_crosspostable": false, "is_meta": false, "is_original_content": false, "is_reddit_media_domain": false, "is_robot_indexable": false, "is_self": false, "is_video": false, "link_flair_background_color": "", "link_flair_css_class": null, "link_flair_richtext": [], "link_flair_text": null, "link_flair_text_color": "dark", "link_flair_type": "text", "locked": false, "media": {"oembed": {"author_name": "The Retail Collective: Education on Stocks /Crypto", "author_url": "https://www.youtube.com/@theretailcollective-Anon", "height": 200, "html": "&lt;iframe width=\"356\" height=\"200\" src=\"https://www.youtube.com/embed/IJEKu1QoKDk?feature=oembed&amp;enablejsapi=1\" frameborder=\"0\" allow=\"accelerometer; autoplay; clipboard-write; encrypted-media; gyroscope; picture-in-picture; web-share\" allowfullscreen title=\"The Truth about $BBBY&amp;#39;s Latest Filings:  What everyone missed and some DD (2-10-23)\"&gt;&lt;/iframe&gt;", "provider_name": "YouTube", "provider_url": "https://www.youtube.com/", "thumbnail_height": 360, "thumbnail_url": "https://i.ytimg.com/vi/IJEKu1QoKDk/hqdefault.jpg", "thumbnail_width": 480, "title": "The Truth about $BBBY's Latest Filings:  What everyone missed and some DD (2-10-23)", "type": "video", "version": "1.0", "width": 356}, "type": "youtube.com"}, "media_embed": {"content": "&lt;iframe width=\"356\" height=\"200\" src=\"https://www.youtube.com/embed/IJEKu1QoKDk?feature=oembed&amp;enablejsapi=1\" frameborder=\"0\" allow=\"accelerometer; autoplay; clipboard-write; encrypted-media; gyroscope; picture-in-picture; web-share\" allowfullscreen title=\"The Truth about $BBBY&amp;#39;s Latest Filings:  What everyone missed and some DD (2-10-23)\"&gt;&lt;/iframe&gt;", "height": 200, "scrolling": false, "width": 356}, "media_only": false, "name": "t3_10z7i4e", "no_follow": true, "num_comments": 1, "num_crossposts": 0, "over_18": false, "parent_whitelist_status": null, "permalink": "/r/ThePPShow/comments/10z7i4e/the_truth_about_bbbys_latest_filings_what/", "pinned": false, "pwls": null, "quarantine": false, "removed_by": null, "removed_by_category": "moderator", "retrieved_on": 1678332652, "score": 0, "secure_media": {"oembed": {"author_name": "The Retail Collective: Education on Stocks /Crypto", "author_url": "https://www.youtube.com/@theretailcollective-Anon", "height": 200, "html": "&lt;iframe width=\"356\" height=\"200\" src=\"https://www.youtube.com/embed/IJEKu1QoKDk?feature=oembed&amp;enablejsapi=1\" frameborder=\"0\" allow=\"accelerometer; autoplay; clipboard-write; encrypted-media; gyroscope; picture-in-picture; web-share\" allowfullscreen title=\"The Truth about $BBBY&amp;#39;s Latest Filings:  What everyone missed and some DD (2-10-23)\"&gt;&lt;/iframe&gt;", "provider_name": "YouTube", "provider_url": "https://www.youtube.com/", "thumbnail_height": 360, "thumbnail_url": "https://i.ytimg.com/vi/IJEKu1QoKDk/hqdefault.jpg", "thumbnail_width": 480, "title": "The Truth about $BBBY's Latest Filings:  What everyone missed and some DD (2-10-23)", "type": "video", "version": "1.0", "width": 356}, "type": "youtube.com"}, "secure_media_embed": {"content": "&lt;iframe width=\"356\" height=\"200\" src=\"https://www.youtube.com/embed/IJEKu1QoKDk?feature=oembed&amp;enablejsapi=1\" frameborder=\"0\" allow=\"accelerometer; autoplay; clipboard-write; encrypted-media; gyroscope; picture-in-picture; web-share\" allowfullscreen title=\"The Truth about $BBBY&amp;#39;s Latest Filings:  What everyone missed and some DD (2-10-23)\"&gt;&lt;/iframe&gt;", "height": 200, "media_domain_url": "https://www.redditmedia.com/mediaembed/10z7i4e", "scrolling": false, "width": 356}, "selftext": "[removed]", "send_replies": false, "spoiler": false, "stickied": false, "subreddit": "ThePPShow", "subreddit_id": "t5_7q5o7y", "subreddit_name_prefixed": "r/ThePPShow", "subreddit_subscribers": 581, "subreddit_type": "public", "suggested_sort": null, "thumbnail": "default", "thumbnail_height": 105, "thumbnail_width": 140, "title": "The Truth about $BBBY's Latest Filings: What everyone missed and some DD (2-10-23)", "top_awarded_type": null, "total_awards_received": 0, "treatment_tags": [], "upvote_ratio": 0.33, "url": "https://youtu.be/IJEKu1QoKDk", "url_overridden_by_dest": "https://youtu.be/IJEKu1QoKDk", "view_count": null, "whitelist_status": null, "wls": null}, {"all_awardings": [], "allow_live_comments": false, "archived": false, "author": "[deleted]", "author_created_utc": null, "author_flair_background_color": "", "author_flair_css_class": null, "author_flair_template_id": null, "author_flair_text": null, "author_flair_text_color": "dark", "awarders": [], "banned_by": null, "can_gild": false, "can_mod_post": false, "category": null, "content_categories": null, "contest_mode": false, "created_utc": 1676075089, "discussion_type": null, "distinguished": null, "domain": "", "edited": false, "gilded": 0, "gildings": {}, "hidden": false, "hide_score": false, "id": "10z7f8z", "is_created_from_ads_ui": false, "is_crosspostable": false, "is_meta": false, "is_original_content": false, "is_reddit_media_domain": false, "is_robot_indexable": false, "is_self": false, "is_video": false, "link_flair_background_color": "", "link_flair_css_class": null, "link_flair_richtext": [], "link_flair_text": null, "link_flair_text_color": "dark", "link_flair_type": "text", "locked": false, "media": null, "media_embed": {}, "media_only": false, "name": "t3_10z7f8z", "no_follow": false, "num_comments": 0, "num_crossposts": 0, "over_18": false, "parent_whitelist_status": null, "permalink": "/r/ThePPShow/comments/10z7f8z/vanguard_says_they_are_doubling_down_on_bbby/", "pinned": false, "pwls": null, "quarantine": false, "removed_by": null, "removed_by_category": "deleted", "retrieved_on": 1678332655, "score": 4, "secure_media": null, "secure_media_embed": {}, "selftext": "[deleted]", "send_replies": true, "spoiler": false, "stickied": false, "subreddit": "ThePPShow", "subreddit_id": "t5_7q5o7y", "subreddit_name_prefixed": "r/ThePPShow", "subreddit_subscribers": 581, "subreddit_type": "public", "suggested_sort": null, "thumbnail": "default", "thumbnail_height": 78, "thumbnail_width": 140, "title": "Vanguard says they are doubling down on BBBY shares", "top_awarded_type": null, "total_awards_received": 0, "treatment_tags": [], "upvote_ratio": 0.84, "url": "", "url_overridden_by_dest": "", "view_count": null, "whitelist_status": null, "wls": null}, {"all_awardings": [], "allow_live_comments": false, "archived": false, "author": "ScratchExciting365", "author_created_utc": null, "author_flair_background_color": null, "author_flair_css_class": null, "author_flair_richtext": [], "author_flair_template_id": null, "author_flair_text": null, "author_flair_text_color": null, "author_flair_type": "text", "author_fullname": "t2_68uf2yz4", "author_patreon_flair": false, "author_premium": false, "awarders": [], "banned_by": null, "can_gild": true, "can_mod_post": false, "category": null, "content_categories": null, "contest_mode": false, "created_utc": 1676074255, "discussion_type": null, "distinguished": null, "domain": "hbsslaw.com", "edited": false, "gilded": 0, "gildings": {}, "hidden": false, "hide_score": false, "id": "10z74k2", "is_created_from_ads_ui": false, "is_crosspostable": false, "is_meta": false, "is_original_content": false, "is_reddit_media_domain": false, "is_robot_indexable": false, "is_self": false, "is_video": false, "link_flair_background_color": "", "link_flair_css_class": null, "link_flair_richtext": [], "link_flair_text": null, "link_flair_text_color": "dark", "link_flair_type": "text", "locked": false, "media": null, "media_embed": {}, "media_only": false, "name": "t3_10z74k2", "no_follow": true, "num_comments": 0, "num_crossposts": 0, "over_18": false, "parent_whitelist_status": null, "permalink": "/r/ThePPShow/comments/10z74k2/report_to_sec/", "pinned": false, "pwls": null, "quarantine": false, "removed_by": null, "removed_by_category": "moderator", "retrieved_on": 1678332668, "score": 0, "secure_media": null, "secure_media_embed": {}, "selftext": "", "send_replies": false, "spoiler": false, "stickied": false, "subreddit": "ThePPShow", "subreddit_id": "t5_7q5o7y", "subreddit_name_prefixed": "r/ThePPShow", "subreddit_subscribers": 581, "subreddit_type": "public", "suggested_sort": null, "thumbnail": "default", "thumbnail_height": null, "thumbnail_width": null, "title": "Report to sec", "top_awarded_type": null, "total_awards_received": 0, "treatment_tags": [], "upvote_ratio": 0.5, "url": "https://www.hbsslaw.com/wb/market-manipulation?utm_source=google&amp;utm_medium=cpc&amp;utm_campaign=secgen&amp;utm_id=238382299&amp;agname=marketmanip&amp;utm_term=market%20manipulation&amp;mt=b&amp;gclid=CjwKCAiA85efBhBbEiwAD7oLQBQLSoO6oQtoBzuFA558Rrt9AEbdpcFmBNaIlZPjtR3oZQLOOoUsCRoCKIUQAvD_BwE#block-form-block-destination", "url_overridden_by_dest": "https://www.hbsslaw.com/wb/market-manipulation?utm_source=google&amp;utm_medium=cpc&amp;utm_campaign=secgen&amp;utm_id=238382299&amp;agname=marketmanip&amp;utm_term=market%20manipulation&amp;mt=b&amp;gclid=CjwKCAiA85efBhBbEiwAD7oLQBQLSoO6oQtoBzuFA558Rrt9AEbdpcFmBNaIlZPjtR3oZQLOOoUsCRoCKIUQAvD_BwE#block-form-block-destination", "view_count": null, "whitelist_status": null, "wls": null}], "metadata": {"op_a": 55, "op_b": 49, "total": 105}, "error": null}