{"data": [{"all_awardings": [], "allow_live_comments": false, "archived": false, "author": "HughJebals", "author_created_utc": null, "author_flair_background_color": null, "author_flair_css_class": null, "author_flair_richtext": [], "author_flair_template_id": null, "author_flair_text": null, "author_flair_text_color": null, "author_flair_type": "text", "author_fullname": "t2_vo95mcn6", "author_patreon_flair": false, "author_premium": false, "awarders": [], "banned_by": null, "can_gild": true, "can_mod_post": false, "category": null, "content_categories": null, "contest_mode": false, "created_utc": 1679856410, "discussion_type": null, "distinguished": null, "domain": "self.ThePPShow", "edited": false, "gilded": 0, "gildings": {}, "hidden": false, "hide_score": false, "id": "122vhz0", "is_created_from_ads_ui": false, "is_crosspostable": true, "is_meta": false, "is_original_content": false, "is_reddit_media_domain": false, "is_robot_indexable": true, "is_self": true, "is_video": false, "link_flair_background_color": "", "link_flair_css_class": null, "link_flair_richtext": [], "link_flair_text": null, "link_flair_text_color": "dark", "link_flair_type": "text", "locked": false, "media": null, "media_embed": {}, "media_only": false, "name": "t3_122vhz0", "no_follow": false, "num_comments": 35, "num_crossposts": 0, "over_18": false, "parent_whitelist_status": null, "permalink": "/r/ThePPShow/comments/122vhz0/pp_control_your_little_bro/", "pinned": false, "post_hint": "self", "preview": {"enabled": false, "images": [{"id": "8EgsztluPqtdsio4Cc-s3sHUuyg40gq6G2fA8-s4HnI", "resolutions": [{"height": 81, "url": "https://external-preview.redd.it/bTXOMNbj4R808n7MzTIUY9ve_8iaBioQi0fvokDgw00.jpg?width=108&amp;crop=smart&amp;auto=webp&amp;v=enabled&amp;s=99b439966fc3b2df2a027426301f2568e9fa901c", "width": 108}, {"height": 162, "url": "https://external-preview.redd.it/bTXOMNbj4R808n7MzTIUY9ve_8iaBioQi0fvokDgw00.jpg?width=216&amp;crop=smart&amp;auto=webp&amp;v=enabled&amp;s=3aa7d318f273c803101dfd7d78b82d88df64dabb", "width": 216}, {"height": 240, "url": "https://external-preview.redd.it/bTXOMNbj4R808n7MzTIUY9ve_8iaBioQi0fvokDgw00.jpg?width=320&amp;crop=smart&amp;auto=webp&amp;v=enabled&amp;s=84ca2526fee141c33035657ca1064d50bdba385f", "width": 320}], "source": {"height": 360, "url": "https://external-preview.redd.it/bTXOMNbj4R808n7MzTIUY9ve_8iaBioQi0fvokDgw00.jpg?auto=webp&amp;v=enabled&amp;s=630860e2f28267d2b5ea957c93662ba3275a5392", "width": 480}, "variants": {}}]}, "pwls": null, "quarantine": false, "removed_by": null, "removed_by_category": null, "retrieved_on": 1680993585, "score": 13, "secure_media": null, "secure_media_embed": {}, "selftext": "Your brother's been compromised by your archnemesis Marantz! \n\n[https://www.youtube.com/watch?v=nY5SucF9BRE&amp;ab\\_channel=Ben-Mr.Business](https://www.youtube.com/watch?v=nY5SucF9BRE&amp;ab_channel=Ben-Mr.Business)", "send_replies": true, "spoiler": false, "stickied": false, "subreddit": "ThePPShow", "subreddit_id": "t5_7q5o7y", "subreddit_name_prefixed": "r/ThePPShow", "subreddit_subscribers": 1236, "subreddit_type": "public", "suggested_sort": null, "thumbnail": "self", "thumbnail_height": null, "thumbnail_width": null, "title": "PP Control Your Little Bro", "top_awarded_type": null, "total_awards_received": 0, "treatment_tags": [], "upvote_ratio": 0.89, "url": "https://www.reddit.com/r/ThePPShow/comments/122vhz0/pp_control_your_little_bro/", "view_count": null, "whitelist_status": null, "wls": null}, {"all_awardings": [], "allow_live_comments": false, "archived": false, "author": "Necessary_Scarcity92", "author_created_utc": 1607552337, "author_flair_background_color": null, "author_flair_css_class": null, "author_flair_richtext": [], "author_flair_template_id": null, "author_flair_text": null, "author_flair_text_color": null, "author_flair_type": "text", "author_fullname": "t2_98y0jvo5", "author_patreon_flair": false, "author_premium": false, "awarders": [], "banned_by": null, "can_gild": true, "can_mod_post": false, "category": null, "content_categories": null, "contest_mode": false, "created_utc": 1679851840, "discussion_type": null, "distinguished": null, "domain": "self.ThePPShow", "edited": false, "gilded": 0, "gildings": {}, "hidden": false, "hide_score": false, "id": "122tcp8", "is_created_from_ads_ui": false, "is_crosspostable": true, "is_meta": false, "is_original_content": false, "is_reddit_media_domain": false, "is_robot_indexable": true, "is_self": true, "is_video": false, "link_flair_background_color": "", "link_flair_css_class": null, "link_flair_richtext": [], "link_flair_text": null, "link_flair_text_color": "dark", "link_flair_type": "text", "locked": false, "media": null, "media_embed": {}, "media_metadata": {"z5lyk4hra4qa1": {"e": "Image", "id": "z5lyk4hra4qa1", "m": "image/png", "p": [{"u": "https://preview.redd.it/z5lyk4hra4qa1.png?width=108&amp;crop=smart&amp;auto=webp&amp;v=enabled&amp;s=0ae8728b990b312c8192c4561a026b437460afca", "x": 108, "y": 103}, {"u": "https://preview.redd.it/z5lyk4hra4qa1.png?width=216&amp;crop=smart&amp;auto=webp&amp;v=enabled&amp;s=7664ec59acf283936569df7c57fa2e7a64f6dda7", "x": 216, "y": 206}, {"u": "https://preview.redd.it/z5lyk4hra4qa1.png?width=320&amp;crop=smart&amp;auto=webp&amp;v=enabled&amp;s=ee548b0ec2c59e02ceeee10ffb31fdbd90058e8c", "x": 320, "y": 305}], "s": {"u": "https://preview.redd.it/z5lyk4hra4qa1.png?width=607&amp;format=png&amp;auto=webp&amp;v=enabled&amp;s=b5a3a1aa0ec30ec9ac4a327d1b5d5e667a7575fe", "x": 607, "y": 579}, "status": "valid"}}, "media_only": false, "name": "t3_122tcp8", "no_follow": false, "num_comments": 9, "num_crossposts": 0, "over_18": false, "parent_whitelist_status": null, "permalink": "/r/ThePPShow/comments/122tcp8/bbby_altman_z_score_indicates_the_company_is_in/", "pinned": false, "pwls": null, "quarantine": false, "removed_by": null, "removed_by_category": null, "retrieved_on": 1680993665, "score": 17, "secure_media": null, "secure_media_embed": {}, "selftext": "\\[1\\] It's a measure that can predict bankruptcy with an accuracy between 82-94%. Scores below 1.8 indicate the company is likely to go bankrupt, scores of 3.0 or higher indicate the company is not likely to go bankrupt.\n\n\\[2\\] It's calculated as follows:\n\n Altman Z-Score = 1.2A + 1.4B + 3.3C + 0.6D + 1.0E\n\nWhere:\n\n* A = working capital / total assets\n* B = retained earnings / total assets\n* C = earnings before interest and tax / total assets\n* D = market value of equity / total liabilities\n* E = sales / total assets\n\n\\[3\\] Applying this formula to BBBY, I get a score of 3.26:\n\n&amp;#x200B;\n\n[Do your own math, not financial advice.](https://preview.redd.it/z5lyk4hra4qa1.png?width=607&amp;format=png&amp;auto=webp&amp;v=enabled&amp;s=b5a3a1aa0ec30ec9ac4a327d1b5d5e667a7575fe)\n\n**Sources:**\n\n\\[1\\]:  NYU Stern. \"[Predicting Financial Distress of Companies: Revisiting the Z-Score and Zeta Models](http://pages.stern.nyu.edu/~ealtman/Zscores.pdf),\" Page 18. Accessed Nov. 19, 2021.\n\n\\[2\\] [https://www.investopedia.com/terms/a/altman.asp#citation-7](https://www.investopedia.com/terms/a/altman.asp#citation-7)\n\n\\[3\\] My calculation, SeekingAlpha figures. SA lists Altman Z score at 3.37, a little higher than my calc. \n\n**TLDR: Another indicator BK \\*probably\\* not imminent.**", "send_replies": true, "spoiler": false, "stickied": false, "subreddit": "ThePPShow", "subreddit_id": "t5_7q5o7y", "subreddit_name_prefixed": "r/ThePPShow", "subreddit_subscribers": 1236, "subreddit_type": "public", "suggested_sort": null, "thumbnail": "https://b.thumbs.redditmedia.com/I-3TQzA7XX6Jx8ranHWAD2YwDQqHcNthJej3-0Xfr-c.jpg", "thumbnail_height": 133, "thumbnail_width": 140, "title": "BBBY Altman Z Score indicates the company is in the safe zone.", "top_awarded_type": null, "total_awards_received": 0, "treatment_tags": [], "upvote_ratio": 0.87, "url": "https://www.reddit.com/r/ThePPShow/comments/122tcp8/bbby_altman_z_score_indicates_the_company_is_in/", "view_count": null, "whitelist_status": null, "wls": null}, {"all_awardings": [], "allow_live_comments": false, "archived": false, "author": "ppseeds", "author_created_utc": 1518222553, "author_flair_background_color": null, "author_flair_css_class": null, "author_flair_richtext": [], "author_flair_template_id": null, "author_flair_text": null, "author_flair_text_color": null, "author_flair_type": "text", "author_fullname": "t2_w7v9rg0", "author_patreon_flair": false, "author_premium": true, "awarders": [], "banned_by": null, "can_gild": true, "can_mod_post": false, "category": null, "content_categories": null, "contest_mode": false, "created_utc": 1679848135, "discussion_type": null, "distinguished": null, "domain": "self.ThePPShow", "edited": false, "gilded": 0, "gildings": {}, "hidden": false, "hide_score": false, "id": "122rkkq", "is_created_from_ads_ui": false, "is_crosspostable": true, "is_meta": false, "is_original_content": false, "is_reddit_media_domain": false, "is_robot_indexable": true, "is_self": true, "is_video": false, "link_flair_background_color": "", "link_flair_css_class": null, "link_flair_richtext": [], "link_flair_text": null, "link_flair_text_color": "dark", "link_flair_type": "text", "locked": false, "media": null, "media_embed": {}, "media_only": false, "name": "t3_122rkkq", "no_follow": false, "num_comments": 41, "num_crossposts": 0, "over_18": false, "parent_whitelist_status": null, "permalink": "/r/ThePPShow/comments/122rkkq/abc_will_be_running_theppshow_tomorrow_while_im/", "pinned": false, "pwls": null, "quarantine": false, "removed_by": null, "removed_by_category": null, "retrieved_on": 1680993732, "score": 77, "secure_media": null, "secure_media_embed": {}, "selftext": "ABC has been made an admin on the show so he can run the show Monday going to see if Pete wants to hang with him and run it. I\u2019ll be back on Tuesday!", "send_replies": true, "spoiler": false, "stickied": false, "subreddit": "ThePPShow", "subreddit_id": "t5_7q5o7y", "subreddit_name_prefixed": "r/ThePPShow", "subreddit_subscribers": 1236, "subreddit_type": "public", "suggested_sort": null, "thumbnail": "self", "thumbnail_height": null, "thumbnail_width": null, "title": "ABC will be running ThePPShow tomorrow while I\u2019m gone for my anniversary.", "top_awarded_type": null, "total_awards_received": 0, "treatment_tags": [], "upvote_ratio": 0.98, "url": "https://www.reddit.com/r/ThePPShow/comments/122rkkq/abc_will_be_running_theppshow_tomorrow_while_im/", "view_count": null, "whitelist_status": null, "wls": null}, {"all_awardings": [], "allow_live_comments": false, "archived": false, "author": "Frequent-Designer-61", "author_created_utc": 1603044982, "author_flair_background_color": null, "author_flair_css_class": null, "author_flair_richtext": [], "author_flair_template_id": null, "author_flair_text": null, "author_flair_text_color": null, "author_flair_type": "text", "author_fullname": "t2_6xkdc4lv", "author_patreon_flair": false, "author_premium": false, "awarders": [], "banned_by": null, "can_gild": true, "can_mod_post": false, "category": null, "content_categories": null, "contest_mode": false, "created_utc": 1679842361, "discussion_type": null, "distinguished": null, "domain": "self.ThePPShow", "edited": 1679843014.0, "gilded": 0, "gildings": {}, "hidden": false, "hide_score": false, "id": "122oopk", "is_created_from_ads_ui": false, "is_crosspostable": true, "is_meta": false, "is_original_content": false, "is_reddit_media_domain": false, "is_robot_indexable": true, "is_self": true, "is_video": false, "link_flair_background_color": "", "link_flair_css_class": null, "link_flair_richtext": [], "link_flair_text": null, "link_flair_text_color": "dark", "link_flair_type": "text", "locked": false, "media": null, "media_embed": {}, "media_only": false, "name": "t3_122oopk", "no_follow": false, "num_comments": 4, "num_crossposts": 0, "over_18": false, "parent_whitelist_status": null, "permalink": "/r/ThePPShow/comments/122oopk/i_posted_in_the_other_sub_about_store_closures/", "pinned": false, "post_hint": "self", "preview": {"enabled": false, "images": [{"id": "I9bXQrmnSlkNB0mu-IncQ4-Eoh9Z0tE9htWJXEn8cmg", "resolutions": [{"height": 81, "url": "https://external-preview.redd.it/6ohyM16MMRU-Qbk4RGTr4Qh6gEyNMx6uxwIovfl5dnc.jpg?width=108&amp;crop=smart&amp;auto=webp&amp;v=enabled&amp;s=93eb737e561d2eb5fbd4e518305f2575045ff844", "width": 108}, {"height": 162, "url": "https://external-preview.redd.it/6ohyM16MMRU-Qbk4RGTr4Qh6gEyNMx6uxwIovfl5dnc.jpg?width=216&amp;crop=smart&amp;auto=webp&amp;v=enabled&amp;s=138d6cb3db67b32f34a170cd350a44c86d1bd293", "width": 216}, {"height": 240, "url": "https://external-preview.redd.it/6ohyM16MMRU-Qbk4RGTr4Qh6gEyNMx6uxwIovfl5dnc.jpg?width=320&amp;crop=smart&amp;auto=webp&amp;v=enabled&amp;s=a2693138f1bf3588d3a08bc43998e3db0e10cf02", "width": 320}, {"height": 480, "url": "https://external-preview.redd.it/6ohyM16MMRU-Qbk4RGTr4Qh6gEyNMx6uxwIovfl5dnc.jpg?width=640&amp;crop=smart&amp;auto=webp&amp;v=enabled&amp;s=c3df23040383da5e9fa4b47b916b843796eb7f38", "width": 640}, {"height": 720, "url": "https://external-preview.redd.it/6ohyM16MMRU-Qbk4RGTr4Qh6gEyNMx6uxwIovfl5dnc.jpg?width=960&amp;crop=smart&amp;auto=webp&amp;v=enabled&amp;s=f01f9f94d423f7e2e952b4f75d7d382ec370f3de", "width": 960}], "source": {"height": 720, "url": "https://external-preview.redd.it/6ohyM16MMRU-Qbk4RGTr4Qh6gEyNMx6uxwIovfl5dnc.jpg?auto=webp&amp;v=enabled&amp;s=d23e4b60d143971455e9406c123eed0b37c228ca", "width": 960}, "variants": {}}]}, "pwls": null, "quarantine": false, "removed_by": null, "removed_by_category": null, "retrieved_on": 1680993836, "score": 18, "secure_media": null, "secure_media_embed": {}, "selftext": "The basic thesis is this, if Newell Brands is acquiring bbby, their brands include 2 product lines that don\u2019t fit in with bbby current stores. These are office supplies and camping/recreation.\n\nI looked at the store closings in Kansas City and found it interesting that all the stores being closed were around 30,000sqft but the one location they were keeping was over 54,000 sqft (80,000 sqft if you include buy buy baby attached to it).\n\nSomeone just linked me to this article \n\nhttps://www.linkedin.com/pulse/bed-baths-initial-56-store-closures-likely-stay-vacant-jason-miller\n\nOf the first 56 stores that were closed the vast majority were 30,000 sqft with only 6 stores closed that were above 45,000 sqft.\n\nIf Newell buys they definitely need to carve space for office supplies and camping and recreation, there has also been strong theories that BBBY stores may have mini GameStops inside the store and maybe mini Teddy stores.\n\nThis is kinda genius. Close all the little stores under the guise of \u201ccost cutting\u201d and underperformance helping out the companies bottom line temporarily whilst workin the media into a frenzy about bankruptcy and all the store closings being a hugely negative sentiment, Then when acquired find new larger sqft spaces to put your megastores in! Expect to see less BBBY locations but consolidated in to much larger stores a place you can get office supplies which also means capturing a whole new market of small businesses, also expect some camping and rec goods.! Then possibly sub lease to lower costs for both BBBY and GME and you have a little section for gaming and merch. \n\nBullish As F", "send_replies": true, "spoiler": false, "stickied": false, "subreddit": "ThePPShow", "subreddit_id": "t5_7q5o7y", "subreddit_name_prefixed": "r/ThePPShow", "subreddit_subscribers": 1236, "subreddit_type": "public", "suggested_sort": null, "thumbnail": "self", "thumbnail_height": null, "thumbnail_width": null, "title": "I posted in the other sub about store closures but here is some new evidence on the thesis", "top_awarded_type": null, "total_awards_received": 0, "treatment_tags": [], "upvote_ratio": 0.92, "url": "https://www.reddit.com/r/ThePPShow/comments/122oopk/i_posted_in_the_other_sub_about_store_closures/", "view_count": null, "whitelist_status": null, "wls": null}, {"all_awardings": [], "allow_live_comments": false, "archived": false, "author": "HonestBeing444", "author_created_utc": null, "author_flair_background_color": null, "author_flair_css_class": null, "author_flair_richtext": [], "author_flair_template_id": null, "author_flair_text": null, "author_flair_text_color": null, "author_flair_type": "text", "author_fullname": "t2_4ayw1i8fx", "author_patreon_flair": false, "author_premium": false, "awarders": [], "banned_by": null, "can_gild": true, "can_mod_post": false, "category": null, "content_categories": null, "contest_mode": false, "created_utc": 1679803302, "discussion_type": null, "distinguished": null, "domain": "i.redd.it", "edited": false, "gilded": 0, "gildings": {}, "hidden": false, "hide_score": false, "id": "122ae08", "is_created_from_ads_ui": false, "is_crosspostable": true, "is_meta": false, "is_original_content": false, "is_reddit_media_domain": true, "is_robot_indexable": true, "is_self": false, "is_video": false, "link_flair_background_color": "", "link_flair_css_class": null, "link_flair_richtext": [], "link_flair_text": null, "link_flair_text_color": "dark", "link_flair_type": "text", "locked": false, "media": null, "media_embed": {}, "media_only": false, "name": "t3_122ae08", "no_follow": false, "num_comments": 8, "num_crossposts": 0, "over_18": false, "parent_whitelist_status": null, "permalink": "/r/ThePPShow/comments/122ae08/nuthin_here_to_see/", "pinned": false, "post_hint": "image", "preview": {"enabled": true, "images": [{"id": "_R5cW2w9Os7QrrXS4TzSDhxu9jtkBkID8ykKi-rjb00", "resolutions": [{"height": 192, "url": "https://preview.redd.it/1h7z3cl4c0qa1.jpg?width=108&amp;crop=smart&amp;auto=webp&amp;v=enabled&amp;s=fa3a49ad5bf8a04ca0425bdd8382ad74bdef1937", "width": 108}, {"height": 384, "url": "https://preview.redd.it/1h7z3cl4c0qa1.jpg?width=216&amp;crop=smart&amp;auto=webp&amp;v=enabled&amp;s=ce977aa2a0a65385e5d126a93e7aa4c1a6657d05", "width": 216}, {"height": 568, "url": "https://preview.redd.it/1h7z3cl4c0qa1.jpg?width=320&amp;crop=smart&amp;auto=webp&amp;v=enabled&amp;s=d86d7204ac5b1603370fbba1449411068b6ddd68", "width": 320}, {"height": 1137, "url": "https://preview.redd.it/1h7z3cl4c0qa1.jpg?width=640&amp;crop=smart&amp;auto=webp&amp;v=enabled&amp;s=151ed550a75da0a913fad6c57a36f0143635e966", "width": 640}, {"height": 1706, "url": "https://preview.redd.it/1h7z3cl4c0qa1.jpg?width=960&amp;crop=smart&amp;auto=webp&amp;v=enabled&amp;s=c37bba4531f9e4161064d2fa7b0f202b4ec1841d", "width": 960}, {"height": 1920, "url": "https://preview.redd.it/1h7z3cl4c0qa1.jpg?width=1080&amp;crop=smart&amp;auto=webp&amp;v=enabled&amp;s=acc54f0e17e69c5a4c4979701d2d4872ee0725de", "width": 1080}], "source": {"height": 2208, "url": "https://preview.redd.it/1h7z3cl4c0qa1.jpg?auto=webp&amp;v=enabled&amp;s=6dd51351c69563678e1fe97f5a2499e8dfea7bf0", "width": 1242}, "variants": {}}]}, "pwls": null, "quarantine": false, "removed_by": null, "removed_by_category": null, "retrieved_on": 1680994359, "score": 49, "secure_media": null, "secure_media_embed": {}, "selftext": "", "send_replies": true, "spoiler": false, "stickied": false, "subreddit": "ThePPShow", "subreddit_id": "t5_7q5o7y", "subreddit_name_prefixed": "r/ThePPShow", "subreddit_subscribers": 1236, "subreddit_type": "public", "suggested_sort": null, "thumbnail": "https://b.thumbs.redditmedia.com/s9BkZT-l2iAIEXexPaIMraM_TQf3fYB_h5-vXUKOFYM.jpg", "thumbnail_height": 140, "thumbnail_width": 140, "title": "nuthin here to see...", "top_awarded_type": null, "total_awards_received": 0, "treatment_tags": [], "upvote_ratio": 0.98, "url": "https://i.redd.it/1h7z3cl4c0qa1.jpg", "url_overridden_by_dest": "https://i.redd.it/1h7z3cl4c0qa1.jpg", "view_count": null, "whitelist_status": null, "wls": null}], "metadata": {"op_a": 57, "op_b": 49, "total": 107}, "error": null}