{"data": [{"all_awardings": [], "allow_live_comments": false, "archived": false, "author": "ApeDaveApeDave", "author_created_utc": 1660818624, "author_flair_background_color": null, "author_flair_css_class": null, "author_flair_richtext": [], "author_flair_template_id": null, "author_flair_text": null, "author_flair_text_color": null, "author_flair_type": "text", "author_fullname": "t2_rmv4c93h", "author_patreon_flair": false, "author_premium": false, "awarders": [], "banned_by": null, "can_gild": true, "can_mod_post": false, "category": null, "content_categories": null, "contest_mode": false, "created_utc": 1675461416, "crosspost_parent": "t3_10srv6d", "crosspost_parent_list": [{"all_awardings": [], "allow_live_comments": false, "approved_at_utc": null, "approved_by": null, "archived": false, "author": "CullenaryArtist", "author_flair_background_color": null, "author_flair_css_class": null, "author_flair_richtext": [], "author_flair_template_id": null, "author_flair_text": null, "author_flair_text_color": null, "author_flair_type": "text", "author_fullname": "t2_4dy3m5ny", "author_is_blocked": false, "author_patreon_flair": false, "author_premium": false, "awarders": [], "banned_at_utc": null, "banned_by": null, "can_gild": true, "can_mod_post": false, "category": null, "clicked": false, "content_categories": null, "contest_mode": false, "created": 1675450072.0, "created_utc": 1675450072.0, "discussion_type": null, "distinguished": null, "domain": "reddit.com", "downs": 0, "edited": false, "gallery_data": {"items": [{"caption": "Sauce:", "id": 236706992, "media_id": "a3ci4akqr0ga1", "outbound_url": "https://twitter.com/pirateportfo/status/1621538824974372864?s=42&amp;t=KDb1nJ84e9IyWudALl4cxQ"}, {"id": 236706993, "media_id": "hu2rf9kqr0ga1"}, {"caption": "His reasoning ", "id": 236706994, "media_id": "bpci5bkqr0ga1", "outbound_url": "https://twitter.com/pirateportfo/status/1621540560707411968?s=20&amp;t=dAUi8lI1L6ikFdFwF5ku5g"}]}, "gilded": 0, "gildings": {}, "hidden": false, "hide_score": false, "id": "10srv6d", "is_created_from_ads_ui": false, "is_crosspostable": true, "is_gallery": true, "is_meta": false, "is_original_content": false, "is_reddit_media_domain": false, "is_robot_indexable": true, "is_self": false, "is_video": false, "likes": null, "link_flair_background_color": "#1a1a1b", "link_flair_css_class": "", "link_flair_richtext": [], "link_flair_template_id": "aa1c126e-78d0-11eb-8057-0ec751e4a429", "link_flair_text": "\ud83d\udde3 Discussion / Question", "link_flair_text_color": "light", "link_flair_type": "text", "locked": false, "media": null, "media_embed": {}, "media_metadata": {"a3ci4akqr0ga1": {"e": "Image", "id": "a3ci4akqr0ga1", "m": "image/jpg", "p": [{"u": "https://preview.redd.it/a3ci4akqr0ga1.jpg?width=108&amp;crop=smart&amp;auto=webp&amp;v=enabled&amp;s=755bd0c4ff21fc7763eac41c37e2897835114d42", "x": 108, "y": 216}, {"u": "https://preview.redd.it/a3ci4akqr0ga1.jpg?width=216&amp;crop=smart&amp;auto=webp&amp;v=enabled&amp;s=7522baa44eeb865e4a1aafbe12426779a04917bf", "x": 216, "y": 432}, {"u": "https://preview.redd.it/a3ci4akqr0ga1.jpg?width=320&amp;crop=smart&amp;auto=webp&amp;v=enabled&amp;s=ce3fee1811219225d6034c31c8003b457b9575bd", "x": 320, "y": 640}, {"u": "https://preview.redd.it/a3ci4akqr0ga1.jpg?width=640&amp;crop=smart&amp;auto=webp&amp;v=enabled&amp;s=d021efda890dfd301e5033aa80afd3564d613721", "x": 640, "y": 1280}, {"u": "https://preview.redd.it/a3ci4akqr0ga1.jpg?width=960&amp;crop=smart&amp;auto=webp&amp;v=enabled&amp;s=1fb7614afba5816608cf961e1eb7de16545e8462", "x": 960, "y": 1920}, {"u": "https://preview.redd.it/a3ci4akqr0ga1.jpg?width=1080&amp;crop=smart&amp;auto=webp&amp;v=enabled&amp;s=33b994168903880b2ce12c844e7b80576ef357fd", "x": 1080, "y": 2160}], "s": {"u": "https://preview.redd.it/a3ci4akqr0ga1.jpg?width=1242&amp;format=pjpg&amp;auto=webp&amp;v=enabled&amp;s=4e7787e4580c082c85ff26d696e4887952a08ed3", "x": 1242, "y": 2688}, "status": "valid"}, "bpci5bkqr0ga1": {"e": "Image", "id": "bpci5bkqr0ga1", "m": "image/jpg", "p": [{"u": "https://preview.redd.it/bpci5bkqr0ga1.jpg?width=108&amp;crop=smart&amp;auto=webp&amp;v=enabled&amp;s=f4cd4db4c0d3b580a8b9236f044c1b404ca51432", "x": 108, "y": 216}, {"u": "https://preview.redd.it/bpci5bkqr0ga1.jpg?width=216&amp;crop=smart&amp;auto=webp&amp;v=enabled&amp;s=35f6786b02819972dce036bf4eb553188a11590b", "x": 216, "y": 432}, {"u": "https://preview.redd.it/bpci5bkqr0ga1.jpg?width=320&amp;crop=smart&amp;auto=webp&amp;v=enabled&amp;s=16d168d0fb5828b45987511de69865f61155b616", "x": 320, "y": 640}, {"u": "https://preview.redd.it/bpci5bkqr0ga1.jpg?width=640&amp;crop=smart&amp;auto=webp&amp;v=enabled&amp;s=b6a3800dbfb046e8b6b44212902744a119d2fbb0", "x": 640, "y": 1280}, {"u": "https://preview.redd.it/bpci5bkqr0ga1.jpg?width=960&amp;crop=smart&amp;auto=webp&amp;v=enabled&amp;s=b0789fe57a46d9e847fd08da21db293c126fe308", "x": 960, "y": 1920}, {"u": "https://preview.redd.it/bpci5bkqr0ga1.jpg?width=1080&amp;crop=smart&amp;auto=webp&amp;v=enabled&amp;s=4e53a06ed576ea3ea808bd99a286a17cc4e31f49", "x": 1080, "y": 2160}], "s": {"u": "https://preview.redd.it/bpci5bkqr0ga1.jpg?width=1242&amp;format=pjpg&amp;auto=webp&amp;v=enabled&amp;s=f18f3faca72b807d06417883732955be9f9700a9", "x": 1242, "y": 2688}, "status": "valid"}, "hu2rf9kqr0ga1": {"e": "Image", "id": "hu2rf9kqr0ga1", "m": "image/jpg", "p": [{"u": "https://preview.redd.it/hu2rf9kqr0ga1.jpg?width=108&amp;crop=smart&amp;auto=webp&amp;v=enabled&amp;s=4f567f97ee0f174287b8ad1dbe2e53c6b4bcd374", "x": 108, "y": 216}, {"u": "https://preview.redd.it/hu2rf9kqr0ga1.jpg?width=216&amp;crop=smart&amp;auto=webp&amp;v=enabled&amp;s=58ef01d985b3c7b6161c216c7917e5b89dbeeb10", "x": 216, "y": 432}, {"u": "https://preview.redd.it/hu2rf9kqr0ga1.jpg?width=320&amp;crop=smart&amp;auto=webp&amp;v=enabled&amp;s=c6716a686a67848d9a17337ac7f5564aa37a4883", "x": 320, "y": 640}, {"u": "https://preview.redd.it/hu2rf9kqr0ga1.jpg?width=640&amp;crop=smart&amp;auto=webp&amp;v=enabled&amp;s=fe13f877d7451054bde2e8c93fcdb39331b9f203", "x": 640, "y": 1280}, {"u": "https://preview.redd.it/hu2rf9kqr0ga1.jpg?width=960&amp;crop=smart&amp;auto=webp&amp;v=enabled&amp;s=805049d4afba27fdf83112daac84720779cd2359", "x": 960, "y": 1920}, {"u": "https://preview.redd.it/hu2rf9kqr0ga1.jpg?width=1080&amp;crop=smart&amp;auto=webp&amp;v=enabled&amp;s=37e27848dddfc91ad66f5e5200dd3c3fb579dcea", "x": 1080, "y": 2160}], "s": {"u": "https://preview.redd.it/hu2rf9kqr0ga1.jpg?width=1242&amp;format=pjpg&amp;auto=webp&amp;v=enabled&amp;s=c401cbfc7261ee1192193494568015023183b6de", "x": 1242, "y": 2688}, "status": "valid"}}, "media_only": false, "mod_note": null, "mod_reason_by": null, "mod_reason_title": null, "mod_reports": [], "name": "t3_10srv6d", "no_follow": false, "num_comments": 26, "num_crossposts": 1, "num_reports": null, "over_18": false, "parent_whitelist_status": "no_ads", "permalink": "/r/BBBY/comments/10srv6d/my_friend_wrote_to_ir_regarding_an_undiscussed/", "pinned": false, "pwls": 0, "quarantine": false, "removal_reason": null, "removed_by": null, "removed_by_category": null, "report_reasons": null, "saved": false, "score": 68, "secure_media": null, "secure_media_embed": {}, "selftext": "", "selftext_html": null, "send_replies": true, "spoiler": false, "stickied": false, "subreddit": "BBBY", "subreddit_id": "t5_3q5hel", "subreddit_name_prefixed": "r/BBBY", "subreddit_subscribers": 55963, "subreddit_type": "public", "suggested_sort": null, "thumbnail": "https://b.thumbs.redditmedia.com/LcktrBCsBzivk9TuKrXa64r1nVuRMKrhoKXV4mxkhzE.jpg", "thumbnail_height": 140, "thumbnail_width": 140, "title": "My friend wrote to IR regarding an undiscussed topic: the now passed deadline for electing new board members and its relevance to M/A", "top_awarded_type": null, "total_awards_received": 0, "treatment_tags": [], "ups": 68, "upvote_ratio": 0.79, "url": "https://twitter.com/pirateportfo/status/1621538824974372864?s=42&amp;t=KDb1nJ84e9IyWudALl4cxQ", "url_overridden_by_dest": "https://www.reddit.com/gallery/10srv6d", "user_reports": [], "view_count": null, "visited": false, "whitelist_status": "no_ads", "wls": 0}], "discussion_type": null, "distinguished": null, "domain": "reddit.com", "edited": false, "gilded": 0, "gildings": {}, "hidden": false, "hide_score": false, "id": "10swjcd", "is_created_from_ads_ui": false, "is_crosspostable": true, "is_meta": false, "is_original_content": false, "is_reddit_media_domain": false, "is_robot_indexable": true, "is_self": false, "is_video": false, "link_flair_background_color": "", "link_flair_css_class": null, "link_flair_richtext": [], "link_flair_text": null, "link_flair_text_color": "dark", "link_flair_type": "text", "locked": false, "media": null, "media_embed": {}, "media_only": false, "name": "t3_10swjcd", "no_follow": false, "num_comments": 0, "num_crossposts": 0, "over_18": false, "parent_whitelist_status": null, "permalink": "/r/ThePPShow/comments/10swjcd/titjacking_my_friend_wrote_to_ir_regarding_an/", "pinned": false, "pwls": null, "quarantine": false, "removed_by": null, "removed_by_category": null, "retrieved_on": 1678341575, "score": 3, "secure_media": null, "secure_media_embed": {}, "selftext": "", "send_replies": false, "spoiler": false, "stickied": false, "subreddit": "ThePPShow", "subreddit_id": "t5_7q5o7y", "subreddit_name_prefixed": "r/ThePPShow", "subreddit_subscribers": 582, "subreddit_type": "public", "suggested_sort": null, "thumbnail": "https://b.thumbs.redditmedia.com/LcktrBCsBzivk9TuKrXa64r1nVuRMKrhoKXV4mxkhzE.jpg", "thumbnail_height": 140, "thumbnail_width": 140, "title": "Titjacking: My friend wrote to IR regarding an undiscussed topic: the now passed deadline for electing new board members and its relevance to M/A", "top_awarded_type": null, "total_awards_received": 0, "treatment_tags": [], "upvote_ratio": 1.0, "url": "https://www.reddit.com/gallery/10srv6d", "url_overridden_by_dest": "https://www.reddit.com/gallery/10srv6d", "view_count": null, "whitelist_status": null, "wls": null}, {"all_awardings": [], "allow_live_comments": false, "archived": false, "author": "[deleted]", "author_created_utc": null, "author_flair_background_color": "", "author_flair_css_class": null, "author_flair_template_id": null, "author_flair_text": null, "author_flair_text_color": "dark", "awarders": [], "banned_by": null, "can_gild": false, "can_mod_post": false, "category": null, "content_categories": null, "contest_mode": false, "created_utc": 1675460284, "discussion_type": null, "distinguished": null, "domain": "", "edited": false, "gilded": 0, "gildings": {}, "hidden": false, "hide_score": false, "id": "10sw2ba", "is_created_from_ads_ui": false, "is_crosspostable": false, "is_meta": false, "is_original_content": false, "is_reddit_media_domain": false, "is_robot_indexable": false, "is_self": true, "is_video": false, "link_flair_background_color": "#ffd635", "link_flair_css_class": "", "link_flair_richtext": [], "link_flair_template_id": "b389bcaa-8f0a-11ed-9b6e-1e9f599434b1", "link_flair_text": "Stream announcement ", "link_flair_text_color": "dark", "link_flair_type": "text", "locked": false, "media": null, "media_embed": {}, "media_only": false, "name": "t3_10sw2ba", "no_follow": true, "num_comments": 12, "num_crossposts": 0, "over_18": false, "parent_whitelist_status": null, "permalink": "/r/ThePPShow/comments/10sw2ba/bonus_stream_tonight_friday_starting_probably/", "pinned": false, "pwls": null, "quarantine": false, "removed_by": null, "removed_by_category": "deleted", "retrieved_on": 1678341594, "score": 18, "secure_media": null, "secure_media_embed": {}, "selftext": "[removed]", "send_replies": true, "spoiler": false, "stickied": false, "subreddit": "ThePPShow", "subreddit_id": "t5_7q5o7y", "subreddit_name_prefixed": "r/ThePPShow", "subreddit_subscribers": 582, "subreddit_type": "public", "suggested_sort": null, "thumbnail": "default", "thumbnail_height": null, "thumbnail_width": null, "title": "Bonus Stream tonight Friday starting probably roughly 7PM/730PMCT", "top_awarded_type": null, "total_awards_received": 0, "treatment_tags": [], "upvote_ratio": 1.0, "url": "", "view_count": null, "whitelist_status": null, "wls": null}, {"all_awardings": [], "allow_live_comments": false, "archived": false, "author": "[deleted]", "author_created_utc": null, "author_flair_background_color": "", "author_flair_css_class": null, "author_flair_template_id": null, "author_flair_text": null, "author_flair_text_color": "dark", "awarders": [], "banned_by": null, "can_gild": false, "can_mod_post": false, "category": null, "content_categories": null, "contest_mode": false, "created_utc": 1675455578, "discussion_type": null, "distinguished": null, "domain": "", "edited": false, "gilded": 0, "gildings": {}, "hidden": false, "hide_score": false, "id": "10su3u6", "is_created_from_ads_ui": false, "is_crosspostable": false, "is_meta": false, "is_original_content": false, "is_reddit_media_domain": false, "is_robot_indexable": false, "is_self": true, "is_video": false, "link_flair_background_color": "", "link_flair_css_class": null, "link_flair_richtext": [], "link_flair_text": null, "link_flair_text_color": "dark", "link_flair_type": "text", "locked": false, "media": null, "media_embed": {}, "media_only": false, "name": "t3_10su3u6", "no_follow": true, "num_comments": 13, "num_crossposts": 0, "over_18": false, "parent_whitelist_status": null, "permalink": "/r/ThePPShow/comments/10su3u6/no_more_posts_here_about_stockmaster_all_posts/", "pinned": false, "pwls": null, "quarantine": false, "removed_by": null, "removed_by_category": "deleted", "retrieved_on": 1678341673, "score": 15, "secure_media": null, "secure_media_embed": {}, "selftext": "[removed]", "send_replies": true, "spoiler": false, "stickied": false, "subreddit": "ThePPShow", "subreddit_id": "t5_7q5o7y", "subreddit_name_prefixed": "r/ThePPShow", "subreddit_subscribers": 582, "subreddit_type": "public", "suggested_sort": null, "thumbnail": "default", "thumbnail_height": null, "thumbnail_width": null, "title": "No more posts here about stockmaster. All posts about him will be removed.", "top_awarded_type": null, "total_awards_received": 0, "treatment_tags": [], "upvote_ratio": 1.0, "url": "", "view_count": null, "whitelist_status": null, "wls": null}, {"all_awardings": [], "allow_live_comments": false, "archived": false, "author": "__SomeGuy___", "author_created_utc": null, "author_flair_background_color": null, "author_flair_css_class": null, "author_flair_richtext": [], "author_flair_template_id": null, "author_flair_text": null, "author_flair_text_color": null, "author_flair_type": "text", "author_fullname": "t2_3yuprgr4i", "author_patreon_flair": false, "author_premium": false, "awarders": [], "banned_by": null, "can_gild": true, "can_mod_post": false, "category": null, "content_categories": null, "contest_mode": false, "created_utc": 1675439415, "discussion_type": null, "distinguished": null, "domain": "i.redd.it", "edited": false, "gilded": 0, "gildings": {}, "hidden": false, "hide_score": false, "id": "10snixe", "is_created_from_ads_ui": false, "is_crosspostable": true, "is_meta": false, "is_original_content": false, "is_reddit_media_domain": true, "is_robot_indexable": true, "is_self": false, "is_video": false, "link_flair_background_color": "", "link_flair_css_class": null, "link_flair_richtext": [], "link_flair_text": null, "link_flair_text_color": "dark", "link_flair_type": "text", "locked": false, "media": null, "media_embed": {}, "media_only": false, "name": "t3_10snixe", "no_follow": false, "num_comments": 0, "num_crossposts": 0, "over_18": false, "parent_whitelist_status": null, "permalink": "/r/ThePPShow/comments/10snixe/cool_content_for_a_video_maybe_something_about/", "pinned": false, "post_hint": "image", "preview": {"enabled": true, "images": [{"id": "G0kDuMPiY0FvuYPIr8T4vPIWkmiElOcMI-E8AxxpsD0", "resolutions": [{"height": 216, "url": "https://preview.redd.it/xibpzzykd1ga1.jpg?width=108&amp;crop=smart&amp;auto=webp&amp;v=enabled&amp;s=397683229763dfe73c3ea0b1e9d22011685b80bf", "width": 108}, {"height": 432, "url": "https://preview.redd.it/xibpzzykd1ga1.jpg?width=216&amp;crop=smart&amp;auto=webp&amp;v=enabled&amp;s=d6d8cbc5ed22a6b9d0b261e1a83406bb17986a9f", "width": 216}, {"height": 640, "url": "https://preview.redd.it/xibpzzykd1ga1.jpg?width=320&amp;crop=smart&amp;auto=webp&amp;v=enabled&amp;s=29ea92db587e7514f9b92db4fa46ea094bf6da24", "width": 320}], "source": {"height": 902, "url": "https://preview.redd.it/xibpzzykd1ga1.jpg?auto=webp&amp;v=enabled&amp;s=b779f8d5faf74ca4119e042160bec223da876f9c", "width": 435}, "variants": {}}]}, "pwls": null, "quarantine": false, "removed_by": null, "removed_by_category": null, "retrieved_on": 1678341939, "score": 4, "secure_media": null, "secure_media_embed": {}, "selftext": "", "send_replies": true, "spoiler": false, "stickied": false, "subreddit": "ThePPShow", "subreddit_id": "t5_7q5o7y", "subreddit_name_prefixed": "r/ThePPShow", "subreddit_subscribers": 582, "subreddit_type": "public", "suggested_sort": null, "thumbnail": "https://b.thumbs.redditmedia.com/qE41GhDTLadvVfP_5iyI4cHzCucSD3ut4Ii04H2Wj4M.jpg", "thumbnail_height": 140, "thumbnail_width": 140, "title": "Cool content for a video? Maybe something about Bobby breaks from the meme basket.", "top_awarded_type": null, "total_awards_received": 0, "treatment_tags": [], "upvote_ratio": 1.0, "url": "https://i.redd.it/xibpzzykd1ga1.jpg", "url_overridden_by_dest": "https://i.redd.it/xibpzzykd1ga1.jpg", "view_count": null, "whitelist_status": null, "wls": null}, {"all_awardings": [], "allow_live_comments": false, "archived": false, "author": "[deleted]", "author_created_utc": null, "author_flair_background_color": "", "author_flair_css_class": null, "author_flair_template_id": null, "author_flair_text": null, "author_flair_text_color": "dark", "awarders": [], "banned_by": null, "can_gild": false, "can_mod_post": false, "category": null, "content_categories": null, "contest_mode": false, "created_utc": 1675399930, "discussion_type": null, "distinguished": null, "domain": "", "edited": false, "gilded": 0, "gildings": {}, "hidden": false, "hide_score": false, "id": "10sbiny", "is_created_from_ads_ui": false, "is_crosspostable": false, "is_meta": false, "is_original_content": false, "is_reddit_media_domain": false, "is_robot_indexable": false, "is_self": false, "is_video": false, "link_flair_background_color": "", "link_flair_css_class": null, "link_flair_richtext": [], "link_flair_text": null, "link_flair_text_color": "dark", "link_flair_type": "text", "locked": false, "media": {"oembed": {"author_name": "ThePPshow", "author_url": "https://www.youtube.com/@ThePPshow", "height": 200, "html": "&lt;iframe width=\"356\" height=\"200\" src=\"https://www.youtube.com/embed/X06Q9ztDY48?feature=oembed&amp;enablejsapi=1\" frameborder=\"0\" allow=\"accelerometer; autoplay; clipboard-write; encrypted-media; gyroscope; picture-in-picture; web-share\" allowfullscreen title=\"William TA Trader for 30 years says BBBY will go back to $10 NFA BBBY Livestream Highlight\"&gt;&lt;/iframe&gt;", "provider_name": "YouTube", "provider_url": "https://www.youtube.com/", "thumbnail_height": 360, "thumbnail_url": "https://i.ytimg.com/vi/X06Q9ztDY48/hqdefault.jpg", "thumbnail_width": 480, "title": "William TA Trader for 30 years says BBBY will go back to $10 NFA BBBY Livestream Highlight", "type": "video", "version": "1.0", "width": 356}, "type": "youtube.com"}, "media_embed": {"content": "&lt;iframe width=\"356\" height=\"200\" src=\"https://www.youtube.com/embed/X06Q9ztDY48?feature=oembed&amp;enablejsapi=1\" frameborder=\"0\" allow=\"accelerometer; autoplay; clipboard-write; encrypted-media; gyroscope; picture-in-picture; web-share\" allowfullscreen title=\"William TA Trader for 30 years says BBBY will go back to $10 NFA BBBY Livestream Highlight\"&gt;&lt;/iframe&gt;", "height": 200, "scrolling": false, "width": 356}, "media_only": false, "name": "t3_10sbiny", "no_follow": false, "num_comments": 0, "num_crossposts": 0, "over_18": false, "parent_whitelist_status": null, "permalink": "/r/ThePPShow/comments/10sbiny/william_the_ta_trader_for_30_years_says_a_retrace/", "pinned": false, "pwls": null, "quarantine": false, "removed_by": null, "removed_by_category": "deleted", "retrieved_on": 1678342416, "score": 8, "secure_media": {"oembed": {"author_name": "ThePPshow", "author_url": "https://www.youtube.com/@ThePPshow", "height": 200, "html": "&lt;iframe width=\"356\" height=\"200\" src=\"https://www.youtube.com/embed/X06Q9ztDY48?feature=oembed&amp;enablejsapi=1\" frameborder=\"0\" allow=\"accelerometer; autoplay; clipboard-write; encrypted-media; gyroscope; picture-in-picture; web-share\" allowfullscreen title=\"William TA Trader for 30 years says BBBY will go back to $10 NFA BBBY Livestream Highlight\"&gt;&lt;/iframe&gt;", "provider_name": "YouTube", "provider_url": "https://www.youtube.com/", "thumbnail_height": 360, "thumbnail_url": "https://i.ytimg.com/vi/X06Q9ztDY48/hqdefault.jpg", "thumbnail_width": 480, "title": "William TA Trader for 30 years says BBBY will go back to $10 NFA BBBY Livestream Highlight", "type": "video", "version": "1.0", "width": 356}, "type": "youtube.com"}, "secure_media_embed": {"content": "&lt;iframe width=\"356\" height=\"200\" src=\"https://www.youtube.com/embed/X06Q9ztDY48?feature=oembed&amp;enablejsapi=1\" frameborder=\"0\" allow=\"accelerometer; autoplay; clipboard-write; encrypted-media; gyroscope; picture-in-picture; web-share\" allowfullscreen title=\"William TA Trader for 30 years says BBBY will go back to $10 NFA BBBY Livestream Highlight\"&gt;&lt;/iframe&gt;", "height": 200, "media_domain_url": "https://www.redditmedia.com/mediaembed/10sbiny", "scrolling": false, "width": 356}, "selftext": "[deleted]", "send_replies": false, "spoiler": false, "stickied": false, "subreddit": "ThePPShow", "subreddit_id": "t5_7q5o7y", "subreddit_name_prefixed": "r/ThePPShow", "subreddit_subscribers": 582, "subreddit_type": "public", "suggested_sort": null, "thumbnail": "default", "thumbnail_height": 105, "thumbnail_width": 140, "title": "William the TA trader for 30 years says a retrace to $10 is possible. NFA doesn\u2019t include other variables like MA", "top_awarded_type": null, "total_awards_received": 0, "treatment_tags": [], "upvote_ratio": 1.0, "url": "", "url_overridden_by_dest": "", "view_count": null, "whitelist_status": null, "wls": null}], "metadata": {"op_a": 54, "op_b": 48, "total": 103}, "error": null}