{"data": [{"all_awardings": [], "allow_live_comments": false, "archived": false, "author": "dicemetal", "author_created_utc": null, "author_flair_background_color": null, "author_flair_css_class": null, "author_flair_richtext": [], "author_flair_template_id": null, "author_flair_text": null, "author_flair_text_color": null, "author_flair_type": "text", "author_fullname": "t2_oygs8m7t", "author_patreon_flair": false, "author_premium": false, "awarders": [], "banned_by": null, "can_gild": true, "can_mod_post": false, "category": null, "content_categories": null, "contest_mode": false, "created_utc": 1675986351, "discussion_type": null, "distinguished": null, "domain": "i.redd.it", "edited": false, "gilded": 0, "gildings": {}, "hidden": false, "hide_score": false, "id": "10ya8f1", "is_created_from_ads_ui": false, "is_crosspostable": true, "is_meta": false, "is_original_content": false, "is_reddit_media_domain": true, "is_robot_indexable": true, "is_self": false, "is_video": false, "link_flair_background_color": "", "link_flair_css_class": null, "link_flair_richtext": [], "link_flair_text": null, "link_flair_text_color": "dark", "link_flair_type": "text", "locked": false, "media": null, "media_embed": {}, "media_only": false, "name": "t3_10ya8f1", "no_follow": false, "num_comments": 2, "num_crossposts": 0, "over_18": false, "parent_whitelist_status": null, "permalink": "/r/ThePPShow/comments/10ya8f1/whats_an_exit_strategy/", "pinned": false, "post_hint": "image", "preview": {"enabled": true, "images": [{"id": "7kRHxK5dqrxJ1satErlkC72TWSxbaFqnTaaFaInkoTM", "resolutions": [{"height": 98, "url": "https://preview.redd.it/49vab6iwjaha1.jpg?width=108&amp;crop=smart&amp;auto=webp&amp;v=enabled&amp;s=5759b9456a14207b1c575521ae6b448bc79ed5d1", "width": 108}, {"height": 197, "url": "https://preview.redd.it/49vab6iwjaha1.jpg?width=216&amp;crop=smart&amp;auto=webp&amp;v=enabled&amp;s=e60775d9a7ab919c8733b6a3f9194d6aff36db56", "width": 216}, {"height": 292, "url": "https://preview.redd.it/49vab6iwjaha1.jpg?width=320&amp;crop=smart&amp;auto=webp&amp;v=enabled&amp;s=6fe925aeed653d981185c21076b2dbb5e5dc7e95", "width": 320}, {"height": 585, "url": "https://preview.redd.it/49vab6iwjaha1.jpg?width=640&amp;crop=smart&amp;auto=webp&amp;v=enabled&amp;s=b913ad1967c5805dc705eed462148f575222dc1b", "width": 640}], "source": {"height": 860, "url": "https://preview.redd.it/49vab6iwjaha1.jpg?auto=webp&amp;v=enabled&amp;s=82a5f745466f8840905c5eff477b423885e2b2bf", "width": 940}, "variants": {}}]}, "pwls": null, "quarantine": false, "removed_by": null, "removed_by_category": null, "retrieved_on": 1678333976, "score": 12, "secure_media": null, "secure_media_embed": {}, "selftext": "", "send_replies": true, "spoiler": false, "stickied": false, "subreddit": "ThePPShow", "subreddit_id": "t5_7q5o7y", "subreddit_name_prefixed": "r/ThePPShow", "subreddit_subscribers": 581, "subreddit_type": "public", "suggested_sort": null, "thumbnail": "https://b.thumbs.redditmedia.com/Jil1zk8RfrHbPPK4X1A2I_JOcJg8mgRf4zf9QLCVIKQ.jpg", "thumbnail_height": 128, "thumbnail_width": 140, "title": "What's an exit strategy? \ud83e\udd14", "top_awarded_type": null, "total_awards_received": 0, "treatment_tags": [], "upvote_ratio": 0.93, "url": "https://i.redd.it/49vab6iwjaha1.jpg", "url_overridden_by_dest": "https://i.redd.it/49vab6iwjaha1.jpg", "view_count": null, "whitelist_status": null, "wls": null}, {"all_awardings": [], "allow_live_comments": false, "archived": false, "author": "[deleted]", "author_created_utc": null, "author_flair_background_color": "", "author_flair_css_class": null, "author_flair_template_id": null, "author_flair_text": null, "author_flair_text_color": "dark", "awarders": [], "banned_by": null, "can_gild": false, "can_mod_post": false, "category": null, "content_categories": null, "contest_mode": false, "created_utc": 1675960088, "discussion_type": null, "distinguished": null, "domain": "", "edited": false, "gilded": 0, "gildings": {}, "hidden": false, "hide_score": false, "id": "10xyz0o", "is_created_from_ads_ui": false, "is_crosspostable": false, "is_meta": false, "is_original_content": false, "is_reddit_media_domain": false, "is_robot_indexable": false, "is_self": true, "is_video": false, "link_flair_background_color": "", "link_flair_css_class": null, "link_flair_richtext": [], "link_flair_text": null, "link_flair_text_color": "dark", "link_flair_type": "text", "locked": false, "media": null, "media_embed": {}, "media_only": false, "name": "t3_10xyz0o", "no_follow": false, "num_comments": 3, "num_crossposts": 0, "over_18": false, "parent_whitelist_status": null, "permalink": "/r/ThePPShow/comments/10xyz0o/prophetic_dream_feb_8th_next_weeks_squeeze_could/", "pinned": false, "pwls": null, "quarantine": false, "removed_by": null, "removed_by_category": "deleted", "retrieved_on": 1678334432, "score": 4, "secure_media": null, "secure_media_embed": {}, "selftext": "[deleted]", "send_replies": true, "spoiler": false, "stickied": false, "subreddit": "ThePPShow", "subreddit_id": "t5_7q5o7y", "subreddit_name_prefixed": "r/ThePPShow", "subreddit_subscribers": 581, "subreddit_type": "public", "suggested_sort": null, "thumbnail": "default", "thumbnail_height": null, "thumbnail_width": null, "title": "Prophetic dream Feb 8th: Next week's squeeze could be so sharp that it jumps to $20 in no time.", "top_awarded_type": null, "total_awards_received": 0, "treatment_tags": [], "upvote_ratio": 0.7, "url": "", "view_count": null, "whitelist_status": null, "wls": null}, {"all_awardings": [], "allow_live_comments": false, "archived": false, "author": "dicemetal", "author_created_utc": null, "author_flair_background_color": null, "author_flair_css_class": null, "author_flair_richtext": [], "author_flair_template_id": null, "author_flair_text": null, "author_flair_text_color": null, "author_flair_type": "text", "author_fullname": "t2_oygs8m7t", "author_patreon_flair": false, "author_premium": false, "awarders": [], "banned_by": null, "can_gild": true, "can_mod_post": false, "category": null, "content_categories": null, "contest_mode": false, "created_utc": 1675959644, "discussion_type": null, "distinguished": null, "domain": "i.redd.it", "edited": false, "gilded": 0, "gildings": {}, "hidden": false, "hide_score": false, "id": "10xyslo", "is_created_from_ads_ui": false, "is_crosspostable": true, "is_meta": false, "is_original_content": false, "is_reddit_media_domain": true, "is_robot_indexable": true, "is_self": false, "is_video": false, "link_flair_background_color": "", "link_flair_css_class": null, "link_flair_richtext": [], "link_flair_text": null, "link_flair_text_color": "dark", "link_flair_type": "text", "locked": false, "media": null, "media_embed": {}, "media_only": false, "name": "t3_10xyslo", "no_follow": false, "num_comments": 0, "num_crossposts": 0, "over_18": false, "parent_whitelist_status": null, "permalink": "/r/ThePPShow/comments/10xyslo/the_most_wholesome_part_of_theppshow/", "pinned": false, "post_hint": "image", "preview": {"enabled": true, "images": [{"id": "DS7ZWCdftAtPZRxMK_CSrHbVaSRWmaUX05WGpR6ZdtY", "resolutions": [{"height": 88, "url": "https://preview.redd.it/1xavcolhc8ha1.jpg?width=108&amp;crop=smart&amp;auto=webp&amp;v=enabled&amp;s=6dd438911c6f4fb01d9dece16da30dc3038bdb4d", "width": 108}, {"height": 176, "url": "https://preview.redd.it/1xavcolhc8ha1.jpg?width=216&amp;crop=smart&amp;auto=webp&amp;v=enabled&amp;s=4d6d65eb8082c3fcb4453465a7f74fcb8f9e15bf", "width": 216}, {"height": 261, "url": "https://preview.redd.it/1xavcolhc8ha1.jpg?width=320&amp;crop=smart&amp;auto=webp&amp;v=enabled&amp;s=1993b559393d487c1183c7bd246ab894a7e37bd8", "width": 320}, {"height": 523, "url": "https://preview.redd.it/1xavcolhc8ha1.jpg?width=640&amp;crop=smart&amp;auto=webp&amp;v=enabled&amp;s=1dac2f74bda9b76c8eb30e3dfacc02adea172ce0", "width": 640}], "source": {"height": 736, "url": "https://preview.redd.it/1xavcolhc8ha1.jpg?auto=webp&amp;v=enabled&amp;s=381fa74282063b31d7008d7a28b0273bbe53e778", "width": 900}, "variants": {}}]}, "pwls": null, "quarantine": false, "removed_by": null, "removed_by_category": null, "retrieved_on": 1678334439, "score": 14, "secure_media": null, "secure_media_embed": {}, "selftext": "", "send_replies": true, "spoiler": false, "stickied": false, "subreddit": "ThePPShow", "subreddit_id": "t5_7q5o7y", "subreddit_name_prefixed": "r/ThePPShow", "subreddit_subscribers": 581, "subreddit_type": "public", "suggested_sort": null, "thumbnail": "https://b.thumbs.redditmedia.com/vQ4MvXOPIEpqB55D96ZTXhMg_kxN31uWXwrIHH_XcSM.jpg", "thumbnail_height": 114, "thumbnail_width": 140, "title": "The most wholesome part of theppshow \ud83e\udd0c", "top_awarded_type": null, "total_awards_received": 0, "treatment_tags": [], "upvote_ratio": 0.95, "url": "https://i.redd.it/1xavcolhc8ha1.jpg", "url_overridden_by_dest": "https://i.redd.it/1xavcolhc8ha1.jpg", "view_count": null, "whitelist_status": null, "wls": null}, {"all_awardings": [{"award_sub_type": "PREMIUM", "award_type": "global", "awardings_required_to_grant_benefits": null, "coin_price": 30, "coin_reward": 0, "count": 1, "days_of_drip_extension": null, "days_of_premium": null, "description": "A glowing commendation for all to see", "end_date": null, "giver_coin_reward": null, "icon_format": "APNG", "icon_height": 2048, "icon_url": "https://www.redditstatic.com/gold/awards/icon/Illuminati_512.png", "icon_width": 2048, "id": "award_b4ff447e-05a5-42dc-9002-63568807cfe6", "is_enabled": true, "is_new": false, "name": "All-Seeing Upvote", "penny_donate": null, "penny_price": null, "resized_icons": [{"height": 16, "url": "https://www.redditstatic.com/gold/awards/icon/Illuminati_16.png", "width": 16}, {"height": 32, "url": "https://www.redditstatic.com/gold/awards/icon/Illuminati_32.png", "width": 32}, {"height": 48, "url": "https://www.redditstatic.com/gold/awards/icon/Illuminati_48.png", "width": 48}, {"height": 64, "url": "https://www.redditstatic.com/gold/awards/icon/Illuminati_64.png", "width": 64}, {"height": 128, "url": "https://www.redditstatic.com/gold/awards/icon/Illuminati_128.png", "width": 128}], "resized_static_icons": [{"height": 16, "url": "https://preview.redd.it/award_images/t5_q0gj4/am40b8b08l581_All-SeeingUpvote2.png?width=16&amp;height=16&amp;auto=webp&amp;v=enabled&amp;s=25880d00e4283ff6a3851b64c83fea465c3fac48", "width": 16}, {"height": 32, "url": "https://preview.redd.it/award_images/t5_q0gj4/am40b8b08l581_All-SeeingUpvote2.png?width=32&amp;height=32&amp;auto=webp&amp;v=enabled&amp;s=67fae0c2af26488b9d70cb7afe877086707cf1d1", "width": 32}, {"height": 48, "url": "https://preview.redd.it/award_images/t5_q0gj4/am40b8b08l581_All-SeeingUpvote2.png?width=48&amp;height=48&amp;auto=webp&amp;v=enabled&amp;s=3033c6583809a27b998883b7c56c158102cb0420", "width": 48}, {"height": 64, "url": "https://preview.redd.it/award_images/t5_q0gj4/am40b8b08l581_All-SeeingUpvote2.png?width=64&amp;height=64&amp;auto=webp&amp;v=enabled&amp;s=cccb48d7518eaba72894a7ac4214bb70c7120793", "width": 64}, {"height": 128, "url": "https://preview.redd.it/award_images/t5_q0gj4/am40b8b08l581_All-SeeingUpvote2.png?width=128&amp;height=128&amp;auto=webp&amp;v=enabled&amp;s=4101e0eff424bbd818195853387db358bec74ed0", "width": 128}], "start_date": null, "static_icon_height": 2048, "static_icon_url": "https://i.redd.it/award_images/t5_q0gj4/am40b8b08l581_All-SeeingUpvote2.png", "static_icon_width": 2048, "sticky_duration_seconds": null, "subreddit_coin_reward": 0, "subreddit_id": null, "tiers_by_required_awardings": null}, {"award_sub_type": "GLOBAL", "award_type": "global", "awardings_required_to_grant_benefits": null, "coin_price": 250, "coin_reward": 0, "count": 1, "days_of_drip_extension": null, "days_of_premium": null, "description": "Tip of my hat to you", "end_date": null, "giver_coin_reward": null, "icon_format": "APNG", "icon_height": 512, "icon_url": "https://www.redditstatic.com/gold/awards/icon/Respect_512.png", "icon_width": 512, "id": "award_c8503d66-6450-40c5-963f-35ced99bd361", "is_enabled": true, "is_new": false, "name": "Respect", "penny_donate": null, "penny_price": 0, "resized_icons": [{"height": 16, "url": "https://www.redditstatic.com/gold/awards/icon/Respect_16.png", "width": 16}, {"height": 32, "url": "https://www.redditstatic.com/gold/awards/icon/Respect_32.png", "width": 32}, {"height": 48, "url": "https://www.redditstatic.com/gold/awards/icon/Respect_48.png", "width": 48}, {"height": 64, "url": "https://www.redditstatic.com/gold/awards/icon/Respect_64.png", "width": 64}, {"height": 128, "url": "https://www.redditstatic.com/gold/awards/icon/Respect_128.png", "width": 128}], "resized_static_icons": [{"height": 16, "url": "https://preview.redd.it/award_images/t5_22cerq/anog86pfyh471_Respect.png?width=16&amp;height=16&amp;auto=webp&amp;v=enabled&amp;s=e56ad76b9e711337f46ae69af291e984bf6dd7b1", "width": 16}, {"height": 32, "url": "https://preview.redd.it/award_images/t5_22cerq/anog86pfyh471_Respect.png?width=32&amp;height=32&amp;auto=webp&amp;v=enabled&amp;s=b5adaa02054f8972a11162db7880f717ab4532e0", "width": 32}, {"height": 48, "url": "https://preview.redd.it/award_images/t5_22cerq/anog86pfyh471_Respect.png?width=48&amp;height=48&amp;auto=webp&amp;v=enabled&amp;s=74eeefc55c481d40a60d83c5fa047299890e3d8d", "width": 48}, {"height": 64, "url": "https://preview.redd.it/award_images/t5_22cerq/anog86pfyh471_Respect.png?width=64&amp;height=64&amp;auto=webp&amp;v=enabled&amp;s=d20ca628a887d55f1e7ad05aaee33a405737b1c6", "width": 64}, {"height": 128, "url": "https://preview.redd.it/award_images/t5_22cerq/anog86pfyh471_Respect.png?width=128&amp;height=128&amp;auto=webp&amp;v=enabled&amp;s=b1bde27d7935331234a88caf1cd1fbb76c48372b", "width": 128}], "start_date": null, "static_icon_height": 512, "static_icon_url": "https://i.redd.it/award_images/t5_22cerq/anog86pfyh471_Respect.png", "static_icon_width": 512, "sticky_duration_seconds": null, "subreddit_coin_reward": 0, "subreddit_id": null, "tiers_by_required_awardings": null}], "allow_live_comments": false, "archived": false, "author": "dicemetal", "author_created_utc": null, "author_flair_background_color": null, "author_flair_css_class": null, "author_flair_richtext": [], "author_flair_template_id": null, "author_flair_text": null, "author_flair_text_color": null, "author_flair_type": "text", "author_fullname": "t2_oygs8m7t", "author_patreon_flair": false, "author_premium": false, "awarders": [], "banned_by": null, "can_gild": true, "can_mod_post": false, "category": null, "content_categories": null, "contest_mode": false, "created_utc": 1675958429, "discussion_type": null, "distinguished": null, "domain": "i.redd.it", "edited": false, "gilded": 0, "gildings": {}, "hidden": false, "hide_score": false, "id": "10xyai3", "is_created_from_ads_ui": false, "is_crosspostable": true, "is_meta": false, "is_original_content": false, "is_reddit_media_domain": true, "is_robot_indexable": true, "is_self": false, "is_video": false, "link_flair_background_color": "", "link_flair_css_class": null, "link_flair_richtext": [], "link_flair_text": null, "link_flair_text_color": "dark", "link_flair_type": "text", "locked": false, "media": null, "media_embed": {}, "media_only": false, "name": "t3_10xyai3", "no_follow": false, "num_comments": 9, "num_crossposts": 0, "over_18": false, "parent_whitelist_status": null, "permalink": "/r/ThePPShow/comments/10xyai3/no_country_for_old_media/", "pinned": false, "post_hint": "image", "preview": {"enabled": true, "images": [{"id": "pXjpREi1TqM7RY7xNnt8MLHnx90Gaf6uh4OEXRdqSDs", "resolutions": [{"height": 157, "url": "https://preview.redd.it/oqjvihlv88ha1.jpg?width=108&amp;crop=smart&amp;auto=webp&amp;v=enabled&amp;s=1cb787f64333fbe07b28203d19d3d417de749bdd", "width": 108}, {"height": 314, "url": "https://preview.redd.it/oqjvihlv88ha1.jpg?width=216&amp;crop=smart&amp;auto=webp&amp;v=enabled&amp;s=dc01ae0ac9ac3032e2f5d4aa8e80cd33a97aada3", "width": 216}, {"height": 465, "url": "https://preview.redd.it/oqjvihlv88ha1.jpg?width=320&amp;crop=smart&amp;auto=webp&amp;v=enabled&amp;s=82eb461275b2ff24116125a56fbf681464fc7d33", "width": 320}, {"height": 930, "url": "https://preview.redd.it/oqjvihlv88ha1.jpg?width=640&amp;crop=smart&amp;auto=webp&amp;v=enabled&amp;s=2c93154d23a33bac3547e0c0286723383b756453", "width": 640}], "source": {"height": 983, "url": "https://preview.redd.it/oqjvihlv88ha1.jpg?auto=webp&amp;v=enabled&amp;s=61d911bdf3e34c188a3b37bc0f503b027b90f7b5", "width": 676}, "variants": {}}]}, "pwls": null, "quarantine": false, "removed_by": null, "removed_by_category": null, "retrieved_on": 1678334460, "score": 33, "secure_media": null, "secure_media_embed": {}, "selftext": "", "send_replies": true, "spoiler": false, "stickied": false, "subreddit": "ThePPShow", "subreddit_id": "t5_7q5o7y", "subreddit_name_prefixed": "r/ThePPShow", "subreddit_subscribers": 581, "subreddit_type": "public", "suggested_sort": null, "thumbnail": "https://b.thumbs.redditmedia.com/UmyEwsHjRh8Poj3sXLo3eK7NuMjFixeAs65RwwJdbJw.jpg", "thumbnail_height": 140, "thumbnail_width": 140, "title": "No Country for Old Media \ud83d\udca2", "top_awarded_type": null, "total_awards_received": 2, "treatment_tags": [], "upvote_ratio": 1.0, "url": "https://i.redd.it/oqjvihlv88ha1.jpg", "url_overridden_by_dest": "https://i.redd.it/oqjvihlv88ha1.jpg", "view_count": null, "whitelist_status": null, "wls": null}, {"all_awardings": [], "allow_live_comments": false, "archived": false, "author": "dicemetal", "author_created_utc": null, "author_flair_background_color": null, "author_flair_css_class": null, "author_flair_richtext": [], "author_flair_template_id": null, "author_flair_text": null, "author_flair_text_color": null, "author_flair_type": "text", "author_fullname": "t2_oygs8m7t", "author_patreon_flair": false, "author_premium": false, "awarders": [], "banned_by": null, "can_gild": true, "can_mod_post": false, "category": null, "content_categories": null, "contest_mode": false, "created_utc": 1675957658, "discussion_type": null, "distinguished": null, "domain": "reddit.com", "edited": false, "gallery_data": {"items": [{"id": 238827109, "media_id": "32hltm42p6ha1"}, {"id": 238827110, "media_id": "u0i2nm92p6ha1"}]}, "gilded": 0, "gildings": {}, "hidden": false, "hide_score": false, "id": "10xxz77", "is_created_from_ads_ui": false, "is_crosspostable": true, "is_gallery": true, "is_meta": false, "is_original_content": false, "is_reddit_media_domain": false, "is_robot_indexable": true, "is_self": false, "is_video": false, "link_flair_background_color": "", "link_flair_css_class": null, "link_flair_richtext": [], "link_flair_text": null, "link_flair_text_color": "dark", "link_flair_type": "text", "locked": false, "media": null, "media_embed": {}, "media_metadata": {"32hltm42p6ha1": {"e": "Image", "id": "32hltm42p6ha1", "m": "image/jpg", "p": [{"u": "https://preview.redd.it/32hltm42p6ha1.jpg?width=108&amp;crop=smart&amp;auto=webp&amp;v=enabled&amp;s=9201eb1fb64537d42703e9e445421e04eb97a139", "x": 108, "y": 149}, {"u": "https://preview.redd.it/32hltm42p6ha1.jpg?width=216&amp;crop=smart&amp;auto=webp&amp;v=enabled&amp;s=9ecb696b4b396b09e9c5d7a7f1b95a4d2e3b5ea2", "x": 216, "y": 298}, {"u": "https://preview.redd.it/32hltm42p6ha1.jpg?width=320&amp;crop=smart&amp;auto=webp&amp;v=enabled&amp;s=3a14ad34b8ade1a5e9066f99af78a5caaaa7c0ce", "x": 320, "y": 442}], "s": {"u": "https://preview.redd.it/32hltm42p6ha1.jpg?width=578&amp;format=pjpg&amp;auto=webp&amp;v=enabled&amp;s=4304d96b36a01cf7fb6c8e6fb1c8c59733ee063f", "x": 578, "y": 799}, "status": "valid"}, "u0i2nm92p6ha1": {"e": "Image", "id": "u0i2nm92p6ha1", "m": "image/jpg", "p": [{"u": "https://preview.redd.it/u0i2nm92p6ha1.jpg?width=108&amp;crop=smart&amp;auto=webp&amp;v=enabled&amp;s=c90db867442dd0ba5cbf8f8db831742bf9c83f14", "x": 108, "y": 137}, {"u": "https://preview.redd.it/u0i2nm92p6ha1.jpg?width=216&amp;crop=smart&amp;auto=webp&amp;v=enabled&amp;s=7d2136742aa8432760274754c546c18fbbdd3917", "x": 216, "y": 275}, {"u": "https://preview.redd.it/u0i2nm92p6ha1.jpg?width=320&amp;crop=smart&amp;auto=webp&amp;v=enabled&amp;s=c7eab227e892cfcbdb2ff0fd27544ecfe3c0a346", "x": 320, "y": 408}, {"u": "https://preview.redd.it/u0i2nm92p6ha1.jpg?width=640&amp;crop=smart&amp;auto=webp&amp;v=enabled&amp;s=97a88351a0d19c7c81328de9884aaa93f4969ed0", "x": 640, "y": 817}], "s": {"u": "https://preview.redd.it/u0i2nm92p6ha1.jpg?width=640&amp;format=pjpg&amp;auto=webp&amp;v=enabled&amp;s=18d6688b7849257b25d5a5dd9af1048db5293d4b", "x": 640, "y": 817}, "status": "valid"}}, "media_only": false, "name": "t3_10xxz77", "no_follow": false, "num_comments": 1, "num_crossposts": 0, "over_18": false, "parent_whitelist_status": null, "permalink": "/r/ThePPShow/comments/10xxz77/its_regsho_baby/", "pinned": false, "pwls": null, "quarantine": false, "removed_by": null, "removed_by_category": null, "retrieved_on": 1678334474, "score": 15, "secure_media": null, "secure_media_embed": {}, "selftext": "", "send_replies": true, "spoiler": false, "stickied": false, "subreddit": "ThePPShow", "subreddit_id": "t5_7q5o7y", "subreddit_name_prefixed": "r/ThePPShow", "subreddit_subscribers": 581, "subreddit_type": "public", "suggested_sort": null, "thumbnail": "https://b.thumbs.redditmedia.com/oRVaJiykRxtt37_bm0fYSS8Bv-kgmgON59YkdZhsbto.jpg", "thumbnail_height": 140, "thumbnail_width": 140, "title": "IT'S REGSHO BABY \ud83d\udce3", "top_awarded_type": null, "total_awards_received": 0, "treatment_tags": [], "upvote_ratio": 0.94, "url": "https://www.reddit.com/gallery/10xxz77", "url_overridden_by_dest": "https://www.reddit.com/gallery/10xxz77", "view_count": null, "whitelist_status": null, "wls": null}, {"all_awardings": [], "allow_live_comments": false, "archived": false, "author": "moonshot_69", "author_created_utc": 1662328354, "author_flair_background_color": null, "author_flair_css_class": null, "author_flair_richtext": [], "author_flair_template_id": null, "author_flair_text": null, "author_flair_text_color": null, "author_flair_type": "text", "author_fullname": "t2_rpv9h1mq", "author_patreon_flair": false, "author_premium": true, "awarders": [], "banned_by": null, "can_gild": true, "can_mod_post": false, "category": null, "content_categories": null, "contest_mode": false, "created_utc": 1675950656, "crosspost_parent": "t3_10xv2th", "crosspost_parent_list": [{"all_awardings": [{"award_sub_type": "COMMUNITY", "award_type": "community", "awardings_required_to_grant_benefits": null, "coin_price": 500, "coin_reward": 0, "count": 1, "days_of_drip_extension": null, "days_of_premium": null, "description": "Shows the Superstonk Award and grants %{coin_symbol}100 Coins to the community. Exclusive to this community.", "end_date": null, "giver_coin_reward": null, "icon_format": null, "icon_height": 2000, "icon_url": "https://i.redd.it/award_images/t5_43zwn1/o65ronr8ea271_Superstonk.png", "icon_width": 2000, "id": "award_878a5b10-79ca-48c9-be97-59c1b52809cc", "is_enabled": true, "is_new": false, "name": "Superstonk", "penny_donate": null, "penny_price": null, "resized_icons": [{"height": 16, "url": "https://preview.redd.it/award_images/t5_43zwn1/o65ronr8ea271_Superstonk.png?width=16&amp;height=16&amp;auto=webp&amp;v=enabled&amp;s=70a452f93c1849bbf876ed311b82038cd2e52a8d", "width": 16}, {"height": 32, "url": "https://preview.redd.it/award_images/t5_43zwn1/o65ronr8ea271_Superstonk.png?width=32&amp;height=32&amp;auto=webp&amp;v=enabled&amp;s=161d1f33d66cf9907dc3a1874e1e43b7fd6c6840", "width": 32}, {"height": 48, "url": "https://preview.redd.it/award_images/t5_43zwn1/o65ronr8ea271_Superstonk.png?width=48&amp;height=48&amp;auto=webp&amp;v=enabled&amp;s=b35276fe1fc5bac6747b209e5ea7d6b997297e5c", "width": 48}, {"height": 64, "url": "https://preview.redd.it/award_images/t5_43zwn1/o65ronr8ea271_Superstonk.png?width=64&amp;height=64&amp;auto=webp&amp;v=enabled&amp;s=6b3617d471ff5712a09adc8ef00d8f5c38df48b2", "width": 64}, {"height": 128, "url": "https://preview.redd.it/award_images/t5_43zwn1/o65ronr8ea271_Superstonk.png?width=128&amp;height=128&amp;auto=webp&amp;v=enabled&amp;s=45ba0c0939e87b874a41704b24a044dd491c2348", "width": 128}], "resized_static_icons": [{"height": 16, "url": "https://preview.redd.it/award_images/t5_43zwn1/o65ronr8ea271_Superstonk.png?width=16&amp;height=16&amp;auto=webp&amp;v=enabled&amp;s=70a452f93c1849bbf876ed311b82038cd2e52a8d", "width": 16}, {"height": 32, "url": "https://preview.redd.it/award_images/t5_43zwn1/o65ronr8ea271_Superstonk.png?width=32&amp;height=32&amp;auto=webp&amp;v=enabled&amp;s=161d1f33d66cf9907dc3a1874e1e43b7fd6c6840", "width": 32}, {"height": 48, "url": "https://preview.redd.it/award_images/t5_43zwn1/o65ronr8ea271_Superstonk.png?width=48&amp;height=48&amp;auto=webp&amp;v=enabled&amp;s=b35276fe1fc5bac6747b209e5ea7d6b997297e5c", "width": 48}, {"height": 64, "url": "https://preview.redd.it/award_images/t5_43zwn1/o65ronr8ea271_Superstonk.png?width=64&amp;height=64&amp;auto=webp&amp;v=enabled&amp;s=6b3617d471ff5712a09adc8ef00d8f5c38df48b2", "width": 64}, {"height": 128, "url": "https://preview.redd.it/award_images/t5_43zwn1/o65ronr8ea271_Superstonk.png?width=128&amp;height=128&amp;auto=webp&amp;v=enabled&amp;s=45ba0c0939e87b874a41704b24a044dd491c2348", "width": 128}], "start_date": null, "static_icon_height": 2000, "static_icon_url": "https://i.redd.it/award_images/t5_43zwn1/o65ronr8ea271_Superstonk.png", "static_icon_width": 2000, "sticky_duration_seconds": null, "subreddit_coin_reward": 100, "subreddit_id": "t5_43zwn1", "tiers_by_required_awardings": null}], "allow_live_comments": true, "approved_at_utc": null, "approved_by": null, "archived": false, "author": "moonshot_69", "author_flair_background_color": "#373c3f", "author_flair_css_class": null, "author_flair_richtext": [{"e": "text", "t": "Teddy unlocks MOASS \ud83e\udd2c\ud83d\udc3b\ud83c\udde8\ud83c\uddf3"}], "author_flair_template_id": "8abdf72e-f3ce-11eb-b3e3-22147bc43b70", "author_flair_text": "Teddy unlocks MOASS \ud83e\udd2c\ud83d\udc3b\ud83c\udde8\ud83c\uddf3", "author_flair_text_color": "light", "author_flair_type": "richtext", "author_fullname": "t2_rpv9h1mq", "author_is_blocked": false, "author_patreon_flair": false, "author_premium": true, "awarders": [], "banned_at_utc": null, "banned_by": null, "can_gild": true, "can_mod_post": false, "category": null, "clicked": false, "content_categories": null, "contest_mode": false, "created": 1675950235.0, "created_utc": 1675950235.0, "discussion_type": null, "distinguished": null, "domain": "reddit.com", "downs": 0, "edited": false, "gallery_data": {"items": [{"id": 238796082, "media_id": "fcwq34fz26ha1"}, {"id": 238796083, "media_id": "z8kn44fz26ha1"}, {"id": 238796084, "media_id": "p750j4fz26ha1"}, {"id": 238796085, "media_id": "49hwa4fz26ha1"}, {"id": 238796086, "media_id": "mmm7d4fz26ha1"}, {"id": 238796087, "media_id": "9h2bs5fz26ha1"}, {"id": 238796088, "media_id": "ol0mcmfz26ha1"}, {"id": 238796089, "media_id": "hw1e45fz26ha1"}, {"id": 238796090, "media_id": "a28b36fz26ha1"}, {"id": 238796091, "media_id": "10kix4fz26ha1"}, {"id": 238796092, "media_id": "k4ihc4fz26ha1"}, {"id": 238796093, "media_id": "jd436nfz26ha1"}, {"id": 238796094, "media_id": "cmw6vmfz26ha1"}]}, "gilded": 0, "gildings": {}, "hidden": false, "hide_score": false, "id": "10xv2th", "is_created_from_ads_ui": false, "is_crosspostable": true, "is_gallery": true, "is_meta": false, "is_original_content": false, "is_reddit_media_domain": false, "is_robot_indexable": true, "is_self": false, "is_video": false, "likes": null, "link_flair_background_color": "#ffd635", "link_flair_css_class": "", "link_flair_richtext": [{"e": "text", "t": "\ud83d\udca1 Education"}], "link_flair_template_id": "37ec242e-984f-11eb-94c6-0e8d0acce789", "link_flair_text": "\ud83d\udca1 Education", "link_flair_text_color": "dark", "link_flair_type": "richtext", "locked": false, "media": null, "media_embed": {}, "media_metadata": {"10kix4fz26ha1": {"e": "Image", "id": "10kix4fz26ha1", "m": "image/jpg", "p": [{"u": "https://preview.redd.it/10kix4fz26ha1.jpg?width=108&amp;crop=smart&amp;auto=webp&amp;v=enabled&amp;s=867bf4aa3d4cd1494cb6a7f9708380d04cefd7ec", "x": 108, "y": 49}, {"u": "https://preview.redd.it/10kix4fz26ha1.jpg?width=216&amp;crop=smart&amp;auto=webp&amp;v=enabled&amp;s=333bd2e096e808ff144aac1ab9debd34e909d48e", "x": 216, "y": 99}, {"u": "https://preview.redd.it/10kix4fz26ha1.jpg?width=320&amp;crop=smart&amp;auto=webp&amp;v=enabled&amp;s=bb1f9f47be9b33e21d1e19a76508d511d0fad8a1", "x": 320, "y": 147}, {"u": "https://preview.redd.it/10kix4fz26ha1.jpg?width=640&amp;crop=smart&amp;auto=webp&amp;v=enabled&amp;s=ae7485a5b5f89eee34df233d839c03d6237a6789", "x": 640, "y": 295}, {"u": "https://preview.redd.it/10kix4fz26ha1.jpg?width=960&amp;crop=smart&amp;auto=webp&amp;v=enabled&amp;s=726e969e2b7f74803126fd034b374be6d91781f7", "x": 960, "y": 443}, {"u": "https://preview.redd.it/10kix4fz26ha1.jpg?width=1080&amp;crop=smart&amp;auto=webp&amp;v=enabled&amp;s=4f81229548bd873274421d389a8976352483ca74", "x": 1080, "y": 498}], "s": {"u": "https://preview.redd.it/10kix4fz26ha1.jpg?width=2436&amp;format=pjpg&amp;auto=webp&amp;v=enabled&amp;s=df38dd2c042ef7373fb39d895fef03366cc54c1b", "x": 2436, "y": 1125}, "status": "valid"}, "49hwa4fz26ha1": {"e": "Image", "id": "49hwa4fz26ha1", "m": "image/jpg", "p": [{"u": "https://preview.redd.it/49hwa4fz26ha1.jpg?width=108&amp;crop=smart&amp;auto=webp&amp;v=enabled&amp;s=ff67c258ad29729b0766e7bc787640307a9d2e99", "x": 108, "y": 49}, {"u": "https://preview.redd.it/49hwa4fz26ha1.jpg?width=216&amp;crop=smart&amp;auto=webp&amp;v=enabled&amp;s=c49195f157688ae977a76d52bf8e89386ed67087", "x": 216, "y": 99}, {"u": "https://preview.redd.it/49hwa4fz26ha1.jpg?width=320&amp;crop=smart&amp;auto=webp&amp;v=enabled&amp;s=726a7794352a5793bd0e10c58f3116ae0added44", "x": 320, "y": 147}, {"u": "https://preview.redd.it/49hwa4fz26ha1.jpg?width=640&amp;crop=smart&amp;auto=webp&amp;v=enabled&amp;s=7089a6337c0a5184b5ae41976e2dd8bbfc70205c", "x": 640, "y": 295}, {"u": "https://preview.redd.it/49hwa4fz26ha1.jpg?width=960&amp;crop=smart&amp;auto=webp&amp;v=enabled&amp;s=503ec9ee52783177917aab27c9bfeb7852a616e8", "x": 960, "y": 443}, {"u": "https://preview.redd.it/49hwa4fz26ha1.jpg?width=1080&amp;crop=smart&amp;auto=webp&amp;v=enabled&amp;s=9a2688a53b0b40bd73d6e4ae44970187b62d284a", "x": 1080, "y": 498}], "s": {"u": "https://preview.redd.it/49hwa4fz26ha1.jpg?width=2436&amp;format=pjpg&amp;auto=webp&amp;v=enabled&amp;s=220bce319002aae76d3b61f58afed374871f52d1", "x": 2436, "y": 1125}, "status": "valid"}, "9h2bs5fz26ha1": {"e": "Image", "id": "9h2bs5fz26ha1", "m": "image/jpg", "p": [{"u": "https://preview.redd.it/9h2bs5fz26ha1.jpg?width=108&amp;crop=smart&amp;auto=webp&amp;v=enabled&amp;s=25328512e31f870aa6b52197b2ceee80a1fdb8ea", "x": 108, "y": 49}, {"u": "https://preview.redd.it/9h2bs5fz26ha1.jpg?width=216&amp;crop=smart&amp;auto=webp&amp;v=enabled&amp;s=24496f297580b185fc3792b6933ec308ef9caac5", "x": 216, "y": 99}, {"u": "https://preview.redd.it/9h2bs5fz26ha1.jpg?width=320&amp;crop=smart&amp;auto=webp&amp;v=enabled&amp;s=7c630151133e9d32c3e91ef4b388038f6fa4b46a", "x": 320, "y": 147}, {"u": "https://preview.redd.it/9h2bs5fz26ha1.jpg?width=640&amp;crop=smart&amp;auto=webp&amp;v=enabled&amp;s=8ce34d22d05972154c0b31571ff507eda940b967", "x": 640, "y": 295}, {"u": "https://preview.redd.it/9h2bs5fz26ha1.jpg?width=960&amp;crop=smart&amp;auto=webp&amp;v=enabled&amp;s=1a4c639afbc03ee7a21e75e429374d787add4b10", "x": 960, "y": 443}, {"u": "https://preview.redd.it/9h2bs5fz26ha1.jpg?width=1080&amp;crop=smart&amp;auto=webp&amp;v=enabled&amp;s=153c01bdaa0782995c90e0d6b552a229400c0eab", "x": 1080, "y": 498}], "s": {"u": "https://preview.redd.it/9h2bs5fz26ha1.jpg?width=2436&amp;format=pjpg&amp;auto=webp&amp;v=enabled&amp;s=7a56910609300f50ac31fbbd8f8cba5f355efc54", "x": 2436, "y": 1125}, "status": "valid"}, "a28b36fz26ha1": {"e": "Image", "id": "a28b36fz26ha1", "m": "image/jpg", "p": [{"u": "https://preview.redd.it/a28b36fz26ha1.jpg?width=108&amp;crop=smart&amp;auto=webp&amp;v=enabled&amp;s=d456057fe2a18273add452fe343c7f3bf9112784", "x": 108, "y": 49}, {"u": "https://preview.redd.it/a28b36fz26ha1.jpg?width=216&amp;crop=smart&amp;auto=webp&amp;v=enabled&amp;s=2787738eec286fdbb93ca5cc332bd6b23be01df9", "x": 216, "y": 99}, {"u": "https://preview.redd.it/a28b36fz26ha1.jpg?width=320&amp;crop=smart&amp;auto=webp&amp;v=enabled&amp;s=bb129db90a112640471ce3a4eca64ec52844af1f", "x": 320, "y": 147}, {"u": "https://preview.redd.it/a28b36fz26ha1.jpg?width=640&amp;crop=smart&amp;auto=webp&amp;v=enabled&amp;s=1f7c369acdd65b493476c29de7a71b5b877bc2da", "x": 640, "y": 295}, {"u": "https://preview.redd.it/a28b36fz26ha1.jpg?width=960&amp;crop=smart&amp;auto=webp&amp;v=enabled&amp;s=820cabf555f03d97835a3bd812f49ab014c4facb", "x": 960, "y": 443}, {"u": "https://preview.redd.it/a28b36fz26ha1.jpg?width=1080&amp;crop=smart&amp;auto=webp&amp;v=enabled&amp;s=f70e77c87370c9ae1231b9660ef823329bd6cdf3", "x": 1080, "y": 498}], "s": {"u": "https://preview.redd.it/a28b36fz26ha1.jpg?width=2436&amp;format=pjpg&amp;auto=webp&amp;v=enabled&amp;s=3adb60efa27390130a66a329e15f23f3e612ea6a", "x": 2436, "y": 1125}, "status": "valid"}, "cmw6vmfz26ha1": {"e": "Image", "id": "cmw6vmfz26ha1", "m": "image/jpg", "p": [{"u": "https://preview.redd.it/cmw6vmfz26ha1.jpg?width=108&amp;crop=smart&amp;auto=webp&amp;v=enabled&amp;s=766ead8dcbaa433c227694b525df1a585b857db7", "x": 108, "y": 49}, {"u": "https://preview.redd.it/cmw6vmfz26ha1.jpg?width=216&amp;crop=smart&amp;auto=webp&amp;v=enabled&amp;s=f6f3b00135b0873475a9e99ffd32d93250af0984", "x": 216, "y": 99}, {"u": "https://preview.redd.it/cmw6vmfz26ha1.jpg?width=320&amp;crop=smart&amp;auto=webp&amp;v=enabled&amp;s=7806634a6df275ce39f535344d37848b670461c6", "x": 320, "y": 147}, {"u": "https://preview.redd.it/cmw6vmfz26ha1.jpg?width=640&amp;crop=smart&amp;auto=webp&amp;v=enabled&amp;s=36093f2c20289fb2cc45668c7b379b80d802748f", "x": 640, "y": 295}, {"u": "https://preview.redd.it/cmw6vmfz26ha1.jpg?width=960&amp;crop=smart&amp;auto=webp&amp;v=enabled&amp;s=4af185afab7643730871a1b3a403ae5322a1720e", "x": 960, "y": 443}, {"u": "https://preview.redd.it/cmw6vmfz26ha1.jpg?width=1080&amp;crop=smart&amp;auto=webp&amp;v=enabled&amp;s=3bd0df960367de304f9d3412a5904cf12b874aaf", "x": 1080, "y": 498}], "s": {"u": "https://preview.redd.it/cmw6vmfz26ha1.jpg?width=2436&amp;format=pjpg&amp;auto=webp&amp;v=enabled&amp;s=2e4c4ffc3e5a3a905d67b079222907fa8942b215", "x": 2436, "y": 1125}, "status": "valid"}, "fcwq34fz26ha1": {"e": "Image", "id": "fcwq34fz26ha1", "m": "image/jpg", "p": [{"u": "https://preview.redd.it/fcwq34fz26ha1.jpg?width=108&amp;crop=smart&amp;auto=webp&amp;v=enabled&amp;s=e03e008723805eb05b03c72e07eae8faa6645ea0", "x": 108, "y": 49}, {"u": "https://preview.redd.it/fcwq34fz26ha1.jpg?width=216&amp;crop=smart&amp;auto=webp&amp;v=enabled&amp;s=83b6ce035dcf9ab3e41ab99c67cee73a0213108e", "x": 216, "y": 99}, {"u": "https://preview.redd.it/fcwq34fz26ha1.jpg?width=320&amp;crop=smart&amp;auto=webp&amp;v=enabled&amp;s=47cbaa5f9fc109a3956d520bddc65197c37422d5", "x": 320, "y": 147}, {"u": "https://preview.redd.it/fcwq34fz26ha1.jpg?width=640&amp;crop=smart&amp;auto=webp&amp;v=enabled&amp;s=53ea2b71c228bf7ac71aeaede3da02f082d998e3", "x": 640, "y": 295}, {"u": "https://preview.redd.it/fcwq34fz26ha1.jpg?width=960&amp;crop=smart&amp;auto=webp&amp;v=enabled&amp;s=4ff145229470c634f9bc0fd0520cda43e648185c", "x": 960, "y": 443}, {"u": "https://preview.redd.it/fcwq34fz26ha1.jpg?width=1080&amp;crop=smart&amp;auto=webp&amp;v=enabled&amp;s=81fcb686262666102246f64f146968fd108aecc0", "x": 1080, "y": 498}], "s": {"u": "https://preview.redd.it/fcwq34fz26ha1.jpg?width=2436&amp;format=pjpg&amp;auto=webp&amp;v=enabled&amp;s=839a97f3ba13aed9edce4d09c11d09b52ee0b179", "x": 2436, "y": 1125}, "status": "valid"}, "hw1e45fz26ha1": {"e": "Image", "id": "hw1e45fz26ha1", "m": "image/jpg", "p": [{"u": "https://preview.redd.it/hw1e45fz26ha1.jpg?width=108&amp;crop=smart&amp;auto=webp&amp;v=enabled&amp;s=22a82fca1db8903a6c9110bccdb3c311fd16c1d6", "x": 108, "y": 49}, {"u": "https://preview.redd.it/hw1e45fz26ha1.jpg?width=216&amp;crop=smart&amp;auto=webp&amp;v=enabled&amp;s=afd514109c6a19e0c1e1a07433d05190ba5f2652", "x": 216, "y": 99}, {"u": "https://preview.redd.it/hw1e45fz26ha1.jpg?width=320&amp;crop=smart&amp;auto=webp&amp;v=enabled&amp;s=998087a50a3db48b971a55620f0be21b7eaa0cc1", "x": 320, "y": 147}, {"u": "https://preview.redd.it/hw1e45fz26ha1.jpg?width=640&amp;crop=smart&amp;auto=webp&amp;v=enabled&amp;s=c0da3e3f4db8978efc44ab6367694925cad27110", "x": 640, "y": 295}, {"u": "https://preview.redd.it/hw1e45fz26ha1.jpg?width=960&amp;crop=smart&amp;auto=webp&amp;v=enabled&amp;s=61471c20e2c2886e72fca6fed37821f79d9765c8", "x": 960, "y": 443}, {"u": "https://preview.redd.it/hw1e45fz26ha1.jpg?width=1080&amp;crop=smart&amp;auto=webp&amp;v=enabled&amp;s=57393891d22a8fb70fe5348dd6e89da615d1cca2", "x": 1080, "y": 498}], "s": {"u": "https://preview.redd.it/hw1e45fz26ha1.jpg?width=2436&amp;format=pjpg&amp;auto=webp&amp;v=enabled&amp;s=7f5eaf58d622e080051d922fb335c82478a8acfb", "x": 2436, "y": 1125}, "status": "valid"}, "jd436nfz26ha1": {"e": "Image", "id": "jd436nfz26ha1", "m": "image/jpg", "p": [{"u": "https://preview.redd.it/jd436nfz26ha1.jpg?width=108&amp;crop=smart&amp;auto=webp&amp;v=enabled&amp;s=4427beaa61d6f57c0f1559f5ec1ef46b6a54371e", "x": 108, "y": 49}, {"u": "https://preview.redd.it/jd436nfz26ha1.jpg?width=216&amp;crop=smart&amp;auto=webp&amp;v=enabled&amp;s=b99fb234f767c7ae82e3bcdab1cb13b6c267f372", "x": 216, "y": 99}, {"u": "https://preview.redd.it/jd436nfz26ha1.jpg?width=320&amp;crop=smart&amp;auto=webp&amp;v=enabled&amp;s=871184982d416fe6d88f79d4a4fe070ce9b3c655", "x": 320, "y": 147}, {"u": "https://preview.redd.it/jd436nfz26ha1.jpg?width=640&amp;crop=smart&amp;auto=webp&amp;v=enabled&amp;s=7c808c1abc756c29dfec41db9de4c321d703f156", "x": 640, "y": 295}, {"u": "https://preview.redd.it/jd436nfz26ha1.jpg?width=960&amp;crop=smart&amp;auto=webp&amp;v=enabled&amp;s=7f288b551733168903a9b12d934a49dea78c4c88", "x": 960, "y": 443}, {"u": "https://preview.redd.it/jd436nfz26ha1.jpg?width=1080&amp;crop=smart&amp;auto=webp&amp;v=enabled&amp;s=92b188c281e8b53946e0cdef938764d38f119bd7", "x": 1080, "y": 498}], "s": {"u": "https://preview.redd.it/jd436nfz26ha1.jpg?width=2436&amp;format=pjpg&amp;auto=webp&amp;v=enabled&amp;s=52c98cf02be536c1c0b4cdb8f6c39e663ff8041f", "x": 2436, "y": 1125}, "status": "valid"}, "k4ihc4fz26ha1": {"e": "Image", "id": "k4ihc4fz26ha1", "m": "image/jpg", "p": [{"u": "https://preview.redd.it/k4ihc4fz26ha1.jpg?width=108&amp;crop=smart&amp;auto=webp&amp;v=enabled&amp;s=23a2747196a99bbb8d5fd54e8d480341899f911f", "x": 108, "y": 49}, {"u": "https://preview.redd.it/k4ihc4fz26ha1.jpg?width=216&amp;crop=smart&amp;auto=webp&amp;v=enabled&amp;s=09ebd221dd01d6cb326eb1e6f1799ca92ffcc85b", "x": 216, "y": 99}, {"u": "https://preview.redd.it/k4ihc4fz26ha1.jpg?width=320&amp;crop=smart&amp;auto=webp&amp;v=enabled&amp;s=e8d75ef234b2f48425d0e6deed7675cade069c3c", "x": 320, "y": 147}, {"u": "https://preview.redd.it/k4ihc4fz26ha1.jpg?width=640&amp;crop=smart&amp;auto=webp&amp;v=enabled&amp;s=68eccba114c219503a524c944f8fdd4a513b0be7", "x": 640, "y": 295}, {"u": "https://preview.redd.it/k4ihc4fz26ha1.jpg?width=960&amp;crop=smart&amp;auto=webp&amp;v=enabled&amp;s=9db8b831df7d1fb0ac578342b5529b4178c98129", "x": 960, "y": 443}, {"u": "https://preview.redd.it/k4ihc4fz26ha1.jpg?width=1080&amp;crop=smart&amp;auto=webp&amp;v=enabled&amp;s=b592b1283f172d5d9ac549824d56812234ca6338", "x": 1080, "y": 498}], "s": {"u": "https://preview.redd.it/k4ihc4fz26ha1.jpg?width=2436&amp;format=pjpg&amp;auto=webp&amp;v=enabled&amp;s=32769a25c46694f94949bb50e43c241796d2690f", "x": 2436, "y": 1125}, "status": "valid"}, "mmm7d4fz26ha1": {"e": "Image", "id": "mmm7d4fz26ha1", "m": "image/jpg", "p": [{"u": "https://preview.redd.it/mmm7d4fz26ha1.jpg?width=108&amp;crop=smart&amp;auto=webp&amp;v=enabled&amp;s=10258821491927d8337a808b6147512f5a7942c7", "x": 108, "y": 49}, {"u": "https://preview.redd.it/mmm7d4fz26ha1.jpg?width=216&amp;crop=smart&amp;auto=webp&amp;v=enabled&amp;s=d82ab4def605955f11f961e245ca65db3d15c8ac", "x": 216, "y": 99}, {"u": "https://preview.redd.it/mmm7d4fz26ha1.jpg?width=320&amp;crop=smart&amp;auto=webp&amp;v=enabled&amp;s=547c143c95fbaa0a3e5c5c599577f49127db20bc", "x": 320, "y": 147}, {"u": "https://preview.redd.it/mmm7d4fz26ha1.jpg?width=640&amp;crop=smart&amp;auto=webp&amp;v=enabled&amp;s=34e8a7ee3d2eb0ed72291f6515afd4fa3ffafb38", "x": 640, "y": 295}, {"u": "https://preview.redd.it/mmm7d4fz26ha1.jpg?width=960&amp;crop=smart&amp;auto=webp&amp;v=enabled&amp;s=09b2c5ff6291530bdc10a60ff7fd3b1cf2b19db9", "x": 960, "y": 443}, {"u": "https://preview.redd.it/mmm7d4fz26ha1.jpg?width=1080&amp;crop=smart&amp;auto=webp&amp;v=enabled&amp;s=ba7a7419f9cbc6e92c32ba39bc12d066bda427b5", "x": 1080, "y": 498}], "s": {"u": "https://preview.redd.it/mmm7d4fz26ha1.jpg?width=2436&amp;format=pjpg&amp;auto=webp&amp;v=enabled&amp;s=ca775852e850536d75e89620649c1be1904a1906", "x": 2436, "y": 1125}, "status": "valid"}, "ol0mcmfz26ha1": {"e": "Image", "id": "ol0mcmfz26ha1", "m": "image/jpg", "p": [{"u": "https://preview.redd.it/ol0mcmfz26ha1.jpg?width=108&amp;crop=smart&amp;auto=webp&amp;v=enabled&amp;s=e9c603f6e644242e57812e79002cf715a2649dce", "x": 108, "y": 49}, {"u": "https://preview.redd.it/ol0mcmfz26ha1.jpg?width=216&amp;crop=smart&amp;auto=webp&amp;v=enabled&amp;s=7cfbb4c70e4ffc8642b9088c6161b10427e45a89", "x": 216, "y": 99}, {"u": "https://preview.redd.it/ol0mcmfz26ha1.jpg?width=320&amp;crop=smart&amp;auto=webp&amp;v=enabled&amp;s=b0e516ca8302fc39838bfd2cdf90fa3586db6c3a", "x": 320, "y": 147}, {"u": "https://preview.redd.it/ol0mcmfz26ha1.jpg?width=640&amp;crop=smart&amp;auto=webp&amp;v=enabled&amp;s=2848766fdf1666ab1c2e3472a470d89324c7db00", "x": 640, "y": 295}, {"u": "https://preview.redd.it/ol0mcmfz26ha1.jpg?width=960&amp;crop=smart&amp;auto=webp&amp;v=enabled&amp;s=235957e7e50a2f34b379143470435cc65ad6d2ac", "x": 960, "y": 443}, {"u": "https://preview.redd.it/ol0mcmfz26ha1.jpg?width=1080&amp;crop=smart&amp;auto=webp&amp;v=enabled&amp;s=ff5d23ae054b5d677ff8204a43711cb61c1cf548", "x": 1080, "y": 498}], "s": {"u": "https://preview.redd.it/ol0mcmfz26ha1.jpg?width=2436&amp;format=pjpg&amp;auto=webp&amp;v=enabled&amp;s=3ede69e17799873abb8ba9c3e7c630b635a183b2", "x": 2436, "y": 1125}, "status": "valid"}, "p750j4fz26ha1": {"e": "Image", "id": "p750j4fz26ha1", "m": "image/jpg", "p": [{"u": "https://preview.redd.it/p750j4fz26ha1.jpg?width=108&amp;crop=smart&amp;auto=webp&amp;v=enabled&amp;s=e089b814dcd1acfeb131c4d0afd7f82c9012d0c5", "x": 108, "y": 49}, {"u": "https://preview.redd.it/p750j4fz26ha1.jpg?width=216&amp;crop=smart&amp;auto=webp&amp;v=enabled&amp;s=0694c398291595c53b7068e3a7aedecac8605caf", "x": 216, "y": 99}, {"u": "https://preview.redd.it/p750j4fz26ha1.jpg?width=320&amp;crop=smart&amp;auto=webp&amp;v=enabled&amp;s=cfac3dde2946126069cea9f6357021f309865327", "x": 320, "y": 147}, {"u": "https://preview.redd.it/p750j4fz26ha1.jpg?width=640&amp;crop=smart&amp;auto=webp&amp;v=enabled&amp;s=01b8c1aaeae8932b0b392b0f0d334fe2f4f72a3b", "x": 640, "y": 295}, {"u": "https://preview.redd.it/p750j4fz26ha1.jpg?width=960&amp;crop=smart&amp;auto=webp&amp;v=enabled&amp;s=ae29149cdca02ee3bfb00d7cd3ea5864d4d0d2a7", "x": 960, "y": 443}, {"u": "https://preview.redd.it/p750j4fz26ha1.jpg?width=1080&amp;crop=smart&amp;auto=webp&amp;v=enabled&amp;s=8262a498f7991a87c2e127e271f2fad9fba57dbd", "x": 1080, "y": 498}], "s": {"u": "https://preview.redd.it/p750j4fz26ha1.jpg?width=2436&amp;format=pjpg&amp;auto=webp&amp;v=enabled&amp;s=e008f62803af112ee20b50c013bc2e08570014e7", "x": 2436, "y": 1125}, "status": "valid"}, "z8kn44fz26ha1": {"e": "Image", "id": "z8kn44fz26ha1", "m": "image/jpg", "p": [{"u": "https://preview.redd.it/z8kn44fz26ha1.jpg?width=108&amp;crop=smart&amp;auto=webp&amp;v=enabled&amp;s=036040bf91c2dbc1bd30a38a69b026dfcca39448", "x": 108, "y": 49}, {"u": "https://preview.redd.it/z8kn44fz26ha1.jpg?width=216&amp;crop=smart&amp;auto=webp&amp;v=enabled&amp;s=b9e3c87f7f4e3fdd8188ddc895cd613bcd92f149", "x": 216, "y": 99}, {"u": "https://preview.redd.it/z8kn44fz26ha1.jpg?width=320&amp;crop=smart&amp;auto=webp&amp;v=enabled&amp;s=7e2048e20cb7d46453811cb7b76bf45cbe83991e", "x": 320, "y": 147}, {"u": "https://preview.redd.it/z8kn44fz26ha1.jpg?width=640&amp;crop=smart&amp;auto=webp&amp;v=enabled&amp;s=8ef8bb037662a360f93811c59c898eceaf714890", "x": 640, "y": 295}, {"u": "https://preview.redd.it/z8kn44fz26ha1.jpg?width=960&amp;crop=smart&amp;auto=webp&amp;v=enabled&amp;s=a435d06afaff416693af89777f3037cd4850153f", "x": 960, "y": 443}, {"u": "https://preview.redd.it/z8kn44fz26ha1.jpg?width=1080&amp;crop=smart&amp;auto=webp&amp;v=enabled&amp;s=9ddafff29561a828a451e8e8905bdc62fee13e14", "x": 1080, "y": 498}], "s": {"u": "https://preview.redd.it/z8kn44fz26ha1.jpg?width=2436&amp;format=pjpg&amp;auto=webp&amp;v=enabled&amp;s=06fc66e4ee1552e48b9b5390f854fe3925594537", "x": 2436, "y": 1125}, "status": "valid"}}, "media_only": false, "mod_note": null, "mod_reason_by": null, "mod_reason_title": null, "mod_reports": [], "name": "t3_10xv2th", "no_follow": false, "num_comments": 14, "num_crossposts": 6, "num_reports": null, "over_18": false, "parent_whitelist_status": "all_ads", "permalink": "/r/Superstonk/comments/10xv2th/uhemoglobin_trotter_infinity_pool_slideshow/", "pinned": false, "pwls": 6, "quarantine": false, "removal_reason": null, "removed_by": null, "removed_by_category": null, "report_reasons": null, "saved": false, "score": 423, "secure_media": null, "secure_media_embed": {}, "selftext": "", "selftext_html": null, "send_replies": true, "spoiler": false, "stickied": false, "subreddit": "Superstonk", "subreddit_id": "t5_43zwn1", "subreddit_name_prefixed": "r/Superstonk", "subreddit_subscribers": 861558, "subreddit_type": "public", "suggested_sort": null, "thumbnail": "https://b.thumbs.redditmedia.com/UEd8FhmstdJEeq9X0tVMVe53dlrrkwxmeWG6sJvzg2s.jpg", "thumbnail_height": 64, "thumbnail_width": 140, "title": "u/Hemoglobin_trotter \u201cInfinity Pool\u201d - slideshow adapted", "top_awarded_type": null, "total_awards_received": 1, "treatment_tags": [], "ups": 423, "upvote_ratio": 0.98, "url": "https://www.reddit.com/gallery/10xv2th", "url_overridden_by_dest": "https://www.reddit.com/gallery/10xv2th", "user_reports": [], "view_count": null, "visited": false, "whitelist_status": "all_ads", "wls": 6}], "discussion_type": null, "distinguished": null, "domain": "reddit.com", "edited": false, "gilded": 0, "gildings": {}, "hidden": false, "hide_score": false, "id": "10xv8b0", "is_created_from_ads_ui": false, "is_crosspostable": true, "is_meta": false, "is_original_content": false, "is_reddit_media_domain": false, "is_robot_indexable": true, "is_self": false, "is_video": false, "link_flair_background_color": "", "link_flair_css_class": null, "link_flair_richtext": [], "link_flair_text": null, "link_flair_text_color": "dark", "link_flair_type": "text", "locked": false, "media": null, "media_embed": {}, "media_only": false, "name": "t3_10xv8b0", "no_follow": false, "num_comments": 0, "num_crossposts": 0, "over_18": false, "parent_whitelist_status": null, "permalink": "/r/ThePPShow/comments/10xv8b0/uhemoglobin_trotter_infinity_pool_slideshow/", "pinned": false, "pwls": null, "quarantine": false, "removed_by": null, "removed_by_category": null, "retrieved_on": 1678334587, "score": 3, "secure_media": null, "secure_media_embed": {}, "selftext": "", "send_replies": false, "spoiler": false, "stickied": false, "subreddit": "ThePPShow", "subreddit_id": "t5_7q5o7y", "subreddit_name_prefixed": "r/ThePPShow", "subreddit_subscribers": 581, "subreddit_type": "public", "suggested_sort": null, "thumbnail": "https://b.thumbs.redditmedia.com/UEd8FhmstdJEeq9X0tVMVe53dlrrkwxmeWG6sJvzg2s.jpg", "thumbnail_height": 64, "thumbnail_width": 140, "title": "u/Hemoglobin_trotter \u201cInfinity Pool\u201d - slideshow adapted", "top_awarded_type": null, "total_awards_received": 0, "treatment_tags": [], "upvote_ratio": 1.0, "url": "https://www.reddit.com/gallery/10xv2th", "url_overridden_by_dest": "https://www.reddit.com/gallery/10xv2th", "view_count": null, "whitelist_status": null, "wls": null}, {"all_awardings": [], "allow_live_comments": false, "archived": false, "author": "dicemetal", "author_created_utc": null, "author_flair_background_color": null, "author_flair_css_class": null, "author_flair_richtext": [], "author_flair_template_id": null, "author_flair_text": null, "author_flair_text_color": null, "author_flair_type": "text", "author_fullname": "t2_oygs8m7t", "author_patreon_flair": false, "author_premium": false, "awarders": [], "banned_by": null, "can_gild": true, "can_mod_post": false, "category": null, "content_categories": null, "contest_mode": false, "created_utc": 1675948188, "discussion_type": null, "distinguished": null, "domain": "i.redd.it", "edited": false, "gilded": 0, "gildings": {}, "hidden": false, "hide_score": false, "id": "10xudbc", "is_created_from_ads_ui": false, "is_crosspostable": true, "is_meta": false, "is_original_content": false, "is_reddit_media_domain": true, "is_robot_indexable": true, "is_self": false, "is_video": false, "link_flair_background_color": "", "link_flair_css_class": null, "link_flair_richtext": [], "link_flair_text": null, "link_flair_text_color": "dark", "link_flair_type": "text", "locked": false, "media": null, "media_embed": {}, "media_only": false, "name": "t3_10xudbc", "no_follow": false, "num_comments": 0, "num_crossposts": 0, "over_18": false, "parent_whitelist_status": null, "permalink": "/r/ThePPShow/comments/10xudbc/alex_the_dreamer_we_hope_ur_doing_well/", "pinned": false, "post_hint": "image", "preview": {"enabled": true, "images": [{"id": "WYCa3_rMgdSqhviK2tmsxFmG5tmgjx9VbmFZ6sfYNAc", "resolutions": [{"height": 154, "url": "https://preview.redd.it/hjtzi6afe7ha1.jpg?width=108&amp;crop=smart&amp;auto=webp&amp;v=enabled&amp;s=6292934d2f61ca0860313299baddf558b76c58e6", "width": 108}, {"height": 308, "url": "https://preview.redd.it/hjtzi6afe7ha1.jpg?width=216&amp;crop=smart&amp;auto=webp&amp;v=enabled&amp;s=7763f1624200968e08dba7a0271ccb941e28e936", "width": 216}, {"height": 457, "url": "https://preview.redd.it/hjtzi6afe7ha1.jpg?width=320&amp;crop=smart&amp;auto=webp&amp;v=enabled&amp;s=fdbc1a8469764d032731af48cc35213c99f2f511", "width": 320}], "source": {"height": 900, "url": "https://preview.redd.it/hjtzi6afe7ha1.jpg?auto=webp&amp;v=enabled&amp;s=3665da650a4135047f63f5c0ec2349f90b63b6ea", "width": 630}, "variants": {}}]}, "pwls": null, "quarantine": false, "removed_by": null, "removed_by_category": null, "retrieved_on": 1678334624, "score": 8, "secure_media": null, "secure_media_embed": {}, "selftext": "", "send_replies": true, "spoiler": false, "stickied": false, "subreddit": "ThePPShow", "subreddit_id": "t5_7q5o7y", "subreddit_name_prefixed": "r/ThePPShow", "subreddit_subscribers": 581, "subreddit_type": "public", "suggested_sort": null, "thumbnail": "https://b.thumbs.redditmedia.com/fPwv7mA5GTuPRPa837VPX2K_nhrXUkuYi03qTHfehEA.jpg", "thumbnail_height": 140, "thumbnail_width": 140, "title": "Alex, the dreamer, we hope ur doing well \ud83d\ude4f \ud83d\udca4", "top_awarded_type": null, "total_awards_received": 0, "treatment_tags": [], "upvote_ratio": 0.9, "url": "https://i.redd.it/hjtzi6afe7ha1.jpg", "url_overridden_by_dest": "https://i.redd.it/hjtzi6afe7ha1.jpg", "view_count": null, "whitelist_status": null, "wls": null}, {"all_awardings": [], "allow_live_comments": false, "archived": false, "author": "[deleted]", "author_created_utc": null, "author_flair_background_color": "", "author_flair_css_class": null, "author_flair_template_id": null, "author_flair_text": null, "author_flair_text_color": "dark", "awarders": [], "banned_by": null, "can_gild": false, "can_mod_post": false, "category": null, "content_categories": null, "contest_mode": false, "created_utc": 1675948109, "discussion_type": null, "distinguished": null, "domain": "", "edited": false, "gilded": 0, "gildings": {}, "hidden": false, "hide_score": false, "id": "10xucew", "is_created_from_ads_ui": false, "is_crosspostable": false, "is_meta": false, "is_original_content": false, "is_reddit_media_domain": true, "is_robot_indexable": false, "is_self": false, "is_video": false, "link_flair_background_color": "", "link_flair_css_class": null, "link_flair_richtext": [], "link_flair_text": null, "link_flair_text_color": "dark", "link_flair_type": "text", "locked": false, "media": null, "media_embed": {}, "media_only": false, "name": "t3_10xucew", "no_follow": true, "num_comments": 0, "num_crossposts": 0, "over_18": false, "parent_whitelist_status": null, "permalink": "/r/ThePPShow/comments/10xucew/alex_we_hope_you_are_doing_well/", "pinned": false, "pwls": null, "quarantine": false, "removed_by": null, "removed_by_category": "deleted", "retrieved_on": 1678334624, "score": 1, "secure_media": null, "secure_media_embed": {}, "selftext": "[deleted]", "send_replies": true, "spoiler": false, "stickied": false, "subreddit": "ThePPShow", "subreddit_id": "t5_7q5o7y", "subreddit_name_prefixed": "r/ThePPShow", "subreddit_subscribers": 581, "subreddit_type": "public", "suggested_sort": null, "thumbnail": "default", "thumbnail_height": 140, "thumbnail_width": 140, "title": "Alex, we hope you are doing well \ud83d\ude4f", "top_awarded_type": null, "total_awards_received": 0, "treatment_tags": [], "upvote_ratio": 1.0, "url": "", "url_overridden_by_dest": "", "view_count": null, "whitelist_status": null, "wls": null}, {"all_awardings": [], "allow_live_comments": false, "archived": false, "author": "dicemetal", "author_created_utc": null, "author_flair_background_color": null, "author_flair_css_class": null, "author_flair_richtext": [], "author_flair_template_id": null, "author_flair_text": null, "author_flair_text_color": null, "author_flair_type": "text", "author_fullname": "t2_oygs8m7t", "author_patreon_flair": false, "author_premium": false, "awarders": [], "banned_by": null, "can_gild": true, "can_mod_post": false, "category": null, "content_categories": null, "contest_mode": false, "created_utc": 1675948046, "discussion_type": null, "distinguished": null, "domain": "i.redd.it", "edited": false, "gilded": 0, "gildings": {}, "hidden": false, "hide_score": false, "id": "10xubnm", "is_created_from_ads_ui": false, "is_crosspostable": true, "is_meta": false, "is_original_content": false, "is_reddit_media_domain": true, "is_robot_indexable": true, "is_self": false, "is_video": false, "link_flair_background_color": "", "link_flair_css_class": null, "link_flair_richtext": [], "link_flair_text": null, "link_flair_text_color": "dark", "link_flair_type": "text", "locked": false, "media": null, "media_embed": {}, "media_only": false, "name": "t3_10xubnm", "no_follow": false, "num_comments": 16, "num_crossposts": 0, "over_18": false, "parent_whitelist_status": null, "permalink": "/r/ThePPShow/comments/10xubnm/runningwithbearz_appreciation_thread_get_tf_in/", "pinned": false, "post_hint": "image", "preview": {"enabled": true, "images": [{"id": "14B4PAD9ryqEzaGp8eZuBMILdSQMAI7To9Qgv8ssT5I", "resolutions": [{"height": 81, "url": "https://preview.redd.it/1wdx1e20e7ha1.jpg?width=108&amp;crop=smart&amp;auto=webp&amp;v=enabled&amp;s=699b792319aa085be41ccebbcb29646afb343746", "width": 108}, {"height": 162, "url": "https://preview.redd.it/1wdx1e20e7ha1.jpg?width=216&amp;crop=smart&amp;auto=webp&amp;v=enabled&amp;s=5beb26a0de10b37c6804028bd86bffd5eb8c7744", "width": 216}, {"height": 240, "url": "https://preview.redd.it/1wdx1e20e7ha1.jpg?width=320&amp;crop=smart&amp;auto=webp&amp;v=enabled&amp;s=614ea522221948e15c7cf26176f4f568f953fcdc", "width": 320}, {"height": 480, "url": "https://preview.redd.it/1wdx1e20e7ha1.jpg?width=640&amp;crop=smart&amp;auto=webp&amp;v=enabled&amp;s=7be6542d23d726f07da0b2c063ebfe691840db5e", "width": 640}], "source": {"height": 600, "url": "https://preview.redd.it/1wdx1e20e7ha1.jpg?auto=webp&amp;v=enabled&amp;s=c07302216a5144e78b8ff34af99e180540dd04fb", "width": 800}, "variants": {}}]}, "pwls": null, "quarantine": false, "removed_by": null, "removed_by_category": null, "retrieved_on": 1678334625, "score": 17, "secure_media": null, "secure_media_embed": {}, "selftext": "", "send_replies": true, "spoiler": false, "stickied": false, "subreddit": "ThePPShow", "subreddit_id": "t5_7q5o7y", "subreddit_name_prefixed": "r/ThePPShow", "subreddit_subscribers": 581, "subreddit_type": "public", "suggested_sort": null, "thumbnail": "https://a.thumbs.redditmedia.com/oBu1CvS5GXlJt13-gtchiL5JAiXvIDzeuhxlUyTw7d0.jpg", "thumbnail_height": 105, "thumbnail_width": 140, "title": "\ud83e\udde0 RunningWithBearz appreciation thread: GET TF IN HERE \ud83d\udc3b", "top_awarded_type": null, "total_awards_received": 0, "treatment_tags": [], "upvote_ratio": 0.95, "url": "https://i.redd.it/1wdx1e20e7ha1.jpg", "url_overridden_by_dest": "https://i.redd.it/1wdx1e20e7ha1.jpg", "view_count": null, "whitelist_status": null, "wls": null}, {"all_awardings": [], "allow_live_comments": false, "archived": false, "author": "dicemetal", "author_created_utc": null, "author_flair_background_color": null, "author_flair_css_class": null, "author_flair_richtext": [], "author_flair_template_id": null, "author_flair_text": null, "author_flair_text_color": null, "author_flair_type": "text", "author_fullname": "t2_oygs8m7t", "author_patreon_flair": false, "author_premium": false, "awarders": [], "banned_by": null, "can_gild": true, "can_mod_post": false, "category": null, "content_categories": null, "contest_mode": false, "created_utc": 1675930876, "discussion_type": null, "distinguished": null, "domain": "i.redd.it", "edited": false, "gilded": 0, "gildings": {}, "hidden": false, "hide_score": false, "id": "10xphvb", "is_created_from_ads_ui": false, "is_crosspostable": true, "is_meta": false, "is_original_content": false, "is_reddit_media_domain": true, "is_robot_indexable": true, "is_self": false, "is_video": false, "link_flair_background_color": "", "link_flair_css_class": null, "link_flair_richtext": [], "link_flair_text": null, "link_flair_text_color": "dark", "link_flair_type": "text", "locked": false, "media": null, "media_embed": {}, "media_only": false, "name": "t3_10xphvb", "no_follow": false, "num_comments": 1, "num_crossposts": 0, "over_18": false, "parent_whitelist_status": null, "permalink": "/r/ThePPShow/comments/10xphvb/upvote_this_if_youre_proud_of_abc/", "pinned": false, "post_hint": "image", "preview": {"enabled": true, "images": [{"id": "dmygyN_yQDRBwOH9RyZcT-Vz6CrOZOq2Fq9mggztV4E", "resolutions": [{"height": 95, "url": "https://preview.redd.it/kvvqqt0yy5ha1.png?width=108&amp;crop=smart&amp;auto=webp&amp;v=enabled&amp;s=e92e57ca9613b64c732e77d27f81969c55cc9686", "width": 108}, {"height": 190, "url": "https://preview.redd.it/kvvqqt0yy5ha1.png?width=216&amp;crop=smart&amp;auto=webp&amp;v=enabled&amp;s=9586958cd8523ed2778b933397372dc7c12cc58c", "width": 216}, {"height": 282, "url": "https://preview.redd.it/kvvqqt0yy5ha1.png?width=320&amp;crop=smart&amp;auto=webp&amp;v=enabled&amp;s=c736aeae7069b439f1de1d1bd1ce07cbed5b2803", "width": 320}, {"height": 565, "url": "https://preview.redd.it/kvvqqt0yy5ha1.png?width=640&amp;crop=smart&amp;auto=webp&amp;v=enabled&amp;s=4a0003765034c47d5dee0cf3f1c0ea8a7c7a4046", "width": 640}], "source": {"height": 636, "url": "https://preview.redd.it/kvvqqt0yy5ha1.png?auto=webp&amp;v=enabled&amp;s=2ba9f5dbfe941042fde326a50ee9fd7b5986de97", "width": 720}, "variants": {}}]}, "pwls": null, "quarantine": false, "removed_by": null, "removed_by_category": null, "retrieved_on": 1678334819, "score": 25, "secure_media": null, "secure_media_embed": {}, "selftext": "", "send_replies": true, "spoiler": false, "stickied": false, "subreddit": "ThePPShow", "subreddit_id": "t5_7q5o7y", "subreddit_name_prefixed": "r/ThePPShow", "subreddit_subscribers": 581, "subreddit_type": "public", "suggested_sort": null, "thumbnail": "https://a.thumbs.redditmedia.com/ICS8pIP6b7FzDMEChpOrBHvlHaUbfk_z18YgNG-n3n4.jpg", "thumbnail_height": 123, "thumbnail_width": 140, "title": "Upvote this if you're proud of ABC \ud83d\udc4f", "top_awarded_type": null, "total_awards_received": 0, "treatment_tags": [], "upvote_ratio": 1.0, "url": "https://i.redd.it/kvvqqt0yy5ha1.png", "url_overridden_by_dest": "https://i.redd.it/kvvqqt0yy5ha1.png", "view_count": null, "whitelist_status": null, "wls": null}, {"all_awardings": [], "allow_live_comments": false, "archived": false, "author": "dicemetal", "author_created_utc": null, "author_flair_background_color": null, "author_flair_css_class": null, "author_flair_richtext": [], "author_flair_template_id": null, "author_flair_text": null, "author_flair_text_color": null, "author_flair_type": "text", "author_fullname": "t2_oygs8m7t", "author_patreon_flair": false, "author_premium": false, "awarders": [], "banned_by": null, "can_gild": true, "can_mod_post": false, "category": null, "content_categories": null, "contest_mode": false, "created_utc": 1675930347, "discussion_type": null, "distinguished": null, "domain": "i.redd.it", "edited": false, "gilded": 0, "gildings": {}, "hidden": false, "hide_score": false, "id": "10xpcys", "is_created_from_ads_ui": false, "is_crosspostable": true, "is_meta": false, "is_original_content": false, "is_reddit_media_domain": true, "is_robot_indexable": true, "is_self": false, "is_video": false, "link_flair_background_color": "", "link_flair_css_class": null, "link_flair_richtext": [], "link_flair_text": null, "link_flair_text_color": "dark", "link_flair_type": "text", "locked": false, "media": null, "media_embed": {}, "media_only": false, "name": "t3_10xpcys", "no_follow": false, "num_comments": 0, "num_crossposts": 0, "over_18": false, "parent_whitelist_status": null, "permalink": "/r/ThePPShow/comments/10xpcys/everyone_slept_on_the_real_dd/", "pinned": false, "post_hint": "image", "preview": {"enabled": true, "images": [{"id": "-dvGxBFAiEcGOAxAkGbjLW6mHXjuscz1zdCjK3L-WAE", "resolutions": [{"height": 135, "url": "https://preview.redd.it/kbizm9fdx5ha1.jpg?width=108&amp;crop=smart&amp;auto=webp&amp;v=enabled&amp;s=1b04f552cdac311200cb4f5632ca3a9155bbeb82", "width": 108}, {"height": 270, "url": "https://preview.redd.it/kbizm9fdx5ha1.jpg?width=216&amp;crop=smart&amp;auto=webp&amp;v=enabled&amp;s=9e4a1f71c07a16b130ef0d40edc09825779ed174", "width": 216}, {"height": 400, "url": "https://preview.redd.it/kbizm9fdx5ha1.jpg?width=320&amp;crop=smart&amp;auto=webp&amp;v=enabled&amp;s=6a9b7cc76fae0f90ca16a77f481eb886e110710e", "width": 320}, {"height": 800, "url": "https://preview.redd.it/kbizm9fdx5ha1.jpg?width=640&amp;crop=smart&amp;auto=webp&amp;v=enabled&amp;s=ec8db4d12585cae075dbe156eeeea97f58dd6312", "width": 640}], "source": {"height": 800, "url": "https://preview.redd.it/kbizm9fdx5ha1.jpg?auto=webp&amp;v=enabled&amp;s=d4d7e5ed7c53d8faa18d6bb7143534da448e7001", "width": 640}, "variants": {}}]}, "pwls": null, "quarantine": false, "removed_by": null, "removed_by_category": null, "retrieved_on": 1678334823, "score": 14, "secure_media": null, "secure_media_embed": {}, "selftext": "", "send_replies": true, "spoiler": false, "stickied": false, "subreddit": "ThePPShow", "subreddit_id": "t5_7q5o7y", "subreddit_name_prefixed": "r/ThePPShow", "subreddit_subscribers": 581, "subreddit_type": "public", "suggested_sort": null, "thumbnail": "https://b.thumbs.redditmedia.com/f_Zht7zI-KKukybhDECP_obk7PHuIraYgkoRilVH4zU.jpg", "thumbnail_height": 140, "thumbnail_width": 140, "title": "Everyone slept on the real DD \ud83d\ude80 \ud83c\udf5f", "top_awarded_type": null, "total_awards_received": 0, "treatment_tags": [], "upvote_ratio": 0.94, "url": "https://i.redd.it/kbizm9fdx5ha1.jpg", "url_overridden_by_dest": "https://i.redd.it/kbizm9fdx5ha1.jpg", "view_count": null, "whitelist_status": null, "wls": null}, {"all_awardings": [], "allow_live_comments": false, "archived": false, "author": "dicemetal", "author_created_utc": null, "author_flair_background_color": null, "author_flair_css_class": null, "author_flair_richtext": [], "author_flair_template_id": null, "author_flair_text": null, "author_flair_text_color": null, "author_flair_type": "text", "author_fullname": "t2_oygs8m7t", "author_patreon_flair": false, "author_premium": false, "awarders": [], "banned_by": null, "can_gild": true, "can_mod_post": false, "category": null, "content_categories": null, "contest_mode": false, "created_utc": 1675930181, "discussion_type": null, "distinguished": null, "domain": "i.redd.it", "edited": false, "gilded": 0, "gildings": {}, "hidden": false, "hide_score": false, "id": "10xpbho", "is_created_from_ads_ui": false, "is_crosspostable": true, "is_meta": false, "is_original_content": false, "is_reddit_media_domain": true, "is_robot_indexable": true, "is_self": false, "is_video": false, "link_flair_background_color": "", "link_flair_css_class": null, "link_flair_richtext": [], "link_flair_text": null, "link_flair_text_color": "dark", "link_flair_type": "text", "locked": false, "media": null, "media_embed": {}, "media_only": false, "name": "t3_10xpbho", "no_follow": false, "num_comments": 0, "num_crossposts": 0, "over_18": false, "parent_whitelist_status": null, "permalink": "/r/ThePPShow/comments/10xpbho/nothing_can_stand_in_his_way/", "pinned": false, "post_hint": "image", "preview": {"enabled": true, "images": [{"id": "VkqmKrdeSPQ_zcN7WXsGSSx2J8ES12Y9VwTOJ4sIN20", "resolutions": [{"height": 180, "url": "https://preview.redd.it/oq1y11pvw5ha1.jpg?width=108&amp;crop=smart&amp;auto=webp&amp;v=enabled&amp;s=24f533c3b93b79c0261d71bb11147f10252dc0f6", "width": 108}, {"height": 360, "url": "https://preview.redd.it/oq1y11pvw5ha1.jpg?width=216&amp;crop=smart&amp;auto=webp&amp;v=enabled&amp;s=4f9bc2d2f6cd28c5e9f2d6b3e4ea6c6b52e3c7c5", "width": 216}, {"height": 534, "url": "https://preview.redd.it/oq1y11pvw5ha1.jpg?width=320&amp;crop=smart&amp;auto=webp&amp;v=enabled&amp;s=80b29ebe3344a3cbeac7bceeecaebe7efe566205", "width": 320}], "source": {"height": 900, "url": "https://preview.redd.it/oq1y11pvw5ha1.jpg?auto=webp&amp;v=enabled&amp;s=2c3c940e4ae906320d621cc93ebf0654ed9d3320", "width": 539}, "variants": {}}]}, "pwls": null, "quarantine": false, "removed_by": null, "removed_by_category": null, "retrieved_on": 1678334825, "score": 7, "secure_media": null, "secure_media_embed": {}, "selftext": "", "send_replies": true, "spoiler": false, "stickied": false, "subreddit": "ThePPShow", "subreddit_id": "t5_7q5o7y", "subreddit_name_prefixed": "r/ThePPShow", "subreddit_subscribers": 581, "subreddit_type": "public", "suggested_sort": null, "thumbnail": "https://b.thumbs.redditmedia.com/QJJqlCIOllE4_bKJ15aiAfncWompu7TtY2x_iVw-W_k.jpg", "thumbnail_height": 140, "thumbnail_width": 140, "title": "Nothing can stand in his way \ud83c\udff4\u200d\u2620\ufe0f", "top_awarded_type": null, "total_awards_received": 0, "treatment_tags": [], "upvote_ratio": 0.89, "url": "https://i.redd.it/oq1y11pvw5ha1.jpg", "url_overridden_by_dest": "https://i.redd.it/oq1y11pvw5ha1.jpg", "view_count": null, "whitelist_status": null, "wls": null}, {"all_awardings": [], "allow_live_comments": false, "archived": false, "author": "dicemetal", "author_created_utc": null, "author_flair_background_color": null, "author_flair_css_class": null, "author_flair_richtext": [], "author_flair_template_id": null, "author_flair_text": null, "author_flair_text_color": null, "author_flair_type": "text", "author_fullname": "t2_oygs8m7t", "author_patreon_flair": false, "author_premium": false, "awarders": [], "banned_by": null, "can_gild": true, "can_mod_post": false, "category": null, "content_categories": null, "contest_mode": false, "created_utc": 1675929870, "discussion_type": null, "distinguished": null, "domain": "v.redd.it", "edited": false, "gilded": 0, "gildings": {}, "hidden": false, "hide_score": false, "id": "10xp8oe", "is_created_from_ads_ui": false, "is_crosspostable": true, "is_meta": false, "is_original_content": false, "is_reddit_media_domain": true, "is_robot_indexable": true, "is_self": false, "is_video": true, "link_flair_background_color": "", "link_flair_css_class": null, "link_flair_richtext": [], "link_flair_text": null, "link_flair_text_color": "dark", "link_flair_type": "text", "locked": false, "media": {"reddit_video": {"bitrate_kbps": 1200, "dash_url": "https://v.redd.it/bd8l9ghfe4ha1/DASHPlaylist.mpd?a=1680926828%2CYTNmYjIwMzc5MWYyYmZkMjQ2ODMyYTM3ZWI5ZDMwZGI5NjZhZmZhNGU1YmJmNzVhNjU1NGRlMTE0NmRiYzAyYg%3D%3D&amp;v=1&amp;f=sd", "duration": 5, "fallback_url": "https://v.redd.it/bd8l9ghfe4ha1/DASH_480.mp4?source=fallback", "height": 480, "hls_url": "https://v.redd.it/bd8l9ghfe4ha1/HLSPlaylist.m3u8?a=1680926828%2CY2UzMTkxMDkzNTQ5YjA5ZWU4ZWZiNGY5ZDlhOThhOTAyMzVjZDFkOGUwYmY4N2ZiOWU3M2Y3NzczZWQ4ZTFiNw%3D%3D&amp;v=1&amp;f=sd", "is_gif": false, "scrubber_media_url": "https://v.redd.it/bd8l9ghfe4ha1/DASH_96.mp4", "transcoding_status": "completed", "width": 480}}, "media_embed": {}, "media_only": false, "name": "t3_10xp8oe", "no_follow": false, "num_comments": 1, "num_crossposts": 0, "over_18": false, "parent_whitelist_status": null, "permalink": "/r/ThePPShow/comments/10xp8oe/trying_to_explain_the_significance_of_abcs_teddy/", "pinned": false, "post_hint": "hosted:video", "preview": {"enabled": false, "images": [{"id": "yFxSSSaCDvXZDihBoE8mfb7QSatB13U7mPwhUaKvHmw", "resolutions": [{"height": 108, "url": "https://external-preview.redd.it/hslU9hovtX4KdR_UPV6-jIV5rD4qWOgMLjMObbSt6Cc.png?width=108&amp;crop=smart&amp;format=pjpg&amp;auto=webp&amp;v=enabled&amp;s=047e546d7246a5f4b432fa7596579c8c4f1553ea", "width": 108}, {"height": 216, "url": "https://external-preview.redd.it/hslU9hovtX4KdR_UPV6-jIV5rD4qWOgMLjMObbSt6Cc.png?width=216&amp;crop=smart&amp;format=pjpg&amp;auto=webp&amp;v=enabled&amp;s=a4c71ae56a4edda8b9424c72cb94c44783bd88be", "width": 216}, {"height": 320, "url": "https://external-preview.redd.it/hslU9hovtX4KdR_UPV6-jIV5rD4qWOgMLjMObbSt6Cc.png?width=320&amp;crop=smart&amp;format=pjpg&amp;auto=webp&amp;v=enabled&amp;s=087ebbf9d25b5b8a39a353e11f616bcde18a3ca3", "width": 320}, {"height": 640, "url": "https://external-preview.redd.it/hslU9hovtX4KdR_UPV6-jIV5rD4qWOgMLjMObbSt6Cc.png?width=640&amp;crop=smart&amp;format=pjpg&amp;auto=webp&amp;v=enabled&amp;s=258b7385809f3a0c40e5c396cc20c690a1fcd6c2", "width": 640}], "source": {"height": 720, "url": "https://external-preview.redd.it/hslU9hovtX4KdR_UPV6-jIV5rD4qWOgMLjMObbSt6Cc.png?format=pjpg&amp;auto=webp&amp;v=enabled&amp;s=2e1c65cca60398f9a6cb12ace0005c0b028af4a7", "width": 720}, "variants": {}}]}, "pwls": null, "quarantine": false, "removed_by": null, "removed_by_category": null, "retrieved_on": 1678334828, "score": 10, "secure_media": {"reddit_video": {"bitrate_kbps": 1200, "dash_url": "https://v.redd.it/bd8l9ghfe4ha1/DASHPlaylist.mpd?a=1680926828%2CYTNmYjIwMzc5MWYyYmZkMjQ2ODMyYTM3ZWI5ZDMwZGI5NjZhZmZhNGU1YmJmNzVhNjU1NGRlMTE0NmRiYzAyYg%3D%3D&amp;v=1&amp;f=sd", "duration": 5, "fallback_url": "https://v.redd.it/bd8l9ghfe4ha1/DASH_480.mp4?source=fallback", "height": 480, "hls_url": "https://v.redd.it/bd8l9ghfe4ha1/HLSPlaylist.m3u8?a=1680926828%2CY2UzMTkxMDkzNTQ5YjA5ZWU4ZWZiNGY5ZDlhOThhOTAyMzVjZDFkOGUwYmY4N2ZiOWU3M2Y3NzczZWQ4ZTFiNw%3D%3D&amp;v=1&amp;f=sd", "is_gif": false, "scrubber_media_url": "https://v.redd.it/bd8l9ghfe4ha1/DASH_96.mp4", "transcoding_status": "completed", "width": 480}}, "secure_media_embed": {}, "selftext": "", "send_replies": true, "spoiler": false, "stickied": false, "subreddit": "ThePPShow", "subreddit_id": "t5_7q5o7y", "subreddit_name_prefixed": "r/ThePPShow", "subreddit_subscribers": 581, "subreddit_type": "public", "suggested_sort": null, "thumbnail": "https://b.thumbs.redditmedia.com/GQ4yV8qMR7CQSR89i9UDwW817AtVtwEboUn9AMCvJtg.jpg", "thumbnail_height": 140, "thumbnail_width": 140, "title": "Trying to explain the significance of ABC's Teddy Day to my kids in 10 years...", "top_awarded_type": null, "total_awards_received": 0, "treatment_tags": [], "upvote_ratio": 1.0, "url": "https://v.redd.it/bd8l9ghfe4ha1", "url_overridden_by_dest": "https://v.redd.it/bd8l9ghfe4ha1", "view_count": null, "whitelist_status": null, "wls": null}, {"all_awardings": [], "allow_live_comments": false, "archived": false, "author": "dicemetal", "author_created_utc": null, "author_flair_background_color": null, "author_flair_css_class": null, "author_flair_richtext": [], "author_flair_template_id": null, "author_flair_text": null, "author_flair_text_color": null, "author_flair_type": "text", "author_fullname": "t2_oygs8m7t", "author_patreon_flair": false, "author_premium": false, "awarders": [], "banned_by": null, "can_gild": true, "can_mod_post": false, "category": null, "content_categories": null, "contest_mode": false, "created_utc": 1675929578, "discussion_type": null, "distinguished": null, "domain": "i.redd.it", "edited": false, "gilded": 0, "gildings": {}, "hidden": false, "hide_score": false, "id": "10xp5mz", "is_created_from_ads_ui": false, "is_crosspostable": true, "is_meta": false, "is_original_content": false, "is_reddit_media_domain": true, "is_robot_indexable": true, "is_self": false, "is_video": false, "link_flair_background_color": "", "link_flair_css_class": null, "link_flair_richtext": [], "link_flair_text": null, "link_flair_text_color": "dark", "link_flair_type": "text", "locked": false, "media": null, "media_embed": {}, "media_only": false, "name": "t3_10xp5mz", "no_follow": false, "num_comments": 0, "num_crossposts": 0, "over_18": false, "parent_whitelist_status": null, "permalink": "/r/ThePPShow/comments/10xp5mz/the_live_chat_was_infiltrated/", "pinned": false, "post_hint": "image", "preview": {"enabled": true, "images": [{"id": "EnioP6jXFVTM3TeQau2SKQEhhraddqPmsE5l-VYFg8U", "resolutions": [{"height": 96, "url": "https://preview.redd.it/el5m8j23v5ha1.png?width=108&amp;crop=smart&amp;auto=webp&amp;v=enabled&amp;s=fe82987424750427a40efbc536bcfa2e56eb1884", "width": 108}, {"height": 192, "url": "https://preview.redd.it/el5m8j23v5ha1.png?width=216&amp;crop=smart&amp;auto=webp&amp;v=enabled&amp;s=c471a96d6e23269235fc4a61073e3459f60e9ecf", "width": 216}, {"height": 285, "url": "https://preview.redd.it/el5m8j23v5ha1.png?width=320&amp;crop=smart&amp;auto=webp&amp;v=enabled&amp;s=7f041ef8403e8628093fd9ae3cf13ec78db4e12a", "width": 320}, {"height": 570, "url": "https://preview.redd.it/el5m8j23v5ha1.png?width=640&amp;crop=smart&amp;auto=webp&amp;v=enabled&amp;s=aef2c27159ab295cb4d4389dce00825763396ad5", "width": 640}], "source": {"height": 642, "url": "https://preview.redd.it/el5m8j23v5ha1.png?auto=webp&amp;v=enabled&amp;s=b1a03cf4dbdc2dbd7a72095d72e74252b299b2b4", "width": 720}, "variants": {}}]}, "pwls": null, "quarantine": false, "removed_by": null, "removed_by_category": null, "retrieved_on": 1678334831, "score": 11, "secure_media": null, "secure_media_embed": {}, "selftext": "", "send_replies": true, "spoiler": false, "stickied": false, "subreddit": "ThePPShow", "subreddit_id": "t5_7q5o7y", "subreddit_name_prefixed": "r/ThePPShow", "subreddit_subscribers": 581, "subreddit_type": "public", "suggested_sort": null, "thumbnail": "https://b.thumbs.redditmedia.com/VPCSwtoB3yFSFLlU6euBj6u7K1v0bxIUliRLxkZ2Hlg.jpg", "thumbnail_height": 124, "thumbnail_width": 140, "title": "The live chat was infiltrated \ud83d\udc40", "top_awarded_type": null, "total_awards_received": 0, "treatment_tags": [], "upvote_ratio": 0.92, "url": "https://i.redd.it/el5m8j23v5ha1.png", "url_overridden_by_dest": "https://i.redd.it/el5m8j23v5ha1.png", "view_count": null, "whitelist_status": null, "wls": null}, {"all_awardings": [], "allow_live_comments": false, "archived": false, "author": "[deleted]", "author_created_utc": null, "author_flair_background_color": "", "author_flair_css_class": null, "author_flair_template_id": null, "author_flair_text": null, "author_flair_text_color": "dark", "awarders": [], "banned_by": null, "can_gild": false, "can_mod_post": false, "category": null, "content_categories": null, "contest_mode": false, "created_utc": 1675917963, "discussion_type": null, "distinguished": null, "domain": "", "edited": false, "gilded": 0, "gildings": {}, "hidden": false, "hide_score": false, "id": "10xlo9v", "is_created_from_ads_ui": false, "is_crosspostable": false, "is_meta": false, "is_original_content": false, "is_reddit_media_domain": false, "is_robot_indexable": false, "is_self": true, "is_video": false, "link_flair_background_color": "", "link_flair_css_class": null, "link_flair_richtext": [], "link_flair_text": null, "link_flair_text_color": "dark", "link_flair_type": "text", "locked": false, "media": null, "media_embed": {}, "media_only": false, "name": "t3_10xlo9v", "no_follow": false, "num_comments": 1, "num_crossposts": 0, "over_18": false, "parent_whitelist_status": null, "permalink": "/r/ThePPShow/comments/10xlo9v/based_on_some_dreams_i_got_the_squeeze_of_next/", "pinned": false, "pwls": null, "quarantine": false, "removed_by": null, "removed_by_category": "deleted", "retrieved_on": 1678334971, "score": 6, "secure_media": null, "secure_media_embed": {}, "selftext": "[deleted]", "send_replies": true, "spoiler": false, "stickied": false, "subreddit": "ThePPShow", "subreddit_id": "t5_7q5o7y", "subreddit_name_prefixed": "r/ThePPShow", "subreddit_subscribers": 581, "subreddit_type": "public", "suggested_sort": null, "thumbnail": "default", "thumbnail_height": null, "thumbnail_width": null, "title": "Based on some dreams I got the squeeze of next week will be the one that extend all the way until March", "top_awarded_type": null, "total_awards_received": 0, "treatment_tags": [], "upvote_ratio": 0.87, "url": "", "view_count": null, "whitelist_status": null, "wls": null}, {"all_awardings": [], "allow_live_comments": false, "archived": false, "author": "[deleted]", "author_created_utc": null, "author_flair_background_color": "", "author_flair_css_class": null, "author_flair_template_id": null, "author_flair_text": null, "author_flair_text_color": "dark", "awarders": [], "banned_by": null, "can_gild": false, "can_mod_post": false, "category": null, "content_categories": null, "contest_mode": false, "created_utc": 1675917119, "discussion_type": null, "distinguished": null, "domain": "", "edited": false, "gilded": 0, "gildings": {}, "hidden": false, "hide_score": false, "id": "10xle96", "is_created_from_ads_ui": false, "is_crosspostable": false, "is_meta": false, "is_original_content": false, "is_reddit_media_domain": false, "is_robot_indexable": false, "is_self": true, "is_video": false, "link_flair_background_color": "#ffd635", "link_flair_css_class": "", "link_flair_richtext": [], "link_flair_template_id": "b389bcaa-8f0a-11ed-9b6e-1e9f599434b1", "link_flair_text": "Stream announcement ", "link_flair_text_color": "dark", "link_flair_type": "text", "locked": false, "media": null, "media_embed": {}, "media_only": false, "name": "t3_10xle96", "no_follow": true, "num_comments": 1, "num_crossposts": 0, "over_18": false, "parent_whitelist_status": null, "permalink": "/r/ThePPShow/comments/10xle96/sorry_i_left/", "pinned": false, "pwls": null, "quarantine": false, "removed_by": null, "removed_by_category": "deleted", "retrieved_on": 1678334983, "score": 1, "secure_media": null, "secure_media_embed": {}, "selftext": "[deleted]", "send_replies": true, "spoiler": false, "stickied": false, "subreddit": "ThePPShow", "subreddit_id": "t5_7q5o7y", "subreddit_name_prefixed": "r/ThePPShow", "subreddit_subscribers": 581, "subreddit_type": "public", "suggested_sort": null, "thumbnail": "default", "thumbnail_height": null, "thumbnail_width": null, "title": "Sorry I left", "top_awarded_type": null, "total_awards_received": 0, "treatment_tags": [], "upvote_ratio": 1.0, "url": "", "view_count": null, "whitelist_status": null, "wls": null}], "metadata": {"op_a": 54, "op_b": 50, "total": 105}, "error": null}