{"data": [{"all_awardings": [], "allow_live_comments": false, "archived": false, "author": "ppseeds", "author_created_utc": 1518222553, "author_flair_background_color": null, "author_flair_css_class": null, "author_flair_richtext": [], "author_flair_template_id": null, "author_flair_text": null, "author_flair_text_color": null, "author_flair_type": "text", "author_fullname": "t2_w7v9rg0", "author_patreon_flair": false, "author_premium": true, "awarders": [], "banned_by": null, "can_gild": true, "can_mod_post": false, "category": null, "content_categories": null, "contest_mode": false, "created_utc": 1675023358, "discussion_type": null, "distinguished": null, "domain": "self.ThePPShow", "edited": false, "gilded": 0, "gildings": {}, "hidden": false, "hide_score": false, "id": "10ohbq7", "is_created_from_ads_ui": false, "is_crosspostable": false, "is_meta": false, "is_original_content": false, "is_reddit_media_domain": false, "is_robot_indexable": false, "is_self": true, "is_video": false, "link_flair_background_color": "#ffd635", "link_flair_css_class": "", "link_flair_richtext": [], "link_flair_template_id": "b389bcaa-8f0a-11ed-9b6e-1e9f599434b1", "link_flair_text": "Stream announcement", "link_flair_text_color": "dark", "link_flair_type": "text", "locked": false, "media": null, "media_embed": {}, "media_only": false, "name": "t3_10ohbq7", "no_follow": true, "num_comments": 6, "num_crossposts": 0, "over_18": false, "parent_whitelist_status": null, "permalink": "/r/ThePPShow/comments/10ohbq7/stream_will_be_13023_monday_7pmctwhenever_see_you/", "pinned": false, "pwls": null, "quarantine": false, "removed_by": null, "removed_by_category": "author", "retrieved_on": 1676225884, "score": 16, "secure_media": null, "secure_media_embed": {}, "selftext": "[removed]", "send_replies": true, "spoiler": false, "stickied": false, "subreddit": "ThePPShow", "subreddit_id": "t5_7q5o7y", "subreddit_name_prefixed": "r/ThePPShow", "subreddit_subscribers": 327, "subreddit_type": "public", "suggested_sort": null, "thumbnail": "default", "thumbnail_height": null, "thumbnail_width": null, "title": "Stream will be 1/30/23 Monday 7PMCT-Whenever. See you then", "top_awarded_type": null, "total_awards_received": 0, "treatment_tags": [], "upvote_ratio": 1.0, "url": "https://www.reddit.com/r/ThePPShow/comments/10ohbq7/stream_will_be_13023_monday_7pmctwhenever_see_you/", "view_count": null, "whitelist_status": null, "wls": null}, {"all_awardings": [], "allow_live_comments": false, "archived": false, "author": "[deleted]", "author_created_utc": null, "author_flair_background_color": "", "author_flair_css_class": null, "author_flair_template_id": null, "author_flair_text": null, "author_flair_text_color": "dark", "awarders": [], "banned_by": null, "can_gild": false, "can_mod_post": false, "category": null, "content_categories": null, "contest_mode": false, "created_utc": 1675006529, "discussion_type": null, "distinguished": null, "domain": "", "edited": false, "gilded": 0, "gildings": {}, "hidden": false, "hide_score": false, "id": "10oaerx", "is_created_from_ads_ui": false, "is_crosspostable": false, "is_meta": false, "is_original_content": false, "is_reddit_media_domain": false, "is_robot_indexable": false, "is_self": true, "is_video": false, "link_flair_background_color": "", "link_flair_css_class": null, "link_flair_richtext": [], "link_flair_text": null, "link_flair_text_color": "dark", "link_flair_type": "text", "locked": false, "media": null, "media_embed": {}, "media_only": false, "name": "t3_10oaerx", "no_follow": true, "num_comments": 0, "num_crossposts": 0, "over_18": false, "parent_whitelist_status": null, "permalink": "/r/ThePPShow/comments/10oaerx/nice_dd_httpswwwredditcomrbbbycomments10o6rllbig/", "pinned": false, "pwls": null, "quarantine": false, "removed_by": null, "removed_by_category": "deleted", "retrieved_on": 1676226096, "score": 1, "secure_media": null, "secure_media_embed": {}, "selftext": "[deleted]", "send_replies": true, "spoiler": false, "stickied": false, "subreddit": "ThePPShow", "subreddit_id": "t5_7q5o7y", "subreddit_name_prefixed": "r/ThePPShow", "subreddit_subscribers": 327, "subreddit_type": "public", "suggested_sort": null, "thumbnail": "default", "thumbnail_height": null, "thumbnail_width": null, "title": "Nice! DD https://www.reddit.com/r/BBBY/comments/10o6rll/big_dd_why_bbby_defaulted_on_abl_credit_with_jpm/?utm_source=share&amp;utm_medium=ios_app&amp;utm_name=iossmf", "top_awarded_type": null, "total_awards_received": 0, "treatment_tags": [], "upvote_ratio": 1.0, "url": "", "view_count": null, "whitelist_status": null, "wls": null}, {"all_awardings": [], "allow_live_comments": false, "archived": false, "author": "[deleted]", "author_created_utc": null, "author_flair_background_color": "", "author_flair_css_class": null, "author_flair_template_id": null, "author_flair_text": null, "author_flair_text_color": "dark", "awarders": [], "banned_by": null, "can_gild": false, "can_mod_post": false, "category": null, "content_categories": null, "contest_mode": false, "created_utc": 1674972526, "crosspost_parent": "t3_10o0egw", "crosspost_parent_list": [{"all_awardings": [], "allow_live_comments": true, "approved_at_utc": null, "approved_by": null, "archived": false, "author": "ppseeds", "author_flair_background_color": null, "author_flair_css_class": null, "author_flair_richtext": [], "author_flair_template_id": null, "author_flair_text": null, "author_flair_text_color": null, "author_flair_type": "text", "author_fullname": "t2_w7v9rg0", "author_is_blocked": false, "author_patreon_flair": false, "author_premium": true, "awarders": [], "banned_at_utc": null, "banned_by": null, "can_gild": true, "can_mod_post": false, "category": null, "clicked": false, "content_categories": null, "contest_mode": false, "created": 1674971739.0, "created_utc": 1674971739.0, "discussion_type": null, "distinguished": null, "domain": "v.redd.it", "downs": 0, "edited": false, "gilded": 0, "gildings": {}, "hidden": false, "hide_score": false, "id": "10o0egw", "is_created_from_ads_ui": false, "is_crosspostable": true, "is_meta": false, "is_original_content": false, "is_reddit_media_domain": true, "is_robot_indexable": true, "is_self": false, "is_video": true, "likes": null, "link_flair_background_color": "#0079d3", "link_flair_css_class": "", "link_flair_richtext": [], "link_flair_template_id": "dd2ad61e-dbd9-11ec-9cf3-82b148ae1239", "link_flair_text": "\u2601 Hype/ Fluff", "link_flair_text_color": "light", "link_flair_type": "text", "locked": false, "media": {"reddit_video": {"bitrate_kbps": 4800, "dash_url": "https://v.redd.it/kp0xkuya9xea1/DASHPlaylist.mpd?a=1678818390%2CNjk3MTc2Njk4ZmY3YTU3MWRiNWZlNzBjMDc3ZmM1MGViOTdiYTM3ZWI0ZDAzZjQ1YTA4ZDQ5ZDk0ZjczOTIxMw%3D%3D&amp;v=1&amp;f=sd", "duration": 256, "fallback_url": "https://v.redd.it/kp0xkuya9xea1/DASH_1080.mp4?source=fallback", "height": 1080, "hls_url": "https://v.redd.it/kp0xkuya9xea1/HLSPlaylist.m3u8?a=1678818390%2CNjJhODc5MDcwZDdkNGIwOTA4OGY4ODdkNDQwMTE5MzYwZjM3MGQ2NzJiMDcxYWYzYjRlYzgxZmU4ZjJiZTk4MQ%3D%3D&amp;v=1&amp;f=sd", "is_gif": false, "scrubber_media_url": "https://v.redd.it/kp0xkuya9xea1/DASH_96.mp4", "transcoding_status": "completed", "width": 1920}}, "media_embed": {}, "media_only": false, "mod_note": null, "mod_reason_by": null, "mod_reason_title": null, "mod_reports": [], "name": "t3_10o0egw", "no_follow": false, "num_comments": 40, "num_crossposts": 1, "num_reports": null, "over_18": false, "parent_whitelist_status": "no_ads", "permalink": "/r/BBBY/comments/10o0egw/fight_like_hell_you_fucking_apes_enjoy/", "pinned": false, "post_hint": "hosted:video", "preview": {"enabled": false, "images": [{"id": "-W_unzGn2Dui5kw13q6DYuNB2D7xDjoxYa12YILQCFA", "resolutions": [{"height": 60, "url": "https://external-preview.redd.it/luUROwiHf6W7ynV9cEHvfhydCNznIsdQQS9oNB1AgEU.png?width=108&amp;crop=smart&amp;format=pjpg&amp;auto=webp&amp;v=enabled&amp;s=74318d9a3a0f77161883162540e74088255a49cc", "width": 108}, {"height": 121, "url": "https://external-preview.redd.it/luUROwiHf6W7ynV9cEHvfhydCNznIsdQQS9oNB1AgEU.png?width=216&amp;crop=smart&amp;format=pjpg&amp;auto=webp&amp;v=enabled&amp;s=18c329003fd046c38495f70e2d41d9335c1c0cae", "width": 216}, {"height": 180, "url": "https://external-preview.redd.it/luUROwiHf6W7ynV9cEHvfhydCNznIsdQQS9oNB1AgEU.png?width=320&amp;crop=smart&amp;format=pjpg&amp;auto=webp&amp;v=enabled&amp;s=938815050a990d8b49c584304a660dc8caf360b6", "width": 320}, {"height": 360, "url": "https://external-preview.redd.it/luUROwiHf6W7ynV9cEHvfhydCNznIsdQQS9oNB1AgEU.png?width=640&amp;crop=smart&amp;format=pjpg&amp;auto=webp&amp;v=enabled&amp;s=000a62cc943621d36ef1b5433ac6928332681de1", "width": 640}, {"height": 540, "url": "https://external-preview.redd.it/luUROwiHf6W7ynV9cEHvfhydCNznIsdQQS9oNB1AgEU.png?width=960&amp;crop=smart&amp;format=pjpg&amp;auto=webp&amp;v=enabled&amp;s=897a179d692a5395d92bc7e31e9441e4d3a08355", "width": 960}, {"height": 607, "url": "https://external-preview.redd.it/luUROwiHf6W7ynV9cEHvfhydCNznIsdQQS9oNB1AgEU.png?width=1080&amp;crop=smart&amp;format=pjpg&amp;auto=webp&amp;v=enabled&amp;s=614cb4f81bab921084b7dd20e44270e3a7fb77f3", "width": 1080}], "source": {"height": 1080, "url": "https://external-preview.redd.it/luUROwiHf6W7ynV9cEHvfhydCNznIsdQQS9oNB1AgEU.png?format=pjpg&amp;auto=webp&amp;v=enabled&amp;s=0d4994280864c4d7fff8d211da6cf9ccf302c6af", "width": 1920}, "variants": {}}]}, "pwls": 0, "quarantine": false, "removal_reason": null, "removed_by": null, "removed_by_category": null, "report_reasons": null, "saved": false, "score": 304, "secure_media": {"reddit_video": {"bitrate_kbps": 4800, "dash_url": "https://v.redd.it/kp0xkuya9xea1/DASHPlaylist.mpd?a=1678818390%2CNjk3MTc2Njk4ZmY3YTU3MWRiNWZlNzBjMDc3ZmM1MGViOTdiYTM3ZWI0ZDAzZjQ1YTA4ZDQ5ZDk0ZjczOTIxMw%3D%3D&amp;v=1&amp;f=sd", "duration": 256, "fallback_url": "https://v.redd.it/kp0xkuya9xea1/DASH_1080.mp4?source=fallback", "height": 1080, "hls_url": "https://v.redd.it/kp0xkuya9xea1/HLSPlaylist.m3u8?a=1678818390%2CNjJhODc5MDcwZDdkNGIwOTA4OGY4ODdkNDQwMTE5MzYwZjM3MGQ2NzJiMDcxYWYzYjRlYzgxZmU4ZjJiZTk4MQ%3D%3D&amp;v=1&amp;f=sd", "is_gif": false, "scrubber_media_url": "https://v.redd.it/kp0xkuya9xea1/DASH_96.mp4", "transcoding_status": "completed", "width": 1920}}, "secure_media_embed": {}, "selftext": "", "selftext_html": null, "send_replies": true, "spoiler": false, "stickied": false, "subreddit": "BBBY", "subreddit_id": "t5_3q5hel", "subreddit_name_prefixed": "r/BBBY", "subreddit_subscribers": 52070, "subreddit_type": "public", "suggested_sort": null, "thumbnail": "https://a.thumbs.redditmedia.com/7F0S-taeszp9mkBSWYqV2QYgfJDFV4Hqi1oyvjkSnC0.jpg", "thumbnail_height": 78, "thumbnail_width": 140, "title": "FIGHT LIKE HELL YOU FUCKING APES!!!! ENJOY!!", "top_awarded_type": null, "total_awards_received": 0, "treatment_tags": [], "ups": 304, "upvote_ratio": 0.91, "url": "https://v.redd.it/kp0xkuya9xea1", "url_overridden_by_dest": "https://v.redd.it/kp0xkuya9xea1", "user_reports": [], "view_count": null, "visited": false, "whitelist_status": "no_ads", "wls": 0}], "discussion_type": null, "distinguished": null, "domain": "", "edited": false, "gilded": 0, "gildings": {}, "hidden": false, "hide_score": false, "id": "10o0mov", "is_created_from_ads_ui": false, "is_crosspostable": false, "is_meta": false, "is_original_content": false, "is_reddit_media_domain": true, "is_robot_indexable": false, "is_self": false, "is_video": false, "link_flair_background_color": "", "link_flair_css_class": null, "link_flair_richtext": [], "link_flair_text": null, "link_flair_text_color": "dark", "link_flair_type": "text", "locked": false, "media": null, "media_embed": {}, "media_only": false, "name": "t3_10o0mov", "no_follow": true, "num_comments": 0, "num_crossposts": 0, "over_18": false, "parent_whitelist_status": null, "permalink": "/r/ThePPShow/comments/10o0mov/fight_like_hell_you_fucking_apes_enjoy/", "pinned": false, "pwls": null, "quarantine": false, "removed_by": null, "removed_by_category": "deleted", "retrieved_on": 1676226391, "score": 1, "secure_media": null, "secure_media_embed": {}, "selftext": "[deleted]", "send_replies": true, "spoiler": false, "stickied": false, "subreddit": "ThePPShow", "subreddit_id": "t5_7q5o7y", "subreddit_name_prefixed": "r/ThePPShow", "subreddit_subscribers": 327, "subreddit_type": "public", "suggested_sort": null, "thumbnail": "default", "thumbnail_height": 78, "thumbnail_width": 140, "title": "FIGHT LIKE HELL YOU FUCKING APES!!!! ENJOY!!", "top_awarded_type": null, "total_awards_received": 0, "treatment_tags": [], "upvote_ratio": 1.0, "url": "", "url_overridden_by_dest": "", "view_count": null, "whitelist_status": null, "wls": null}, {"all_awardings": [], "allow_live_comments": false, "archived": false, "author": "talley702", "author_created_utc": 1552897867, "author_flair_background_color": null, "author_flair_css_class": null, "author_flair_richtext": [], "author_flair_template_id": null, "author_flair_text": null, "author_flair_text_color": null, "author_flair_type": "text", "author_fullname": "t2_3fk41zgk", "author_patreon_flair": false, "author_premium": false, "awarders": [], "banned_by": null, "can_gild": true, "can_mod_post": false, "category": null, "content_categories": null, "contest_mode": false, "created_utc": 1674960021, "discussion_type": null, "distinguished": null, "domain": "i.redd.it", "edited": false, "gilded": 0, "gildings": {}, "hidden": false, "hide_score": false, "id": "10nwswv", "is_created_from_ads_ui": false, "is_crosspostable": true, "is_meta": false, "is_original_content": false, "is_reddit_media_domain": true, "is_robot_indexable": true, "is_self": false, "is_video": false, "link_flair_background_color": "", "link_flair_css_class": null, "link_flair_richtext": [], "link_flair_text": null, "link_flair_text_color": "dark", "link_flair_type": "text", "locked": false, "media": null, "media_embed": {}, "media_only": false, "name": "t3_10nwswv", "no_follow": false, "num_comments": 12, "num_crossposts": 0, "over_18": false, "parent_whitelist_status": null, "permalink": "/r/ThePPShow/comments/10nwswv/i_was_still_able_to_buy_a_gift_card_at_bbby_at/", "pinned": false, "post_hint": "image", "preview": {"enabled": true, "images": [{"id": "U3e6il79M6pzd9T45aPbh_4r7hldn2EH3RjsDaOokZ0", "resolutions": [{"height": 80, "url": "https://preview.redd.it/cf8scnd3sxea1.jpg?width=108&amp;crop=smart&amp;auto=webp&amp;v=enabled&amp;s=115729d1eb1cbd2e7e76c27be420aa67b7dbf03f", "width": 108}, {"height": 161, "url": "https://preview.redd.it/cf8scnd3sxea1.jpg?width=216&amp;crop=smart&amp;auto=webp&amp;v=enabled&amp;s=5b264e6d434dead03edcb30ac6fa5bd56be88667", "width": 216}, {"height": 239, "url": "https://preview.redd.it/cf8scnd3sxea1.jpg?width=320&amp;crop=smart&amp;auto=webp&amp;v=enabled&amp;s=ec059d9eeedcff7e848bc96553d7002aca9d4dd0", "width": 320}, {"height": 479, "url": "https://preview.redd.it/cf8scnd3sxea1.jpg?width=640&amp;crop=smart&amp;auto=webp&amp;v=enabled&amp;s=147601bfef29873b0efbf3fc37ba6aea003841be", "width": 640}, {"height": 719, "url": "https://preview.redd.it/cf8scnd3sxea1.jpg?width=960&amp;crop=smart&amp;auto=webp&amp;v=enabled&amp;s=5e4f8c5d08aafac55f6d047f49d3dcaa9001f596", "width": 960}, {"height": 809, "url": "https://preview.redd.it/cf8scnd3sxea1.jpg?width=1080&amp;crop=smart&amp;auto=webp&amp;v=enabled&amp;s=245aa8a57049983c0da2a4c0052012afaba90950", "width": 1080}], "source": {"height": 3022, "url": "https://preview.redd.it/cf8scnd3sxea1.jpg?auto=webp&amp;v=enabled&amp;s=87c8e99c472eb9bbfbea395ef4c63013ce1757b8", "width": 4030}, "variants": {}}]}, "pwls": null, "quarantine": false, "removed_by": null, "removed_by_category": null, "retrieved_on": 1676226508, "score": 11, "secure_media": null, "secure_media_embed": {}, "selftext": "", "send_replies": true, "spoiler": false, "stickied": false, "subreddit": "ThePPShow", "subreddit_id": "t5_7q5o7y", "subreddit_name_prefixed": "r/ThePPShow", "subreddit_subscribers": 327, "subreddit_type": "public", "suggested_sort": null, "thumbnail": "https://b.thumbs.redditmedia.com/lLDEd2QZxeriP7F6m0mRQnVvkiZY4b6xaZ2pImDwp2o.jpg", "thumbnail_height": 104, "thumbnail_width": 140, "title": "I was still able to buy a gift card at BBBY at 6:09pm PST", "top_awarded_type": null, "total_awards_received": 0, "treatment_tags": [], "upvote_ratio": 0.83, "url": "https://i.redd.it/cf8scnd3sxea1.jpg", "url_overridden_by_dest": "https://i.redd.it/cf8scnd3sxea1.jpg", "view_count": null, "whitelist_status": null, "wls": null}], "metadata": {"op_a": 56, "op_b": 49, "total": 106}, "error": null}