{"data": [{"approved_at_utc": null, "subreddit": "ThePPShow", "selftext": "", "author_fullname": "t2_9zzaasnx", "saved": false, "mod_reason_title": null, "gilded": 0, "clicked": false, "is_gallery": true, "title": "Resurrection", "link_flair_richtext": [], "subreddit_name_prefixed": "r/ThePPShow", "hidden": false, "pwls": 6, "link_flair_css_class": null, "downs": 0, "thumbnail_height": 140, "top_awarded_type": null, "hide_score": false, "media_metadata": {"ye68ak36rwsa1": {"status": "valid", "e": "Image", "m": "image/jpg", "p": [{"y": 83, "x": 108, "u": "https://preview.redd.it/ye68ak36rwsa1.jpg?width=108&amp;crop=smart&amp;auto=webp&amp;s=9e7b22d1de241f938fa48a10521900e34530f4c4"}, {"y": 167, "x": 216, "u": "https://preview.redd.it/ye68ak36rwsa1.jpg?width=216&amp;crop=smart&amp;auto=webp&amp;s=94d514670aff6c12492baec7437d209758571b8a"}, {"y": 248, "x": 320, "u": "https://preview.redd.it/ye68ak36rwsa1.jpg?width=320&amp;crop=smart&amp;auto=webp&amp;s=fe2bb5af0a9d55eb09b493c0f1894a678301410b"}, {"y": 497, "x": 640, "u": "https://preview.redd.it/ye68ak36rwsa1.jpg?width=640&amp;crop=smart&amp;auto=webp&amp;s=f7f95b4e319b92ff84260817378bf1122c767a84"}, {"y": 745, "x": 960, "u": "https://preview.redd.it/ye68ak36rwsa1.jpg?width=960&amp;crop=smart&amp;auto=webp&amp;s=a2b14c3026c17abb581cef8ddeda1564fab28435"}, {"y": 839, "x": 1080, "u": "https://preview.redd.it/ye68ak36rwsa1.jpg?width=1080&amp;crop=smart&amp;auto=webp&amp;s=f7ebe72be91b8c9acbea80ce7c5ecbb8cea99213"}], "s": {"y": 853, "x": 1098, "u": "https://preview.redd.it/ye68ak36rwsa1.jpg?width=1098&amp;format=pjpg&amp;auto=webp&amp;s=689c456e4f2023c7516394deb899bc4f855daa1a"}, "id": "ye68ak36rwsa1"}, "l6tk9k36rwsa1": {"status": "valid", "e": "Image", "m": "image/jpg", "p": [{"y": 159, "x": 108, "u": "https://preview.redd.it/l6tk9k36rwsa1.jpg?width=108&amp;crop=smart&amp;auto=webp&amp;s=874e117191ca3d57daef6e9dd6038f895b76d09b"}, {"y": 318, "x": 216, "u": "https://preview.redd.it/l6tk9k36rwsa1.jpg?width=216&amp;crop=smart&amp;auto=webp&amp;s=a677c37b9c33067014c67f9e465e790a25a67146"}, {"y": 471, "x": 320, "u": "https://preview.redd.it/l6tk9k36rwsa1.jpg?width=320&amp;crop=smart&amp;auto=webp&amp;s=e6afc5f1fe8731048e2fa4cbd1d75e7ac55f9690"}, {"y": 942, "x": 640, "u": "https://preview.redd.it/l6tk9k36rwsa1.jpg?width=640&amp;crop=smart&amp;auto=webp&amp;s=164f1e7703df88d98ef20bc458b5366ce615ea67"}], "s": {"y": 1131, "x": 768, "u": "https://preview.redd.it/l6tk9k36rwsa1.jpg?width=768&amp;format=pjpg&amp;auto=webp&amp;s=645bd7a14193ad90bdc54a6f1ba10ea63ded784c"}, "id": "l6tk9k36rwsa1"}}, "name": "t3_12gsjzv", "quarantine": false, "link_flair_text_color": "dark", "upvote_ratio": 0.82, "author_flair_background_color": null, "ups": 14, "domain": "reddit.com", "media_embed": {}, "thumbnail_width": 140, "author_flair_template_id": null, "is_original_content": false, "user_reports": [], "secure_media": null, "is_reddit_media_domain": false, "is_meta": false, "category": null, "secure_media_embed": {}, "gallery_data": {"items": [{"media_id": "l6tk9k36rwsa1", "id": 261517514}, {"media_id": "ye68ak36rwsa1", "id": 261517515}]}, "link_flair_text": null, "can_mod_post": false, "score": 14, "approved_by": null, "is_created_from_ads_ui": false, "author_premium": false, "thumbnail": "https://b.thumbs.redditmedia.com/SNC9WBHQmI5b-Rlg_-5nfRVjAxz64HxwCqlm7fnxGEc.jpg", "edited": false, "author_flair_css_class": null, "author_flair_richtext": [], "gildings": {}, "content_categories": null, "is_self": false, "subreddit_type": "public", "created": 1681067475.0, "link_flair_type": "text", "wls": 6, "removed_by_category": null, "banned_by": null, "author_flair_type": "text", "total_awards_received": 0, "allow_live_comments": false, "selftext_html": null, "likes": null, "suggested_sort": null, "banned_at_utc": null, "url_overridden_by_dest": "https://www.reddit.com/gallery/12gsjzv", "view_count": null, "archived": false, "no_follow": false, "is_crosspostable": false, "pinned": false, "over_18": false, "all_awardings": [], "awarders": [], "media_only": false, "can_gild": false, "spoiler": false, "locked": false, "author_flair_text": null, "treatment_tags": [], "visited": false, "removed_by": null, "mod_note": null, "distinguished": null, "subreddit_id": "t5_7q5o7y", "author_is_blocked": false, "mod_reason_by": null, "num_reports": null, "removal_reason": null, "link_flair_background_color": "", "id": "12gsjzv", "is_robot_indexable": true, "report_reasons": null, "author": "the_small_farmer", "discussion_type": null, "num_comments": 3, "send_replies": true, "whitelist_status": "all_ads", "contest_mode": false, "mod_reports": [], "author_patreon_flair": false, "author_flair_text_color": null, "permalink": "/r/ThePPShow/comments/12gsjzv/resurrection/", "parent_whitelist_status": "all_ads", "stickied": false, "url": "https://www.reddit.com/gallery/12gsjzv", "subreddit_subscribers": 10106, "created_utc": 1681067475.0, "num_crossposts": 0, "media": null, "is_video": false}, {"approved_at_utc": null, "subreddit": "ThePPShow", "selftext": "i just got proxy information from Newell about voting in new board members     May 16th \n\ni found these paragraphs of interest\n\nhttps://preview.redd.it/hwhvcu9tqvsa1.jpg?width=837&amp;format=pjpg&amp;auto=webp&amp;s=56032b99db3b3dfe6cb1d1affb78cd18f2d657d2\n\n&amp;#x200B;\n\nhttps://preview.redd.it/qukz5fnwqvsa1.jpg?width=861&amp;format=pjpg&amp;auto=webp&amp;s=00bc77c5216309562a4f6ad43fddee1a1491d51d\n\nim not going to draw any red lines ..ill let wrinkle brains fill in the gaps", "author_fullname": "t2_cs9mutm1", "saved": false, "mod_reason_title": null, "gilded": 0, "clicked": false, "title": "dd OR Tinfoil ???", "link_flair_richtext": [], "subreddit_name_prefixed": "r/ThePPShow", "hidden": false, "pwls": 6, "link_flair_css_class": null, "downs": 0, "thumbnail_height": 37, "top_awarded_type": null, "hide_score": false, "media_metadata": {"qukz5fnwqvsa1": {"status": "valid", "e": "Image", "m": "image/jpg", "p": [{"y": 42, "x": 108, "u": "https://preview.redd.it/qukz5fnwqvsa1.jpg?width=108&amp;crop=smart&amp;auto=webp&amp;s=70e376fe79dc5093d47a91996cd61c8ca868844a"}, {"y": 85, "x": 216, "u": "https://preview.redd.it/qukz5fnwqvsa1.jpg?width=216&amp;crop=smart&amp;auto=webp&amp;s=98ddafd68949d094dad8fd6355bf6a44249e7f6f"}, {"y": 127, "x": 320, "u": "https://preview.redd.it/qukz5fnwqvsa1.jpg?width=320&amp;crop=smart&amp;auto=webp&amp;s=88d1dbf59a7e9b265af886d5d8d3ea844b9d1d78"}, {"y": 254, "x": 640, "u": "https://preview.redd.it/qukz5fnwqvsa1.jpg?width=640&amp;crop=smart&amp;auto=webp&amp;s=a8ef70c6243df33f0691c2a5528a04017287943a"}], "s": {"y": 342, "x": 861, "u": "https://preview.redd.it/qukz5fnwqvsa1.jpg?width=861&amp;format=pjpg&amp;auto=webp&amp;s=00bc77c5216309562a4f6ad43fddee1a1491d51d"}, "id": "qukz5fnwqvsa1"}, "hwhvcu9tqvsa1": {"status": "valid", "e": "Image", "m": "image/jpg", "p": [{"y": 29, "x": 108, "u": "https://preview.redd.it/hwhvcu9tqvsa1.jpg?width=108&amp;crop=smart&amp;auto=webp&amp;s=70a9c543241dff799bd4caa2508aa4e397e4c951"}, {"y": 58, "x": 216, "u": "https://preview.redd.it/hwhvcu9tqvsa1.jpg?width=216&amp;crop=smart&amp;auto=webp&amp;s=e016106ede8607df8580c67d73a47f8dceefcd8a"}, {"y": 86, "x": 320, "u": "https://preview.redd.it/hwhvcu9tqvsa1.jpg?width=320&amp;crop=smart&amp;auto=webp&amp;s=c4304adfdd7af35720531864542eb5d525882de6"}, {"y": 172, "x": 640, "u": "https://preview.redd.it/hwhvcu9tqvsa1.jpg?width=640&amp;crop=smart&amp;auto=webp&amp;s=45345e28ba4248268b42ab7ba0e48760f2ff5fb4"}], "s": {"y": 226, "x": 837, "u": "https://preview.redd.it/hwhvcu9tqvsa1.jpg?width=837&amp;format=pjpg&amp;auto=webp&amp;s=56032b99db3b3dfe6cb1d1affb78cd18f2d657d2"}, "id": "hwhvcu9tqvsa1"}}, "name": "t3_12gn9x6", "quarantine": false, "link_flair_text_color": "dark", "upvote_ratio": 0.92, "author_flair_background_color": null, "subreddit_type": "public", "ups": 32, "total_awards_received": 0, "media_embed": {}, "thumbnail_width": 140, "author_flair_template_id": "0fd543ea-f54e-11ed-9a0c-6e6651ce15d0", "is_original_content": false, "user_reports": [], "secure_media": null, "is_reddit_media_domain": false, "is_meta": false, "category": null, "secure_media_embed": {}, "link_flair_text": null, "can_mod_post": false, "score": 32, "approved_by": null, "is_created_from_ads_ui": false, "author_premium": false, "thumbnail": "https://b.thumbs.redditmedia.com/LYej9hbiLQav-d6NdUgYyriPRm8QOj0Gc1HcHPln-fE.jpg", "edited": false, "author_flair_css_class": null, "author_flair_richtext": [{"e": "text", "t": "Gif Lord "}], "gildings": {}, "content_categories": null, "is_self": true, "mod_note": null, "created": 1681055927.0, "link_flair_type": "text", "wls": 6, "removed_by_category": null, "banned_by": null, "author_flair_type": "richtext", "domain": "self.ThePPShow", "allow_live_comments": false, "selftext_html": "&lt;!-- SC_OFF --&gt;&lt;div class=\"md\"&gt;&lt;p&gt;i just got proxy information from Newell about voting in new board members     May 16th &lt;/p&gt;\n\n&lt;p&gt;i found these paragraphs of interest&lt;/p&gt;\n\n&lt;p&gt;&lt;a href=\"https://preview.redd.it/hwhvcu9tqvsa1.jpg?width=837&amp;amp;format=pjpg&amp;amp;auto=webp&amp;amp;s=56032b99db3b3dfe6cb1d1affb78cd18f2d657d2\"&gt;https://preview.redd.it/hwhvcu9tqvsa1.jpg?width=837&amp;amp;format=pjpg&amp;amp;auto=webp&amp;amp;s=56032b99db3b3dfe6cb1d1affb78cd18f2d657d2&lt;/a&gt;&lt;/p&gt;\n\n&lt;p&gt;&amp;#x200B;&lt;/p&gt;\n\n&lt;p&gt;&lt;a href=\"https://preview.redd.it/qukz5fnwqvsa1.jpg?width=861&amp;amp;format=pjpg&amp;amp;auto=webp&amp;amp;s=00bc77c5216309562a4f6ad43fddee1a1491d51d\"&gt;https://preview.redd.it/qukz5fnwqvsa1.jpg?width=861&amp;amp;format=pjpg&amp;amp;auto=webp&amp;amp;s=00bc77c5216309562a4f6ad43fddee1a1491d51d&lt;/a&gt;&lt;/p&gt;\n\n&lt;p&gt;im not going to draw any red lines ..ill let wrinkle brains fill in the gaps&lt;/p&gt;\n&lt;/div&gt;&lt;!-- SC_ON --&gt;", "likes": null, "suggested_sort": null, "banned_at_utc": null, "view_count": null, "archived": false, "no_follow": false, "is_crosspostable": false, "pinned": false, "over_18": false, "all_awardings": [], "awarders": [], "media_only": false, "can_gild": false, "spoiler": false, "locked": false, "author_flair_text": "Gif Lord ", "treatment_tags": [], "visited": false, "removed_by": null, "num_reports": null, "distinguished": null, "subreddit_id": "t5_7q5o7y", "author_is_blocked": false, "mod_reason_by": null, "removal_reason": null, "link_flair_background_color": "", "id": "12gn9x6", "is_robot_indexable": true, "report_reasons": null, "author": "NeoRazZ", "discussion_type": null, "num_comments": 9, "send_replies": true, "whitelist_status": "all_ads", "contest_mode": false, "mod_reports": [], "author_patreon_flair": false, "author_flair_text_color": "dark", "permalink": "/r/ThePPShow/comments/12gn9x6/dd_or_tinfoil/", "parent_whitelist_status": "all_ads", "stickied": false, "url": "https://www.reddit.com/r/ThePPShow/comments/12gn9x6/dd_or_tinfoil/", "subreddit_subscribers": 10106, "created_utc": 1681055927.0, "num_crossposts": 0, "media": null, "is_video": false}, {"approved_at_utc": null, "subreddit": "ThePPShow", "selftext": "# I don't know if we have touched on this already BUT:\n\n1.) RC puts out his China Tweet on March 8th, 2023 (or \u201cICAHN\u201d) EDIT: I know it\u2019s Hello or Ni Hao - He welcomed Icahn &amp; the newborn (buybuy)BABY\n\n&amp;#x200B;\n\nhttps://preview.redd.it/yh769kvwovsa1.png?width=1186&amp;format=png&amp;auto=webp&amp;v=enabled&amp;s=dc5a4b7bfaf1a0825cce88fd91054aa4a587e746\n\n2.) 2023 is the year of the Rabbit in China\n\n3.) If you look picture from the calendar you will see at the Auspicious **Events** on March 8, 2023, which are: \\*\\*Wedding (with Icahn), Moving, Cesarean Delivery (is used to deliver a **(buybuy)BABY** through surgical incisions made in the abdomen (BBBY) &amp; **Decorating House.**\n\n&amp;#x200B;\n\nhttps://preview.redd.it/f2io5vjzovsa1.png?width=2502&amp;format=png&amp;auto=webp&amp;v=enabled&amp;s=df194421f0253e62ef210b06eb2746687582f198\n\n&amp;#x200B;\n\n3.) The newest Tweet from Gamestop NFT said \u201cwho doesn't love a good Easter Egg\u201d.\n\n&amp;#x200B;\n\nhttps://preview.redd.it/ombvcar0pvsa1.png?width=1178&amp;format=png&amp;auto=webp&amp;v=enabled&amp;s=449962470f225db4c52a1aab11a9394326b4ec41\n\n4.) The Easter Egg is disguised as a Rabbit. (Y**ear of the rabbit in China/ICAHN**)\n\n5.) What's even more crazy is the goat standing on the obvious handshake.\n\n6.) If you go to the Chinese calendar you see that the **Clash Zodiac Sign March 8th 2023 is the GOAT.**\n\n&amp;#x200B;\n\nhttps://preview.redd.it/ga0gdr03pvsa1.png?width=1310&amp;format=png&amp;auto=webp&amp;v=enabled&amp;s=c4f1dbed81104bdee6e9d5b9d66d66be9214efce\n\n&amp;#x200B;\n\nhttps://preview.redd.it/q22g5di4pvsa1.png?width=1258&amp;format=png&amp;auto=webp&amp;v=enabled&amp;s=7b5686e78ded9ca033d0378f0fa33d34fb356318\n\n7.) People born in a year of the Rabbit are called \u201cRabbits\u201d and are believed to be **vigilant**, **witty**, **quick-minded**, and **ingenious**.\n\n**When there are too many Cohencidences, it\u2019s no longer a coincidence.**", "author_fullname": "t2_w26g9fpr", "saved": false, "mod_reason_title": null, "gilded": 0, "clicked": false, "title": "THIS IS A CRAZY THEORY, BUT I Like My Easter Chocolate Rabbits Wrapped in Tinfoil.", "link_flair_richtext": [], "subreddit_name_prefixed": "r/ThePPShow", "hidden": false, "pwls": 6, "link_flair_css_class": null, "downs": 0, "thumbnail_height": 45, "top_awarded_type": null, "hide_score": false, "media_metadata": {"ombvcar0pvsa1": {"status": "valid", "e": "Image", "m": "image/png", "p": [{"y": 97, "x": 108, "u": "https://preview.redd.it/ombvcar0pvsa1.png?width=108&amp;crop=smart&amp;auto=webp&amp;s=f09c982f3369eccff290d668ed25d0cd6d98df71"}, {"y": 195, "x": 216, "u": "https://preview.redd.it/ombvcar0pvsa1.png?width=216&amp;crop=smart&amp;auto=webp&amp;s=bbfbc74659c0893425cdcb0e436beb94d59d6d61"}, {"y": 289, "x": 320, "u": "https://preview.redd.it/ombvcar0pvsa1.png?width=320&amp;crop=smart&amp;auto=webp&amp;s=3c57d5410f114e69deda7c71f24629825e0eb711"}, {"y": 578, "x": 640, "u": "https://preview.redd.it/ombvcar0pvsa1.png?width=640&amp;crop=smart&amp;auto=webp&amp;s=fee9cd8621420842b89ccbc327baf4609d66baf2"}, {"y": 867, "x": 960, "u": "https://preview.redd.it/ombvcar0pvsa1.png?width=960&amp;crop=smart&amp;auto=webp&amp;s=b3be8bc8fb48f4fd6446551f8cc90ce643bff6a5"}, {"y": 975, "x": 1080, "u": "https://preview.redd.it/ombvcar0pvsa1.png?width=1080&amp;crop=smart&amp;auto=webp&amp;s=edbd6aa8ba6a99ef3e9ba4d26e961cc37b77682a"}], "s": {"y": 1064, "x": 1178, "u": "https://preview.redd.it/ombvcar0pvsa1.png?width=1178&amp;format=png&amp;auto=webp&amp;s=839b00831345465e5f4402394f7922fed516da7f"}, "id": "ombvcar0pvsa1"}, "f2io5vjzovsa1": {"status": "valid", "e": "Image", "m": "image/png", "p": [{"y": 69, "x": 108, "u": "https://preview.redd.it/f2io5vjzovsa1.png?width=108&amp;crop=smart&amp;auto=webp&amp;s=7575209e9fdc72880bc5e3c774ced718170fa719"}, {"y": 138, "x": 216, "u": "https://preview.redd.it/f2io5vjzovsa1.png?width=216&amp;crop=smart&amp;auto=webp&amp;s=ffbf402b46f3bc4ba32a81b11264246745949924"}, {"y": 204, "x": 320, "u": "https://preview.redd.it/f2io5vjzovsa1.png?width=320&amp;crop=smart&amp;auto=webp&amp;s=876f3c10d026f7b5e8a7a31648b147e064015dfe"}, {"y": 409, "x": 640, "u": "https://preview.redd.it/f2io5vjzovsa1.png?width=640&amp;crop=smart&amp;auto=webp&amp;s=8e3285fff6f2cdc20d9ca99f90ad2624027c80a9"}, {"y": 614, "x": 960, "u": "https://preview.redd.it/f2io5vjzovsa1.png?width=960&amp;crop=smart&amp;auto=webp&amp;s=0cb971091421905582f3c4ec2e9522c2e105af01"}, {"y": 691, "x": 1080, "u": "https://preview.redd.it/f2io5vjzovsa1.png?width=1080&amp;crop=smart&amp;auto=webp&amp;s=634198df2bf4d7b5dc7bf88fe3d2075d064a216e"}], "s": {"y": 1602, "x": 2502, "u": "https://preview.redd.it/f2io5vjzovsa1.png?width=2502&amp;format=png&amp;auto=webp&amp;s=5414137d6e5203e91ed1dd3c079a3cc051f648af"}, "id": "f2io5vjzovsa1"}, "ga0gdr03pvsa1": {"status": "valid", "e": "Image", "m": "image/png", "p": [{"y": 14, "x": 108, "u": "https://preview.redd.it/ga0gdr03pvsa1.png?width=108&amp;crop=smart&amp;auto=webp&amp;s=db9e621dfdbea64e8aded643d01acd770a9ae922"}, {"y": 29, "x": 216, "u": "https://preview.redd.it/ga0gdr03pvsa1.png?width=216&amp;crop=smart&amp;auto=webp&amp;s=c21189fad9a153b4c62cb811c64b1da778e4ed2c"}, {"y": 42, "x": 320, "u": "https://preview.redd.it/ga0gdr03pvsa1.png?width=320&amp;crop=smart&amp;auto=webp&amp;s=8531acac3c527b8ece0f502a27282903b700db6c"}, {"y": 85, "x": 640, "u": "https://preview.redd.it/ga0gdr03pvsa1.png?width=640&amp;crop=smart&amp;auto=webp&amp;s=50f74be4c999fac34ef6c3a91a4c7fcc8853b51f"}, {"y": 128, "x": 960, "u": "https://preview.redd.it/ga0gdr03pvsa1.png?width=960&amp;crop=smart&amp;auto=webp&amp;s=f36b42e34df124fd2f88a3b950d8d3bdbd03d60f"}, {"y": 145, "x": 1080, "u": "https://preview.redd.it/ga0gdr03pvsa1.png?width=1080&amp;crop=smart&amp;auto=webp&amp;s=72ff66e9eae52307a8ddecce71354e035517dcd6"}], "s": {"y": 176, "x": 1310, "u": "https://preview.redd.it/ga0gdr03pvsa1.png?width=1310&amp;format=png&amp;auto=webp&amp;s=50d7417bd947ba194dbef17ceb550caa1bddd756"}, "id": "ga0gdr03pvsa1"}, "q22g5di4pvsa1": {"status": "valid", "e": "Image", "m": "image/png", "p": [{"y": 148, "x": 108, "u": "https://preview.redd.it/q22g5di4pvsa1.png?width=108&amp;crop=smart&amp;auto=webp&amp;s=9215cff527f4c7bcfefbdea1f43ed70893d0ce00"}, {"y": 297, "x": 216, "u": "https://preview.redd.it/q22g5di4pvsa1.png?width=216&amp;crop=smart&amp;auto=webp&amp;s=39ff14f99b049428dad0d0bcec951580d9c93d9f"}, {"y": 440, "x": 320, "u": "https://preview.redd.it/q22g5di4pvsa1.png?width=320&amp;crop=smart&amp;auto=webp&amp;s=57d129a332f7810d56aab45026d2d3bb70b95a3e"}, {"y": 880, "x": 640, "u": "https://preview.redd.it/q22g5di4pvsa1.png?width=640&amp;crop=smart&amp;auto=webp&amp;s=f73e947847991cc7bb975941e6ae0ea9885384b7"}, {"y": 1320, "x": 960, "u": "https://preview.redd.it/q22g5di4pvsa1.png?width=960&amp;crop=smart&amp;auto=webp&amp;s=5ddbb5dcfa5ee0b6794e4e6a9619606c171994ba"}, {"y": 1485, "x": 1080, "u": "https://preview.redd.it/q22g5di4pvsa1.png?width=1080&amp;crop=smart&amp;auto=webp&amp;s=493b70e09a6364ed9b6002dce3205c2d3f67a9ea"}], "s": {"y": 1730, "x": 1258, "u": "https://preview.redd.it/q22g5di4pvsa1.png?width=1258&amp;format=png&amp;auto=webp&amp;s=018b33056c03f4080ea22b7bc2910dc53796c231"}, "id": "q22g5di4pvsa1"}, "yh769kvwovsa1": {"status": "valid", "e": "Image", "m": "image/png", "p": [{"y": 35, "x": 108, "u": "https://preview.redd.it/yh769kvwovsa1.png?width=108&amp;crop=smart&amp;auto=webp&amp;s=28861341a673fbb1dc5297eb9fd06ac6aaa80c5b"}, {"y": 70, "x": 216, "u": "https://preview.redd.it/yh769kvwovsa1.png?width=216&amp;crop=smart&amp;auto=webp&amp;s=65e2dac069adb3c7a469b41cf143754bbeceec24"}, {"y": 104, "x": 320, "u": "https://preview.redd.it/yh769kvwovsa1.png?width=320&amp;crop=smart&amp;auto=webp&amp;s=b0eb39e12f7f1ad998ee6da8e5809c4494b7aeb2"}, {"y": 209, "x": 640, "u": "https://preview.redd.it/yh769kvwovsa1.png?width=640&amp;crop=smart&amp;auto=webp&amp;s=55b8fa87419a8087ed1c688fffd2a0faf564b4b2"}, {"y": 314, "x": 960, "u": "https://preview.redd.it/yh769kvwovsa1.png?width=960&amp;crop=smart&amp;auto=webp&amp;s=9418ded9e873769631a4d529270f30d5ae8fd79a"}, {"y": 353, "x": 1080, "u": "https://preview.redd.it/yh769kvwovsa1.png?width=1080&amp;crop=smart&amp;auto=webp&amp;s=e8f9e4f31231f178f76d0a2a2590c04966e817ee"}], "s": {"y": 388, "x": 1186, "u": "https://preview.redd.it/yh769kvwovsa1.png?width=1186&amp;format=png&amp;auto=webp&amp;s=93352958a46067640ae34beefb4e0b3a985ee1ec"}, "id": "yh769kvwovsa1"}}, "name": "t3_12gmqz8", "quarantine": false, "link_flair_text_color": "dark", "upvote_ratio": 0.82, "author_flair_background_color": null, "subreddit_type": "public", "ups": 20, "total_awards_received": 0, "media_embed": {}, "thumbnail_width": 140, "author_flair_template_id": null, "is_original_content": false, "user_reports": [], "secure_media": null, "is_reddit_media_domain": false, "is_meta": false, "category": null, "secure_media_embed": {}, "link_flair_text": null, "can_mod_post": false, "score": 20, "approved_by": null, "is_created_from_ads_ui": false, "author_premium": false, "thumbnail": "https://b.thumbs.redditmedia.com/0Y1I-j6_43kgEOfMrhhWnUpX6vqPUP52_6zPqntQiYY.jpg", "edited": 1681058497.0, "author_flair_css_class": null, "author_flair_richtext": [], "gildings": {}, "post_hint": "self", "content_categories": null, "is_self": true, "mod_note": null, "created": 1681054687.0, "link_flair_type": "text", "wls": 6, "removed_by_category": null, "banned_by": null, "author_flair_type": "text", "domain": "self.ThePPShow", "allow_live_comments": false, "selftext_html": "&lt;!-- SC_OFF --&gt;&lt;div class=\"md\"&gt;&lt;h1&gt;I don&amp;#39;t know if we have touched on this already BUT:&lt;/h1&gt;\n\n&lt;p&gt;1.) RC puts out his China Tweet on March 8th, 2023 (or \u201cICAHN\u201d) EDIT: I know it\u2019s Hello or Ni Hao - He welcomed Icahn &amp;amp; the newborn (buybuy)BABY&lt;/p&gt;\n\n&lt;p&gt;&amp;#x200B;&lt;/p&gt;\n\n&lt;p&gt;&lt;a href=\"https://preview.redd.it/yh769kvwovsa1.png?width=1186&amp;amp;format=png&amp;amp;auto=webp&amp;amp;v=enabled&amp;amp;s=dc5a4b7bfaf1a0825cce88fd91054aa4a587e746\"&gt;https://preview.redd.it/yh769kvwovsa1.png?width=1186&amp;amp;format=png&amp;amp;auto=webp&amp;amp;v=enabled&amp;amp;s=dc5a4b7bfaf1a0825cce88fd91054aa4a587e746&lt;/a&gt;&lt;/p&gt;\n\n&lt;p&gt;2.) 2023 is the year of the Rabbit in China&lt;/p&gt;\n\n&lt;p&gt;3.) If you look picture from the calendar you will see at the Auspicious &lt;strong&gt;Events&lt;/strong&gt; on March 8, 2023, which are: **Wedding (with Icahn), Moving, Cesarean Delivery (is used to deliver a &lt;strong&gt;(buybuy)BABY&lt;/strong&gt; through surgical incisions made in the abdomen (BBBY) &amp;amp; &lt;strong&gt;Decorating House.&lt;/strong&gt;&lt;/p&gt;\n\n&lt;p&gt;&amp;#x200B;&lt;/p&gt;\n\n&lt;p&gt;&lt;a href=\"https://preview.redd.it/f2io5vjzovsa1.png?width=2502&amp;amp;format=png&amp;amp;auto=webp&amp;amp;v=enabled&amp;amp;s=df194421f0253e62ef210b06eb2746687582f198\"&gt;https://preview.redd.it/f2io5vjzovsa1.png?width=2502&amp;amp;format=png&amp;amp;auto=webp&amp;amp;v=enabled&amp;amp;s=df194421f0253e62ef210b06eb2746687582f198&lt;/a&gt;&lt;/p&gt;\n\n&lt;p&gt;&amp;#x200B;&lt;/p&gt;\n\n&lt;p&gt;3.) The newest Tweet from Gamestop NFT said \u201cwho doesn&amp;#39;t love a good Easter Egg\u201d.&lt;/p&gt;\n\n&lt;p&gt;&amp;#x200B;&lt;/p&gt;\n\n&lt;p&gt;&lt;a href=\"https://preview.redd.it/ombvcar0pvsa1.png?width=1178&amp;amp;format=png&amp;amp;auto=webp&amp;amp;v=enabled&amp;amp;s=449962470f225db4c52a1aab11a9394326b4ec41\"&gt;https://preview.redd.it/ombvcar0pvsa1.png?width=1178&amp;amp;format=png&amp;amp;auto=webp&amp;amp;v=enabled&amp;amp;s=449962470f225db4c52a1aab11a9394326b4ec41&lt;/a&gt;&lt;/p&gt;\n\n&lt;p&gt;4.) The Easter Egg is disguised as a Rabbit. (Y&lt;strong&gt;ear of the rabbit in China/ICAHN&lt;/strong&gt;)&lt;/p&gt;\n\n&lt;p&gt;5.) What&amp;#39;s even more crazy is the goat standing on the obvious handshake.&lt;/p&gt;\n\n&lt;p&gt;6.) If you go to the Chinese calendar you see that the &lt;strong&gt;Clash Zodiac Sign March 8th 2023 is the GOAT.&lt;/strong&gt;&lt;/p&gt;\n\n&lt;p&gt;&amp;#x200B;&lt;/p&gt;\n\n&lt;p&gt;&lt;a href=\"https://preview.redd.it/ga0gdr03pvsa1.png?width=1310&amp;amp;format=png&amp;amp;auto=webp&amp;amp;v=enabled&amp;amp;s=c4f1dbed81104bdee6e9d5b9d66d66be9214efce\"&gt;https://preview.redd.it/ga0gdr03pvsa1.png?width=1310&amp;amp;format=png&amp;amp;auto=webp&amp;amp;v=enabled&amp;amp;s=c4f1dbed81104bdee6e9d5b9d66d66be9214efce&lt;/a&gt;&lt;/p&gt;\n\n&lt;p&gt;&amp;#x200B;&lt;/p&gt;\n\n&lt;p&gt;&lt;a href=\"https://preview.redd.it/q22g5di4pvsa1.png?width=1258&amp;amp;format=png&amp;amp;auto=webp&amp;amp;v=enabled&amp;amp;s=7b5686e78ded9ca033d0378f0fa33d34fb356318\"&gt;https://preview.redd.it/q22g5di4pvsa1.png?width=1258&amp;amp;format=png&amp;amp;auto=webp&amp;amp;v=enabled&amp;amp;s=7b5686e78ded9ca033d0378f0fa33d34fb356318&lt;/a&gt;&lt;/p&gt;\n\n&lt;p&gt;7.) People born in a year of the Rabbit are called \u201cRabbits\u201d and are believed to be &lt;strong&gt;vigilant&lt;/strong&gt;, &lt;strong&gt;witty&lt;/strong&gt;, &lt;strong&gt;quick-minded&lt;/strong&gt;, and &lt;strong&gt;ingenious&lt;/strong&gt;.&lt;/p&gt;\n\n&lt;p&gt;&lt;strong&gt;When there are too many Cohencidences, it\u2019s no longer a coincidence.&lt;/strong&gt;&lt;/p&gt;\n&lt;/div&gt;&lt;!-- SC_ON --&gt;", "likes": null, "suggested_sort": null, "banned_at_utc": null, "view_count": null, "archived": false, "no_follow": false, "is_crosspostable": false, "pinned": false, "over_18": false, "preview": {"images": [{"source": {"url": "https://external-preview.redd.it/giKUYE1cHKBiiB2WW2WwDOu-2UCKtoDBiTpL7fiy6-Y.png?auto=webp&amp;s=f421e36ff17179f7c7d9a65c3cb7b5172632cbcb", "width": 1186, "height": 388}, "resolutions": [{"url": "https://external-preview.redd.it/giKUYE1cHKBiiB2WW2WwDOu-2UCKtoDBiTpL7fiy6-Y.png?width=108&amp;crop=smart&amp;auto=webp&amp;s=930ff21470a99b462a9072ec80c5849da7528f64", "width": 108, "height": 35}, {"url": "https://external-preview.redd.it/giKUYE1cHKBiiB2WW2WwDOu-2UCKtoDBiTpL7fiy6-Y.png?width=216&amp;crop=smart&amp;auto=webp&amp;s=e90dc144b029daeb0463de680dfdecbff5b7fa6d", "width": 216, "height": 70}, {"url": "https://external-preview.redd.it/giKUYE1cHKBiiB2WW2WwDOu-2UCKtoDBiTpL7fiy6-Y.png?width=320&amp;crop=smart&amp;auto=webp&amp;s=8fb051d2e6911555175c893e13fd4f73a58104aa", "width": 320, "height": 104}, {"url": "https://external-preview.redd.it/giKUYE1cHKBiiB2WW2WwDOu-2UCKtoDBiTpL7fiy6-Y.png?width=640&amp;crop=smart&amp;auto=webp&amp;s=1553a7087b5bbf375079d025bef990ec24ed08b0", "width": 640, "height": 209}, {"url": "https://external-preview.redd.it/giKUYE1cHKBiiB2WW2WwDOu-2UCKtoDBiTpL7fiy6-Y.png?width=960&amp;crop=smart&amp;auto=webp&amp;s=6c66b981e0593a093978a9fad4d049bd56e303f6", "width": 960, "height": 314}, {"url": "https://external-preview.redd.it/giKUYE1cHKBiiB2WW2WwDOu-2UCKtoDBiTpL7fiy6-Y.png?width=1080&amp;crop=smart&amp;auto=webp&amp;s=2e980df6727ba5636fc470d2e5d6dc267703f698", "width": 1080, "height": 353}], "variants": {}, "id": "B1q4Zo6f6BJ9MHGrq8qwYz4Qn43efU3oQyOVaCNIcYc"}], "enabled": false}, "all_awardings": [], "awarders": [], "media_only": false, "can_gild": false, "spoiler": false, "locked": false, "author_flair_text": null, "treatment_tags": [], "visited": false, "removed_by": null, "num_reports": null, "distinguished": null, "subreddit_id": "t5_7q5o7y", "author_is_blocked": false, "mod_reason_by": null, "removal_reason": null, "link_flair_background_color": "", "id": "12gmqz8", "is_robot_indexable": true, "report_reasons": null, "author": "momoney_noproblems_", "discussion_type": null, "num_comments": 11, "send_replies": true, "whitelist_status": "all_ads", "contest_mode": false, "mod_reports": [], "author_patreon_flair": false, "author_flair_text_color": null, "permalink": "/r/ThePPShow/comments/12gmqz8/this_is_a_crazy_theory_but_i_like_my_easter/", "parent_whitelist_status": "all_ads", "stickied": false, "url": "https://www.reddit.com/r/ThePPShow/comments/12gmqz8/this_is_a_crazy_theory_but_i_like_my_easter/", "subreddit_subscribers": 10106, "created_utc": 1681054687.0, "num_crossposts": 0, "media": null, "is_video": false}, {"approved_at_utc": null, "subreddit": "ThePPShow", "selftext": "[removed]", "user_reports": [], "saved": false, "mod_reason_title": null, "gilded": 0, "clicked": false, "title": "[deleted by user]", "link_flair_richtext": [], "subreddit_name_prefixed": "r/ThePPShow", "hidden": false, "pwls": 6, "link_flair_css_class": null, "downs": 0, "thumbnail_height": null, "top_awarded_type": null, "hide_score": false, "name": "t3_12gmopl", "quarantine": false, "link_flair_text_color": "dark", "upvote_ratio": 1.0, "author_flair_background_color": "", "subreddit_type": "public", "ups": 1, "total_awards_received": 0, "media_embed": {}, "thumbnail_width": null, "author_flair_template_id": null, "is_original_content": false, "secure_media": null, "is_reddit_media_domain": false, "is_meta": false, "category": null, "secure_media_embed": {}, "link_flair_text": null, "can_mod_post": false, "score": 1, "approved_by": null, "is_created_from_ads_ui": false, "thumbnail": "default", "edited": false, "author_flair_css_class": null, "gildings": {}, "content_categories": null, "is_self": true, "mod_note": null, "created": 1681054528.0, "link_flair_type": "text", "wls": 6, "removed_by_category": null, "banned_by": null, "domain": "", "allow_live_comments": false, "selftext_html": "&lt;!-- SC_OFF --&gt;&lt;div class=\"md\"&gt;&lt;p&gt;[removed]&lt;/p&gt;\n&lt;/div&gt;&lt;!-- SC_ON --&gt;", "likes": null, "suggested_sort": null, "banned_at_utc": null, "view_count": null, "archived": false, "no_follow": true, "is_crosspostable": false, "pinned": false, "over_18": false, "all_awardings": [], "awarders": [], "media_only": false, "can_gild": false, "spoiler": false, "locked": false, "author_flair_text": null, "treatment_tags": [], "visited": false, "removed_by": null, "num_reports": null, "distinguished": null, "subreddit_id": "t5_7q5o7y", "author_is_blocked": false, "mod_reason_by": null, "removal_reason": null, "link_flair_background_color": "", "id": "12gmopl", "is_robot_indexable": false, "report_reasons": null, "author": "[deleted]", "discussion_type": null, "num_comments": 0, "send_replies": true, "whitelist_status": "all_ads", "contest_mode": false, "mod_reports": [], "author_flair_text_color": "dark", "permalink": "/r/ThePPShow/comments/12gmopl/deleted_by_user/", "parent_whitelist_status": "all_ads", "stickied": false, "url": "", "subreddit_subscribers": 10106, "created_utc": 1681054528.0, "num_crossposts": 0, "media": null, "is_video": false}, {"subreddit": "ThePPShow", "selftext": "I don't know if we have touched on this already BUT:\n\n1.) RC tweets China on March 8th, 2023 (or \u201cICAHN\u201d)\n\n2.) 2023 is the year of the Rabbit in China\n\n3.) If you look picture from the calendar you will see at the Auspicious **Events** on March 8, 2023, which are: **Wedding, Moving, Cesarean Delivery (**is used to deliver a **(buybuy)BABY** through surgical incisions made in the abdomen (BBBY) &amp; **Decorating House.**\n\n3.) The newest Tweet from Gamestop NFT said \u201cwho doesn't love a good Easter Egg\u201d.\n\n4.) The Easter Egg is disguised as a Rabbit. (Y**ear of the rabbit in China/ICAHN**)\n\n5.) What's even more crazy is the goat standing on the obvious handshake.\n\n6.) If you go to the Chinese calendar you see that the **Clash Zodiac Sign March 8th 2023 is the GOAT.** \n\n7.) People born in a year of the Rabbit are called \u201cRabbits\u201d and are believed to be **vigilant**, **witty**, **quick-minded**, and **ingenious**.\n\n**When there are too many Cohencidences, it\u2019s no longer a coincidence.**", "author_fullname": "t2_w26g9fpr", "gilded": 0, "title": "THIS IS A CRAZY THEORY, BUT I Like My Easter Chocolate Rabbits Wrapped in Tinfoil.", "link_flair_richtext": [], "subreddit_name_prefixed": "r/ThePPShow", "hidden": false, "pwls": null, "link_flair_css_class": null, "thumbnail_height": null, "top_awarded_type": null, "hide_score": true, "quarantine": false, "link_flair_text_color": "dark", "upvote_ratio": 1.0, "author_flair_background_color": null, "subreddit_type": "public", "total_awards_received": 0, "media_embed": {}, "thumbnail_width": null, "author_flair_template_id": null, "is_original_content": false, "secure_media": null, "is_reddit_media_domain": false, "is_meta": false, "category": null, "secure_media_embed": {}, "link_flair_text": null, "score": 1, "is_created_from_ads_ui": false, "author_premium": false, "thumbnail": "self", "edited": false, "author_flair_css_class": null, "author_flair_richtext": [], "gildings": {}, "content_categories": null, "is_self": true, "link_flair_type": "text", "wls": null, "removed_by_category": null, "author_flair_type": "text", "domain": "self.ThePPShow", "allow_live_comments": false, "suggested_sort": null, "view_count": null, "archived": false, "no_follow": true, "is_crosspostable": true, "pinned": false, "over_18": false, "all_awardings": [], "awarders": [], "media_only": false, "can_gild": true, "spoiler": false, "locked": false, "author_flair_text": null, "treatment_tags": [], "removed_by": null, "distinguished": null, "subreddit_id": "t5_7q5o7y", "link_flair_background_color": "", "id": "12gmopl", "is_robot_indexable": true, "author": "momoney_noproblems_", "discussion_type": null, "num_comments": 0, "send_replies": true, "whitelist_status": null, "contest_mode": false, "author_patreon_flair": false, "author_flair_text_color": null, "permalink": "/r/ThePPShow/comments/12gmopl/this_is_a_crazy_theory_but_i_like_my_easter/", "parent_whitelist_status": null, "stickied": false, "url": "https://www.reddit.com/r/ThePPShow/comments/12gmopl/this_is_a_crazy_theory_but_i_like_my_easter/", "subreddit_subscribers": 1243, "created_utc": 1681054528, "num_crossposts": 0, "media": null, "is_video": false, "retrieved_utc": 1681054545, "updated_utc": 1681054546, "utc_datetime_str": "2023-04-09 15:35:28"}, {"approved_at_utc": null, "subreddit": "ThePPShow", "selftext": "[removed]", "user_reports": [], "saved": false, "mod_reason_title": null, "gilded": 0, "clicked": false, "title": "[deleted by user]", "link_flair_richtext": [], "subreddit_name_prefixed": "r/ThePPShow", "hidden": false, "pwls": 6, "link_flair_css_class": null, "downs": 0, "thumbnail_height": null, "top_awarded_type": null, "hide_score": false, "name": "t3_12glja5", "quarantine": false, "link_flair_text_color": "dark", "upvote_ratio": 0.87, "author_flair_background_color": "", "subreddit_type": "public", "ups": 12, "total_awards_received": 0, "media_embed": {}, "thumbnail_width": null, "author_flair_template_id": null, "is_original_content": false, "secure_media": null, "is_reddit_media_domain": false, "is_meta": false, "category": null, "secure_media_embed": {}, "link_flair_text": null, "can_mod_post": false, "score": 12, "approved_by": null, "is_created_from_ads_ui": false, "thumbnail": "default", "edited": false, "author_flair_css_class": null, "gildings": {}, "content_categories": null, "is_self": true, "mod_note": null, "created": 1681051800.0, "link_flair_type": "text", "wls": 6, "removed_by_category": null, "banned_by": null, "domain": "", "allow_live_comments": false, "selftext_html": "&lt;!-- SC_OFF --&gt;&lt;div class=\"md\"&gt;&lt;p&gt;[removed]&lt;/p&gt;\n&lt;/div&gt;&lt;!-- SC_ON --&gt;", "likes": null, "suggested_sort": null, "banned_at_utc": null, "view_count": null, "archived": false, "no_follow": false, "is_crosspostable": false, "pinned": false, "over_18": false, "all_awardings": [], "awarders": [], "media_only": false, "can_gild": false, "spoiler": false, "locked": false, "author_flair_text": null, "treatment_tags": [], "visited": false, "removed_by": null, "num_reports": null, "distinguished": null, "subreddit_id": "t5_7q5o7y", "author_is_blocked": false, "mod_reason_by": null, "removal_reason": null, "link_flair_background_color": "", "id": "12glja5", "is_robot_indexable": false, "report_reasons": null, "author": "[deleted]", "discussion_type": null, "num_comments": 3, "send_replies": true, "whitelist_status": "all_ads", "contest_mode": false, "mod_reports": [], "author_flair_text_color": "dark", "permalink": "/r/ThePPShow/comments/12glja5/deleted_by_user/", "parent_whitelist_status": "all_ads", "stickied": false, "url": "", "subreddit_subscribers": 10106, "created_utc": 1681051800.0, "num_crossposts": 0, "media": null, "is_video": false}, {"subreddit": "ThePPShow", "selftext": "", "author_fullname": "t2_vk2nwkma", "gilded": 0, "is_gallery": true, "title": "Who's the MACDaddy? These are weekly candles - why has the MACD stayed so flat and even had a green oscillator through the sub $1 plunge? It didn't even cross under the signal line. The downward move from March to July 2022 had a big downward swooping effect on MACD.", "link_flair_richtext": [], "subreddit_name_prefixed": "r/ThePPShow", "hidden": false, "pwls": null, "link_flair_css_class": null, "thumbnail_height": 107, "top_awarded_type": null, "hide_score": true, "media_metadata": {"6bppr5pkfvsa1": {"status": "valid", "e": "Image", "m": "image/png", "p": [{"y": 77, "x": 108, "u": "https://preview.redd.it/6bppr5pkfvsa1.png?width=108&amp;crop=smart&amp;auto=webp&amp;v=enabled&amp;s=bfab5eb85c4a5ad85051d6a72c6988b0e35ab79b"}, {"y": 155, "x": 216, "u": "https://preview.redd.it/6bppr5pkfvsa1.png?width=216&amp;crop=smart&amp;auto=webp&amp;v=enabled&amp;s=110ec7be8a55381897c17fa0e4cbb232569faa77"}, {"y": 229, "x": 320, "u": "https://preview.redd.it/6bppr5pkfvsa1.png?width=320&amp;crop=smart&amp;auto=webp&amp;v=enabled&amp;s=df024307250fe610579d8767e5ff73a9c06a3eb0"}, {"y": 459, "x": 640, "u": "https://preview.redd.it/6bppr5pkfvsa1.png?width=640&amp;crop=smart&amp;auto=webp&amp;v=enabled&amp;s=46a568f2f951f310e916bc1c509cc305cd00bd40"}, {"y": 689, "x": 960, "u": "https://preview.redd.it/6bppr5pkfvsa1.png?width=960&amp;crop=smart&amp;auto=webp&amp;v=enabled&amp;s=982e6d72bec51c7afb6ed236eea97fedb9b5556e"}, {"y": 775, "x": 1080, "u": "https://preview.redd.it/6bppr5pkfvsa1.png?width=1080&amp;crop=smart&amp;auto=webp&amp;v=enabled&amp;s=fab0c5dc8626ed5c0bed6d59d9315fbda7bd3b7b"}], "s": {"y": 887, "x": 1235, "u": "https://preview.redd.it/6bppr5pkfvsa1.png?width=1235&amp;format=png&amp;auto=webp&amp;v=enabled&amp;s=bb924e4cce51151d34d0398ca9cb65825f2b7cb1"}, "id": "6bppr5pkfvsa1"}, "i6osldoifvsa1": {"status": "valid", "e": "Image", "m": "image/png", "p": [{"y": 82, "x": 108, "u": "https://preview.redd.it/i6osldoifvsa1.png?width=108&amp;crop=smart&amp;auto=webp&amp;v=enabled&amp;s=a5ec4e5e5a684c2796e6968ade2039eeb7cb34c9"}, {"y": 165, "x": 216, "u": "https://preview.redd.it/i6osldoifvsa1.png?width=216&amp;crop=smart&amp;auto=webp&amp;v=enabled&amp;s=560d5385b152e964b0c405c69dbf4018e5225e8f"}, {"y": 244, "x": 320, "u": "https://preview.redd.it/i6osldoifvsa1.png?width=320&amp;crop=smart&amp;auto=webp&amp;v=enabled&amp;s=9e21ed03df8c14277b7c6c45340a21174a10c63b"}, {"y": 489, "x": 640, "u": "https://preview.redd.it/i6osldoifvsa1.png?width=640&amp;crop=smart&amp;auto=webp&amp;v=enabled&amp;s=8e0270b5180c2140703444af5656e0ec0371c82b"}, {"y": 734, "x": 960, "u": "https://preview.redd.it/i6osldoifvsa1.png?width=960&amp;crop=smart&amp;auto=webp&amp;v=enabled&amp;s=3332bc5f98d19352663c9c4d3b77c1bd2c3d266e"}, {"y": 825, "x": 1080, "u": "https://preview.redd.it/i6osldoifvsa1.png?width=1080&amp;crop=smart&amp;auto=webp&amp;v=enabled&amp;s=a6228c88029c741c0677bf40d43932711dafc7eb"}], "s": {"y": 829, "x": 1084, "u": "https://preview.redd.it/i6osldoifvsa1.png?width=1084&amp;format=png&amp;auto=webp&amp;v=enabled&amp;s=fe1a3004192ffa9442f5132f637140a92fd3b31a"}, "id": "i6osldoifvsa1"}, "9d9hmyu2gvsa1": {"status": "valid", "e": "Image", "m": "image/png", "p": [{"y": 93, "x": 108, "u": "https://preview.redd.it/9d9hmyu2gvsa1.png?width=108&amp;crop=smart&amp;auto=webp&amp;v=enabled&amp;s=2e81425761382fd4a632c5e1f1f53ebbcc64d7f7"}, {"y": 187, "x": 216, "u": "https://preview.redd.it/9d9hmyu2gvsa1.png?width=216&amp;crop=smart&amp;auto=webp&amp;v=enabled&amp;s=f9201567cf70a2001867e2963faf38140c0e2ceb"}, {"y": 277, "x": 320, "u": "https://preview.redd.it/9d9hmyu2gvsa1.png?width=320&amp;crop=smart&amp;auto=webp&amp;v=enabled&amp;s=5dee3cc210058c8f92ff23339228102e4166db3e"}, {"y": 555, "x": 640, "u": "https://preview.redd.it/9d9hmyu2gvsa1.png?width=640&amp;crop=smart&amp;auto=webp&amp;v=enabled&amp;s=dfdb5829438256e441552a539b6d7c4d64399035"}, {"y": 833, "x": 960, "u": "https://preview.redd.it/9d9hmyu2gvsa1.png?width=960&amp;crop=smart&amp;auto=webp&amp;v=enabled&amp;s=036913b70560e3e63fd7634e4ebc2cdb1218dc37"}], "s": {"y": 917, "x": 1056, "u": "https://preview.redd.it/9d9hmyu2gvsa1.png?width=1056&amp;format=png&amp;auto=webp&amp;v=enabled&amp;s=c1ef18f593dbe1144b77fc842f48ecd65e0f3151"}, "id": "9d9hmyu2gvsa1"}}, "quarantine": false, "link_flair_text_color": "dark", "upvote_ratio": 1.0, "author_flair_background_color": null, "domain": "reddit.com", "media_embed": {}, "thumbnail_width": 140, "author_flair_template_id": null, "is_original_content": false, "secure_media": null, "is_reddit_media_domain": false, "is_meta": false, "category": null, "secure_media_embed": {}, "gallery_data": {"items": [{"caption": "Weekly Candles - If you look at the august spike - MACD is still more or less even with when we were at 27ish?", "media_id": "i6osldoifvsa1", "id": 261430798}, {"caption": "zoomed weekly candles - that entire move didn't even cross under the signal line (blue under tan)     WTF?", "media_id": "6bppr5pkfvsa1", "id": 261430799}, {"caption": "These are daily candles - which seems ridiculous because MACD should be even more sensitive on a shorter timeframe and show some Drill Team 6 action as we've plunged below $1.", "media_id": "9d9hmyu2gvsa1", "id": 261430800}]}, "link_flair_text": null, "score": 1, "is_created_from_ads_ui": false, "author_premium": false, "thumbnail": "https://b.thumbs.redditmedia.com/DkqOm5GAMR5FV8lHf27PmbNy54uRRdSGSf3mSMIpC3k.jpg", "edited": false, "author_flair_css_class": null, "author_flair_richtext": [], "gildings": {}, "content_categories": null, "is_self": false, "subreddit_type": "public", "link_flair_type": "text", "wls": null, "removed_by_category": null, "author_flair_type": "text", "total_awards_received": 0, "allow_live_comments": false, "suggested_sort": null, "url_overridden_by_dest": "https://www.reddit.com/gallery/12glja5", "view_count": null, "archived": false, "no_follow": true, "is_crosspostable": true, "pinned": false, "over_18": false, "all_awardings": [], "awarders": [], "media_only": false, "can_gild": true, "spoiler": false, "locked": false, "author_flair_text": null, "treatment_tags": [], "removed_by": null, "distinguished": null, "subreddit_id": "t5_7q5o7y", "link_flair_background_color": "", "id": "12glja5", "is_robot_indexable": true, "author": "Got_A_Turtle_Head", "discussion_type": null, "num_comments": 0, "send_replies": true, "whitelist_status": null, "contest_mode": false, "author_patreon_flair": false, "author_flair_text_color": null, "permalink": "/r/ThePPShow/comments/12glja5/whos_the_macdaddy_these_are_weekly_candles_why/", "parent_whitelist_status": null, "stickied": false, "url": "https://www.reddit.com/gallery/12glja5", "subreddit_subscribers": 1243, "created_utc": 1681051800, "num_crossposts": 0, "media": null, "is_video": false, "retrieved_utc": 1681051813, "updated_utc": 1681051814, "utc_datetime_str": "2023-04-09 14:50:00"}, {"approved_at_utc": null, "subreddit": "ThePPShow", "selftext": "[removed]", "user_reports": [], "saved": false, "mod_reason_title": null, "gilded": 0, "clicked": false, "title": "[deleted by user]", "link_flair_richtext": [], "subreddit_name_prefixed": "r/ThePPShow", "hidden": false, "pwls": 6, "link_flair_css_class": null, "downs": 0, "thumbnail_height": 0, "top_awarded_type": null, "hide_score": false, "name": "t3_12ga6py", "quarantine": false, "link_flair_text_color": "dark", "upvote_ratio": 0.82, "author_flair_background_color": "", "subreddit_type": "public", "ups": 7, "total_awards_received": 0, "media_embed": {}, "thumbnail_width": 0, "author_flair_template_id": null, "is_original_content": false, "secure_media": null, "is_reddit_media_domain": false, "is_meta": false, "category": null, "secure_media_embed": {}, "link_flair_text": null, "can_mod_post": false, "score": 7, "approved_by": null, "is_created_from_ads_ui": false, "thumbnail": "default", "edited": false, "author_flair_css_class": null, "gildings": {}, "content_categories": null, "is_self": true, "mod_note": null, "created": 1681018796.0, "link_flair_type": "text", "wls": 6, "removed_by_category": null, "banned_by": null, "domain": "", "allow_live_comments": false, "selftext_html": "&lt;!-- SC_OFF --&gt;&lt;div class=\"md\"&gt;&lt;p&gt;[removed]&lt;/p&gt;\n&lt;/div&gt;&lt;!-- SC_ON --&gt;", "likes": null, "suggested_sort": null, "banned_at_utc": null, "view_count": null, "archived": false, "no_follow": true, "is_crosspostable": false, "pinned": false, "over_18": false, "all_awardings": [], "awarders": [], "media_only": false, "can_gild": false, "spoiler": false, "locked": false, "author_flair_text": null, "treatment_tags": [], "visited": false, "removed_by": null, "num_reports": null, "distinguished": null, "subreddit_id": "t5_7q5o7y", "author_is_blocked": false, "mod_reason_by": null, "removal_reason": null, "link_flair_background_color": "", "id": "12ga6py", "is_robot_indexable": false, "report_reasons": null, "author": "[deleted]", "discussion_type": null, "num_comments": 2, "send_replies": true, "whitelist_status": "all_ads", "contest_mode": false, "mod_reports": [], "author_flair_text_color": "dark", "permalink": "/r/ThePPShow/comments/12ga6py/deleted_by_user/", "parent_whitelist_status": "all_ads", "stickied": false, "url": "", "subreddit_subscribers": 10106, "created_utc": 1681018796.0, "num_crossposts": 0, "media": null, "is_video": false}, {"subreddit": "ThePPShow", "selftext": "", "author_fullname": "t2_k3oyb1yt", "gilded": 0, "title": "IYKYK... I fucking love billionaire shitposters.", "link_flair_richtext": [], "subreddit_name_prefixed": "r/ThePPShow", "hidden": false, "pwls": null, "link_flair_css_class": null, "thumbnail_height": 78, "top_awarded_type": null, "hide_score": true, "quarantine": false, "link_flair_text_color": "dark", "upvote_ratio": 1.0, "author_flair_background_color": null, "subreddit_type": "public", "total_awards_received": 0, "media_embed": {}, "thumbnail_width": 140, "author_flair_template_id": null, "is_original_content": false, "secure_media": null, "is_reddit_media_domain": false, "is_meta": false, "category": null, "secure_media_embed": {}, "link_flair_text": null, "score": 1, "is_created_from_ads_ui": false, "author_premium": false, "thumbnail": "https://a.thumbs.redditmedia.com/46AnXOQHY1byaEXiSZM74q4Ajf9W-uUW1sltyZGa1S0.jpg", "edited": false, "author_flair_css_class": null, "author_flair_richtext": [], "gildings": {}, "post_hint": "link", "content_categories": null, "is_self": false, "link_flair_type": "text", "wls": null, "removed_by_category": null, "author_flair_type": "text", "domain": "m.youtube.com", "allow_live_comments": false, "suggested_sort": null, "url_overridden_by_dest": "https://m.youtube.com/watch?v=dE1P4zDhhqw", "view_count": null, "archived": false, "no_follow": true, "is_crosspostable": true, "pinned": false, "over_18": false, "preview": {"images": [{"source": {"url": "https://external-preview.redd.it/wHe_OCZSeWzFxsrN0wKDE4GQ8wt4ciO-0GMuzW6D234.jpg?auto=webp&amp;v=enabled&amp;s=360a37f867b841fcf3603160600f7f50f0755c23", "width": 1280, "height": 720}, "resolutions": [{"url": "https://external-preview.redd.it/wHe_OCZSeWzFxsrN0wKDE4GQ8wt4ciO-0GMuzW6D234.jpg?width=108&amp;crop=smart&amp;auto=webp&amp;v=enabled&amp;s=2f16c8b543cbeb28c885d43c6f81b9e5d09c6a86", "width": 108, "height": 60}, {"url": "https://external-preview.redd.it/wHe_OCZSeWzFxsrN0wKDE4GQ8wt4ciO-0GMuzW6D234.jpg?width=216&amp;crop=smart&amp;auto=webp&amp;v=enabled&amp;s=d86bdd7486b1a22ff83e3ac86bd471f6f7792b7b", "width": 216, "height": 121}, {"url": "https://external-preview.redd.it/wHe_OCZSeWzFxsrN0wKDE4GQ8wt4ciO-0GMuzW6D234.jpg?width=320&amp;crop=smart&amp;auto=webp&amp;v=enabled&amp;s=7fed4d286c817778ca8914bbad1546fdf84eabfe", "width": 320, "height": 180}, {"url": "https://external-preview.redd.it/wHe_OCZSeWzFxsrN0wKDE4GQ8wt4ciO-0GMuzW6D234.jpg?width=640&amp;crop=smart&amp;auto=webp&amp;v=enabled&amp;s=7d5030c69c8b59d87ea86d0312391d0ec6060298", "width": 640, "height": 360}, {"url": "https://external-preview.redd.it/wHe_OCZSeWzFxsrN0wKDE4GQ8wt4ciO-0GMuzW6D234.jpg?width=960&amp;crop=smart&amp;auto=webp&amp;v=enabled&amp;s=9c3a0ff3b1c56025051b978df530ade651585657", "width": 960, "height": 540}, {"url": "https://external-preview.redd.it/wHe_OCZSeWzFxsrN0wKDE4GQ8wt4ciO-0GMuzW6D234.jpg?width=1080&amp;crop=smart&amp;auto=webp&amp;v=enabled&amp;s=33e9d44b38a56ca51ad6ac5f2ad00aba18f4adc8", "width": 1080, "height": 607}], "variants": {}, "id": "D4vBcXDdEtJ9x4CYLGkk_R37mBVh-9-FwhZGI6Dwk9w"}], "enabled": false}, "all_awardings": [], "awarders": [], "media_only": false, "can_gild": true, "spoiler": false, "locked": false, "author_flair_text": null, "treatment_tags": [], "removed_by": null, "distinguished": null, "subreddit_id": "t5_7q5o7y", "link_flair_background_color": "", "id": "12ga6py", "is_robot_indexable": true, "author": "IgnobleVictory", "discussion_type": null, "num_comments": 0, "send_replies": false, "whitelist_status": null, "contest_mode": false, "author_patreon_flair": false, "author_flair_text_color": null, "permalink": "/r/ThePPShow/comments/12ga6py/iykyk_i_fucking_love_billionaire_shitposters/", "parent_whitelist_status": null, "stickied": false, "url": "https://m.youtube.com/watch?v=dE1P4zDhhqw", "subreddit_subscribers": 1240, "created_utc": 1681018796, "num_crossposts": 0, "media": null, "is_video": false, "retrieved_utc": 1681018810, "updated_utc": 1681018811, "utc_datetime_str": "2023-04-09 05:39:56"}, {"approved_at_utc": null, "subreddit": "ThePPShow", "selftext": "", "user_reports": [], "saved": false, "mod_reason_title": null, "gilded": 0, "clicked": false, "title": "A Passover Tale: BBBY Filings Revisited, pt 1", "link_flair_richtext": [], "subreddit_name_prefixed": "r/ThePPShow", "hidden": false, "pwls": 6, "link_flair_css_class": null, "downs": 0, "thumbnail_height": 87, "top_awarded_type": null, "hide_score": false, "name": "t3_12g7s2w", "quarantine": false, "link_flair_text_color": "dark", "upvote_ratio": 0.76, "author_flair_background_color": null, "subreddit_type": "public", "ups": 9, "total_awards_received": 0, "media_embed": {}, "thumbnail_width": 140, "author_flair_template_id": null, "is_original_content": false, "author_fullname": "t2_rse84me", "secure_media": null, "is_reddit_media_domain": false, "is_meta": false, "category": null, "secure_media_embed": {}, "link_flair_text": null, "can_mod_post": false, "score": 9, "approved_by": null, "is_created_from_ads_ui": false, "author_premium": false, "thumbnail": "https://b.thumbs.redditmedia.com/2cpcaLQp4E1vytD-Biu22eZNZGgJ96T_5seyS5nkGXA.jpg", "edited": false, "author_flair_css_class": null, "author_flair_richtext": [], "gildings": {}, "post_hint": "link", "content_categories": null, "is_self": false, "mod_note": null, "crosspost_parent_list": [{"approved_at_utc": null, "subreddit": "BBBY", "selftext": "[removed]", "author_fullname": "t2_rse84me", "saved": false, "mod_reason_title": null, "gilded": 0, "clicked": false, "title": "A Passover Tale: BBBY Filings Revisited, pt 1", "link_flair_richtext": [], "subreddit_name_prefixed": "r/BBBY", "hidden": false, "pwls": 6, "link_flair_css_class": "", "downs": 0, "thumbnail_height": 77, "top_awarded_type": null, "hide_score": false, "media_metadata": null, "name": "t3_12g7qmy", "quarantine": false, "link_flair_text_color": "dark", "upvote_ratio": 0.88, "author_flair_background_color": null, "subreddit_type": "public", "ups": 24, "total_awards_received": 0, "media_embed": {}, "thumbnail_width": 140, "author_flair_template_id": null, "is_original_content": false, "user_reports": [], "secure_media": null, "is_reddit_media_domain": false, "is_meta": false, "category": null, "secure_media_embed": {}, "link_flair_text": "\ud83e\udd14 Speculation / Opinion", "can_mod_post": false, "score": 24, "approved_by": null, "is_created_from_ads_ui": false, "author_premium": false, "thumbnail": "default", "edited": 1681015383.0, "author_flair_css_class": null, "author_flair_richtext": [], "gildings": {}, "content_categories": null, "is_self": true, "mod_note": null, "created": 1681011650.0, "link_flair_type": "text", "wls": 6, "removed_by_category": "moderator", "banned_by": null, "author_flair_type": "text", "domain": "self.BBBY", "allow_live_comments": false, "selftext_html": "&lt;!-- SC_OFF --&gt;&lt;div class=\"md\"&gt;&lt;p&gt;[removed]&lt;/p&gt;\n&lt;/div&gt;&lt;!-- SC_ON --&gt;", "likes": null, "suggested_sort": null, "banned_at_utc": null, "view_count": null, "archived": false, "no_follow": true, "is_crosspostable": false, "pinned": false, "over_18": false, "all_awardings": [], "awarders": [], "media_only": false, "link_flair_template_id": "4fe0d610-d6d3-11ec-9f0b-02abe9284534", "can_gild": false, "spoiler": false, "locked": false, "author_flair_text": null, "treatment_tags": [], "visited": false, "removed_by": null, "num_reports": null, "distinguished": null, "subreddit_id": "t5_3q5hel", "author_is_blocked": false, "mod_reason_by": null, "removal_reason": null, "link_flair_background_color": "#46d160", "id": "12g7qmy", "is_robot_indexable": false, "report_reasons": null, "author": "hunting_snipes", "discussion_type": null, "num_comments": 22, "send_replies": true, "whitelist_status": "all_ads", "contest_mode": false, "mod_reports": [], "author_patreon_flair": false, "author_flair_text_color": null, "permalink": "/r/BBBY/comments/12g7qmy/a_passover_tale_bbby_filings_revisited_pt_1/", "parent_whitelist_status": "all_ads", "stickied": false, "url": "https://www.reddit.com/r/BBBY/comments/12g7qmy/a_passover_tale_bbby_filings_revisited_pt_1/", "subreddit_subscribers": 68562, "created_utc": 1681011650.0, "num_crossposts": 2, "media": null, "is_video": false}], "created": 1681011756.0, "link_flair_type": "text", "wls": 6, "removed_by_category": null, "banned_by": null, "author_flair_type": "text", "domain": "self.BBBY", "allow_live_comments": false, "selftext_html": null, "likes": null, "suggested_sort": null, "banned_at_utc": null, "url_overridden_by_dest": "/r/BBBY/comments/12g7qmy/a_passover_tale_bbby_filings_revisited_pt_1/", "view_count": null, "archived": false, "no_follow": false, "is_crosspostable": false, "pinned": false, "over_18": false, "preview": {"images": [{"source": {"url": "https://external-preview.redd.it/LsLN170xZR5ewRkS5id9P1pWbL598ZyaPY5n9jlXPi0.jpg?auto=webp&amp;s=6100348c16f4151007c5eed20c9a7e9948d1a2ca", "width": 660, "height": 367}, "resolutions": [{"url": "https://external-preview.redd.it/LsLN170xZR5ewRkS5id9P1pWbL598ZyaPY5n9jlXPi0.jpg?width=108&amp;crop=smart&amp;auto=webp&amp;s=eedb32eb30a4f596ec7509a9f38bdbfa499ec196", "width": 108, "height": 60}, {"url": "https://external-preview.redd.it/LsLN170xZR5ewRkS5id9P1pWbL598ZyaPY5n9jlXPi0.jpg?width=216&amp;crop=smart&amp;auto=webp&amp;s=180777f86b75732c3ef43e887c89c4912383a0ce", "width": 216, "height": 120}, {"url": "https://external-preview.redd.it/LsLN170xZR5ewRkS5id9P1pWbL598ZyaPY5n9jlXPi0.jpg?width=320&amp;crop=smart&amp;auto=webp&amp;s=e5518d04085c5b44ceec887719c0212309ff9491", "width": 320, "height": 177}, {"url": "https://external-preview.redd.it/LsLN170xZR5ewRkS5id9P1pWbL598ZyaPY5n9jlXPi0.jpg?width=640&amp;crop=smart&amp;auto=webp&amp;s=9811e2781cffdcea87a098153fce9a131dcba894", "width": 640, "height": 355}], "variants": {}, "id": "xeLsuEqQqUugQCpp7wQCpnWhtWQyaYpx2sF_4RT_s40"}], "enabled": false}, "all_awardings": [], "awarders": [], "media_only": false, "can_gild": false, "spoiler": false, "locked": false, "author_flair_text": null, "treatment_tags": [], "visited": false, "removed_by": null, "num_reports": null, "distinguished": null, "subreddit_id": "t5_7q5o7y", "author_is_blocked": false, "mod_reason_by": null, "removal_reason": null, "link_flair_background_color": "", "id": "12g7s2w", "is_robot_indexable": true, "report_reasons": null, "author": "hunting_snipes", "discussion_type": null, "num_comments": 11, "send_replies": true, "whitelist_status": "all_ads", "contest_mode": false, "mod_reports": [], "author_patreon_flair": false, "crosspost_parent": "t3_12g7qmy", "author_flair_text_color": null, "permalink": "/r/ThePPShow/comments/12g7s2w/a_passover_tale_bbby_filings_revisited_pt_1/", "parent_whitelist_status": "all_ads", "stickied": false, "url": "/r/BBBY/comments/12g7qmy/a_passover_tale_bbby_filings_revisited_pt_1/", "subreddit_subscribers": 10106, "created_utc": 1681011756.0, "num_crossposts": 0, "media": null, "is_video": false}, {"approved_at_utc": null, "subreddit": "ThePPShow", "selftext": "It\u2019s pretty simple, Buy and Hold and then Buy some more and Hold some more. Lol\n\nI likey the towel stock. \n\nFor context,\n\nI had a relatively sus DM come to me, but I checked the name offered in the message and referenced post history. The name checked out on Google and the post history would track if the said person is a reporter. I just hope they read the Roach memes and all the tinfoil and realized what a cultured individual I am. Lol just think it\u2019s interesting/curious that WSJ wants to talk to me and/or us in general. I didn\u2019t respond back directly for comment and people familiar with the matter have very jacked tits.", "author_fullname": "t2_9gjv5520", "saved": false, "mod_reason_title": null, "gilded": 0, "clicked": false, "title": "If the WSJ reporter that tried to message me about my trading strategies reads this", "link_flair_richtext": [], "subreddit_name_prefixed": "r/ThePPShow", "hidden": false, "pwls": 6, "link_flair_css_class": null, "downs": 0, "thumbnail_height": null, "top_awarded_type": null, "hide_score": false, "name": "t3_12g5v7s", "quarantine": false, "link_flair_text_color": "dark", "upvote_ratio": 0.92, "author_flair_background_color": "", "subreddit_type": "public", "ups": 27, "total_awards_received": 0, "media_embed": {}, "thumbnail_width": null, "author_flair_template_id": null, "is_original_content": false, "user_reports": [], "secure_media": null, "is_reddit_media_domain": false, "is_meta": false, "category": null, "secure_media_embed": {}, "link_flair_text": null, "can_mod_post": false, "score": 27, "approved_by": null, "is_created_from_ads_ui": false, "author_premium": false, "thumbnail": "self", "edited": false, "author_flair_css_class": null, "author_flair_richtext": [{"e": "text", "t": "I'm a grownup"}], "gildings": {}, "content_categories": null, "is_self": true, "mod_note": null, "created": 1681006576.0, "link_flair_type": "text", "wls": 6, "removed_by_category": null, "banned_by": null, "author_flair_type": "richtext", "domain": "self.ThePPShow", "allow_live_comments": false, "selftext_html": "&lt;!-- SC_OFF --&gt;&lt;div class=\"md\"&gt;&lt;p&gt;It\u2019s pretty simple, Buy and Hold and then Buy some more and Hold some more. Lol&lt;/p&gt;\n\n&lt;p&gt;I likey the towel stock. &lt;/p&gt;\n\n&lt;p&gt;For context,&lt;/p&gt;\n\n&lt;p&gt;I had a relatively sus DM come to me, but I checked the name offered in the message and referenced post history. The name checked out on Google and the post history would track if the said person is a reporter. I just hope they read the Roach memes and all the tinfoil and realized what a cultured individual I am. Lol just think it\u2019s interesting/curious that WSJ wants to talk to me and/or us in general. I didn\u2019t respond back directly for comment and people familiar with the matter have very jacked tits.&lt;/p&gt;\n&lt;/div&gt;&lt;!-- SC_ON --&gt;", "likes": null, "suggested_sort": null, "banned_at_utc": null, "view_count": null, "archived": false, "no_follow": false, "is_crosspostable": false, "pinned": false, "over_18": false, "all_awardings": [], "awarders": [], "media_only": false, "can_gild": false, "spoiler": false, "locked": false, "author_flair_text": "I'm a grownup", "treatment_tags": [], "visited": false, "removed_by": null, "num_reports": null, "distinguished": null, "subreddit_id": "t5_7q5o7y", "author_is_blocked": false, "mod_reason_by": null, "removal_reason": null, "link_flair_background_color": "", "id": "12g5v7s", "is_robot_indexable": true, "report_reasons": null, "author": "The_Brand94", "discussion_type": null, "num_comments": 17, "send_replies": true, "whitelist_status": "all_ads", "contest_mode": false, "mod_reports": [], "author_patreon_flair": false, "author_flair_text_color": "dark", "permalink": "/r/ThePPShow/comments/12g5v7s/if_the_wsj_reporter_that_tried_to_message_me/", "parent_whitelist_status": "all_ads", "stickied": false, "url": "https://www.reddit.com/r/ThePPShow/comments/12g5v7s/if_the_wsj_reporter_that_tried_to_message_me/", "subreddit_subscribers": 10105, "created_utc": 1681006576.0, "num_crossposts": 0, "media": null, "is_video": false}, {"approved_at_utc": null, "subreddit": "ThePPShow", "selftext": "[removed]", "user_reports": [], "saved": false, "mod_reason_title": null, "gilded": 0, "clicked": false, "title": "[deleted by user]", "link_flair_richtext": [], "subreddit_name_prefixed": "r/ThePPShow", "hidden": false, "pwls": 6, "link_flair_css_class": null, "downs": 0, "thumbnail_height": null, "top_awarded_type": null, "hide_score": false, "name": "t3_12g4bhu", "quarantine": false, "link_flair_text_color": "dark", "upvote_ratio": 0.82, "author_flair_background_color": "", "subreddit_type": "public", "ups": 7, "total_awards_received": 0, "media_embed": {}, "thumbnail_width": null, "author_flair_template_id": null, "is_original_content": false, "secure_media": null, "is_reddit_media_domain": false, "is_meta": false, "category": null, "secure_media_embed": {}, "link_flair_text": null, "can_mod_post": false, "score": 7, "approved_by": null, "is_created_from_ads_ui": false, "thumbnail": "default", "edited": false, "author_flair_css_class": null, "gildings": {}, "content_categories": null, "is_self": true, "mod_note": null, "created": 1681002460.0, "link_flair_type": "text", "wls": 6, "removed_by_category": null, "banned_by": null, "domain": "", "allow_live_comments": false, "selftext_html": "&lt;!-- SC_OFF --&gt;&lt;div class=\"md\"&gt;&lt;p&gt;[removed]&lt;/p&gt;\n&lt;/div&gt;&lt;!-- SC_ON --&gt;", "likes": null, "suggested_sort": null, "banned_at_utc": null, "view_count": null, "archived": false, "no_follow": true, "is_crosspostable": false, "pinned": false, "over_18": false, "all_awardings": [], "awarders": [], "media_only": false, "can_gild": false, "spoiler": false, "locked": false, "author_flair_text": null, "treatment_tags": [], "visited": false, "removed_by": null, "num_reports": null, "distinguished": null, "subreddit_id": "t5_7q5o7y", "author_is_blocked": false, "mod_reason_by": null, "removal_reason": null, "link_flair_background_color": "", "id": "12g4bhu", "is_robot_indexable": false, "report_reasons": null, "author": "[deleted]", "discussion_type": null, "num_comments": 3, "send_replies": true, "whitelist_status": "all_ads", "contest_mode": false, "mod_reports": [], "author_flair_text_color": "dark", "permalink": "/r/ThePPShow/comments/12g4bhu/deleted_by_user/", "parent_whitelist_status": "all_ads", "stickied": false, "url": "", "subreddit_subscribers": 10105, "created_utc": 1681002460.0, "num_crossposts": 0, "media": null, "is_video": false}, {"approved_at_utc": null, "subreddit": "ThePPShow", "selftext": "[removed]", "user_reports": [], "saved": false, "mod_reason_title": null, "gilded": 0, "clicked": false, "title": "[deleted by user]", "link_flair_richtext": [], "subreddit_name_prefixed": "r/ThePPShow", "hidden": false, "pwls": 6, "link_flair_css_class": null, "downs": 0, "thumbnail_height": null, "top_awarded_type": null, "hide_score": false, "name": "t3_12g49wd", "quarantine": false, "link_flair_text_color": "dark", "upvote_ratio": 0.5, "author_flair_background_color": "", "subreddit_type": "public", "ups": 0, "total_awards_received": 0, "media_embed": {}, "thumbnail_width": null, "author_flair_template_id": null, "is_original_content": false, "secure_media": null, "is_reddit_media_domain": false, "is_meta": false, "category": null, "secure_media_embed": {}, "link_flair_text": null, "can_mod_post": false, "score": 0, "approved_by": null, "is_created_from_ads_ui": false, "thumbnail": "default", "edited": false, "author_flair_css_class": null, "gildings": {}, "content_categories": null, "is_self": true, "mod_note": null, "created": 1681002339.0, "link_flair_type": "text", "wls": 6, "removed_by_category": null, "banned_by": null, "domain": "", "allow_live_comments": false, "selftext_html": "&lt;!-- SC_OFF --&gt;&lt;div class=\"md\"&gt;&lt;p&gt;[removed]&lt;/p&gt;\n&lt;/div&gt;&lt;!-- SC_ON --&gt;", "likes": null, "suggested_sort": null, "banned_at_utc": null, "view_count": null, "archived": false, "no_follow": false, "is_crosspostable": false, "pinned": false, "over_18": false, "all_awardings": [], "awarders": [], "media_only": false, "can_gild": false, "spoiler": false, "locked": false, "author_flair_text": null, "treatment_tags": [], "visited": false, "removed_by": null, "num_reports": null, "distinguished": null, "subreddit_id": "t5_7q5o7y", "author_is_blocked": false, "mod_reason_by": null, "removal_reason": null, "link_flair_background_color": "", "id": "12g49wd", "is_robot_indexable": false, "report_reasons": null, "author": "[deleted]", "discussion_type": null, "num_comments": 0, "send_replies": true, "whitelist_status": "all_ads", "contest_mode": false, "mod_reports": [], "author_flair_text_color": "dark", "permalink": "/r/ThePPShow/comments/12g49wd/deleted_by_user/", "parent_whitelist_status": "all_ads", "stickied": false, "url": "", "subreddit_subscribers": 10105, "created_utc": 1681002339.0, "num_crossposts": 0, "media": null, "is_video": false}, {"approved_at_utc": null, "subreddit": "ThePPShow", "selftext": "", "user_reports": [], "saved": false, "mod_reason_title": null, "gilded": 0, "clicked": false, "title": "\ud83d\udeac\ud83d\udd2b?", "link_flair_richtext": [], "subreddit_name_prefixed": "r/ThePPShow", "hidden": false, "pwls": 6, "link_flair_css_class": null, "downs": 0, "thumbnail_height": null, "top_awarded_type": null, "hide_score": false, "name": "t3_12g27f4", "quarantine": false, "link_flair_text_color": "dark", "upvote_ratio": 0.75, "author_flair_background_color": "", "subreddit_type": "public", "ups": 8, "total_awards_received": 0, "media_embed": {}, "thumbnail_width": null, "author_flair_template_id": null, "is_original_content": false, "secure_media": null, "is_reddit_media_domain": false, "is_meta": false, "category": null, "secure_media_embed": {}, "link_flair_text": null, "can_mod_post": false, "score": 8, "approved_by": null, "is_created_from_ads_ui": false, "thumbnail": "default", "edited": false, "author_flair_css_class": null, "gildings": {}, "content_categories": null, "is_self": false, "mod_note": null, "crosspost_parent_list": [{"approved_at_utc": null, "subreddit": "bbby_remastered", "selftext": " \n\nAs is my usual nature, I will not call this DD.\n\nNor is this financial advice.\n\n&amp;#x200B;\n\nFor all intents and purposes, this is just the ramblings of an autist. These are based on hypotheticals from filings and not much else.\n\nAs part of a fun conversation with u/moonshot_69, I was asked to do some math. Why not, I like numbers more than people.\n\nLet's go:\n\nSome well known numbers:\n\nHBC deal 311m increase. 428m outstanding (72.7% if all held by X amount of \"holders\"(\\*)) (deal for 10m pre split and 5m post split for 70,004 PS warrants.)\nCorrection: 5m is if vote is approved, not post split. Number post split: 1:10=500k  1:15=333.333k   1:20=250k\n\nMar 31 add 6.5m treasury shares to outstanding. 311 of 434.5 (71.6%)\\*\n\nApr 5 add 38.5 to outstanding (10m trade+28.5 atm?) 349.5 of 473 (73.9%)\\*\n\noutstanding post RS:\n\nA.1:10 47,309,478 B.1:15 31,539,652 C.1:20 23,654,739\n\nown: A.34.95m + .5 , B.23.3m + .333, C.17.5m + .25\n\nA.35.45m of 47.8m (74.2%), B.23.63m of 31.87m (74.1%), C.17.75m of 23.9m (74.3%)\n\nI would consider those the MAX percentage currently owned and adjusted for exchange agreement. However, this does not account for the $1bn BRP potential purchase, which may or may not be the same group of investors making deals for the greatest steals.\n\nLet's assume they are only holding 171m at end of deal.\n\nI'm going to skip a few steps, refer back to last portion if necessary:\n\n171 of 428 (40%)\n\n209.5 of 473 (44.3%)\n\nA.1:10 47,309,478 B.1:15 31,539,652 C.1:20 23,654,739\n\nA.20.95 + .5, B.13.97 + .333, C.10.48 + .25\n\nA.21.45 of 47.8 (44.9%) B.14.30 of 31.83 (44.9%) C.10.73 of 23.9 (44.9%)\n\nI consider those the anticipated percentage currently owned and adjusted for exchange agreement from my own personal interpretation of shenanigans. However, this does not account for the $1bn BRP potential purchase, which may or may not be the same group of investors.\n\nFor shits n gigs; let's say BRP's target price is $6.15 (familiar #) for the lesser of $1bn or the exchange cap... (I hate how they wrote that, which may or may not be a max of 20% of outstanding below a certain price. This would essentially be the same as a 25% markup to the outstanding count before they are cut off below $X.XX). A 1:20 split puts us right there. So let's say post split BRP purchases the 20% of the outstanding (23.9m now 29.88) at $6 ($36m)\n\nIf passed through to the group of investors: 17.75 + 5.98=23.73 of 29.88 (79.4%)\n\nor 10.73+5.98=16.71 of 29.88 (55.9%)\n\nPrice goes up, potentially purchase more. So on and so forth\n\nIt is entirely possible that, within the ranges and even allowing for lower holding amounts, if all or most shares sold through BRP are to the suspected group of investors, that they end at 74.1% +/- a few. Any purchased shares through market and not BBBY issuable shares help make this more possible, but we must wait on filings when the smoke clears to really know.\n\nAny further dilution, so long as majority of shares sold are purchased by the suspected group, will not mess with this percentile range very much.\n\nAlso! who doesn't like tin foil?\n\n1.Quorum for special meeting to be valid: 214m shares (half of shares outstanding as of Mar27th)\n\nAs we are a large and diverse community holding their stock, they are putting emphasis on household investors attending the meeting. If any of my numbers presented are accurate, only 5m more shares would need to be represented, or that number is already met by the holders. Are they wanting to say hi to all their loyal investors?\n\n2. 28.5m sale apr3-apr5 would have been around $9m. \n\nHow much did Brett Icahn recently sell his Newell shares for? Was the issuance of the 10m trade at same time as 28.5m share increase to mask a buy in? or was this the initial commitment shares to BRP?\n\nSeems like we should find out next month if no filings pop up.\n\n&amp;#x200B;\n\nTL;DR: numbers are fun\n\nEdit: thank you u/itchy_principle6434 for helping correct the interpretation of the +5m. It is to have rights to 5m if vote is approved, not post split. I will correct in the morning, however it greatly reduces the dilution post split.\n\nAlso, if somebody would like to pick apart the [initial commitment shares](https://bedbathandbeyond.gcs-web.com/node/17141/html)", "author_fullname": "t2_2qj7gvxe", "saved": false, "mod_reason_title": null, "gilded": 0, "clicked": false, "title": "Napkin math among friends: How a group of investors may own 74.1%", "link_flair_richtext": [{"e": "text", "t": "reverse split \ud83c\udf08\ud83d\udc3b"}], "subreddit_name_prefixed": "r/bbby_remastered", "hidden": false, "pwls": 6, "link_flair_css_class": "", "downs": 0, "thumbnail_height": null, "top_awarded_type": null, "hide_score": false, "name": "t3_12g1tbr", "quarantine": false, "link_flair_text_color": "light", "upvote_ratio": 0.83, "author_flair_background_color": "#7193ff", "subreddit_type": "public", "ups": 24, "total_awards_received": 1, "media_embed": {}, "thumbnail_width": null, "author_flair_template_id": "5b71cbc2-da3a-11ed-bde9-62f0d6b05e13", "is_original_content": false, "user_reports": [], "secure_media": null, "is_reddit_media_domain": false, "is_meta": false, "category": null, "secure_media_embed": {}, "link_flair_text": "reverse split \ud83c\udf08\ud83d\udc3b", "can_mod_post": false, "score": 24, "approved_by": null, "is_created_from_ads_ui": false, "author_premium": false, "thumbnail": "self", "edited": 1681062442.0, "author_flair_css_class": null, "author_flair_richtext": [{"e": "text", "t": "Clairvoyant"}], "gildings": {}, "content_categories": null, "is_self": true, "mod_note": null, "created": 1680996033.0, "link_flair_type": "richtext", "wls": 6, "removed_by_category": null, "banned_by": null, "author_flair_type": "richtext", "domain": "self.bbby_remastered", "allow_live_comments": false, "selftext_html": "&lt;!-- SC_OFF --&gt;&lt;div class=\"md\"&gt;&lt;p&gt;As is my usual nature, I will not call this DD.&lt;/p&gt;\n\n&lt;p&gt;Nor is this financial advice.&lt;/p&gt;\n\n&lt;p&gt;&amp;#x200B;&lt;/p&gt;\n\n&lt;p&gt;For all intents and purposes, this is just the ramblings of an autist. These are based on hypotheticals from filings and not much else.&lt;/p&gt;\n\n&lt;p&gt;As part of a fun conversation with &lt;a href=\"/u/moonshot_69\"&gt;u/moonshot_69&lt;/a&gt;, I was asked to do some math. Why not, I like numbers more than people.&lt;/p&gt;\n\n&lt;p&gt;Let&amp;#39;s go:&lt;/p&gt;\n\n&lt;p&gt;Some well known numbers:&lt;/p&gt;\n\n&lt;p&gt;HBC deal 311m increase. 428m outstanding (72.7% if all held by X amount of &amp;quot;holders&amp;quot;(*)) (deal for 10m pre split and 5m post split for 70,004 PS warrants.)\nCorrection: 5m is if vote is approved, not post split. Number post split: 1:10=500k  1:15=333.333k   1:20=250k&lt;/p&gt;\n\n&lt;p&gt;Mar 31 add 6.5m treasury shares to outstanding. 311 of 434.5 (71.6%)*&lt;/p&gt;\n\n&lt;p&gt;Apr 5 add 38.5 to outstanding (10m trade+28.5 atm?) 349.5 of 473 (73.9%)*&lt;/p&gt;\n\n&lt;p&gt;outstanding post RS:&lt;/p&gt;\n\n&lt;p&gt;A.1:10 47,309,478 B.1:15 31,539,652 C.1:20 23,654,739&lt;/p&gt;\n\n&lt;p&gt;own: A.34.95m + .5 , B.23.3m + .333, C.17.5m + .25&lt;/p&gt;\n\n&lt;p&gt;A.35.45m of 47.8m (74.2%), B.23.63m of 31.87m (74.1%), C.17.75m of 23.9m (74.3%)&lt;/p&gt;\n\n&lt;p&gt;I would consider those the MAX percentage currently owned and adjusted for exchange agreement. However, this does not account for the $1bn BRP potential purchase, which may or may not be the same group of investors making deals for the greatest steals.&lt;/p&gt;\n\n&lt;p&gt;Let&amp;#39;s assume they are only holding 171m at end of deal.&lt;/p&gt;\n\n&lt;p&gt;I&amp;#39;m going to skip a few steps, refer back to last portion if necessary:&lt;/p&gt;\n\n&lt;p&gt;171 of 428 (40%)&lt;/p&gt;\n\n&lt;p&gt;209.5 of 473 (44.3%)&lt;/p&gt;\n\n&lt;p&gt;A.1:10 47,309,478 B.1:15 31,539,652 C.1:20 23,654,739&lt;/p&gt;\n\n&lt;p&gt;A.20.95 + .5, B.13.97 + .333, C.10.48 + .25&lt;/p&gt;\n\n&lt;p&gt;A.21.45 of 47.8 (44.9%) B.14.30 of 31.83 (44.9%) C.10.73 of 23.9 (44.9%)&lt;/p&gt;\n\n&lt;p&gt;I consider those the anticipated percentage currently owned and adjusted for exchange agreement from my own personal interpretation of shenanigans. However, this does not account for the $1bn BRP potential purchase, which may or may not be the same group of investors.&lt;/p&gt;\n\n&lt;p&gt;For shits n gigs; let&amp;#39;s say BRP&amp;#39;s target price is $6.15 (familiar #) for the lesser of $1bn or the exchange cap... (I hate how they wrote that, which may or may not be a max of 20% of outstanding below a certain price. This would essentially be the same as a 25% markup to the outstanding count before they are cut off below $X.XX). A 1:20 split puts us right there. So let&amp;#39;s say post split BRP purchases the 20% of the outstanding (23.9m now 29.88) at $6 ($36m)&lt;/p&gt;\n\n&lt;p&gt;If passed through to the group of investors: 17.75 + 5.98=23.73 of 29.88 (79.4%)&lt;/p&gt;\n\n&lt;p&gt;or 10.73+5.98=16.71 of 29.88 (55.9%)&lt;/p&gt;\n\n&lt;p&gt;Price goes up, potentially purchase more. So on and so forth&lt;/p&gt;\n\n&lt;p&gt;It is entirely possible that, within the ranges and even allowing for lower holding amounts, if all or most shares sold through BRP are to the suspected group of investors, that they end at 74.1% +/- a few. Any purchased shares through market and not BBBY issuable shares help make this more possible, but we must wait on filings when the smoke clears to really know.&lt;/p&gt;\n\n&lt;p&gt;Any further dilution, so long as majority of shares sold are purchased by the suspected group, will not mess with this percentile range very much.&lt;/p&gt;\n\n&lt;p&gt;Also! who doesn&amp;#39;t like tin foil?&lt;/p&gt;\n\n&lt;p&gt;1.Quorum for special meeting to be valid: 214m shares (half of shares outstanding as of Mar27th)&lt;/p&gt;\n\n&lt;p&gt;As we are a large and diverse community holding their stock, they are putting emphasis on household investors attending the meeting. If any of my numbers presented are accurate, only 5m more shares would need to be represented, or that number is already met by the holders. Are they wanting to say hi to all their loyal investors?&lt;/p&gt;\n\n&lt;ol&gt;\n&lt;li&gt;28.5m sale apr3-apr5 would have been around $9m. &lt;/li&gt;\n&lt;/ol&gt;\n\n&lt;p&gt;How much did Brett Icahn recently sell his Newell shares for? Was the issuance of the 10m trade at same time as 28.5m share increase to mask a buy in? or was this the initial commitment shares to BRP?&lt;/p&gt;\n\n&lt;p&gt;Seems like we should find out next month if no filings pop up.&lt;/p&gt;\n\n&lt;p&gt;&amp;#x200B;&lt;/p&gt;\n\n&lt;p&gt;TL;DR: numbers are fun&lt;/p&gt;\n\n&lt;p&gt;Edit: thank you &lt;a href=\"/u/itchy_principle6434\"&gt;u/itchy_principle6434&lt;/a&gt; for helping correct the interpretation of the +5m. It is to have rights to 5m if vote is approved, not post split. I will correct in the morning, however it greatly reduces the dilution post split.&lt;/p&gt;\n\n&lt;p&gt;Also, if somebody would like to pick apart the &lt;a href=\"https://bedbathandbeyond.gcs-web.com/node/17141/html\"&gt;initial commitment shares&lt;/a&gt;&lt;/p&gt;\n&lt;/div&gt;&lt;!-- SC_ON --&gt;", "likes": null, "suggested_sort": null, "banned_at_utc": null, "view_count": null, "archived": false, "no_follow": false, "is_crosspostable": false, "pinned": false, "over_18": false, "all_awardings": [{"giver_coin_reward": null, "subreddit_id": null, "is_new": false, "days_of_drip_extension": null, "coin_price": 325, "id": "award_2bc47247-b107-44a8-a78c-613da21869ff", "penny_donate": null, "award_sub_type": "GLOBAL", "coin_reward": 0, "icon_url": "https://www.redditstatic.com/gold/awards/icon/Rocket_512.png", "days_of_premium": null, "tiers_by_required_awardings": null, "resized_icons": [{"url": "https://www.redditstatic.com/gold/awards/icon/Rocket_16.png", "width": 16, "height": 16}, {"url": "https://www.redditstatic.com/gold/awards/icon/Rocket_32.png", "width": 32, "height": 32}, {"url": "https://www.redditstatic.com/gold/awards/icon/Rocket_48.png", "width": 48, "height": 48}, {"url": "https://www.redditstatic.com/gold/awards/icon/Rocket_64.png", "width": 64, "height": 64}, {"url": "https://www.redditstatic.com/gold/awards/icon/Rocket_128.png", "width": 128, "height": 128}], "icon_width": 512, "static_icon_width": 512, "start_date": null, "is_enabled": true, "awardings_required_to_grant_benefits": null, "description": "Boldly go where we haven't been in a long, long time.", "end_date": null, "sticky_duration_seconds": null, "subreddit_coin_reward": 0, "count": 1, "static_icon_height": 512, "name": "To The Stars", "resized_static_icons": [{"url": "https://preview.redd.it/award_images/t5_22cerq/1sof6d93g9e51_ToTheStars.png?width=16&amp;height=16&amp;auto=webp&amp;s=83d4d953873a31c0e3e4a0f0b188ff803bb6b92a", "width": 16, "height": 16}, {"url": "https://preview.redd.it/award_images/t5_22cerq/1sof6d93g9e51_ToTheStars.png?width=32&amp;height=32&amp;auto=webp&amp;s=ec9beb8a11f28bbfb3144bd6edac145af0909baa", "width": 32, "height": 32}, {"url": "https://preview.redd.it/award_images/t5_22cerq/1sof6d93g9e51_ToTheStars.png?width=48&amp;height=48&amp;auto=webp&amp;s=82b887ba042297c5b22a7faecec4721bf2dc354d", "width": 48, "height": 48}, {"url": "https://preview.redd.it/award_images/t5_22cerq/1sof6d93g9e51_ToTheStars.png?width=64&amp;height=64&amp;auto=webp&amp;s=545d53613ea7e025301bfa49f38d1981d86ee001", "width": 64, "height": 64}, {"url": "https://preview.redd.it/award_images/t5_22cerq/1sof6d93g9e51_ToTheStars.png?width=128&amp;height=128&amp;auto=webp&amp;s=878ea0423f2a9a57a0750e2fbe26bf482be5c8c3", "width": 128, "height": 128}], "icon_format": "APNG", "icon_height": 512, "penny_price": 0, "award_type": "global", "static_icon_url": "https://i.redd.it/award_images/t5_22cerq/1sof6d93g9e51_ToTheStars.png"}], "awarders": [], "media_only": false, "link_flair_template_id": "9a025014-c6d5-11ed-b929-56cca0758e0a", "can_gild": false, "spoiler": false, "locked": false, "author_flair_text": "Clairvoyant", "treatment_tags": [], "visited": false, "removed_by": null, "num_reports": null, "distinguished": null, "subreddit_id": "t5_7tgjqd", "author_is_blocked": false, "mod_reason_by": null, "removal_reason": null, "link_flair_background_color": "#7193ff", "id": "12g1tbr", "is_robot_indexable": true, "report_reasons": null, "author": "Responsible-Fix-1308", "discussion_type": null, "num_comments": 29, "send_replies": true, "whitelist_status": "all_ads", "contest_mode": false, "mod_reports": [], "author_patreon_flair": false, "author_flair_text_color": "light", "permalink": "/r/bbby_remastered/comments/12g1tbr/napkin_math_among_friends_how_a_group_of/", "parent_whitelist_status": "all_ads", "stickied": false, "url": "https://www.reddit.com/r/bbby_remastered/comments/12g1tbr/napkin_math_among_friends_how_a_group_of/", "subreddit_subscribers": 2485, "created_utc": 1680996033.0, "num_crossposts": 2, "media": null, "is_video": false}], "created": 1680996998.0, "link_flair_type": "text", "wls": 6, "removed_by_category": null, "banned_by": null, "domain": "self.bbby_remastered", "allow_live_comments": false, "selftext_html": null, "likes": null, "suggested_sort": null, "banned_at_utc": null, "url_overridden_by_dest": "/r/bbby_remastered/comments/12g1tbr/napkin_math_among_friends_how_a_group_of/", "view_count": null, "archived": false, "no_follow": true, "is_crosspostable": false, "pinned": false, "over_18": false, "all_awardings": [], "awarders": [], "media_only": false, "can_gild": false, "spoiler": false, "locked": false, "author_flair_text": null, "treatment_tags": [], "visited": false, "removed_by": null, "num_reports": null, "distinguished": null, "subreddit_id": "t5_7q5o7y", "author_is_blocked": false, "mod_reason_by": null, "removal_reason": null, "link_flair_background_color": "", "id": "12g27f4", "is_robot_indexable": true, "report_reasons": null, "author": "[deleted]", "discussion_type": null, "num_comments": 0, "send_replies": true, "whitelist_status": "all_ads", "contest_mode": false, "mod_reports": [], "crosspost_parent": "t3_12g1tbr", "author_flair_text_color": "dark", "permalink": "/r/ThePPShow/comments/12g27f4/_/", "parent_whitelist_status": "all_ads", "stickied": false, "url": "/r/bbby_remastered/comments/12g1tbr/napkin_math_among_friends_how_a_group_of/", "subreddit_subscribers": 10105, "created_utc": 1680996998.0, "num_crossposts": 0, "media": null, "is_video": false}, {"subreddit": "ThePPShow", "selftext": "", "gilded": 0, "title": "\ud83d\udeac\ud83d\udd2b?", "link_flair_richtext": [], "subreddit_name_prefixed": "r/ThePPShow", "hidden": false, "pwls": null, "link_flair_css_class": null, "thumbnail_height": null, "top_awarded_type": null, "hide_score": true, "quarantine": false, "link_flair_text_color": "dark", "upvote_ratio": 1.0, "author_flair_background_color": null, "subreddit_type": "public", "total_awards_received": 0, "media_embed": {}, "thumbnail_width": null, "author_flair_template_id": null, "is_original_content": false, "author_fullname": "t2_rpv9h1mq", "secure_media": null, "is_reddit_media_domain": false, "is_meta": false, "category": null, "secure_media_embed": {}, "link_flair_text": null, "score": 1, "is_created_from_ads_ui": false, "author_premium": true, "thumbnail": "default", "edited": false, "author_flair_css_class": null, "author_flair_richtext": [], "gildings": {}, "content_categories": null, "is_self": false, "crosspost_parent_list": [{"approved_at_utc": null, "subreddit": "bbby_remastered", "selftext": " \n\nAs is my usual nature, I will not call this DD.\n\nNor is this financial advice.\n\n&amp;#x200B;\n\nFor all intents and purposes, this is just the ramblings of an autist. These are based on hypotheticals from filings and not much else.\n\nAs part of a fun conversation with u/moonshot_69, I was asked to do some math. Why not, I like numbers more than people.\n\nLet's go:\n\nSome well known numbers:\n\nHBC deal 311m increase. 428m outstanding (72.7% if all held by X amount of \"holders\"(\\*)) (deal for 10m pre split and 5m post split for 70,004 PS warrants.) \n\nMar 31 add 6.5m treasury shares to outstanding. 311 of 434.5 (71.6%)\\*\n\nApr 5 add 38.5 to outstanding (10m trade+28.5 atm?) 349.5 of 473 (73.9%)\\*\n\noutstanding post RS:\n\nA.1:10 47,309,478 B.1:15 31,539,652 C.1:20 23,654,739\n\nown: A.34.95m + 5, B.23.3m + 5, C.17.5m + 5\n\nA.39.95m of 52.3m (76.4%), B.28.3m of 36.5m (77.5%), C.22.5m of 28.7m (78.4%)\n\nI would consider those the MAX percentage currently owned and adjusted for 5m post split. However, this does not account for the $1bn BRP potential purchase, which may or may not be the same group of investors making deals for the greatest steals.\n\nLet's assume they are only holding 171m at end of deal.\n\nI'm going to skip a few steps, refer back to last portion if necessary:\n\n171 of 428 (40%)\n\n209.5 of 473 (44.3%)\n\nA.1:10 47,309,478 B.1:15 31,539,652 C.1:20 23,654,739\n\nA.20.95 + 5, B.13.97 + 5, C.10.48 + 5\n\nA.25.95 of 52.3 (49.6%) B.18.97 of 36.5 (51.97%) C.15.48 of 28.7 (53.9%)\n\nI consider those the anticipated percentage currently owned and adjusted for 5m post split from my own personal interpretation of shenanigans. However, this does not account for the $1bn BRP potential purchase, which may or may not be the same group of investors.\n\nFor shits n gigs; let's say BRP's target price is $6.15 (familiar #) for the lesser of $1bn or the exchange cap... (I hate how they wrote that, which may or may not be a max of 20% of outstanding below a certain price. This would essentially be the same as a 25% markup to the outstanding count before they are cut off below $X.XX). A 1:20 split puts us right there. So let's say post split BRP purchases the 20% of the outstanding (28.7m now 35.88) at $6 ($43m)\n\nIf passed through to the group of investors: 22.5 + 7.18=29.68 of 35.88 (82.7%)\n\nor 15.48+7.18=22.66 of 35.88 (63.2%)\n\nPrice goes up, potentially purchase more. So on and so forth\n\nIt is entirely possible that, within the ranges and even allowing for lower holding amounts, if all or most shares sold through BRP are to the suspected group of investors, that they end at 74.1% +/- a few. Any purchased shares through market and not BBBY issuable shares help make this more possible, but we must wait on filings when the smoke clears to really know.\n\nAny further dilution, so long as majority of shares sold are purchased by the suspected group, will not mess with this percentile range very much.\n\nAlso! who doesn't like tin foil?\n\n1.Quorum for special meeting to be valid: 214m shares (half of shares outstanding as of Mar27th)\n\nAs we are a large and diverse community holding their stock, they are putting emphasis on household investors attending the meeting. If any of my numbers presented are accurate, only 5m more shares would need to be represented, or that number is already met by the holders. Are they wanting to say hi to all their loyal investors?\n\n2. 28.5m sale apr3-apr5 would have been around $9m. \n\nHow much did Brett Icahn recently sell his Newell shares for? Was the issuance of the 10m trade at same time as 28.5m share increase to mask a buy in?\n\nSeems like we should find out next month if no filings pop up.\n\n&amp;#x200B;\n\nTL;DR: numbers are fun", "author_fullname": "t2_2qj7gvxe", "saved": false, "mod_reason_title": null, "gilded": 0, "clicked": false, "title": "Napkin math among friends: How a group of investors may own 74.1%", "link_flair_richtext": [], "subreddit_name_prefixed": "r/bbby_remastered", "hidden": false, "pwls": null, "link_flair_css_class": "", "downs": 0, "thumbnail_height": null, "top_awarded_type": null, "hide_score": true, "name": "t3_12g1tbr", "quarantine": false, "link_flair_text_color": "light", "upvote_ratio": 1.0, "author_flair_background_color": "#d3d6da", "subreddit_type": "public", "ups": 3, "total_awards_received": 0, "media_embed": {}, "thumbnail_width": null, "author_flair_template_id": "481f78aa-a004-11ed-ac31-5e57c8d9e576", "is_original_content": false, "user_reports": [], "secure_media": null, "is_reddit_media_domain": false, "is_meta": false, "category": null, "secure_media_embed": {}, "link_flair_text": "reverse split \ud83c\udf08\ud83d\udc3b", "can_mod_post": false, "score": 3, "approved_by": null, "is_created_from_ads_ui": false, "author_premium": false, "thumbnail": "self", "edited": false, "author_flair_css_class": null, "author_flair_richtext": [], "gildings": {}, "content_categories": null, "is_self": true, "mod_note": null, "created": 1680996033.0, "link_flair_type": "text", "wls": null, "removed_by_category": null, "banned_by": null, "author_flair_type": "text", "domain": "self.bbby_remastered", "allow_live_comments": false, "selftext_html": "&lt;!-- SC_OFF --&gt;&lt;div class=\"md\"&gt;&lt;p&gt;As is my usual nature, I will not call this DD.&lt;/p&gt;\n\n&lt;p&gt;Nor is this financial advice.&lt;/p&gt;\n\n&lt;p&gt;&amp;#x200B;&lt;/p&gt;\n\n&lt;p&gt;For all intents and purposes, this is just the ramblings of an autist. These are based on hypotheticals from filings and not much else.&lt;/p&gt;\n\n&lt;p&gt;As part of a fun conversation with &lt;a href=\"/u/moonshot_69\"&gt;u/moonshot_69&lt;/a&gt;, I was asked to do some math. Why not, I like numbers more than people.&lt;/p&gt;\n\n&lt;p&gt;Let&amp;#39;s go:&lt;/p&gt;\n\n&lt;p&gt;Some well known numbers:&lt;/p&gt;\n\n&lt;p&gt;HBC deal 311m increase. 428m outstanding (72.7% if all held by X amount of &amp;quot;holders&amp;quot;(*)) (deal for 10m pre split and 5m post split for 70,004 PS warrants.) &lt;/p&gt;\n\n&lt;p&gt;Mar 31 add 6.5m treasury shares to outstanding. 311 of 434.5 (71.6%)*&lt;/p&gt;\n\n&lt;p&gt;Apr 5 add 38.5 to outstanding (10m trade+28.5 atm?) 349.5 of 473 (73.9%)*&lt;/p&gt;\n\n&lt;p&gt;outstanding post RS:&lt;/p&gt;\n\n&lt;p&gt;A.1:10 47,309,478 B.1:15 31,539,652 C.1:20 23,654,739&lt;/p&gt;\n\n&lt;p&gt;own: A.34.95m + 5, B.23.3m + 5, C.17.5m + 5&lt;/p&gt;\n\n&lt;p&gt;A.39.95m of 52.3m (76.4%), B.28.3m of 36.5m (77.5%), C.22.5m of 28.7m (78.4%)&lt;/p&gt;\n\n&lt;p&gt;I would consider those the MAX percentage currently owned and adjusted for 5m post split. However, this does not account for the $1bn BRP potential purchase, which may or may not be the same group of investors making deals for the greatest steals.&lt;/p&gt;\n\n&lt;p&gt;Let&amp;#39;s assume they are only holding 171m at end of deal.&lt;/p&gt;\n\n&lt;p&gt;I&amp;#39;m going to skip a few steps, refer back to last portion if necessary:&lt;/p&gt;\n\n&lt;p&gt;171 of 428 (40%)&lt;/p&gt;\n\n&lt;p&gt;209.5 of 473 (44.3%)&lt;/p&gt;\n\n&lt;p&gt;A.1:10 47,309,478 B.1:15 31,539,652 C.1:20 23,654,739&lt;/p&gt;\n\n&lt;p&gt;A.20.95 + 5, B.13.97 + 5, C.10.48 + 5&lt;/p&gt;\n\n&lt;p&gt;A.25.95 of 52.3 (49.6%) B.18.97 of 36.5 (51.97%) C.15.48 of 28.7 (53.9%)&lt;/p&gt;\n\n&lt;p&gt;I consider those the anticipated percentage currently owned and adjusted for 5m post split from my own personal interpretation of shenanigans. However, this does not account for the $1bn BRP potential purchase, which may or may not be the same group of investors.&lt;/p&gt;\n\n&lt;p&gt;For shits n gigs; let&amp;#39;s say BRP&amp;#39;s target price is $6.15 (familiar #) for the lesser of $1bn or the exchange cap... (I hate how they wrote that, which may or may not be a max of 20% of outstanding below a certain price. This would essentially be the same as a 25% markup to the outstanding count before they are cut off below $X.XX). A 1:20 split puts us right there. So let&amp;#39;s say post split BRP purchases the 20% of the outstanding (28.7m now 35.88) at $6 ($43m)&lt;/p&gt;\n\n&lt;p&gt;If passed through to the group of investors: 22.5 + 7.18=29.68 of 35.88 (82.7%)&lt;/p&gt;\n\n&lt;p&gt;or 15.48+7.18=22.66 of 35.88 (63.2%)&lt;/p&gt;\n\n&lt;p&gt;Price goes up, potentially purchase more. So on and so forth&lt;/p&gt;\n\n&lt;p&gt;It is entirely possible that, within the ranges and even allowing for lower holding amounts, if all or most shares sold through BRP are to the suspected group of investors, that they end at 74.1% +/- a few. Any purchased shares through market and not BBBY issuable shares help make this more possible, but we must wait on filings when the smoke clears to really know.&lt;/p&gt;\n\n&lt;p&gt;Any further dilution, so long as majority of shares sold are purchased by the suspected group, will not mess with this percentile range very much.&lt;/p&gt;\n\n&lt;p&gt;Also! who doesn&amp;#39;t like tin foil?&lt;/p&gt;\n\n&lt;p&gt;1.Quorum for special meeting to be valid: 214m shares (half of shares outstanding as of Mar27th)&lt;/p&gt;\n\n&lt;p&gt;As we are a large and diverse community holding their stock, they are putting emphasis on household investors attending the meeting. If any of my numbers presented are accurate, only 5m more shares would need to be represented, or that number is already met by the holders. Are they wanting to say hi to all their loyal investors?&lt;/p&gt;\n\n&lt;ol&gt;\n&lt;li&gt;28.5m sale apr3-apr5 would have been around $9m. &lt;/li&gt;\n&lt;/ol&gt;\n\n&lt;p&gt;How much did Brett Icahn recently sell his Newell shares for? Was the issuance of the 10m trade at same time as 28.5m share increase to mask a buy in?&lt;/p&gt;\n\n&lt;p&gt;Seems like we should find out next month if no filings pop up.&lt;/p&gt;\n\n&lt;p&gt;&amp;#x200B;&lt;/p&gt;\n\n&lt;p&gt;TL;DR: numbers are fun&lt;/p&gt;\n&lt;/div&gt;&lt;!-- SC_ON --&gt;", "likes": null, "suggested_sort": null, "banned_at_utc": null, "view_count": null, "archived": false, "no_follow": false, "is_crosspostable": true, "pinned": false, "over_18": false, "all_awardings": [], "awarders": [], "media_only": false, "link_flair_template_id": "9a025014-c6d5-11ed-b929-56cca0758e0a", "can_gild": true, "spoiler": false, "locked": false, "author_flair_text": "Kais Maleej", "treatment_tags": [], "visited": false, "removed_by": null, "num_reports": null, "distinguished": null, "subreddit_id": "t5_7tgjqd", "author_is_blocked": false, "mod_reason_by": null, "removal_reason": null, "link_flair_background_color": "#7193ff", "id": "12g1tbr", "is_robot_indexable": true, "report_reasons": null, "author": "Responsible-Fix-1308", "discussion_type": null, "num_comments": 1, "send_replies": true, "whitelist_status": null, "contest_mode": false, "mod_reports": [], "author_patreon_flair": false, "author_flair_text_color": "dark", "permalink": "/r/bbby_remastered/comments/12g1tbr/napkin_math_among_friends_how_a_group_of/", "parent_whitelist_status": null, "stickied": true, "url": "https://www.reddit.com/r/bbby_remastered/comments/12g1tbr/napkin_math_among_friends_how_a_group_of/", "subreddit_subscribers": 1550, "created_utc": 1680996033.0, "num_crossposts": 1, "media": null, "is_video": false}], "link_flair_type": "text", "wls": null, "removed_by_category": null, "author_flair_type": "text", "domain": "self.bbby_remastered", "allow_live_comments": false, "suggested_sort": null, "url_overridden_by_dest": "/r/bbby_remastered/comments/12g1tbr/napkin_math_among_friends_how_a_group_of/", "view_count": null, "archived": false, "no_follow": false, "is_crosspostable": true, "pinned": false, "over_18": false, "all_awardings": [], "awarders": [], "media_only": false, "can_gild": true, "spoiler": false, "locked": false, "author_flair_text": null, "treatment_tags": [], "removed_by": null, "distinguished": null, "subreddit_id": "t5_7q5o7y", "link_flair_background_color": "", "id": "12g27f4", "is_robot_indexable": true, "author": "moonshot_69", "discussion_type": null, "num_comments": 0, "send_replies": true, "whitelist_status": null, "contest_mode": false, "author_patreon_flair": false, "crosspost_parent": "t3_12g1tbr", "author_flair_text_color": null, "permalink": "/r/ThePPShow/comments/12g27f4/_/", "parent_whitelist_status": null, "stickied": false, "url": "/r/bbby_remastered/comments/12g1tbr/napkin_math_among_friends_how_a_group_of/", "subreddit_subscribers": 1236, "created_utc": 1680996998, "num_crossposts": 0, "media": null, "is_video": false, "retrieved_utc": 1680997009, "updated_utc": 1680997009, "utc_datetime_str": "2023-04-08 23:36:38"}], "metadata": {"op_a": 62, "op_b": 52, "total": 116}, "error": null}