{"data": [{"all_awardings": [], "allow_live_comments": false, "archived": false, "author": "Skw1bbs", "author_created_utc": 1662059980, "author_flair_background_color": null, "author_flair_css_class": null, "author_flair_richtext": [], "author_flair_template_id": null, "author_flair_text": null, "author_flair_text_color": null, "author_flair_type": "text", "author_fullname": "t2_8p8rdep2", "author_patreon_flair": false, "author_premium": false, "awarders": [], "banned_by": null, "can_gild": true, "can_mod_post": false, "category": null, "content_categories": null, "contest_mode": false, "created_utc": 1673192955, "discussion_type": null, "distinguished": null, "domain": "youtu.be", "edited": false, "gilded": 0, "gildings": {}, "hidden": false, "hide_score": false, "id": "106mcvd", "is_created_from_ads_ui": false, "is_crosspostable": true, "is_meta": false, "is_original_content": false, "is_reddit_media_domain": false, "is_robot_indexable": true, "is_self": false, "is_video": false, "link_flair_background_color": "", "link_flair_css_class": null, "link_flair_richtext": [], "link_flair_text": null, "link_flair_text_color": "dark", "link_flair_type": "text", "locked": false, "media": {"oembed": {"author_name": "Kais Maalej", "author_url": "https://www.youtube.com/@kaismaalej", "height": 200, "html": "&lt;iframe width=\"356\" height=\"200\" src=\"https://www.youtube.com/embed/XemppawVpFU?feature=oembed&amp;enablejsapi=1\" frameborder=\"0\" allow=\"accelerometer; autoplay; clipboard-write; encrypted-media; gyroscope; picture-in-picture; web-share\" allowfullscreen title=\"SHORT SQUEEZE: BED BATH &amp;amp; BEYOND $BBBY IS IN LABOR WE ARE EXPECTING A BABY ANY MINUTE TODAY. \ud83d\udd25\ud83d\ude80\ud83c\udf1d\"&gt;&lt;/iframe&gt;", "provider_name": "YouTube", "provider_url": "https://www.youtube.com/", "thumbnail_height": 360, "thumbnail_url": "https://i.ytimg.com/vi/XemppawVpFU/hqdefault.jpg", "thumbnail_width": 480, "title": "SHORT SQUEEZE: BED BATH &amp; BEYOND $BBBY IS IN LABOR WE ARE EXPECTING A BABY ANY MINUTE TODAY. \ud83d\udd25\ud83d\ude80\ud83c\udf1d", "type": "video", "version": "1.0", "width": 356}, "type": "youtube.com"}, "media_embed": {"content": "&lt;iframe width=\"356\" height=\"200\" src=\"https://www.youtube.com/embed/XemppawVpFU?feature=oembed&amp;enablejsapi=1\" frameborder=\"0\" allow=\"accelerometer; autoplay; clipboard-write; encrypted-media; gyroscope; picture-in-picture; web-share\" allowfullscreen title=\"SHORT SQUEEZE: BED BATH &amp;amp; BEYOND $BBBY IS IN LABOR WE ARE EXPECTING A BABY ANY MINUTE TODAY. \ud83d\udd25\ud83d\ude80\ud83c\udf1d\"&gt;&lt;/iframe&gt;", "height": 200, "scrolling": false, "width": 356}, "media_only": false, "name": "t3_106mcvd", "no_follow": false, "num_comments": 6, "num_crossposts": 0, "over_18": false, "parent_whitelist_status": null, "permalink": "/r/ThePPShow/comments/106mcvd/oh_god_kais_fell_for_the_babies_r_us_thing/", "pinned": false, "post_hint": "rich:video", "preview": {"enabled": false, "images": [{"id": "i1TPFcDEEK_O31PmUrlBeOn8qSf--g-Xx2Uglh-TtB4", "resolutions": [{"height": 81, "url": "https://external-preview.redd.it/IEEm0v3BcW9e1hLwA0bmEvN5Ze3GTGVVhBntC3Q29Fg.jpg?width=108&amp;crop=smart&amp;auto=webp&amp;v=enabled&amp;s=fe38561aca5508b9793ac30dff5ccdd60f448073", "width": 108}, {"height": 162, "url": "https://external-preview.redd.it/IEEm0v3BcW9e1hLwA0bmEvN5Ze3GTGVVhBntC3Q29Fg.jpg?width=216&amp;crop=smart&amp;auto=webp&amp;v=enabled&amp;s=a7e5cca119e872243a7673ad9a2c1c999aa51f94", "width": 216}, {"height": 240, "url": "https://external-preview.redd.it/IEEm0v3BcW9e1hLwA0bmEvN5Ze3GTGVVhBntC3Q29Fg.jpg?width=320&amp;crop=smart&amp;auto=webp&amp;v=enabled&amp;s=8ab65e39b4dd050e209843115397c48c3dda830c", "width": 320}], "source": {"height": 360, "url": "https://external-preview.redd.it/IEEm0v3BcW9e1hLwA0bmEvN5Ze3GTGVVhBntC3Q29Fg.jpg?auto=webp&amp;v=enabled&amp;s=cf95118488d4049519a129c27ec94530d1ace510", "width": 480}, "variants": {}}]}, "pwls": null, "quarantine": false, "removed_by": null, "removed_by_category": null, "retrieved_on": 1676244928, "score": 6, "secure_media": {"oembed": {"author_name": "Kais Maalej", "author_url": "https://www.youtube.com/@kaismaalej", "height": 200, "html": "&lt;iframe width=\"356\" height=\"200\" src=\"https://www.youtube.com/embed/XemppawVpFU?feature=oembed&amp;enablejsapi=1\" frameborder=\"0\" allow=\"accelerometer; autoplay; clipboard-write; encrypted-media; gyroscope; picture-in-picture; web-share\" allowfullscreen title=\"SHORT SQUEEZE: BED BATH &amp;amp; BEYOND $BBBY IS IN LABOR WE ARE EXPECTING A BABY ANY MINUTE TODAY. \ud83d\udd25\ud83d\ude80\ud83c\udf1d\"&gt;&lt;/iframe&gt;", "provider_name": "YouTube", "provider_url": "https://www.youtube.com/", "thumbnail_height": 360, "thumbnail_url": "https://i.ytimg.com/vi/XemppawVpFU/hqdefault.jpg", "thumbnail_width": 480, "title": "SHORT SQUEEZE: BED BATH &amp; BEYOND $BBBY IS IN LABOR WE ARE EXPECTING A BABY ANY MINUTE TODAY. \ud83d\udd25\ud83d\ude80\ud83c\udf1d", "type": "video", "version": "1.0", "width": 356}, "type": "youtube.com"}, "secure_media_embed": {"content": "&lt;iframe width=\"356\" height=\"200\" src=\"https://www.youtube.com/embed/XemppawVpFU?feature=oembed&amp;enablejsapi=1\" frameborder=\"0\" allow=\"accelerometer; autoplay; clipboard-write; encrypted-media; gyroscope; picture-in-picture; web-share\" allowfullscreen title=\"SHORT SQUEEZE: BED BATH &amp;amp; BEYOND $BBBY IS IN LABOR WE ARE EXPECTING A BABY ANY MINUTE TODAY. \ud83d\udd25\ud83d\ude80\ud83c\udf1d\"&gt;&lt;/iframe&gt;", "height": 200, "media_domain_url": "https://www.redditmedia.com/mediaembed/106mcvd", "scrolling": false, "width": 356}, "selftext": "", "send_replies": true, "spoiler": false, "stickied": false, "subreddit": "ThePPShow", "subreddit_id": "t5_7q5o7y", "subreddit_name_prefixed": "r/ThePPShow", "subreddit_subscribers": 328, "subreddit_type": "public", "suggested_sort": null, "thumbnail": "https://b.thumbs.redditmedia.com/55tbbPcj05OGedIMmygrA0Hj-7vQ-GBham2QvkwIdcw.jpg", "thumbnail_height": 105, "thumbnail_width": 140, "title": "Oh god Kais fell for the Babies R Us thing", "top_awarded_type": null, "total_awards_received": 0, "treatment_tags": [], "upvote_ratio": 0.8, "url": "https://youtu.be/XemppawVpFU", "url_overridden_by_dest": "https://youtu.be/XemppawVpFU", "view_count": null, "whitelist_status": null, "wls": null}, {"all_awardings": [], "allow_live_comments": false, "archived": false, "author": "ppseeds", "author_created_utc": 1518222553, "author_flair_background_color": null, "author_flair_css_class": null, "author_flair_richtext": [], "author_flair_template_id": null, "author_flair_text": null, "author_flair_text_color": null, "author_flair_type": "text", "author_fullname": "t2_w7v9rg0", "author_patreon_flair": false, "author_premium": true, "awarders": [], "banned_by": null, "can_gild": true, "can_mod_post": false, "category": null, "content_categories": null, "contest_mode": false, "created_utc": 1673159594, "discussion_type": null, "distinguished": null, "domain": "v.redd.it", "edited": false, "gilded": 0, "gildings": {}, "hidden": false, "hide_score": false, "id": "106c3o0", "is_created_from_ads_ui": false, "is_crosspostable": true, "is_meta": false, "is_original_content": false, "is_reddit_media_domain": true, "is_robot_indexable": true, "is_self": false, "is_video": true, "link_flair_background_color": "#ffd635", "link_flair_css_class": "", "link_flair_richtext": [], "link_flair_template_id": "b389bcaa-8f0a-11ed-9b6e-1e9f599434b1", "link_flair_text": "Stream announcement", "link_flair_text_color": "dark", "link_flair_type": "text", "locked": false, "media": {"reddit_video": {"bitrate_kbps": 4800, "dash_url": "https://v.redd.it/ikpfks8mkraa1/DASHPlaylist.mpd?a=1678837210%2CNjM2NzQ4YjIyOWEyZDI1NDc2MWUwYTljYzk0MTMzNDczMDZkNjE4YjE3YzUzYWU5YjRmMWY4ZDA5NzBmNWRkNA%3D%3D&amp;v=1&amp;f=sd", "duration": 256, "fallback_url": "https://v.redd.it/ikpfks8mkraa1/DASH_1080.mp4?source=fallback", "height": 1080, "hls_url": "https://v.redd.it/ikpfks8mkraa1/HLSPlaylist.m3u8?a=1678837210%2CODU4NTI5ZmU1MDkzNzcxZjJjMTgyYmM3YWRmZGE3NDBkZDM1NmExZWEzMjVhMDQyZWJmYmY3MDQ0NTkyZWI5NQ%3D%3D&amp;v=1&amp;f=sd", "is_gif": false, "scrubber_media_url": "https://v.redd.it/ikpfks8mkraa1/DASH_96.mp4", "transcoding_status": "completed", "width": 1920}}, "media_embed": {}, "media_only": false, "name": "t3_106c3o0", "no_follow": false, "num_comments": 7, "num_crossposts": 0, "over_18": false, "parent_whitelist_status": null, "permalink": "/r/ThePPShow/comments/106c3o0/theppshow_stream_intro_let_me_know_what_you_think/", "pinned": false, "post_hint": "hosted:video", "preview": {"enabled": false, "images": [{"id": "lA5Ch0p3DPNea8lYEa6l_XL8ITyac4dbPY0mpSJK0SQ", "resolutions": [{"height": 60, "url": "https://external-preview.redd.it/jNVGVpXMMMY0MeKgV1vMrNXvyYXfcny-aBfCCXxk484.png?width=108&amp;crop=smart&amp;format=pjpg&amp;auto=webp&amp;v=enabled&amp;s=d3988576895c4cf36d5a45445ceaba627bbca488", "width": 108}, {"height": 121, "url": "https://external-preview.redd.it/jNVGVpXMMMY0MeKgV1vMrNXvyYXfcny-aBfCCXxk484.png?width=216&amp;crop=smart&amp;format=pjpg&amp;auto=webp&amp;v=enabled&amp;s=ca156e7dadccc440833f9f33a54c99d5a67433fb", "width": 216}, {"height": 180, "url": "https://external-preview.redd.it/jNVGVpXMMMY0MeKgV1vMrNXvyYXfcny-aBfCCXxk484.png?width=320&amp;crop=smart&amp;format=pjpg&amp;auto=webp&amp;v=enabled&amp;s=218387fdf997dcb4c77979cbc547a17e573cbbbc", "width": 320}, {"height": 360, "url": "https://external-preview.redd.it/jNVGVpXMMMY0MeKgV1vMrNXvyYXfcny-aBfCCXxk484.png?width=640&amp;crop=smart&amp;format=pjpg&amp;auto=webp&amp;v=enabled&amp;s=26e5a4a6d8f5f3cd043de66741641e0b56306a45", "width": 640}, {"height": 540, "url": "https://external-preview.redd.it/jNVGVpXMMMY0MeKgV1vMrNXvyYXfcny-aBfCCXxk484.png?width=960&amp;crop=smart&amp;format=pjpg&amp;auto=webp&amp;v=enabled&amp;s=45113617ce5e4e5913d336370719d29970b27d65", "width": 960}, {"height": 607, "url": "https://external-preview.redd.it/jNVGVpXMMMY0MeKgV1vMrNXvyYXfcny-aBfCCXxk484.png?width=1080&amp;crop=smart&amp;format=pjpg&amp;auto=webp&amp;v=enabled&amp;s=d3c0151089bc8b04f7d82438864c44f86231fd0e", "width": 1080}], "source": {"height": 1080, "url": "https://external-preview.redd.it/jNVGVpXMMMY0MeKgV1vMrNXvyYXfcny-aBfCCXxk484.png?format=pjpg&amp;auto=webp&amp;v=enabled&amp;s=efc95df71e3c2db430fb2ebeae8a57cec721b368", "width": 1920}, "variants": {}}]}, "pwls": null, "quarantine": false, "removed_by": null, "removed_by_category": null, "retrieved_on": 1676245210, "score": 20, "secure_media": {"reddit_video": {"bitrate_kbps": 4800, "dash_url": "https://v.redd.it/ikpfks8mkraa1/DASHPlaylist.mpd?a=1678837210%2CNjM2NzQ4YjIyOWEyZDI1NDc2MWUwYTljYzk0MTMzNDczMDZkNjE4YjE3YzUzYWU5YjRmMWY4ZDA5NzBmNWRkNA%3D%3D&amp;v=1&amp;f=sd", "duration": 256, "fallback_url": "https://v.redd.it/ikpfks8mkraa1/DASH_1080.mp4?source=fallback", "height": 1080, "hls_url": "https://v.redd.it/ikpfks8mkraa1/HLSPlaylist.m3u8?a=1678837210%2CODU4NTI5ZmU1MDkzNzcxZjJjMTgyYmM3YWRmZGE3NDBkZDM1NmExZWEzMjVhMDQyZWJmYmY3MDQ0NTkyZWI5NQ%3D%3D&amp;v=1&amp;f=sd", "is_gif": false, "scrubber_media_url": "https://v.redd.it/ikpfks8mkraa1/DASH_96.mp4", "transcoding_status": "completed", "width": 1920}}, "secure_media_embed": {}, "selftext": "", "send_replies": true, "spoiler": false, "stickied": false, "subreddit": "ThePPShow", "subreddit_id": "t5_7q5o7y", "subreddit_name_prefixed": "r/ThePPShow", "subreddit_subscribers": 328, "subreddit_type": "public", "suggested_sort": null, "thumbnail": "https://b.thumbs.redditmedia.com/8ABwGjE7B8p9HGxDaz0nTBk2yiNeiBWiLQ0XRfxcgEc.jpg", "thumbnail_height": 78, "thumbnail_width": 140, "title": "ThePPShow Stream Intro Let me know what you think", "top_awarded_type": null, "total_awards_received": 0, "treatment_tags": [], "upvote_ratio": 1.0, "url": "https://v.redd.it/ikpfks8mkraa1", "url_overridden_by_dest": "https://v.redd.it/ikpfks8mkraa1", "view_count": null, "whitelist_status": null, "wls": null}, {"all_awardings": [], "allow_live_comments": false, "archived": false, "author": "[deleted]", "author_created_utc": null, "author_flair_background_color": "", "author_flair_css_class": null, "author_flair_template_id": null, "author_flair_text": null, "author_flair_text_color": "dark", "awarders": [], "banned_by": null, "can_gild": false, "can_mod_post": false, "category": null, "content_categories": null, "contest_mode": false, "created_utc": 1673156501, "discussion_type": null, "distinguished": null, "domain": "", "edited": false, "gilded": 0, "gildings": {}, "hidden": false, "hide_score": false, "id": "106b4vs", "is_created_from_ads_ui": false, "is_crosspostable": false, "is_meta": false, "is_original_content": false, "is_reddit_media_domain": true, "is_robot_indexable": false, "is_self": false, "is_video": true, "link_flair_background_color": "#ffd635", "link_flair_css_class": "", "link_flair_richtext": [], "link_flair_template_id": "b389bcaa-8f0a-11ed-9b6e-1e9f599434b1", "link_flair_text": "Stream announcement", "link_flair_text_color": "dark", "link_flair_type": "text", "locked": false, "media": {"reddit_video": {"bitrate_kbps": 4800, "dash_url": "https://v.redd.it/8qqzu6wobraa1/DASHPlaylist.mpd?a=1678837236%2CZTUyZWUyZWRiYTY4NmIxYzE3ZWIxZTVhMWY0NjQ1OTM1MWM1OWVhNjY1M2M5MjJiYTI3YzhhYWI3MmU5YzAzMQ%3D%3D&amp;v=1&amp;f=sd", "duration": 256, "fallback_url": "https://v.redd.it/8qqzu6wobraa1/DASH_1080.mp4?source=fallback", "height": 1080, "hls_url": "https://v.redd.it/8qqzu6wobraa1/HLSPlaylist.m3u8?a=1678837236%2CZmZkNzdkNmE2ZDJhYTExNzBmMDI5NDY5MDUzNzEyZDA1MzdiNzI4NDA1ZTJkNDVkZjAyMWNlZmQxZTU2YjJmMg%3D%3D&amp;v=1&amp;f=sd", "is_gif": false, "scrubber_media_url": "https://v.redd.it/8qqzu6wobraa1/DASH_96.mp4", "transcoding_status": "completed", "width": 1920}}, "media_embed": {}, "media_only": false, "name": "t3_106b4vs", "no_follow": true, "num_comments": 0, "num_crossposts": 0, "over_18": false, "parent_whitelist_status": null, "permalink": "/r/ThePPShow/comments/106b4vs/theppshow_intro_hows_this_for_hype/", "pinned": false, "pwls": null, "quarantine": false, "removed_by": null, "removed_by_category": "deleted", "retrieved_on": 1676245237, "score": 1, "secure_media": {"reddit_video": {"bitrate_kbps": 4800, "dash_url": "https://v.redd.it/8qqzu6wobraa1/DASHPlaylist.mpd?a=1678837236%2CZTUyZWUyZWRiYTY4NmIxYzE3ZWIxZTVhMWY0NjQ1OTM1MWM1OWVhNjY1M2M5MjJiYTI3YzhhYWI3MmU5YzAzMQ%3D%3D&amp;v=1&amp;f=sd", "duration": 256, "fallback_url": "https://v.redd.it/8qqzu6wobraa1/DASH_1080.mp4?source=fallback", "height": 1080, "hls_url": "https://v.redd.it/8qqzu6wobraa1/HLSPlaylist.m3u8?a=1678837236%2CZmZkNzdkNmE2ZDJhYTExNzBmMDI5NDY5MDUzNzEyZDA1MzdiNzI4NDA1ZTJkNDVkZjAyMWNlZmQxZTU2YjJmMg%3D%3D&amp;v=1&amp;f=sd", "is_gif": false, "scrubber_media_url": "https://v.redd.it/8qqzu6wobraa1/DASH_96.mp4", "transcoding_status": "completed", "width": 1920}}, "secure_media_embed": {}, "selftext": "[deleted]", "send_replies": true, "spoiler": false, "stickied": false, "subreddit": "ThePPShow", "subreddit_id": "t5_7q5o7y", "subreddit_name_prefixed": "r/ThePPShow", "subreddit_subscribers": 328, "subreddit_type": "public", "suggested_sort": null, "thumbnail": "default", "thumbnail_height": 78, "thumbnail_width": 140, "title": "ThePPShow Intro, Hows this for hype? :)", "top_awarded_type": null, "total_awards_received": 0, "treatment_tags": [], "upvote_ratio": 1.0, "url": "", "url_overridden_by_dest": "", "view_count": null, "whitelist_status": null, "wls": null}, {"all_awardings": [{"award_sub_type": "PREMIUM", "award_type": "global", "awardings_required_to_grant_benefits": null, "coin_price": 20, "coin_reward": 0, "count": 1, "days_of_drip_extension": null, "days_of_premium": null, "description": "Can't stop seeing stars", "end_date": null, "giver_coin_reward": null, "icon_format": "APNG", "icon_height": 512, "icon_url": "https://www.redditstatic.com/gold/awards/icon/Starstruck_512.png", "icon_width": 512, "id": "award_abb865cf-620b-4219-8777-3658cf9091fb", "is_enabled": true, "is_new": false, "name": "Starstruck", "penny_donate": null, "penny_price": 0, "resized_icons": [{"height": 16, "url": "https://www.redditstatic.com/gold/awards/icon/Starstruck_16.png", "width": 16}, {"height": 32, "url": "https://www.redditstatic.com/gold/awards/icon/Starstruck_32.png", "width": 32}, {"height": 48, "url": "https://www.redditstatic.com/gold/awards/icon/Starstruck_48.png", "width": 48}, {"height": 64, "url": "https://www.redditstatic.com/gold/awards/icon/Starstruck_64.png", "width": 64}, {"height": 128, "url": "https://www.redditstatic.com/gold/awards/icon/Starstruck_128.png", "width": 128}], "resized_static_icons": [{"height": 16, "url": "https://preview.redd.it/award_images/t5_22cerq/snotiq9vxyn51_Starstruck.png?width=16&amp;height=16&amp;auto=webp&amp;v=enabled&amp;s=33eba03e0a6defb8abde795039b68e67e88b065e", "width": 16}, {"height": 32, "url": "https://preview.redd.it/award_images/t5_22cerq/snotiq9vxyn51_Starstruck.png?width=32&amp;height=32&amp;auto=webp&amp;v=enabled&amp;s=c78ffa7024982f9d4734f29e69627ec6c4c5484f", "width": 32}, {"height": 48, "url": "https://preview.redd.it/award_images/t5_22cerq/snotiq9vxyn51_Starstruck.png?width=48&amp;height=48&amp;auto=webp&amp;v=enabled&amp;s=4e130b357daf70f0a9cc7f8bf8b0e70f0e1e17fd", "width": 48}, {"height": 64, "url": "https://preview.redd.it/award_images/t5_22cerq/snotiq9vxyn51_Starstruck.png?width=64&amp;height=64&amp;auto=webp&amp;v=enabled&amp;s=931bd1908b603e61ec971fb9c882d221eb800cc5", "width": 64}, {"height": 128, "url": "https://preview.redd.it/award_images/t5_22cerq/snotiq9vxyn51_Starstruck.png?width=128&amp;height=128&amp;auto=webp&amp;v=enabled&amp;s=ed034a40c86c89af6308aca761ec27b46e6207f0", "width": 128}], "start_date": null, "static_icon_height": 512, "static_icon_url": "https://i.redd.it/award_images/t5_22cerq/snotiq9vxyn51_Starstruck.png", "static_icon_width": 512, "sticky_duration_seconds": null, "subreddit_coin_reward": 0, "subreddit_id": null, "tiers_by_required_awardings": null}], "allow_live_comments": false, "archived": false, "author": "ppseeds", "author_created_utc": 1518222553, "author_flair_background_color": null, "author_flair_css_class": null, "author_flair_richtext": [], "author_flair_template_id": null, "author_flair_text": null, "author_flair_text_color": null, "author_flair_type": "text", "author_fullname": "t2_w7v9rg0", "author_patreon_flair": false, "author_premium": true, "awarders": [], "banned_by": null, "can_gild": true, "can_mod_post": false, "category": null, "content_categories": null, "contest_mode": false, "created_utc": 1673140739, "discussion_type": null, "distinguished": null, "domain": "i.redd.it", "edited": false, "gilded": 0, "gildings": {}, "hidden": false, "hide_score": false, "id": "1065ok6", "is_created_from_ads_ui": false, "is_crosspostable": true, "is_meta": false, "is_original_content": false, "is_reddit_media_domain": true, "is_robot_indexable": true, "is_self": false, "is_video": false, "link_flair_background_color": "", "link_flair_css_class": null, "link_flair_richtext": [], "link_flair_text": null, "link_flair_text_color": "dark", "link_flair_type": "text", "locked": false, "media": null, "media_embed": {}, "media_only": false, "name": "t3_1065ok6", "no_follow": false, "num_comments": 19, "num_crossposts": 0, "over_18": false, "parent_whitelist_status": null, "permalink": "/r/ThePPShow/comments/1065ok6/theppshow_coming_this_wednesday/", "pinned": false, "post_hint": "image", "preview": {"enabled": true, "images": [{"id": "jm95KewkxmYtxJfBNXDr4nnnd_T5tumrTteAerSaggc", "resolutions": [{"height": 71, "url": "https://preview.redd.it/5kcgwerfiraa1.jpg?width=108&amp;crop=smart&amp;auto=webp&amp;v=enabled&amp;s=05922499b6f2ea1e63a0b953f0ce4ddd802bb2ac", "width": 108}, {"height": 143, "url": "https://preview.redd.it/5kcgwerfiraa1.jpg?width=216&amp;crop=smart&amp;auto=webp&amp;v=enabled&amp;s=af1df41686953bb40dbd67d5d0e714ec42f5478b", "width": 216}, {"height": 213, "url": "https://preview.redd.it/5kcgwerfiraa1.jpg?width=320&amp;crop=smart&amp;auto=webp&amp;v=enabled&amp;s=4ecbd8647e7ec981116c78e64848f94b9abd398a", "width": 320}, {"height": 426, "url": "https://preview.redd.it/5kcgwerfiraa1.jpg?width=640&amp;crop=smart&amp;auto=webp&amp;v=enabled&amp;s=669ae89a1b6b15c9d788070f087139f515263abb", "width": 640}, {"height": 639, "url": "https://preview.redd.it/5kcgwerfiraa1.jpg?width=960&amp;crop=smart&amp;auto=webp&amp;v=enabled&amp;s=ec80d62ac5f25739c25311c64ae88d498aa2b32b", "width": 960}], "source": {"height": 653, "url": "https://preview.redd.it/5kcgwerfiraa1.jpg?auto=webp&amp;v=enabled&amp;s=2f8acf17893a7c336228810e78496f8f6791c650", "width": 980}, "variants": {}}]}, "pwls": null, "quarantine": false, "removed_by": null, "removed_by_category": null, "retrieved_on": 1676245389, "score": 17, "secure_media": null, "secure_media_embed": {}, "selftext": "", "send_replies": true, "spoiler": false, "stickied": false, "subreddit": "ThePPShow", "subreddit_id": "t5_7q5o7y", "subreddit_name_prefixed": "r/ThePPShow", "subreddit_subscribers": 328, "subreddit_type": "public", "suggested_sort": null, "thumbnail": "https://a.thumbs.redditmedia.com/OWTt0A3g_BcGwHvm6vqS8kgek5LWUOufEcZCy9QsoZ8.jpg", "thumbnail_height": 93, "thumbnail_width": 140, "title": "ThePPShow Coming this Wednesday", "top_awarded_type": null, "total_awards_received": 1, "treatment_tags": [], "upvote_ratio": 0.95, "url": "https://i.redd.it/5kcgwerfiraa1.jpg", "url_overridden_by_dest": "https://i.redd.it/5kcgwerfiraa1.jpg", "view_count": null, "whitelist_status": null, "wls": null}], "metadata": {"op_a": 55, "op_b": 50, "total": 106}, "error": null}