{"data": [{"all_awardings": [], "allow_live_comments": false, "archived": false, "author": "ppseeds", "author_created_utc": 1518222553, "author_flair_background_color": null, "author_flair_css_class": null, "author_flair_richtext": [], "author_flair_template_id": null, "author_flair_text": null, "author_flair_text_color": null, "author_flair_type": "text", "author_fullname": "t2_w7v9rg0", "author_patreon_flair": false, "author_premium": true, "awarders": [], "banned_by": null, "can_gild": true, "can_mod_post": false, "category": null, "content_categories": null, "contest_mode": false, "created_utc": 1674066411, "discussion_type": null, "distinguished": null, "domain": "self.ThePPShow", "edited": 1674068559.0, "gilded": 0, "gildings": {}, "hidden": false, "hide_score": false, "id": "10feo5v", "is_created_from_ads_ui": false, "is_crosspostable": false, "is_meta": false, "is_original_content": false, "is_reddit_media_domain": false, "is_robot_indexable": false, "is_self": true, "is_video": false, "link_flair_background_color": "#ffd635", "link_flair_css_class": "", "link_flair_richtext": [], "link_flair_template_id": "b389bcaa-8f0a-11ed-9b6e-1e9f599434b1", "link_flair_text": "Stream announcement ", "link_flair_text_color": "dark", "link_flair_type": "text", "locked": false, "media": null, "media_embed": {}, "media_only": false, "name": "t3_10feo5v", "no_follow": true, "num_comments": 12, "num_crossposts": 0, "over_18": false, "parent_whitelist_status": null, "permalink": "/r/ThePPShow/comments/10feo5v/stream_tonight_at_7pmct/", "pinned": false, "pwls": null, "quarantine": false, "removed_by": null, "removed_by_category": "author", "retrieved_on": 1676235755, "score": 13, "secure_media": null, "secure_media_embed": {}, "selftext": "[removed]", "send_replies": true, "spoiler": false, "stickied": false, "subreddit": "ThePPShow", "subreddit_id": "t5_7q5o7y", "subreddit_name_prefixed": "r/ThePPShow", "subreddit_subscribers": 328, "subreddit_type": "public", "suggested_sort": null, "thumbnail": "default", "thumbnail_height": null, "thumbnail_width": null, "title": "Stream tonight at 7PMCT", "top_awarded_type": null, "total_awards_received": 0, "treatment_tags": [], "upvote_ratio": 0.93, "url": "https://www.reddit.com/r/ThePPShow/comments/10feo5v/stream_tonight_at_7pmct/", "view_count": null, "whitelist_status": null, "wls": null}, {"all_awardings": [], "allow_live_comments": false, "archived": false, "author": "Skw1bbs", "author_created_utc": 1662059980, "author_flair_background_color": null, "author_flair_css_class": null, "author_flair_richtext": [], "author_flair_template_id": null, "author_flair_text": null, "author_flair_text_color": null, "author_flair_type": "text", "author_fullname": "t2_8p8rdep2", "author_patreon_flair": false, "author_premium": false, "awarders": [], "banned_by": null, "can_gild": true, "can_mod_post": false, "category": null, "content_categories": null, "contest_mode": false, "created_utc": 1674004537, "discussion_type": null, "distinguished": null, "domain": "youtu.be", "edited": false, "gilded": 0, "gildings": {}, "hidden": false, "hide_score": false, "id": "10etrmr", "is_created_from_ads_ui": false, "is_crosspostable": true, "is_meta": false, "is_original_content": false, "is_reddit_media_domain": false, "is_robot_indexable": true, "is_self": false, "is_video": false, "link_flair_background_color": "", "link_flair_css_class": null, "link_flair_richtext": [], "link_flair_text": null, "link_flair_text_color": "dark", "link_flair_type": "text", "locked": false, "media": {"oembed": {"author_name": "Kais Maalej", "author_url": "https://www.youtube.com/@kaismaalej", "height": 200, "html": "&lt;iframe width=\"356\" height=\"200\" src=\"https://www.youtube.com/embed/X-Id9aySYyo?feature=oembed&amp;enablejsapi=1\" frameborder=\"0\" allow=\"accelerometer; autoplay; clipboard-write; encrypted-media; gyroscope; picture-in-picture; web-share\" allowfullscreen title=\"$BBBY \ud83d\ude80\ud83c\udf1d Kais MAALEJ HITS HARD THE FAKE MEDIA VISIT BED BATH BEYOND E-COMMERCE FULFILLMENT CENTER\"&gt;&lt;/iframe&gt;", "provider_name": "YouTube", "provider_url": "https://www.youtube.com/", "thumbnail_height": 360, "thumbnail_url": "https://i.ytimg.com/vi/X-Id9aySYyo/hqdefault.jpg", "thumbnail_width": 480, "title": "$BBBY \ud83d\ude80\ud83c\udf1d Kais MAALEJ HITS HARD THE FAKE MEDIA VISIT BED BATH BEYOND E-COMMERCE FULFILLMENT CENTER", "type": "video", "version": "1.0", "width": 356}, "type": "youtube.com"}, "media_embed": {"content": "&lt;iframe width=\"356\" height=\"200\" src=\"https://www.youtube.com/embed/X-Id9aySYyo?feature=oembed&amp;enablejsapi=1\" frameborder=\"0\" allow=\"accelerometer; autoplay; clipboard-write; encrypted-media; gyroscope; picture-in-picture; web-share\" allowfullscreen title=\"$BBBY \ud83d\ude80\ud83c\udf1d Kais MAALEJ HITS HARD THE FAKE MEDIA VISIT BED BATH BEYOND E-COMMERCE FULFILLMENT CENTER\"&gt;&lt;/iframe&gt;", "height": 200, "scrolling": false, "width": 356}, "media_only": false, "name": "t3_10etrmr", "no_follow": false, "num_comments": 8, "num_crossposts": 0, "over_18": false, "parent_whitelist_status": null, "permalink": "/r/ThePPShow/comments/10etrmr/this_is_why_we_love_you_kais_keep_it_up_man_not/", "pinned": false, "post_hint": "rich:video", "preview": {"enabled": false, "images": [{"id": "wb1uO5lbVlm17I-W_iikTxhRc-e13U4RJfq4DPSIFDA", "resolutions": [{"height": 81, "url": "https://external-preview.redd.it/fWHISyIv767COPKi-vRrRUNBmgeCadAwVhs_JafY-XE.jpg?width=108&amp;crop=smart&amp;auto=webp&amp;v=enabled&amp;s=2e4bd713fc22220f37542853788aa9a441fe712f", "width": 108}, {"height": 162, "url": "https://external-preview.redd.it/fWHISyIv767COPKi-vRrRUNBmgeCadAwVhs_JafY-XE.jpg?width=216&amp;crop=smart&amp;auto=webp&amp;v=enabled&amp;s=7170478b24d639eae57bbf041995431682ecbca7", "width": 216}, {"height": 240, "url": "https://external-preview.redd.it/fWHISyIv767COPKi-vRrRUNBmgeCadAwVhs_JafY-XE.jpg?width=320&amp;crop=smart&amp;auto=webp&amp;v=enabled&amp;s=9d4e5449e999d65d29afac2c5e82d8b15e9a731d", "width": 320}], "source": {"height": 360, "url": "https://external-preview.redd.it/fWHISyIv767COPKi-vRrRUNBmgeCadAwVhs_JafY-XE.jpg?auto=webp&amp;v=enabled&amp;s=b8a2b83621448e43f886e762179adbf519f8cfc2", "width": 480}, "variants": {}}]}, "pwls": null, "quarantine": false, "removed_by": null, "removed_by_category": null, "retrieved_on": 1676236367, "score": 17, "secure_media": {"oembed": {"author_name": "Kais Maalej", "author_url": "https://www.youtube.com/@kaismaalej", "height": 200, "html": "&lt;iframe width=\"356\" height=\"200\" src=\"https://www.youtube.com/embed/X-Id9aySYyo?feature=oembed&amp;enablejsapi=1\" frameborder=\"0\" allow=\"accelerometer; autoplay; clipboard-write; encrypted-media; gyroscope; picture-in-picture; web-share\" allowfullscreen title=\"$BBBY \ud83d\ude80\ud83c\udf1d Kais MAALEJ HITS HARD THE FAKE MEDIA VISIT BED BATH BEYOND E-COMMERCE FULFILLMENT CENTER\"&gt;&lt;/iframe&gt;", "provider_name": "YouTube", "provider_url": "https://www.youtube.com/", "thumbnail_height": 360, "thumbnail_url": "https://i.ytimg.com/vi/X-Id9aySYyo/hqdefault.jpg", "thumbnail_width": 480, "title": "$BBBY \ud83d\ude80\ud83c\udf1d Kais MAALEJ HITS HARD THE FAKE MEDIA VISIT BED BATH BEYOND E-COMMERCE FULFILLMENT CENTER", "type": "video", "version": "1.0", "width": 356}, "type": "youtube.com"}, "secure_media_embed": {"content": "&lt;iframe width=\"356\" height=\"200\" src=\"https://www.youtube.com/embed/X-Id9aySYyo?feature=oembed&amp;enablejsapi=1\" frameborder=\"0\" allow=\"accelerometer; autoplay; clipboard-write; encrypted-media; gyroscope; picture-in-picture; web-share\" allowfullscreen title=\"$BBBY \ud83d\ude80\ud83c\udf1d Kais MAALEJ HITS HARD THE FAKE MEDIA VISIT BED BATH BEYOND E-COMMERCE FULFILLMENT CENTER\"&gt;&lt;/iframe&gt;", "height": 200, "media_domain_url": "https://www.redditmedia.com/mediaembed/10etrmr", "scrolling": false, "width": 356}, "selftext": "", "send_replies": true, "spoiler": false, "stickied": false, "subreddit": "ThePPShow", "subreddit_id": "t5_7q5o7y", "subreddit_name_prefixed": "r/ThePPShow", "subreddit_subscribers": 328, "subreddit_type": "public", "suggested_sort": null, "thumbnail": "https://b.thumbs.redditmedia.com/diECePkEEqlr86VqZDsEzOT_F0KmtFsK0y6dXKIcWFg.jpg", "thumbnail_height": 105, "thumbnail_width": 140, "title": "This is why we love you Kais! Keep it up man, not much longer now \ud83d\ude80", "top_awarded_type": null, "total_awards_received": 0, "treatment_tags": [], "upvote_ratio": 0.85, "url": "https://youtu.be/X-Id9aySYyo", "url_overridden_by_dest": "https://youtu.be/X-Id9aySYyo", "view_count": null, "whitelist_status": null, "wls": null}], "metadata": {"op_a": 56, "op_b": 47, "total": 104}, "error": null}