{"data": [{"all_awardings": [], "allow_live_comments": false, "archived": false, "author": "calibull2019", "author_created_utc": 1659657946, "author_flair_background_color": null, "author_flair_css_class": null, "author_flair_richtext": [], "author_flair_template_id": null, "author_flair_text": null, "author_flair_text_color": null, "author_flair_type": "text", "author_fullname": "t2_qxyp6d3x", "author_patreon_flair": false, "author_premium": false, "awarders": [], "banned_by": null, "can_gild": true, "can_mod_post": false, "category": null, "content_categories": null, "contest_mode": false, "created_utc": 1678572622, "discussion_type": null, "distinguished": null, "domain": "i.redd.it", "edited": false, "gilded": 0, "gildings": {}, "hidden": false, "hide_score": false, "id": "11owoyn", "is_created_from_ads_ui": false, "is_crosspostable": true, "is_meta": false, "is_original_content": false, "is_reddit_media_domain": true, "is_robot_indexable": true, "is_self": false, "is_video": false, "link_flair_background_color": "", "link_flair_css_class": null, "link_flair_richtext": [], "link_flair_text": null, "link_flair_text_color": "dark", "link_flair_type": "text", "locked": false, "media": null, "media_embed": {}, "media_only": false, "name": "t3_11owoyn", "no_follow": false, "num_comments": 0, "num_crossposts": 0, "over_18": false, "parent_whitelist_status": null, "permalink": "/r/ThePPShow/comments/11owoyn/marge_is_pissed_and_she_is_calling_ay_caramba/", "pinned": false, "post_hint": "image", "preview": {"enabled": true, "images": [{"id": "BSNNku34Hnz1Khvmd-KJYRtTF5ORLX2TG5P-1avnyYo", "resolutions": [{"height": 104, "url": "https://preview.redd.it/qbb1a7q768na1.jpg?width=108&amp;crop=smart&amp;auto=webp&amp;v=enabled&amp;s=e5e4cd536d49179275373162d0765d05f9420a30", "width": 108}, {"height": 208, "url": "https://preview.redd.it/qbb1a7q768na1.jpg?width=216&amp;crop=smart&amp;auto=webp&amp;v=enabled&amp;s=97ea20a750dcf64b4d9b53e66f751fa069f13c72", "width": 216}, {"height": 309, "url": "https://preview.redd.it/qbb1a7q768na1.jpg?width=320&amp;crop=smart&amp;auto=webp&amp;v=enabled&amp;s=eab556551d5447b51ed2d233e421854697bfe350", "width": 320}], "source": {"height": 606, "url": "https://preview.redd.it/qbb1a7q768na1.jpg?auto=webp&amp;v=enabled&amp;s=3a4bc5e54503fbc164ff18e7c58e6bfc26faa80c", "width": 627}, "variants": {}}]}, "pwls": null, "quarantine": false, "removed_by": null, "removed_by_category": null, "retrieved_on": 1681012208, "score": 11, "secure_media": null, "secure_media_embed": {}, "selftext": "", "send_replies": true, "spoiler": false, "stickied": false, "subreddit": "ThePPShow", "subreddit_id": "t5_7q5o7y", "subreddit_name_prefixed": "r/ThePPShow", "subreddit_subscribers": 1239, "subreddit_type": "public", "suggested_sort": null, "thumbnail": "https://b.thumbs.redditmedia.com/NH4h32TreY8beFMhAWM6EjuCM-7bj4VBD4itFzwHsiQ.jpg", "thumbnail_height": 135, "thumbnail_width": 140, "title": "Marge is pissed and she is calling .. ay caramba !!!", "top_awarded_type": null, "total_awards_received": 0, "treatment_tags": [], "upvote_ratio": 1.0, "url": "https://i.redd.it/qbb1a7q768na1.jpg", "url_overridden_by_dest": "https://i.redd.it/qbb1a7q768na1.jpg", "view_count": null, "whitelist_status": null, "wls": null}, {"all_awardings": [], "allow_live_comments": false, "archived": false, "author": "ericsvisuals", "author_created_utc": 1612005171, "author_flair_background_color": null, "author_flair_css_class": null, "author_flair_richtext": [], "author_flair_template_id": null, "author_flair_text": null, "author_flair_text_color": null, "author_flair_type": "text", "author_fullname": "t2_a2oc2vg0", "author_patreon_flair": false, "author_premium": false, "awarders": [], "banned_by": null, "can_gild": true, "can_mod_post": false, "category": null, "content_categories": null, "contest_mode": false, "created_utc": 1678565230, "discussion_type": null, "distinguished": null, "domain": "i.redd.it", "edited": false, "gilded": 0, "gildings": {}, "hidden": false, "hide_score": false, "id": "11otoch", "is_created_from_ads_ui": false, "is_crosspostable": true, "is_meta": false, "is_original_content": false, "is_reddit_media_domain": true, "is_robot_indexable": true, "is_self": false, "is_video": false, "link_flair_background_color": "", "link_flair_css_class": null, "link_flair_richtext": [], "link_flair_text": null, "link_flair_text_color": "dark", "link_flair_type": "text", "locked": false, "media": null, "media_embed": {}, "media_only": false, "name": "t3_11otoch", "no_follow": false, "num_comments": 7, "num_crossposts": 0, "over_18": false, "parent_whitelist_status": null, "permalink": "/r/ThePPShow/comments/11otoch/this_is_something_id_watch_love_the_pp_show/", "pinned": false, "post_hint": "image", "preview": {"enabled": true, "images": [{"id": "ced1A5JdTHZWexKv7W3aA299fW4r4tdQQ5OvnsHwTRw", "resolutions": [{"height": 163, "url": "https://preview.redd.it/8p2jiyg8k7na1.jpg?width=108&amp;crop=smart&amp;auto=webp&amp;v=enabled&amp;s=bb323c8d0d1ac7aabf3519b916d1698ab4b70752", "width": 108}, {"height": 327, "url": "https://preview.redd.it/8p2jiyg8k7na1.jpg?width=216&amp;crop=smart&amp;auto=webp&amp;v=enabled&amp;s=5b59c9d491ecaa6cc8dfd87e9222455da5111aa6", "width": 216}, {"height": 485, "url": "https://preview.redd.it/8p2jiyg8k7na1.jpg?width=320&amp;crop=smart&amp;auto=webp&amp;v=enabled&amp;s=f065d7b9f916b658653f8a308a5e46509bf2cc8b", "width": 320}, {"height": 971, "url": "https://preview.redd.it/8p2jiyg8k7na1.jpg?width=640&amp;crop=smart&amp;auto=webp&amp;v=enabled&amp;s=475f28bca9090ae2bcfb7b851149d8083862ca1d", "width": 640}, {"height": 1457, "url": "https://preview.redd.it/8p2jiyg8k7na1.jpg?width=960&amp;crop=smart&amp;auto=webp&amp;v=enabled&amp;s=15ac026fe8203088616f6697074144192398d9a9", "width": 960}, {"height": 1639, "url": "https://preview.redd.it/8p2jiyg8k7na1.jpg?width=1080&amp;crop=smart&amp;auto=webp&amp;v=enabled&amp;s=08273a3ac1f018fa2ae350a22b96958c16511f6f", "width": 1080}], "source": {"height": 1776, "url": "https://preview.redd.it/8p2jiyg8k7na1.jpg?auto=webp&amp;v=enabled&amp;s=3c6dfacdfb013e38f3105d9354403dd76b8c1f0f", "width": 1170}, "variants": {}}]}, "pwls": null, "quarantine": false, "removed_by": null, "removed_by_category": null, "retrieved_on": 1681012321, "score": 14, "secure_media": null, "secure_media_embed": {}, "selftext": "", "send_replies": true, "spoiler": false, "stickied": false, "subreddit": "ThePPShow", "subreddit_id": "t5_7q5o7y", "subreddit_name_prefixed": "r/ThePPShow", "subreddit_subscribers": 1239, "subreddit_type": "public", "suggested_sort": null, "thumbnail": "https://b.thumbs.redditmedia.com/qnM0AOKzOOJE39MUmD7HCJJlJXjAwQf4R3NpkjrI5qQ.jpg", "thumbnail_height": 140, "thumbnail_width": 140, "title": "This is something I\u2019d watch \ud83d\udc40 LOVE THE PP SHOW \ud83d\udc9c\ud83e\uddf8", "top_awarded_type": null, "total_awards_received": 0, "treatment_tags": [], "upvote_ratio": 0.82, "url": "https://i.redd.it/8p2jiyg8k7na1.jpg", "url_overridden_by_dest": "https://i.redd.it/8p2jiyg8k7na1.jpg", "view_count": null, "whitelist_status": null, "wls": null}, {"all_awardings": [], "allow_live_comments": false, "archived": false, "author": "the_small_farmer", "author_created_utc": 1611650393, "author_flair_background_color": null, "author_flair_css_class": null, "author_flair_richtext": [], "author_flair_template_id": null, "author_flair_text": null, "author_flair_text_color": null, "author_flair_type": "text", "author_fullname": "t2_9zzaasnx", "author_patreon_flair": false, "author_premium": false, "awarders": [], "banned_by": null, "can_gild": true, "can_mod_post": false, "category": null, "content_categories": null, "contest_mode": false, "created_utc": 1678558015, "discussion_type": null, "distinguished": null, "domain": "twitter.com", "edited": false, "gilded": 0, "gildings": {}, "hidden": false, "hide_score": false, "id": "11oqp2p", "is_created_from_ads_ui": false, "is_crosspostable": true, "is_meta": false, "is_original_content": false, "is_reddit_media_domain": false, "is_robot_indexable": true, "is_self": false, "is_video": false, "link_flair_background_color": "", "link_flair_css_class": null, "link_flair_richtext": [], "link_flair_text": null, "link_flair_text_color": "dark", "link_flair_type": "text", "locked": false, "media": {"oembed": {"author_name": "A Humble Investor", "author_url": "https://twitter.com/adropot", "cache_age": 3153600000, "height": null, "html": "&lt;blockquote class=\"twitter-video\"&gt;&lt;p lang=\"en\" dir=\"ltr\"&gt;Here is my theory with regards to what\u2019s gonna happen with &lt;a href=\"https://twitter.com/search?q=%24BBBY&amp;amp;src=ctag&amp;amp;ref_src=twsrc%5Etfw\"&gt;$BBBY&lt;/a&gt;, their warrants, preferred shares and preferred warrants. Not financial advice! ( a thread)&lt;/p&gt;&amp;mdash; A Humble Investor (@adropot) &lt;a href=\"https://twitter.com/adropot/status/1634595293890064395?ref_src=twsrc%5Etfw\"&gt;March 11, 2023&lt;/a&gt;&lt;/blockquote&gt;\n&lt;script async src=\"https://platform.twitter.com/widgets.js\" charset=\"utf-8\"&gt;&lt;/script&gt;\n", "provider_name": "Twitter", "provider_url": "https://twitter.com", "type": "rich", "url": "https://twitter.com/adropot/status/1634595293890064395", "version": "1.0", "width": 350}, "type": "twitter.com"}, "media_embed": {"content": "&lt;blockquote class=\"twitter-video\"&gt;&lt;p lang=\"en\" dir=\"ltr\"&gt;Here is my theory with regards to what\u2019s gonna happen with &lt;a href=\"https://twitter.com/search?q=%24BBBY&amp;amp;src=ctag&amp;amp;ref_src=twsrc%5Etfw\"&gt;$BBBY&lt;/a&gt;, their warrants, preferred shares and preferred warrants. Not financial advice! ( a thread)&lt;/p&gt;&amp;mdash; A Humble Investor (@adropot) &lt;a href=\"https://twitter.com/adropot/status/1634595293890064395?ref_src=twsrc%5Etfw\"&gt;March 11, 2023&lt;/a&gt;&lt;/blockquote&gt;\n&lt;script async src=\"https://platform.twitter.com/widgets.js\" charset=\"utf-8\"&gt;&lt;/script&gt;\n", "height": 200, "scrolling": false, "width": 350}, "media_only": false, "name": "t3_11oqp2p", "no_follow": false, "num_comments": 3, "num_crossposts": 0, "over_18": false, "parent_whitelist_status": null, "permalink": "/r/ThePPShow/comments/11oqp2p/nice_theory_regarding_warrants_etc/", "pinned": false, "post_hint": "link", "preview": {"enabled": false, "images": [{"id": "QQNxx-xjEU529sdtqvOjgkctm-p5Ro0CSo7SAr2teMs", "resolutions": [{"height": 108, "url": "https://external-preview.redd.it/yTtJH-QunCjZH5ThfRwUhmM4m8lY4qCb1_hrBkSshOA.jpg?width=108&amp;crop=smart&amp;auto=webp&amp;v=enabled&amp;s=a86b30f5ecb627fd073097c2f2c65b9ea8dd9a37", "width": 108}], "source": {"height": 140, "url": "https://external-preview.redd.it/yTtJH-QunCjZH5ThfRwUhmM4m8lY4qCb1_hrBkSshOA.jpg?auto=webp&amp;v=enabled&amp;s=c02d4f7479944351ec896b09ace6a6f5be4e2059", "width": 140}, "variants": {}}]}, "pwls": null, "quarantine": false, "removed_by": null, "removed_by_category": null, "retrieved_on": 1681012431, "score": 10, "secure_media": {"oembed": {"author_name": "A Humble Investor", "author_url": "https://twitter.com/adropot", "cache_age": 3153600000, "height": null, "html": "&lt;blockquote class=\"twitter-video\"&gt;&lt;p lang=\"en\" dir=\"ltr\"&gt;Here is my theory with regards to what\u2019s gonna happen with &lt;a href=\"https://twitter.com/search?q=%24BBBY&amp;amp;src=ctag&amp;amp;ref_src=twsrc%5Etfw\"&gt;$BBBY&lt;/a&gt;, their warrants, preferred shares and preferred warrants. Not financial advice! ( a thread)&lt;/p&gt;&amp;mdash; A Humble Investor (@adropot) &lt;a href=\"https://twitter.com/adropot/status/1634595293890064395?ref_src=twsrc%5Etfw\"&gt;March 11, 2023&lt;/a&gt;&lt;/blockquote&gt;\n&lt;script async src=\"https://platform.twitter.com/widgets.js\" charset=\"utf-8\"&gt;&lt;/script&gt;\n", "provider_name": "Twitter", "provider_url": "https://twitter.com", "type": "rich", "url": "https://twitter.com/adropot/status/1634595293890064395", "version": "1.0", "width": 350}, "type": "twitter.com"}, "secure_media_embed": {"content": "&lt;blockquote class=\"twitter-video\"&gt;&lt;p lang=\"en\" dir=\"ltr\"&gt;Here is my theory with regards to what\u2019s gonna happen with &lt;a href=\"https://twitter.com/search?q=%24BBBY&amp;amp;src=ctag&amp;amp;ref_src=twsrc%5Etfw\"&gt;$BBBY&lt;/a&gt;, their warrants, preferred shares and preferred warrants. Not financial advice! ( a thread)&lt;/p&gt;&amp;mdash; A Humble Investor (@adropot) &lt;a href=\"https://twitter.com/adropot/status/1634595293890064395?ref_src=twsrc%5Etfw\"&gt;March 11, 2023&lt;/a&gt;&lt;/blockquote&gt;\n&lt;script async src=\"https://platform.twitter.com/widgets.js\" charset=\"utf-8\"&gt;&lt;/script&gt;\n", "height": 200, "media_domain_url": "https://www.redditmedia.com/mediaembed/11oqp2p", "scrolling": false, "width": 350}, "selftext": "", "send_replies": false, "spoiler": false, "stickied": false, "subreddit": "ThePPShow", "subreddit_id": "t5_7q5o7y", "subreddit_name_prefixed": "r/ThePPShow", "subreddit_subscribers": 1239, "subreddit_type": "public", "suggested_sort": null, "thumbnail": "https://b.thumbs.redditmedia.com/l2_q3S_ZUH2xBHaebImap8EEAzK_vwHKXWlJCIOzAYE.jpg", "thumbnail_height": 140, "thumbnail_width": 140, "title": "Nice theory regarding Warrants etc.", "top_awarded_type": null, "total_awards_received": 0, "treatment_tags": [], "upvote_ratio": 0.92, "url": "https://twitter.com/adropot/status/1634595293890064395?s=20", "url_overridden_by_dest": "https://twitter.com/adropot/status/1634595293890064395?s=20", "view_count": null, "whitelist_status": null, "wls": null}, {"all_awardings": [], "allow_live_comments": false, "archived": false, "author": "IsolatedAnon9", "author_created_utc": 1614287818, "author_flair_background_color": null, "author_flair_css_class": null, "author_flair_richtext": [], "author_flair_template_id": null, "author_flair_text": null, "author_flair_text_color": null, "author_flair_type": "text", "author_fullname": "t2_8rv6ax6s", "author_patreon_flair": false, "author_premium": true, "awarders": [], "banned_by": null, "can_gild": true, "can_mod_post": false, "category": null, "content_categories": null, "contest_mode": false, "created_utc": 1678512868, "discussion_type": null, "distinguished": null, "domain": "self.ThePPShow", "edited": false, "gilded": 0, "gildings": {}, "hidden": false, "hide_score": false, "id": "11obvjg", "is_created_from_ads_ui": false, "is_crosspostable": true, "is_meta": false, "is_original_content": false, "is_reddit_media_domain": false, "is_robot_indexable": true, "is_self": true, "is_video": false, "link_flair_background_color": "", "link_flair_css_class": null, "link_flair_richtext": [], "link_flair_text": null, "link_flair_text_color": "dark", "link_flair_type": "text", "locked": false, "media": null, "media_embed": {}, "media_only": false, "name": "t3_11obvjg", "no_follow": false, "num_comments": 11, "num_crossposts": 0, "over_18": false, "parent_whitelist_status": null, "permalink": "/r/ThePPShow/comments/11obvjg/infinite_truth_and_rc_co_ry_are_listening_in_to/", "pinned": false, "pwls": null, "quarantine": false, "removed_by": null, "removed_by_category": null, "retrieved_on": 1681012998, "score": 17, "secure_media": null, "secure_media_embed": {}, "selftext": "", "send_replies": true, "spoiler": false, "stickied": false, "subreddit": "ThePPShow", "subreddit_id": "t5_7q5o7y", "subreddit_name_prefixed": "r/ThePPShow", "subreddit_subscribers": 1239, "subreddit_type": "public", "suggested_sort": null, "thumbnail": "self", "thumbnail_height": null, "thumbnail_width": null, "title": "Infinite Truth and RC (@_CO_RY_) are listening in to this Twitter space. https://twitter.com/i/spaces/1OdJrzyjDonJX", "top_awarded_type": null, "total_awards_received": 0, "treatment_tags": [], "upvote_ratio": 1.0, "url": "https://www.reddit.com/r/ThePPShow/comments/11obvjg/infinite_truth_and_rc_co_ry_are_listening_in_to/", "view_count": null, "whitelist_status": null, "wls": null}, {"all_awardings": [], "allow_live_comments": false, "archived": false, "author": "ppseeds", "author_created_utc": 1518222553, "author_flair_background_color": null, "author_flair_css_class": null, "author_flair_richtext": [], "author_flair_template_id": null, "author_flair_text": null, "author_flair_text_color": null, "author_flair_type": "text", "author_fullname": "t2_w7v9rg0", "author_patreon_flair": false, "author_premium": true, "awarders": [], "banned_by": null, "can_gild": true, "can_mod_post": false, "category": null, "content_categories": null, "contest_mode": false, "created_utc": 1678504637, "discussion_type": null, "distinguished": null, "domain": "i.redd.it", "edited": false, "gilded": 0, "gildings": {}, "hidden": false, "hide_score": false, "id": "11o9b6s", "is_created_from_ads_ui": false, "is_crosspostable": true, "is_meta": false, "is_original_content": false, "is_reddit_media_domain": true, "is_robot_indexable": true, "is_self": false, "is_video": false, "link_flair_background_color": "#ffd635", "link_flair_css_class": "", "link_flair_richtext": [], "link_flair_template_id": "b479f938-a5ec-11ed-8dc6-06e6317e03d0", "link_flair_text": "memes", "link_flair_text_color": "dark", "link_flair_type": "text", "locked": false, "media": null, "media_embed": {}, "media_only": false, "name": "t3_11o9b6s", "no_follow": false, "num_comments": 4, "num_crossposts": 0, "over_18": false, "parent_whitelist_status": null, "permalink": "/r/ThePPShow/comments/11o9b6s/why_does_this_low_key_look_like_pete_the_pilot_is/", "pinned": false, "post_hint": "image", "preview": {"enabled": true, "images": [{"id": "NPvf8exr9jtswOoDhPsZsZCehzVUWBtaeXVfDYszgEM", "resolutions": [{"height": 216, "url": "https://preview.redd.it/qt09bh82k2na1.jpg?width=108&amp;crop=smart&amp;auto=webp&amp;v=enabled&amp;s=f21a7ed4797632092bee892ef16596ea04b0d753", "width": 108}, {"height": 432, "url": "https://preview.redd.it/qt09bh82k2na1.jpg?width=216&amp;crop=smart&amp;auto=webp&amp;v=enabled&amp;s=b5bd78b3705f4de062b579c2970979f75a46e043", "width": 216}, {"height": 640, "url": "https://preview.redd.it/qt09bh82k2na1.jpg?width=320&amp;crop=smart&amp;auto=webp&amp;v=enabled&amp;s=d6bae198aa94d48f95d6b6875db4e12abeb782a7", "width": 320}, {"height": 1280, "url": "https://preview.redd.it/qt09bh82k2na1.jpg?width=640&amp;crop=smart&amp;auto=webp&amp;v=enabled&amp;s=ac00a6477e8562f6b2adeba2a92358805bf64b9a", "width": 640}], "source": {"height": 1792, "url": "https://preview.redd.it/qt09bh82k2na1.jpg?auto=webp&amp;v=enabled&amp;s=3e7e9c5667093749c99eeea808c7c8411036e030", "width": 828}, "variants": {}}]}, "pwls": null, "quarantine": false, "removed_by": null, "removed_by_category": null, "retrieved_on": 1681013095, "score": 15, "secure_media": null, "secure_media_embed": {}, "selftext": "", "send_replies": true, "spoiler": false, "stickied": false, "subreddit": "ThePPShow", "subreddit_id": "t5_7q5o7y", "subreddit_name_prefixed": "r/ThePPShow", "subreddit_subscribers": 1239, "subreddit_type": "public", "suggested_sort": null, "thumbnail": "https://b.thumbs.redditmedia.com/bXDmd8UdKxT1c-1AqC1K6OwSAAxYYGqu-PLJskkNHMM.jpg", "thumbnail_height": 140, "thumbnail_width": 140, "title": "Why does this low key look like Pete the pilot is this your doppelg\u00e4nger \ud83d\ude02", "top_awarded_type": null, "total_awards_received": 0, "treatment_tags": [], "upvote_ratio": 1.0, "url": "https://i.redd.it/qt09bh82k2na1.jpg", "url_overridden_by_dest": "https://i.redd.it/qt09bh82k2na1.jpg", "view_count": null, "whitelist_status": null, "wls": null}, {"all_awardings": [], "allow_live_comments": false, "archived": false, "author": "Z3R0H3R013", "author_created_utc": 1593165150, "author_flair_background_color": null, "author_flair_css_class": null, "author_flair_richtext": [], "author_flair_template_id": null, "author_flair_text": null, "author_flair_text_color": null, "author_flair_type": "text", "author_fullname": "t2_5envtm3k", "author_patreon_flair": false, "author_premium": false, "awarders": [], "banned_by": null, "can_gild": true, "can_mod_post": false, "category": null, "content_categories": null, "contest_mode": false, "created_utc": 1678500916, "discussion_type": null, "distinguished": null, "domain": "self.ThePPShow", "edited": false, "gilded": 0, "gildings": {}, "hidden": false, "hide_score": false, "id": "11o82lw", "is_created_from_ads_ui": false, "is_crosspostable": true, "is_meta": false, "is_original_content": false, "is_reddit_media_domain": false, "is_robot_indexable": true, "is_self": true, "is_video": false, "link_flair_background_color": "", "link_flair_css_class": null, "link_flair_richtext": [], "link_flair_text": null, "link_flair_text_color": "dark", "link_flair_type": "text", "locked": false, "media": null, "media_embed": {}, "media_only": false, "name": "t3_11o82lw", "no_follow": false, "num_comments": 2, "num_crossposts": 0, "over_18": false, "parent_whitelist_status": null, "permalink": "/r/ThePPShow/comments/11o82lw/tucker_carlson_tonight_3102023_breaking_fox_news/", "pinned": false, "pwls": null, "quarantine": false, "removed_by": null, "removed_by_category": null, "retrieved_on": 1681013143, "score": 5, "secure_media": null, "secure_media_embed": {}, "selftext": "the video doesn't talk about BBBY, it talks about banks failing.  if you don't trust the link, the channel and title of the video on YouTube is: Jason W Play; Tucker Carlson Tonight 3/10/2023 | BREAKING FOX NEWS March 10, 2023   \n\n\nthe reason i think it may have a connection to BBBY is because of something Lily San Diego said in chat during the last PP Show:  \n\n\n \"meme stock Moons causing a stock market crash\"  \n\n\nthat shit really blew my mind because what if that is true.  is there a connection between the FTX stuff, the Silicon Bank stuff, and BBBY???  there sure seems to be a hell of a lot of scandalous shit going down in a very short period of time, and it's all fucking suspicious.  \n\n\ni think it was PP and U-Copy that even talked about how all the banks sold their cryptos, which caused a crypto crash.  why did they sell their cryptos?  to double down on shorts?  is SPY down because of this?\n\ni'm an idiot.  i really don't know shit about shit or how to conduct proper due diligence.  i'm just trying to rationalize how the $1.50 calls didn't print.  my regard technical analysis said the $1.50's were damn near a sure thing.  i can't be the only one who thought that too.  \n\n\ndid the short hedge funds/banks double down on shorting BBBY or is it that the whole market crashed?  end of brainfart", "send_replies": true, "spoiler": false, "stickied": false, "subreddit": "ThePPShow", "subreddit_id": "t5_7q5o7y", "subreddit_name_prefixed": "r/ThePPShow", "subreddit_subscribers": 1239, "subreddit_type": "public", "suggested_sort": null, "thumbnail": "self", "thumbnail_height": null, "thumbnail_width": null, "title": "Tucker Carlson Tonight 3/10/2023 | BREAKING FOX NEWS March 10, 2023", "top_awarded_type": null, "total_awards_received": 0, "treatment_tags": [], "upvote_ratio": 0.86, "url": "https://www.reddit.com/r/ThePPShow/comments/11o82lw/tucker_carlson_tonight_3102023_breaking_fox_news/", "view_count": null, "whitelist_status": null, "wls": null}], "metadata": {"op_a": 56, "op_b": 49, "total": 106}, "error": null}