{"data": [{"all_awardings": [{"award_sub_type": "GLOBAL", "award_type": "global", "awardings_required_to_grant_benefits": null, "coin_price": 500, "coin_reward": 100, "count": 1, "days_of_drip_extension": null, "days_of_premium": 7, "description": "Gives 100 Reddit Coins and a week of r/lounge access and ad-free browsing.", "end_date": null, "giver_coin_reward": null, "icon_format": null, "icon_height": 512, "icon_url": "https://www.redditstatic.com/gold/awards/icon/gold_512.png", "icon_width": 512, "id": "gid_2", "is_enabled": true, "is_new": false, "name": "Gold", "penny_donate": null, "penny_price": null, "resized_icons": [{"height": 16, "url": "https://www.redditstatic.com/gold/awards/icon/gold_16.png", "width": 16}, {"height": 32, "url": "https://www.redditstatic.com/gold/awards/icon/gold_32.png", "width": 32}, {"height": 48, "url": "https://www.redditstatic.com/gold/awards/icon/gold_48.png", "width": 48}, {"height": 64, "url": "https://www.redditstatic.com/gold/awards/icon/gold_64.png", "width": 64}, {"height": 128, "url": "https://www.redditstatic.com/gold/awards/icon/gold_128.png", "width": 128}], "resized_static_icons": [{"height": 16, "url": "https://www.redditstatic.com/gold/awards/icon/gold_16.png", "width": 16}, {"height": 32, "url": "https://www.redditstatic.com/gold/awards/icon/gold_32.png", "width": 32}, {"height": 48, "url": "https://www.redditstatic.com/gold/awards/icon/gold_48.png", "width": 48}, {"height": 64, "url": "https://www.redditstatic.com/gold/awards/icon/gold_64.png", "width": 64}, {"height": 128, "url": "https://www.redditstatic.com/gold/awards/icon/gold_128.png", "width": 128}], "start_date": null, "static_icon_height": 512, "static_icon_url": "https://www.redditstatic.com/gold/awards/icon/gold_512.png", "static_icon_width": 512, "sticky_duration_seconds": null, "subreddit_coin_reward": 0, "subreddit_id": null, "tiers_by_required_awardings": null}], "allow_live_comments": true, "archived": false, "author": "ppseeds", "author_created_utc": 1518222553, "author_flair_background_color": null, "author_flair_css_class": null, "author_flair_richtext": [], "author_flair_template_id": null, "author_flair_text": null, "author_flair_text_color": null, "author_flair_type": "text", "author_fullname": "t2_w7v9rg0", "author_patreon_flair": false, "author_premium": true, "awarders": [], "banned_by": null, "can_gild": true, "can_mod_post": false, "category": null, "content_categories": null, "contest_mode": false, "created_utc": 1678037242, "discussion_type": null, "distinguished": null, "domain": "i.redd.it", "edited": false, "gilded": 1, "gildings": {"gid_2": 1}, "hidden": false, "hide_score": false, "id": "11j3n5k", "is_created_from_ads_ui": false, "is_crosspostable": true, "is_meta": false, "is_original_content": false, "is_reddit_media_domain": true, "is_robot_indexable": true, "is_self": false, "is_video": false, "link_flair_background_color": "", "link_flair_css_class": null, "link_flair_richtext": [], "link_flair_text": null, "link_flair_text_color": "dark", "link_flair_type": "text", "locked": false, "media": null, "media_embed": {}, "media_only": false, "name": "t3_11j3n5k", "no_follow": false, "num_comments": 26, "num_crossposts": 0, "over_18": false, "parent_whitelist_status": null, "permalink": "/r/ThePPShow/comments/11j3n5k/mystery_guest_this_monday/", "pinned": false, "post_hint": "image", "preview": {"enabled": true, "images": [{"id": "6ISW7GoNF_LbrMCR4Qb42rdKV-tXlsuhXavcmp3DwjM", "resolutions": [{"height": 69, "url": "https://preview.redd.it/yplqir89yzla1.jpg?width=108&amp;crop=smart&amp;auto=webp&amp;v=enabled&amp;s=413bec9c6b2515ad6ad5fefca20976e1b791f22b", "width": 108}, {"height": 138, "url": "https://preview.redd.it/yplqir89yzla1.jpg?width=216&amp;crop=smart&amp;auto=webp&amp;v=enabled&amp;s=ce5b47d1ce80b641c80e75f0e5c622640328b719", "width": 216}, {"height": 205, "url": "https://preview.redd.it/yplqir89yzla1.jpg?width=320&amp;crop=smart&amp;auto=webp&amp;v=enabled&amp;s=ab4cfff20714e7ed4b4a30435220d02af8ca1cea", "width": 320}, {"height": 410, "url": "https://preview.redd.it/yplqir89yzla1.jpg?width=640&amp;crop=smart&amp;auto=webp&amp;v=enabled&amp;s=9b12cb929fc5de183f7ea0d5f7fc599d02344741", "width": 640}], "source": {"height": 481, "url": "https://preview.redd.it/yplqir89yzla1.jpg?auto=webp&amp;v=enabled&amp;s=3ddf5985a317e0a5b18f73261ce7b1e68a09c9aa", "width": 750}, "variants": {}}]}, "pwls": null, "quarantine": false, "removed_by": null, "removed_by_category": null, "retrieved_on": 1681019691, "score": 24, "secure_media": null, "secure_media_embed": {}, "selftext": "", "send_replies": true, "spoiler": false, "stickied": false, "subreddit": "ThePPShow", "subreddit_id": "t5_7q5o7y", "subreddit_name_prefixed": "r/ThePPShow", "subreddit_subscribers": 1240, "subreddit_type": "public", "suggested_sort": null, "thumbnail": "https://b.thumbs.redditmedia.com/HIkCkNNq8oOMwj8n1_fnl4npeY34dnn_77JneEFZXVk.jpg", "thumbnail_height": 89, "thumbnail_width": 140, "title": "Mystery guest this Monday!", "top_awarded_type": null, "total_awards_received": 1, "treatment_tags": [], "upvote_ratio": 0.96, "url": "https://i.redd.it/yplqir89yzla1.jpg", "url_overridden_by_dest": "https://i.redd.it/yplqir89yzla1.jpg", "view_count": null, "whitelist_status": null, "wls": null}, {"all_awardings": [], "allow_live_comments": false, "archived": false, "author": "ppseeds", "author_created_utc": 1518222553, "author_flair_background_color": null, "author_flair_css_class": null, "author_flair_richtext": [], "author_flair_template_id": null, "author_flair_text": null, "author_flair_text_color": null, "author_flair_type": "text", "author_fullname": "t2_w7v9rg0", "author_patreon_flair": false, "author_premium": true, "awarders": [], "banned_by": null, "can_gild": true, "can_mod_post": false, "category": null, "content_categories": null, "contest_mode": false, "created_utc": 1678005689, "discussion_type": null, "distinguished": null, "domain": "i.redd.it", "edited": false, "gilded": 0, "gildings": {}, "hidden": false, "hide_score": false, "id": "11is2ts", "is_created_from_ads_ui": false, "is_crosspostable": true, "is_meta": false, "is_original_content": false, "is_reddit_media_domain": true, "is_robot_indexable": true, "is_self": false, "is_video": false, "link_flair_background_color": "", "link_flair_css_class": null, "link_flair_richtext": [], "link_flair_text": null, "link_flair_text_color": "dark", "link_flair_type": "text", "locked": false, "media": null, "media_embed": {}, "media_only": false, "name": "t3_11is2ts", "no_follow": false, "num_comments": 2, "num_crossposts": 0, "over_18": false, "parent_whitelist_status": null, "permalink": "/r/ThePPShow/comments/11is2ts/i_wasnt_supposed_to_upload_this_but_its_a_pic_of/", "pinned": false, "post_hint": "image", "preview": {"enabled": true, "images": [{"id": "mdGkTMW3AFnh0fSqVIpZFHH0kEq9gT7hX3pkoQHqYRg", "resolutions": [{"height": 84, "url": "https://preview.redd.it/wvkplrmfcxla1.jpg?width=108&amp;crop=smart&amp;auto=webp&amp;v=enabled&amp;s=83faa30d66b727abbc03e5dbb7464e4cf739d752", "width": 108}, {"height": 169, "url": "https://preview.redd.it/wvkplrmfcxla1.jpg?width=216&amp;crop=smart&amp;auto=webp&amp;v=enabled&amp;s=74fd3a3a523bb74c1434cf0df94fb8fafdbfa79a", "width": 216}, {"height": 250, "url": "https://preview.redd.it/wvkplrmfcxla1.jpg?width=320&amp;crop=smart&amp;auto=webp&amp;v=enabled&amp;s=70e4bdb031e3be5c93803675c67a7d65c370284c", "width": 320}], "source": {"height": 480, "url": "https://preview.redd.it/wvkplrmfcxla1.jpg?auto=webp&amp;v=enabled&amp;s=94659e911c6ad321fc0e03d29e61d05c9a6c2d4b", "width": 612}, "variants": {}}]}, "pwls": null, "quarantine": false, "removed_by": null, "removed_by_category": null, "retrieved_on": 1681020089, "score": 18, "secure_media": null, "secure_media_embed": {}, "selftext": "", "send_replies": true, "spoiler": false, "stickied": false, "subreddit": "ThePPShow", "subreddit_id": "t5_7q5o7y", "subreddit_name_prefixed": "r/ThePPShow", "subreddit_subscribers": 1240, "subreddit_type": "public", "suggested_sort": null, "thumbnail": "https://b.thumbs.redditmedia.com/D5YmG1aBKFqPZepl8JoMoL2fnRDLHklVP8kmWIOA9sM.jpg", "thumbnail_height": 109, "thumbnail_width": 140, "title": "I wasn\u2019t supposed to upload this but it\u2019s a pic of abc sorry abc", "top_awarded_type": null, "total_awards_received": 0, "treatment_tags": [], "upvote_ratio": 0.95, "url": "https://i.redd.it/wvkplrmfcxla1.jpg", "url_overridden_by_dest": "https://i.redd.it/wvkplrmfcxla1.jpg", "view_count": null, "whitelist_status": null, "wls": null}, {"all_awardings": [], "allow_live_comments": false, "archived": false, "author": "ppseeds", "author_created_utc": 1518222553, "author_flair_background_color": null, "author_flair_css_class": null, "author_flair_richtext": [], "author_flair_template_id": null, "author_flair_text": null, "author_flair_text_color": null, "author_flair_type": "text", "author_fullname": "t2_w7v9rg0", "author_patreon_flair": false, "author_premium": true, "awarders": [], "banned_by": null, "can_gild": true, "can_mod_post": false, "category": null, "content_categories": null, "contest_mode": false, "created_utc": 1677998002, "crosspost_parent": "t3_11ip8m2", "crosspost_parent_list": [{"all_awardings": [], "allow_live_comments": true, "approved_at_utc": null, "approved_by": null, "archived": false, "author": "[deleted]", "author_flair_background_color": "", "author_flair_css_class": null, "author_flair_template_id": null, "author_flair_text": null, "author_flair_text_color": "dark", "author_is_blocked": false, "awarders": [], "banned_at_utc": null, "banned_by": null, "can_gild": false, "can_mod_post": false, "category": null, "clicked": false, "content_categories": null, "contest_mode": false, "created": 1677996002.0, "created_utc": 1677996002.0, "discussion_type": null, "distinguished": null, "domain": "", "downs": 0, "edited": false, "gallery_data": null, "gilded": 0, "gildings": {}, "hidden": false, "hide_score": false, "id": "11ip8m2", "is_created_from_ads_ui": false, "is_crosspostable": false, "is_gallery": true, "is_meta": false, "is_original_content": false, "is_reddit_media_domain": false, "is_robot_indexable": false, "is_self": false, "is_video": false, "likes": null, "link_flair_background_color": "#1a1a1b", "link_flair_css_class": "", "link_flair_richtext": [], "link_flair_template_id": "aa1c126e-78d0-11eb-8057-0ec751e4a429", "link_flair_text": "\ud83d\udde3 Discussion / Question", "link_flair_text_color": "light", "link_flair_type": "text", "locked": false, "media": null, "media_embed": {}, "media_metadata": null, "media_only": false, "mod_note": null, "mod_reason_by": null, "mod_reason_title": null, "mod_reports": [], "name": "t3_11ip8m2", "no_follow": false, "num_comments": 64, "num_crossposts": 2, "num_reports": null, "over_18": false, "parent_whitelist_status": null, "permalink": "/r/BBBY/comments/11ip8m2/article_on_general_timeline_for_mergers/", "pinned": false, "pwls": null, "quarantine": false, "removal_reason": null, "removed_by": null, "removed_by_category": "deleted", "report_reasons": null, "saved": false, "score": 229, "secure_media": null, "secure_media_embed": {}, "selftext": "[deleted]", "selftext_html": "&lt;!-- SC_OFF --&gt;&lt;div class=\"md\"&gt;&lt;p&gt;[deleted]&lt;/p&gt;\n&lt;/div&gt;&lt;!-- SC_ON --&gt;", "send_replies": true, "spoiler": false, "stickied": false, "subreddit": "BBBY", "subreddit_id": "t5_3q5hel", "subreddit_name_prefixed": "r/BBBY", "subreddit_subscribers": 61079, "subreddit_type": "public", "suggested_sort": null, "thumbnail": "default", "thumbnail_height": 140, "thumbnail_width": 140, "title": "Article on general timeline for mergers.", "top_awarded_type": null, "total_awards_received": 0, "treatment_tags": [], "ups": 229, "upvote_ratio": 0.91, "url": "", "url_overridden_by_dest": "", "user_reports": [], "view_count": null, "visited": false, "whitelist_status": null, "wls": null}], "discussion_type": null, "distinguished": null, "domain": "reddit.com", "edited": false, "gilded": 0, "gildings": {}, "hidden": false, "hide_score": false, "id": "11ipupa", "is_created_from_ads_ui": false, "is_crosspostable": true, "is_meta": false, "is_original_content": false, "is_reddit_media_domain": false, "is_robot_indexable": true, "is_self": false, "is_video": false, "link_flair_background_color": "", "link_flair_css_class": null, "link_flair_richtext": [], "link_flair_text": null, "link_flair_text_color": "dark", "link_flair_type": "text", "locked": false, "media": null, "media_embed": {}, "media_only": false, "name": "t3_11ipupa", "no_follow": false, "num_comments": 2, "num_crossposts": 0, "over_18": false, "parent_whitelist_status": null, "permalink": "/r/ThePPShow/comments/11ipupa/article_on_general_timeline_for_mergers_is_this/", "pinned": false, "pwls": null, "quarantine": false, "removed_by": null, "removed_by_category": null, "retrieved_on": 1681020170, "score": 7, "secure_media": null, "secure_media_embed": {}, "selftext": "", "send_replies": false, "spoiler": false, "stickied": false, "subreddit": "ThePPShow", "subreddit_id": "t5_7q5o7y", "subreddit_name_prefixed": "r/ThePPShow", "subreddit_subscribers": 1240, "subreddit_type": "public", "suggested_sort": null, "thumbnail": "https://b.thumbs.redditmedia.com/xNuzbEje5w_qzZR314lkXFqAkc1hBE1B8DFc2FeA_9o.jpg", "thumbnail_height": 140, "thumbnail_width": 140, "title": "Article on general timeline for mergers. Is this the Reason Canadian stores were closed?", "top_awarded_type": null, "total_awards_received": 0, "treatment_tags": [], "upvote_ratio": 0.9, "url": "https://www.reddit.com/gallery/11ip8m2", "url_overridden_by_dest": "https://www.reddit.com/gallery/11ip8m2", "view_count": null, "whitelist_status": null, "wls": null}, {"all_awardings": [], "allow_live_comments": false, "archived": false, "author": "wilsash42", "author_created_utc": 1621173925, "author_flair_background_color": null, "author_flair_css_class": null, "author_flair_richtext": [], "author_flair_template_id": null, "author_flair_text": null, "author_flair_text_color": null, "author_flair_type": "text", "author_fullname": "t2_c5vzyhey", "author_patreon_flair": false, "author_premium": true, "awarders": [], "banned_by": null, "can_gild": true, "can_mod_post": false, "category": null, "content_categories": null, "contest_mode": false, "created_utc": 1677988798, "discussion_type": null, "distinguished": null, "domain": "i.redd.it", "edited": false, "gilded": 0, "gildings": {}, "hidden": false, "hide_score": false, "id": "11imvez", "is_created_from_ads_ui": false, "is_crosspostable": true, "is_meta": false, "is_original_content": false, "is_reddit_media_domain": true, "is_robot_indexable": true, "is_self": false, "is_video": false, "link_flair_background_color": "", "link_flair_css_class": null, "link_flair_richtext": [], "link_flair_text": null, "link_flair_text_color": "dark", "link_flair_type": "text", "locked": false, "media": null, "media_embed": {}, "media_only": false, "name": "t3_11imvez", "no_follow": false, "num_comments": 9, "num_crossposts": 0, "over_18": false, "parent_whitelist_status": null, "permalink": "/r/ThePPShow/comments/11imvez/the_real_abc_lfg/", "pinned": false, "post_hint": "image", "preview": {"enabled": true, "images": [{"id": "cJXeaupDhv6GG1Pc9giUDTFQ8QEfACMkHK-6cm-pgvw", "resolutions": [{"height": 157, "url": "https://preview.redd.it/cc786ce7yvla1.jpg?width=108&amp;crop=smart&amp;auto=webp&amp;v=enabled&amp;s=43293f527ea340396c57b5330d308ce1b0701686", "width": 108}, {"height": 314, "url": "https://preview.redd.it/cc786ce7yvla1.jpg?width=216&amp;crop=smart&amp;auto=webp&amp;v=enabled&amp;s=92e474870567a2b6dd067d68157269000ec92e9b", "width": 216}, {"height": 466, "url": "https://preview.redd.it/cc786ce7yvla1.jpg?width=320&amp;crop=smart&amp;auto=webp&amp;v=enabled&amp;s=4ea3851fbc675d005bc38f35e9a62b3cf54cf04e", "width": 320}, {"height": 932, "url": "https://preview.redd.it/cc786ce7yvla1.jpg?width=640&amp;crop=smart&amp;auto=webp&amp;v=enabled&amp;s=52168045d39d16202e0e4e7568f162d9b83e7407", "width": 640}, {"height": 1399, "url": "https://preview.redd.it/cc786ce7yvla1.jpg?width=960&amp;crop=smart&amp;auto=webp&amp;v=enabled&amp;s=a49684193e1b880f0151742462340561f4fc43a3", "width": 960}, {"height": 1574, "url": "https://preview.redd.it/cc786ce7yvla1.jpg?width=1080&amp;crop=smart&amp;auto=webp&amp;v=enabled&amp;s=59aa913180a25ad1ec7a909b69879b6ad2aaaee2", "width": 1080}], "source": {"height": 1800, "url": "https://preview.redd.it/cc786ce7yvla1.jpg?auto=webp&amp;v=enabled&amp;s=f8b1fd45cc0f775ba297696fd2ea91f8b2e6a216", "width": 1235}, "variants": {}}]}, "pwls": null, "quarantine": false, "removed_by": null, "removed_by_category": null, "retrieved_on": 1681020276, "score": 40, "secure_media": null, "secure_media_embed": {}, "selftext": "", "send_replies": true, "spoiler": false, "stickied": false, "subreddit": "ThePPShow", "subreddit_id": "t5_7q5o7y", "subreddit_name_prefixed": "r/ThePPShow", "subreddit_subscribers": 1240, "subreddit_type": "public", "suggested_sort": null, "thumbnail": "https://b.thumbs.redditmedia.com/w9HTMgEkHpG_OFDTXc-W7pnwnWny1Xi053dC_9SlG1E.jpg", "thumbnail_height": 140, "thumbnail_width": 140, "title": "The Real ABC! LFG\u2026.", "top_awarded_type": null, "total_awards_received": 0, "treatment_tags": [], "upvote_ratio": 1.0, "url": "https://i.redd.it/cc786ce7yvla1.jpg", "url_overridden_by_dest": "https://i.redd.it/cc786ce7yvla1.jpg", "view_count": null, "whitelist_status": null, "wls": null}, {"all_awardings": [], "allow_live_comments": false, "archived": false, "author": "MyApplesRipeToYolo", "author_created_utc": 1667329026, "author_flair_background_color": null, "author_flair_css_class": null, "author_flair_richtext": [], "author_flair_template_id": null, "author_flair_text": null, "author_flair_text_color": null, "author_flair_type": "text", "author_fullname": "t2_hja67dgy", "author_patreon_flair": false, "author_premium": false, "awarders": [], "banned_by": null, "can_gild": true, "can_mod_post": false, "category": null, "content_categories": null, "contest_mode": false, "created_utc": 1677977930, "discussion_type": null, "distinguished": null, "domain": "self.ThePPShow", "edited": false, "gilded": 0, "gildings": {}, "hidden": false, "hide_score": false, "id": "11iixsy", "is_created_from_ads_ui": false, "is_crosspostable": true, "is_meta": false, "is_original_content": false, "is_reddit_media_domain": false, "is_robot_indexable": true, "is_self": true, "is_video": false, "link_flair_background_color": "", "link_flair_css_class": null, "link_flair_richtext": [], "link_flair_text": null, "link_flair_text_color": "dark", "link_flair_type": "text", "locked": false, "media": null, "media_embed": {}, "media_only": false, "name": "t3_11iixsy", "no_follow": false, "num_comments": 17, "num_crossposts": 0, "over_18": false, "parent_whitelist_status": null, "permalink": "/r/ThePPShow/comments/11iixsy/vote_for_more_pp_streams_abc_and_pp_will_have_to/", "pinned": false, "poll_data": {"is_prediction": false, "options": [{"id": "21903956", "text": "yes, ppshow every day until squeeze", "vote_count": 48}, {"id": "21903957", "text": "no, they deserve breaks. I mean, they're people too, not just apes.", "vote_count": 32}, {"id": "21903958", "text": "I'll compromise. gimme 4 week days, you pick your day off.", "vote_count": 46}], "prediction_status": null, "resolved_option_id": null, "total_stake_amount": null, "total_vote_count": 126, "tournament_id": null, "user_selection": null, "user_won_amount": null, "vote_updates_remained": null, "voting_end_timestamp": 1678150730153}, "pwls": null, "quarantine": false, "removed_by": null, "removed_by_category": null, "retrieved_on": 1681020416, "score": 13, "secure_media": null, "secure_media_embed": {}, "selftext": "\n\n[View Poll](https://www.reddit.com/poll/11iixsy)", "send_replies": true, "spoiler": false, "stickied": false, "subreddit": "ThePPShow", "subreddit_id": "t5_7q5o7y", "subreddit_name_prefixed": "r/ThePPShow", "subreddit_subscribers": 1240, "subreddit_type": "public", "suggested_sort": null, "thumbnail": "self", "thumbnail_height": null, "thumbnail_width": null, "title": "vote for more pp streams. ABC and PP will have to take the heat on the results.", "top_awarded_type": null, "total_awards_received": 0, "treatment_tags": [], "upvote_ratio": 0.94, "url": "https://www.reddit.com/r/ThePPShow/comments/11iixsy/vote_for_more_pp_streams_abc_and_pp_will_have_to/", "view_count": null, "whitelist_status": null, "wls": null}], "metadata": {"op_a": 57, "op_b": 50, "total": 107}, "error": null}