{"data": [{"all_awardings": [], "allow_live_comments": false, "archived": false, "author": "[deleted]", "author_created_utc": null, "author_flair_background_color": "", "author_flair_css_class": null, "author_flair_template_id": null, "author_flair_text": null, "author_flair_text_color": "dark", "awarders": [], "banned_by": null, "can_gild": false, "can_mod_post": false, "category": null, "content_categories": null, "contest_mode": false, "created_utc": 1677775893, "discussion_type": null, "distinguished": null, "domain": "", "edited": false, "gilded": 0, "gildings": {}, "hidden": false, "hide_score": false, "id": "11g7kiq", "is_created_from_ads_ui": false, "is_crosspostable": false, "is_meta": false, "is_original_content": false, "is_reddit_media_domain": false, "is_robot_indexable": false, "is_self": true, "is_video": false, "link_flair_background_color": "#ffd635", "link_flair_css_class": "", "link_flair_richtext": [], "link_flair_template_id": "b389bcaa-8f0a-11ed-9b6e-1e9f599434b1", "link_flair_text": "Stream announcement ", "link_flair_text_color": "dark", "link_flair_type": "text", "locked": false, "media": null, "media_embed": {}, "media_only": false, "name": "t3_11g7kiq", "no_follow": false, "num_comments": 13, "num_crossposts": 0, "over_18": false, "parent_whitelist_status": null, "permalink": "/r/ThePPShow/comments/11g7kiq/heard_there_is_an_issue_with_people_from_uk_views/", "pinned": false, "pwls": null, "quarantine": false, "removed_by": null, "removed_by_category": "deleted", "retrieved_on": 1681023220, "score": 8, "secure_media": null, "secure_media_embed": {}, "selftext": "[deleted]", "send_replies": true, "spoiler": false, "stickied": false, "subreddit": "ThePPShow", "subreddit_id": "t5_7q5o7y", "subreddit_name_prefixed": "r/ThePPShow", "subreddit_subscribers": 1240, "subreddit_type": "public", "suggested_sort": null, "thumbnail": "default", "thumbnail_height": null, "thumbnail_width": null, "title": "Heard there is an issue with people from UK views my last nights stream?", "top_awarded_type": null, "total_awards_received": 0, "treatment_tags": [], "upvote_ratio": 1.0, "url": "", "view_count": null, "whitelist_status": null, "wls": null}, {"all_awardings": [{"award_sub_type": "GLOBAL", "award_type": "global", "awardings_required_to_grant_benefits": null, "coin_price": 100, "coin_reward": 0, "count": 1, "days_of_drip_extension": null, "days_of_premium": null, "description": "Let's sip to good health and good company", "end_date": null, "giver_coin_reward": null, "icon_format": "PNG", "icon_height": 2048, "icon_url": "https://i.redd.it/award_images/t5_22cerq/45aeu8mzvsj51_IllDrinktoThat.png", "icon_width": 2048, "id": "award_3267ca1c-127a-49e9-9a3d-4ba96224af18", "is_enabled": true, "is_new": false, "name": "I'll Drink to That", "penny_donate": null, "penny_price": 0, "resized_icons": [{"height": 16, "url": "https://preview.redd.it/award_images/t5_22cerq/45aeu8mzvsj51_IllDrinktoThat.png?width=16&amp;height=16&amp;auto=webp&amp;v=enabled&amp;s=c78880518e785342884be5bad63b3db8ea098600", "width": 16}, {"height": 32, "url": "https://preview.redd.it/award_images/t5_22cerq/45aeu8mzvsj51_IllDrinktoThat.png?width=32&amp;height=32&amp;auto=webp&amp;v=enabled&amp;s=98c89cc62ae89cd3fd0efd2fe578d94523f4696d", "width": 32}, {"height": 48, "url": "https://preview.redd.it/award_images/t5_22cerq/45aeu8mzvsj51_IllDrinktoThat.png?width=48&amp;height=48&amp;auto=webp&amp;v=enabled&amp;s=87abcc168afa3abc7f39013df3c858529245098d", "width": 48}, {"height": 64, "url": "https://preview.redd.it/award_images/t5_22cerq/45aeu8mzvsj51_IllDrinktoThat.png?width=64&amp;height=64&amp;auto=webp&amp;v=enabled&amp;s=974bcf06299c32888ecf30f51a1d0b0b1143b742", "width": 64}, {"height": 128, "url": "https://preview.redd.it/award_images/t5_22cerq/45aeu8mzvsj51_IllDrinktoThat.png?width=128&amp;height=128&amp;auto=webp&amp;v=enabled&amp;s=f5f64b8c1df8cb3fa6e9ecc6fc35de3dc9efeafa", "width": 128}], "resized_static_icons": [{"height": 16, "url": "https://preview.redd.it/award_images/t5_22cerq/45aeu8mzvsj51_IllDrinktoThat.png?width=16&amp;height=16&amp;auto=webp&amp;v=enabled&amp;s=c78880518e785342884be5bad63b3db8ea098600", "width": 16}, {"height": 32, "url": "https://preview.redd.it/award_images/t5_22cerq/45aeu8mzvsj51_IllDrinktoThat.png?width=32&amp;height=32&amp;auto=webp&amp;v=enabled&amp;s=98c89cc62ae89cd3fd0efd2fe578d94523f4696d", "width": 32}, {"height": 48, "url": "https://preview.redd.it/award_images/t5_22cerq/45aeu8mzvsj51_IllDrinktoThat.png?width=48&amp;height=48&amp;auto=webp&amp;v=enabled&amp;s=87abcc168afa3abc7f39013df3c858529245098d", "width": 48}, {"height": 64, "url": "https://preview.redd.it/award_images/t5_22cerq/45aeu8mzvsj51_IllDrinktoThat.png?width=64&amp;height=64&amp;auto=webp&amp;v=enabled&amp;s=974bcf06299c32888ecf30f51a1d0b0b1143b742", "width": 64}, {"height": 128, "url": "https://preview.redd.it/award_images/t5_22cerq/45aeu8mzvsj51_IllDrinktoThat.png?width=128&amp;height=128&amp;auto=webp&amp;v=enabled&amp;s=f5f64b8c1df8cb3fa6e9ecc6fc35de3dc9efeafa", "width": 128}], "start_date": null, "static_icon_height": 2048, "static_icon_url": "https://i.redd.it/award_images/t5_22cerq/45aeu8mzvsj51_IllDrinktoThat.png", "static_icon_width": 2048, "sticky_duration_seconds": null, "subreddit_coin_reward": 0, "subreddit_id": null, "tiers_by_required_awardings": null}, {"award_sub_type": "GLOBAL", "award_type": "global", "awardings_required_to_grant_benefits": null, "coin_price": 500, "coin_reward": 100, "count": 1, "days_of_drip_extension": null, "days_of_premium": null, "description": "Thank you stranger. Gives %{coin_symbol}100 Coins to both the author and the community.", "end_date": null, "giver_coin_reward": null, "icon_format": "APNG", "icon_height": 2048, "icon_url": "https://www.redditstatic.com/gold/awards/icon/Animated_Helpful_512.png", "icon_width": 2048, "id": "award_2ae56630-cfe0-424e-b810-4945b9145358", "is_enabled": true, "is_new": false, "name": "Helpful (Pro)", "penny_donate": null, "penny_price": null, "resized_icons": [{"height": 16, "url": "https://www.redditstatic.com/gold/awards/icon/Animated_Helpful_16.png", "width": 16}, {"height": 32, "url": "https://www.redditstatic.com/gold/awards/icon/Animated_Helpful_32.png", "width": 32}, {"height": 48, "url": "https://www.redditstatic.com/gold/awards/icon/Animated_Helpful_48.png", "width": 48}, {"height": 64, "url": "https://www.redditstatic.com/gold/awards/icon/Animated_Helpful_64.png", "width": 64}, {"height": 128, "url": "https://www.redditstatic.com/gold/awards/icon/Animated_Helpful_128.png", "width": 128}], "resized_static_icons": [{"height": 16, "url": "https://preview.redd.it/award_images/t5_q0gj4/zkc9cw88c8361_ChristmasHelpful.png?width=16&amp;height=16&amp;auto=webp&amp;v=enabled&amp;s=e29d34590f34dd9869dcb86da6d93228cff8764b", "width": 16}, {"height": 32, "url": "https://preview.redd.it/award_images/t5_q0gj4/zkc9cw88c8361_ChristmasHelpful.png?width=32&amp;height=32&amp;auto=webp&amp;v=enabled&amp;s=3ea98b679ab75fddaa8f6c6cfd42ea8fae55edcf", "width": 32}, {"height": 48, "url": "https://preview.redd.it/award_images/t5_q0gj4/zkc9cw88c8361_ChristmasHelpful.png?width=48&amp;height=48&amp;auto=webp&amp;v=enabled&amp;s=e16700d712db912e08633cdb9bd4eb78e7658660", "width": 48}, {"height": 64, "url": "https://preview.redd.it/award_images/t5_q0gj4/zkc9cw88c8361_ChristmasHelpful.png?width=64&amp;height=64&amp;auto=webp&amp;v=enabled&amp;s=55281b48a7355141bf4e7464f5626830be9bce6c", "width": 64}, {"height": 128, "url": "https://preview.redd.it/award_images/t5_q0gj4/zkc9cw88c8361_ChristmasHelpful.png?width=128&amp;height=128&amp;auto=webp&amp;v=enabled&amp;s=64e6b2b5257d07985d17f50c3e393c7225f1ecba", "width": 128}], "start_date": null, "static_icon_height": 2048, "static_icon_url": "https://i.redd.it/award_images/t5_q0gj4/zkc9cw88c8361_ChristmasHelpful.png", "static_icon_width": 2048, "sticky_duration_seconds": null, "subreddit_coin_reward": 100, "subreddit_id": null, "tiers_by_required_awardings": null}], "allow_live_comments": false, "archived": false, "author": "calibull2019", "author_created_utc": 1659657946, "author_flair_background_color": null, "author_flair_css_class": null, "author_flair_richtext": [], "author_flair_template_id": null, "author_flair_text": null, "author_flair_text_color": null, "author_flair_type": "text", "author_fullname": "t2_qxyp6d3x", "author_patreon_flair": false, "author_premium": false, "awarders": [], "banned_by": null, "can_gild": true, "can_mod_post": false, "category": null, "content_categories": null, "contest_mode": false, "created_utc": 1677765377, "discussion_type": null, "distinguished": null, "domain": "i.redd.it", "edited": false, "gilded": 0, "gildings": {}, "hidden": false, "hide_score": false, "id": "11g3e3h", "is_created_from_ads_ui": false, "is_crosspostable": true, "is_meta": false, "is_original_content": false, "is_reddit_media_domain": true, "is_robot_indexable": true, "is_self": false, "is_video": false, "link_flair_background_color": "#ffd635", "link_flair_css_class": "", "link_flair_richtext": [], "link_flair_template_id": "d96925a0-ae68-11ed-8a4a-0a2543e76d1b", "link_flair_text": "Speculation/Opinion", "link_flair_text_color": "dark", "link_flair_type": "text", "locked": false, "media": null, "media_embed": {}, "media_only": false, "name": "t3_11g3e3h", "no_follow": false, "num_comments": 12, "num_crossposts": 1, "over_18": false, "parent_whitelist_status": null, "permalink": "/r/ThePPShow/comments/11g3e3h/guess_who_is_the_most_undervalued_stock_as_march/", "pinned": false, "post_hint": "image", "preview": {"enabled": true, "images": [{"id": "knJ-YnEz6AnbjyEs7mKdRIwPoHuky78oIDX0OI6ltNQ", "resolutions": [{"height": 81, "url": "https://preview.redd.it/0bxh03puhdla1.jpg?width=108&amp;crop=smart&amp;auto=webp&amp;v=enabled&amp;s=08c67336d560ef1656bf54b2b080772ef73227ff", "width": 108}, {"height": 162, "url": "https://preview.redd.it/0bxh03puhdla1.jpg?width=216&amp;crop=smart&amp;auto=webp&amp;v=enabled&amp;s=8cae78f40bc33ea83399cbcfcd306007338ebeeb", "width": 216}, {"height": 240, "url": "https://preview.redd.it/0bxh03puhdla1.jpg?width=320&amp;crop=smart&amp;auto=webp&amp;v=enabled&amp;s=bf1663f3a329223e60b5a75bd3083a0ca03b6550", "width": 320}, {"height": 480, "url": "https://preview.redd.it/0bxh03puhdla1.jpg?width=640&amp;crop=smart&amp;auto=webp&amp;v=enabled&amp;s=c70abc57ee1fe2be35bd67efd50f5748f1ac930b", "width": 640}, {"height": 720, "url": "https://preview.redd.it/0bxh03puhdla1.jpg?width=960&amp;crop=smart&amp;auto=webp&amp;v=enabled&amp;s=58b49142f8c2160089182a4d6afc97594e679c2d", "width": 960}, {"height": 810, "url": "https://preview.redd.it/0bxh03puhdla1.jpg?width=1080&amp;crop=smart&amp;auto=webp&amp;v=enabled&amp;s=cbda55623977a3fbbaf7b292f547beb26c46e6ed", "width": 1080}], "source": {"height": 3000, "url": "https://preview.redd.it/0bxh03puhdla1.jpg?auto=webp&amp;v=enabled&amp;s=0c245aa48c5c8aa3de7dcdaadadc5c5530688fac", "width": 4000}, "variants": {}}]}, "pwls": null, "quarantine": false, "removed_by": null, "removed_by_category": null, "retrieved_on": 1681023377, "score": 107, "secure_media": null, "secure_media_embed": {}, "selftext": "", "send_replies": true, "spoiler": false, "stickied": false, "subreddit": "ThePPShow", "subreddit_id": "t5_7q5o7y", "subreddit_name_prefixed": "r/ThePPShow", "subreddit_subscribers": 1240, "subreddit_type": "public", "suggested_sort": null, "thumbnail": "https://b.thumbs.redditmedia.com/A2aVqKcXjQTE8-CvNdgtyeAw6CIkO_WY-LkHUV6S5RQ.jpg", "thumbnail_height": 105, "thumbnail_width": 140, "title": "Guess who is the most undervalued stock as March 2nd? i don't have enough Karma to post on the BBBY happy if someone can share there", "top_awarded_type": null, "total_awards_received": 2, "treatment_tags": [], "upvote_ratio": 0.98, "url": "https://i.redd.it/0bxh03puhdla1.jpg", "url_overridden_by_dest": "https://i.redd.it/0bxh03puhdla1.jpg", "view_count": null, "whitelist_status": null, "wls": null}, {"all_awardings": [], "allow_live_comments": false, "archived": false, "author": "ppseeds", "author_created_utc": 1518222553, "author_flair_background_color": null, "author_flair_css_class": null, "author_flair_richtext": [], "author_flair_template_id": null, "author_flair_text": null, "author_flair_text_color": null, "author_flair_type": "text", "author_fullname": "t2_w7v9rg0", "author_patreon_flair": false, "author_premium": true, "awarders": [], "banned_by": null, "can_gild": true, "can_mod_post": false, "category": null, "content_categories": null, "contest_mode": false, "created_utc": 1677746082, "discussion_type": null, "distinguished": null, "domain": "self.ThePPShow", "edited": false, "gilded": 0, "gildings": {}, "hidden": false, "hide_score": false, "id": "11fxkvy", "is_created_from_ads_ui": false, "is_crosspostable": true, "is_meta": false, "is_original_content": false, "is_reddit_media_domain": false, "is_robot_indexable": true, "is_self": true, "is_video": false, "link_flair_background_color": "#ffd635", "link_flair_css_class": "", "link_flair_richtext": [], "link_flair_template_id": "b389bcaa-8f0a-11ed-9b6e-1e9f599434b1", "link_flair_text": "Stream announcement ", "link_flair_text_color": "dark", "link_flair_type": "text", "locked": false, "media": null, "media_embed": {}, "media_only": false, "name": "t3_11fxkvy", "no_follow": false, "num_comments": 34, "num_crossposts": 0, "over_18": false, "parent_whitelist_status": null, "permalink": "/r/ThePPShow/comments/11fxkvy/damn_what_a_good_ass_stream/", "pinned": false, "pwls": null, "quarantine": false, "removed_by": null, "removed_by_category": null, "retrieved_on": 1681023577, "score": 46, "secure_media": null, "secure_media_embed": {}, "selftext": "Wow what an incredible stream I wouldn\u2019t be doing this shit if it weren\u2019t for all the love constantly in the chat and support for the show. I\u2019m sitting here wasted as fuck trying to understand how I went from making hype meme videos to a full on show. Love you all thank you for the support and to each fuxking guest I love you guys!!!!!! Goodnight!", "send_replies": true, "spoiler": false, "stickied": false, "subreddit": "ThePPShow", "subreddit_id": "t5_7q5o7y", "subreddit_name_prefixed": "r/ThePPShow", "subreddit_subscribers": 1240, "subreddit_type": "public", "suggested_sort": null, "thumbnail": "self", "thumbnail_height": null, "thumbnail_width": null, "title": "Damn what a good ass stream", "top_awarded_type": null, "total_awards_received": 0, "treatment_tags": [], "upvote_ratio": 0.99, "url": "https://www.reddit.com/r/ThePPShow/comments/11fxkvy/damn_what_a_good_ass_stream/", "view_count": null, "whitelist_status": null, "wls": null}, {"all_awardings": [], "allow_live_comments": false, "archived": false, "author": "[deleted]", "author_created_utc": null, "author_flair_background_color": "", "author_flair_css_class": null, "author_flair_template_id": null, "author_flair_text": null, "author_flair_text_color": "dark", "awarders": [], "banned_by": null, "can_gild": false, "can_mod_post": false, "category": null, "content_categories": null, "contest_mode": false, "created_utc": 1677717274, "discussion_type": null, "distinguished": null, "domain": "", "edited": false, "gilded": 0, "gildings": {}, "hidden": false, "hide_score": false, "id": "11fng6m", "is_created_from_ads_ui": false, "is_crosspostable": false, "is_meta": false, "is_original_content": false, "is_reddit_media_domain": false, "is_robot_indexable": false, "is_self": false, "is_video": false, "link_flair_background_color": "#ffd635", "link_flair_css_class": "", "link_flair_richtext": [], "link_flair_template_id": "cf8e4b00-8f0a-11ed-bcf5-ea5ecab695a0", "link_flair_text": "Stream Live Chat", "link_flair_text_color": "dark", "link_flair_type": "text", "locked": false, "media": {"oembed": {"author_name": "ThePPshow", "author_url": "https://www.youtube.com/@ThePPshow", "height": 200, "html": "&lt;iframe width=\"356\" height=\"200\" src=\"https://www.youtube.com/embed/L8AMfZRFLpo?feature=oembed&amp;enablejsapi=1\" frameborder=\"0\" allow=\"accelerometer; autoplay; clipboard-write; encrypted-media; gyroscope; picture-in-picture; web-share\" allowfullscreen title=\"ThePPShow BBBY Livestream\"&gt;&lt;/iframe&gt;", "provider_name": "YouTube", "provider_url": "https://www.youtube.com/", "thumbnail_height": 360, "thumbnail_url": "https://i.ytimg.com/vi/L8AMfZRFLpo/hqdefault.jpg", "thumbnail_width": 480, "title": "ThePPShow BBBY Livestream", "type": "video", "version": "1.0", "width": 356}, "type": "youtube.com"}, "media_embed": {"content": "&lt;iframe width=\"356\" height=\"200\" src=\"https://www.youtube.com/embed/L8AMfZRFLpo?feature=oembed&amp;enablejsapi=1\" frameborder=\"0\" allow=\"accelerometer; autoplay; clipboard-write; encrypted-media; gyroscope; picture-in-picture; web-share\" allowfullscreen title=\"ThePPShow BBBY Livestream\"&gt;&lt;/iframe&gt;", "height": 200, "scrolling": false, "width": 356}, "media_only": false, "name": "t3_11fng6m", "no_follow": false, "num_comments": 6, "num_crossposts": 0, "over_18": false, "parent_whitelist_status": null, "permalink": "/r/ThePPShow/comments/11fng6m/stream_is_starting_shortly_lets_talk_our_fav/", "pinned": false, "pwls": null, "quarantine": false, "removed_by": null, "removed_by_category": "deleted", "retrieved_on": 1681023931, "score": 10, "secure_media": {"oembed": {"author_name": "ThePPshow", "author_url": "https://www.youtube.com/@ThePPshow", "height": 200, "html": "&lt;iframe width=\"356\" height=\"200\" src=\"https://www.youtube.com/embed/L8AMfZRFLpo?feature=oembed&amp;enablejsapi=1\" frameborder=\"0\" allow=\"accelerometer; autoplay; clipboard-write; encrypted-media; gyroscope; picture-in-picture; web-share\" allowfullscreen title=\"ThePPShow BBBY Livestream\"&gt;&lt;/iframe&gt;", "provider_name": "YouTube", "provider_url": "https://www.youtube.com/", "thumbnail_height": 360, "thumbnail_url": "https://i.ytimg.com/vi/L8AMfZRFLpo/hqdefault.jpg", "thumbnail_width": 480, "title": "ThePPShow BBBY Livestream", "type": "video", "version": "1.0", "width": 356}, "type": "youtube.com"}, "secure_media_embed": {"content": "&lt;iframe width=\"356\" height=\"200\" src=\"https://www.youtube.com/embed/L8AMfZRFLpo?feature=oembed&amp;enablejsapi=1\" frameborder=\"0\" allow=\"accelerometer; autoplay; clipboard-write; encrypted-media; gyroscope; picture-in-picture; web-share\" allowfullscreen title=\"ThePPShow BBBY Livestream\"&gt;&lt;/iframe&gt;", "height": 200, "media_domain_url": "https://www.redditmedia.com/mediaembed/11fng6m", "scrolling": false, "width": 356}, "selftext": "[deleted]", "send_replies": true, "spoiler": false, "stickied": false, "subreddit": "ThePPShow", "subreddit_id": "t5_7q5o7y", "subreddit_name_prefixed": "r/ThePPShow", "subreddit_subscribers": 1240, "subreddit_type": "public", "suggested_sort": null, "thumbnail": "default", "thumbnail_height": 105, "thumbnail_width": 140, "title": "Stream is starting shortly! Lets talk our fav stock BBBY! See you soon!", "top_awarded_type": null, "total_awards_received": 0, "treatment_tags": [], "upvote_ratio": 1.0, "url": "", "url_overridden_by_dest": "", "view_count": null, "whitelist_status": null, "wls": null}, {"all_awardings": [], "allow_live_comments": false, "archived": false, "author": "Euxkan", "author_created_utc": 1611710330, "author_flair_background_color": null, "author_flair_css_class": null, "author_flair_richtext": [], "author_flair_template_id": null, "author_flair_text": null, "author_flair_text_color": null, "author_flair_type": "text", "author_fullname": "t2_8guwsbir", "author_patreon_flair": false, "author_premium": false, "awarders": [], "banned_by": null, "can_gild": true, "can_mod_post": false, "category": null, "content_categories": null, "contest_mode": false, "created_utc": 1677715584, "discussion_type": null, "distinguished": null, "domain": "self.ThePPShow", "edited": false, "gilded": 0, "gildings": {}, "hidden": false, "hide_score": false, "id": "11fms2t", "is_created_from_ads_ui": false, "is_crosspostable": true, "is_meta": false, "is_original_content": false, "is_reddit_media_domain": false, "is_robot_indexable": true, "is_self": true, "is_video": false, "link_flair_background_color": "#ffd635", "link_flair_css_class": "", "link_flair_richtext": [], "link_flair_template_id": "d96925a0-ae68-11ed-8a4a-0a2543e76d1b", "link_flair_text": "Speculation/Opinion", "link_flair_text_color": "dark", "link_flair_type": "text", "locked": false, "media": null, "media_embed": {}, "media_only": false, "name": "t3_11fms2t", "no_follow": false, "num_comments": 7, "num_crossposts": 0, "over_18": false, "parent_whitelist_status": null, "permalink": "/r/ThePPShow/comments/11fms2t/i_sold_all_my_shares_nfa/", "pinned": false, "pwls": null, "quarantine": false, "removed_by": null, "removed_by_category": null, "retrieved_on": 1681023956, "score": 28, "secure_media": null, "secure_media_embed": {}, "selftext": "Since last Night, I could not go to sleep.  Today morning, It was really hard but sold all my AMC shares along with other positions except GME. Went all in for BBBY. Come on! Come on! SHF LFG!!", "send_replies": true, "spoiler": false, "stickied": false, "subreddit": "ThePPShow", "subreddit_id": "t5_7q5o7y", "subreddit_name_prefixed": "r/ThePPShow", "subreddit_subscribers": 1240, "subreddit_type": "public", "suggested_sort": null, "thumbnail": "self", "thumbnail_height": null, "thumbnail_width": null, "title": "I sold all my shares. NFA.", "top_awarded_type": null, "total_awards_received": 0, "treatment_tags": [], "upvote_ratio": 0.94, "url": "https://www.reddit.com/r/ThePPShow/comments/11fms2t/i_sold_all_my_shares_nfa/", "view_count": null, "whitelist_status": null, "wls": null}], "metadata": {"op_a": 58, "op_b": 49, "total": 108}, "error": null}