{"data": [{"all_awardings": [], "allow_live_comments": false, "archived": false, "author": "TheWolfOfLosses", "author_created_utc": 1607135677, "author_flair_background_color": null, "author_flair_css_class": null, "author_flair_richtext": [], "author_flair_template_id": null, "author_flair_text": null, "author_flair_text_color": null, "author_flair_type": "text", "author_fullname": "t2_96863xru", "author_patreon_flair": false, "author_premium": true, "awarders": [], "banned_by": null, "can_gild": true, "can_mod_post": false, "category": null, "content_categories": null, "contest_mode": false, "created_utc": 1673724748, "discussion_type": null, "distinguished": null, "domain": "reddit.com", "edited": false, "gallery_data": {"items": [{"id": 229754924, "media_id": "neu2b5kg92ca1"}, {"id": 229754925, "media_id": "jwe3g4kg92ca1"}, {"id": 229754926, "media_id": "dbil06kg92ca1"}]}, "gilded": 0, "gildings": {}, "hidden": false, "hide_score": false, "id": "10bx43v", "is_created_from_ads_ui": false, "is_crosspostable": true, "is_gallery": true, "is_meta": false, "is_original_content": false, "is_reddit_media_domain": false, "is_robot_indexable": true, "is_self": false, "is_video": false, "link_flair_background_color": "", "link_flair_css_class": null, "link_flair_richtext": [], "link_flair_text": null, "link_flair_text_color": "dark", "link_flair_type": "text", "locked": false, "media": null, "media_embed": {}, "media_metadata": {"dbil06kg92ca1": {"e": "Image", "id": "dbil06kg92ca1", "m": "image/jpg", "p": [{"u": "https://preview.redd.it/dbil06kg92ca1.jpg?width=108&amp;crop=smart&amp;auto=webp&amp;v=enabled&amp;s=2611feee8983372455661e77269a20966c372016", "x": 108, "y": 78}, {"u": "https://preview.redd.it/dbil06kg92ca1.jpg?width=216&amp;crop=smart&amp;auto=webp&amp;v=enabled&amp;s=41a4572b975eb0db88309cdb0d057361ac0344b6", "x": 216, "y": 156}, {"u": "https://preview.redd.it/dbil06kg92ca1.jpg?width=320&amp;crop=smart&amp;auto=webp&amp;v=enabled&amp;s=4080b9e216f2a76c3f4eca5fca0c522dee930a09", "x": 320, "y": 231}, {"u": "https://preview.redd.it/dbil06kg92ca1.jpg?width=640&amp;crop=smart&amp;auto=webp&amp;v=enabled&amp;s=0c9f24f06bc56105ca4a34b25b0428afd643fd7b", "x": 640, "y": 463}, {"u": "https://preview.redd.it/dbil06kg92ca1.jpg?width=960&amp;crop=smart&amp;auto=webp&amp;v=enabled&amp;s=f0b5c48f03e318c6050b80f6e7bafd7c1f6cf2fc", "x": 960, "y": 695}, {"u": "https://preview.redd.it/dbil06kg92ca1.jpg?width=1080&amp;crop=smart&amp;auto=webp&amp;v=enabled&amp;s=c81c62f615ec336727a130b12236ade801222987", "x": 1080, "y": 782}], "s": {"u": "https://preview.redd.it/dbil06kg92ca1.jpg?width=2954&amp;format=pjpg&amp;auto=webp&amp;v=enabled&amp;s=dbc07da4503124afaeb44171e00b0b88877dc528", "x": 2954, "y": 2141}, "status": "valid"}, "jwe3g4kg92ca1": {"e": "Image", "id": "jwe3g4kg92ca1", "m": "image/jpg", "p": [{"u": "https://preview.redd.it/jwe3g4kg92ca1.jpg?width=108&amp;crop=smart&amp;auto=webp&amp;v=enabled&amp;s=b80933a19721fc606655388c12c2ba5d7f7e8499", "x": 108, "y": 81}, {"u": "https://preview.redd.it/jwe3g4kg92ca1.jpg?width=216&amp;crop=smart&amp;auto=webp&amp;v=enabled&amp;s=e5e4c3c481bb28bc75167dc3e74cacbc96d300ab", "x": 216, "y": 162}, {"u": "https://preview.redd.it/jwe3g4kg92ca1.jpg?width=320&amp;crop=smart&amp;auto=webp&amp;v=enabled&amp;s=8eb4b3712dc4c760d6463691892fd4172a3de82c", "x": 320, "y": 240}, {"u": "https://preview.redd.it/jwe3g4kg92ca1.jpg?width=640&amp;crop=smart&amp;auto=webp&amp;v=enabled&amp;s=9725c1af0f776e85dd07ed2a09abcd4d408ba37e", "x": 640, "y": 480}, {"u": "https://preview.redd.it/jwe3g4kg92ca1.jpg?width=960&amp;crop=smart&amp;auto=webp&amp;v=enabled&amp;s=047f3956af1449df70bde9ec97cbbc2e6cf776df", "x": 960, "y": 720}, {"u": "https://preview.redd.it/jwe3g4kg92ca1.jpg?width=1080&amp;crop=smart&amp;auto=webp&amp;v=enabled&amp;s=4726330be33ef7748b0f03fa6fa7b95bda469322", "x": 1080, "y": 810}], "s": {"u": "https://preview.redd.it/jwe3g4kg92ca1.jpg?width=4032&amp;format=pjpg&amp;auto=webp&amp;v=enabled&amp;s=596c162b4210c516ccabc5951f4afc9c7ef0e21b", "x": 4032, "y": 3024}, "status": "valid"}, "neu2b5kg92ca1": {"e": "Image", "id": "neu2b5kg92ca1", "m": "image/jpg", "p": [{"u": "https://preview.redd.it/neu2b5kg92ca1.jpg?width=108&amp;crop=smart&amp;auto=webp&amp;v=enabled&amp;s=79f3afb182a139d60cb8ca95eba87fec56b5f272", "x": 108, "y": 80}, {"u": "https://preview.redd.it/neu2b5kg92ca1.jpg?width=216&amp;crop=smart&amp;auto=webp&amp;v=enabled&amp;s=aa43d028e503e8a4e55586b4997b7b661b950765", "x": 216, "y": 161}, {"u": "https://preview.redd.it/neu2b5kg92ca1.jpg?width=320&amp;crop=smart&amp;auto=webp&amp;v=enabled&amp;s=eb1780d9c1090de4bbb8136e46a86808ab48c8f9", "x": 320, "y": 239}, {"u": "https://preview.redd.it/neu2b5kg92ca1.jpg?width=640&amp;crop=smart&amp;auto=webp&amp;v=enabled&amp;s=b15f07b5f7fff4ec80c7f5c2c0d4c600313d7df8", "x": 640, "y": 479}, {"u": "https://preview.redd.it/neu2b5kg92ca1.jpg?width=960&amp;crop=smart&amp;auto=webp&amp;v=enabled&amp;s=7120c0a7e8f5d69e40b95ba5e4bec8af4723c6e8", "x": 960, "y": 719}, {"u": "https://preview.redd.it/neu2b5kg92ca1.jpg?width=1080&amp;crop=smart&amp;auto=webp&amp;v=enabled&amp;s=1d5539a9a12ea18cc638a37f5bf71685fca28c73", "x": 1080, "y": 809}], "s": {"u": "https://preview.redd.it/neu2b5kg92ca1.jpg?width=3403&amp;format=pjpg&amp;auto=webp&amp;v=enabled&amp;s=d4bb2a9e88d3b068a804380ab80ccaac6506d904", "x": 3403, "y": 2552}, "status": "valid"}}, "media_only": false, "name": "t3_10bx43v", "no_follow": false, "num_comments": 17, "num_crossposts": 0, "over_18": false, "parent_whitelist_status": null, "permalink": "/r/ThePPShow/comments/10bx43v/a_trip_to_my_local_store_happy_to_say_i_spent_140/", "pinned": false, "pwls": null, "quarantine": false, "removed_by": null, "removed_by_category": null, "retrieved_on": 1676239390, "score": 37, "secure_media": null, "secure_media_embed": {}, "selftext": "", "send_replies": true, "spoiler": false, "stickied": false, "subreddit": "ThePPShow", "subreddit_id": "t5_7q5o7y", "subreddit_name_prefixed": "r/ThePPShow", "subreddit_subscribers": 328, "subreddit_type": "public", "suggested_sort": null, "thumbnail": "https://b.thumbs.redditmedia.com/SAYFLpKkR3Af7MLVzgmAWGwPqnLyinMj9devUA1rSPM.jpg", "thumbnail_height": 104, "thumbnail_width": 140, "title": "A trip to my local store, happy to say I spent $140, to help our company\ud83d\udc99", "top_awarded_type": null, "total_awards_received": 0, "treatment_tags": [], "upvote_ratio": 1.0, "url": "https://www.reddit.com/gallery/10bx43v", "url_overridden_by_dest": "https://www.reddit.com/gallery/10bx43v", "view_count": null, "whitelist_status": null, "wls": null}], "metadata": {"op_a": 59, "op_b": 48, "total": 108}, "error": null}