{"data": [{"all_awardings": [], "allow_live_comments": false, "archived": false, "author": "[deleted]", "author_created_utc": null, "author_flair_background_color": "", "author_flair_css_class": null, "author_flair_template_id": null, "author_flair_text": null, "author_flair_text_color": "dark", "awarders": [], "banned_by": null, "can_gild": false, "can_mod_post": false, "category": null, "content_categories": null, "contest_mode": false, "created_utc": 1676324111, "discussion_type": null, "distinguished": null, "domain": "self.ThePPShow", "edited": false, "gilded": 0, "gildings": {}, "hidden": false, "hide_score": false, "id": "111kpno", "is_created_from_ads_ui": false, "is_crosspostable": true, "is_meta": false, "is_original_content": false, "is_reddit_media_domain": false, "is_robot_indexable": true, "is_self": true, "is_video": false, "link_flair_background_color": "", "link_flair_css_class": null, "link_flair_richtext": [], "link_flair_text": null, "link_flair_text_color": "dark", "link_flair_type": "text", "locked": false, "media": null, "media_embed": {}, "media_only": false, "name": "t3_111kpno", "no_follow": false, "num_comments": 8, "num_crossposts": 0, "over_18": false, "parent_whitelist_status": null, "permalink": "/r/ThePPShow/comments/111kpno/_/", "pinned": false, "pwls": null, "quarantine": false, "removed_by": null, "removed_by_category": null, "retrieved_on": 1678329101, "score": 16, "secure_media": null, "secure_media_embed": {}, "selftext": "https://www.kirkland.com/news/press-release/2023/02/kirkland-represents-bed-bath-beyond-in-an-equity-derivatives-offering-for-up-to-1-billion", "send_replies": true, "spoiler": false, "stickied": false, "subreddit": "ThePPShow", "subreddit_id": "t5_7q5o7y", "subreddit_name_prefixed": "r/ThePPShow", "subreddit_subscribers": 581, "subreddit_type": "public", "suggested_sort": null, "thumbnail": "self", "thumbnail_height": null, "thumbnail_width": null, "title": ":)", "top_awarded_type": null, "total_awards_received": 0, "treatment_tags": [], "upvote_ratio": 1.0, "url": "https://www.reddit.com/r/ThePPShow/comments/111kpno/_/", "view_count": null, "whitelist_status": null, "wls": null}, {"all_awardings": [], "allow_live_comments": false, "archived": false, "author": "[deleted]", "author_created_utc": null, "author_flair_background_color": "", "author_flair_css_class": null, "author_flair_template_id": null, "author_flair_text": null, "author_flair_text_color": "dark", "awarders": [], "banned_by": null, "can_gild": false, "can_mod_post": false, "category": null, "content_categories": null, "contest_mode": false, "created_utc": 1676312044, "discussion_type": null, "distinguished": "moderator", "domain": "", "edited": false, "gilded": 0, "gildings": {}, "hidden": false, "hide_score": false, "id": "111fttf", "is_created_from_ads_ui": false, "is_crosspostable": false, "is_meta": false, "is_original_content": false, "is_reddit_media_domain": false, "is_robot_indexable": false, "is_self": true, "is_video": false, "link_flair_background_color": "#ffd635", "link_flair_css_class": "", "link_flair_richtext": [], "link_flair_template_id": "b389bcaa-8f0a-11ed-9b6e-1e9f599434b1", "link_flair_text": "Stream announcement ", "link_flair_text_color": "dark", "link_flair_type": "text", "locked": false, "media": null, "media_embed": {}, "media_only": false, "name": "t3_111fttf", "no_follow": false, "num_comments": 17, "num_crossposts": 0, "over_18": false, "parent_whitelist_status": null, "permalink": "/r/ThePPShow/comments/111fttf/theppshow_tonight_at_7pmct/", "pinned": false, "pwls": null, "quarantine": false, "removed_by": null, "removed_by_category": "deleted", "retrieved_on": 1678329323, "score": 20, "secure_media": null, "secure_media_embed": {}, "selftext": "[deleted]", "send_replies": true, "spoiler": false, "stickied": false, "subreddit": "ThePPShow", "subreddit_id": "t5_7q5o7y", "subreddit_name_prefixed": "r/ThePPShow", "subreddit_subscribers": 581, "subreddit_type": "public", "suggested_sort": null, "thumbnail": "default", "thumbnail_height": null, "thumbnail_width": null, "title": "ThePPShow tonight at 7PMCT!!", "top_awarded_type": null, "total_awards_received": 0, "treatment_tags": [], "upvote_ratio": 1.0, "url": "", "view_count": null, "whitelist_status": null, "wls": null}, {"all_awardings": [], "allow_live_comments": false, "archived": false, "author": "CryptoPutz", "author_created_utc": 1628982035, "author_flair_background_color": null, "author_flair_css_class": null, "author_flair_richtext": [], "author_flair_template_id": null, "author_flair_text": null, "author_flair_text_color": null, "author_flair_type": "text", "author_fullname": "t2_dx4wvyc2", "author_patreon_flair": false, "author_premium": false, "awarders": [], "banned_by": null, "can_gild": true, "can_mod_post": false, "category": null, "content_categories": null, "contest_mode": false, "created_utc": 1676301154, "discussion_type": null, "distinguished": null, "domain": "self.ThePPShow", "edited": false, "gilded": 0, "gildings": {}, "hidden": false, "hide_score": false, "id": "111bgn4", "is_created_from_ads_ui": false, "is_crosspostable": true, "is_meta": false, "is_original_content": false, "is_reddit_media_domain": false, "is_robot_indexable": true, "is_self": true, "is_video": false, "link_flair_background_color": "", "link_flair_css_class": null, "link_flair_richtext": [], "link_flair_text": null, "link_flair_text_color": "dark", "link_flair_type": "text", "locked": false, "media": null, "media_embed": {}, "media_only": false, "name": "t3_111bgn4", "no_follow": true, "num_comments": 0, "num_crossposts": 0, "over_18": false, "parent_whitelist_status": null, "permalink": "/r/ThePPShow/comments/111bgn4/another_interesting_start_to_the_week/", "pinned": false, "pwls": null, "quarantine": false, "removed_by": null, "removed_by_category": null, "retrieved_on": 1678329509, "score": 1, "secure_media": null, "secure_media_embed": {}, "selftext": "Hey PP, I know you\u2019re not a financial advisor, but the what the hell is going on this morning?  More cash has cleared and I\u2019m anxious to buy another 500. Should I jump now or wait until mid-day?  We\u2019ve got to hear something soon!  Thanks man. \n\nPutz", "send_replies": true, "spoiler": false, "stickied": false, "subreddit": "ThePPShow", "subreddit_id": "t5_7q5o7y", "subreddit_name_prefixed": "r/ThePPShow", "subreddit_subscribers": 581, "subreddit_type": "public", "suggested_sort": null, "thumbnail": "self", "thumbnail_height": null, "thumbnail_width": null, "title": "Another interesting start to the week", "top_awarded_type": null, "total_awards_received": 0, "treatment_tags": [], "upvote_ratio": 0.67, "url": "https://www.reddit.com/r/ThePPShow/comments/111bgn4/another_interesting_start_to_the_week/", "view_count": null, "whitelist_status": null, "wls": null}, {"all_awardings": [], "allow_live_comments": false, "archived": false, "author": "moonshot_69", "author_created_utc": 1662328354, "author_flair_background_color": null, "author_flair_css_class": null, "author_flair_richtext": [], "author_flair_template_id": null, "author_flair_text": null, "author_flair_text_color": null, "author_flair_type": "text", "author_fullname": "t2_rpv9h1mq", "author_patreon_flair": false, "author_premium": true, "awarders": [], "banned_by": null, "can_gild": true, "can_mod_post": false, "category": null, "content_categories": null, "contest_mode": false, "created_utc": 1676301109, "crosspost_parent": "t3_111a8vc", "crosspost_parent_list": [{"all_awardings": [{"award_sub_type": "PREMIUM", "award_type": "global", "awardings_required_to_grant_benefits": null, "coin_price": 30, "coin_reward": 0, "count": 1, "days_of_drip_extension": null, "days_of_premium": null, "description": "A glowing commendation for all to see", "end_date": null, "giver_coin_reward": null, "icon_format": "APNG", "icon_height": 2048, "icon_url": "https://www.redditstatic.com/gold/awards/icon/Illuminati_512.png", "icon_width": 2048, "id": "award_b4ff447e-05a5-42dc-9002-63568807cfe6", "is_enabled": true, "is_new": false, "name": "All-Seeing Upvote", "penny_donate": null, "penny_price": null, "resized_icons": [{"height": 16, "url": "https://www.redditstatic.com/gold/awards/icon/Illuminati_16.png", "width": 16}, {"height": 32, "url": "https://www.redditstatic.com/gold/awards/icon/Illuminati_32.png", "width": 32}, {"height": 48, "url": "https://www.redditstatic.com/gold/awards/icon/Illuminati_48.png", "width": 48}, {"height": 64, "url": "https://www.redditstatic.com/gold/awards/icon/Illuminati_64.png", "width": 64}, {"height": 128, "url": "https://www.redditstatic.com/gold/awards/icon/Illuminati_128.png", "width": 128}], "resized_static_icons": [{"height": 16, "url": "https://preview.redd.it/award_images/t5_q0gj4/am40b8b08l581_All-SeeingUpvote2.png?width=16&amp;height=16&amp;auto=webp&amp;v=enabled&amp;s=25880d00e4283ff6a3851b64c83fea465c3fac48", "width": 16}, {"height": 32, "url": "https://preview.redd.it/award_images/t5_q0gj4/am40b8b08l581_All-SeeingUpvote2.png?width=32&amp;height=32&amp;auto=webp&amp;v=enabled&amp;s=67fae0c2af26488b9d70cb7afe877086707cf1d1", "width": 32}, {"height": 48, "url": "https://preview.redd.it/award_images/t5_q0gj4/am40b8b08l581_All-SeeingUpvote2.png?width=48&amp;height=48&amp;auto=webp&amp;v=enabled&amp;s=3033c6583809a27b998883b7c56c158102cb0420", "width": 48}, {"height": 64, "url": "https://preview.redd.it/award_images/t5_q0gj4/am40b8b08l581_All-SeeingUpvote2.png?width=64&amp;height=64&amp;auto=webp&amp;v=enabled&amp;s=cccb48d7518eaba72894a7ac4214bb70c7120793", "width": 64}, {"height": 128, "url": "https://preview.redd.it/award_images/t5_q0gj4/am40b8b08l581_All-SeeingUpvote2.png?width=128&amp;height=128&amp;auto=webp&amp;v=enabled&amp;s=4101e0eff424bbd818195853387db358bec74ed0", "width": 128}], "start_date": null, "static_icon_height": 2048, "static_icon_url": "https://i.redd.it/award_images/t5_q0gj4/am40b8b08l581_All-SeeingUpvote2.png", "static_icon_width": 2048, "sticky_duration_seconds": null, "subreddit_coin_reward": 0, "subreddit_id": null, "tiers_by_required_awardings": null}, {"award_sub_type": "PREMIUM", "award_type": "global", "awardings_required_to_grant_benefits": null, "coin_price": 30, "coin_reward": 0, "count": 1, "days_of_drip_extension": null, "days_of_premium": null, "description": "A golden splash of respect", "end_date": null, "giver_coin_reward": null, "icon_format": null, "icon_height": 2048, "icon_url": "https://i.redd.it/award_images/t5_22cerq/80j20o397jj41_NarwhalSalute.png", "icon_width": 2048, "id": "award_a2506925-fc82-4d6c-ae3b-b7217e09d7f0", "is_enabled": true, "is_new": false, "name": "Narwhal Salute", "penny_donate": null, "penny_price": null, "resized_icons": [{"height": 16, "url": "https://preview.redd.it/award_images/t5_22cerq/80j20o397jj41_NarwhalSalute.png?width=16&amp;height=16&amp;auto=webp&amp;v=enabled&amp;s=8a2a2acbd09705a194b77e9d555b630ec0ed9966", "width": 16}, {"height": 32, "url": "https://preview.redd.it/award_images/t5_22cerq/80j20o397jj41_NarwhalSalute.png?width=32&amp;height=32&amp;auto=webp&amp;v=enabled&amp;s=a1b4dc570c54d4835d396ce6f327cc5df2cd067c", "width": 32}, {"height": 48, "url": "https://preview.redd.it/award_images/t5_22cerq/80j20o397jj41_NarwhalSalute.png?width=48&amp;height=48&amp;auto=webp&amp;v=enabled&amp;s=e4979f617effb9d355397aa2c3f8032870f96fd3", "width": 48}, {"height": 64, "url": "https://preview.redd.it/award_images/t5_22cerq/80j20o397jj41_NarwhalSalute.png?width=64&amp;height=64&amp;auto=webp&amp;v=enabled&amp;s=12d699f41173c6ed50555c5689b463020696a5d3", "width": 64}, {"height": 128, "url": "https://preview.redd.it/award_images/t5_22cerq/80j20o397jj41_NarwhalSalute.png?width=128&amp;height=128&amp;auto=webp&amp;v=enabled&amp;s=5716709f7a329eb81103a5acfee4a545ec0be9b0", "width": 128}], "resized_static_icons": [{"height": 16, "url": "https://preview.redd.it/award_images/t5_22cerq/80j20o397jj41_NarwhalSalute.png?width=16&amp;height=16&amp;auto=webp&amp;v=enabled&amp;s=8a2a2acbd09705a194b77e9d555b630ec0ed9966", "width": 16}, {"height": 32, "url": "https://preview.redd.it/award_images/t5_22cerq/80j20o397jj41_NarwhalSalute.png?width=32&amp;height=32&amp;auto=webp&amp;v=enabled&amp;s=a1b4dc570c54d4835d396ce6f327cc5df2cd067c", "width": 32}, {"height": 48, "url": "https://preview.redd.it/award_images/t5_22cerq/80j20o397jj41_NarwhalSalute.png?width=48&amp;height=48&amp;auto=webp&amp;v=enabled&amp;s=e4979f617effb9d355397aa2c3f8032870f96fd3", "width": 48}, {"height": 64, "url": "https://preview.redd.it/award_images/t5_22cerq/80j20o397jj41_NarwhalSalute.png?width=64&amp;height=64&amp;auto=webp&amp;v=enabled&amp;s=12d699f41173c6ed50555c5689b463020696a5d3", "width": 64}, {"height": 128, "url": "https://preview.redd.it/award_images/t5_22cerq/80j20o397jj41_NarwhalSalute.png?width=128&amp;height=128&amp;auto=webp&amp;v=enabled&amp;s=5716709f7a329eb81103a5acfee4a545ec0be9b0", "width": 128}], "start_date": null, "static_icon_height": 2048, "static_icon_url": "https://i.redd.it/award_images/t5_22cerq/80j20o397jj41_NarwhalSalute.png", "static_icon_width": 2048, "sticky_duration_seconds": null, "subreddit_coin_reward": 0, "subreddit_id": null, "tiers_by_required_awardings": null}, {"award_sub_type": "GLOBAL", "award_type": "global", "awardings_required_to_grant_benefits": null, "coin_price": 100, "coin_reward": 0, "count": 1, "days_of_drip_extension": null, "days_of_premium": null, "description": "That looks so good", "end_date": null, "giver_coin_reward": null, "icon_format": "PNG", "icon_height": 2048, "icon_url": "https://i.redd.it/award_images/t5_22cerq/a7dhg27hvnf51_Yummy.png", "icon_width": 2048, "id": "award_ae7f17fb-6538-4c75-9ff4-5f48b4cdaa94", "is_enabled": true, "is_new": false, "name": "Yummy", "penny_donate": null, "penny_price": 0, "resized_icons": [{"height": 16, "url": "https://preview.redd.it/award_images/t5_22cerq/a7dhg27hvnf51_Yummy.png?width=16&amp;height=16&amp;auto=webp&amp;v=enabled&amp;s=a93b87893d897780100ac516aafe9334e60c208e", "width": 16}, {"height": 32, "url": "https://preview.redd.it/award_images/t5_22cerq/a7dhg27hvnf51_Yummy.png?width=32&amp;height=32&amp;auto=webp&amp;v=enabled&amp;s=30112f7a583cb7694fd88dd7d566093ecaba4816", "width": 32}, {"height": 48, "url": "https://preview.redd.it/award_images/t5_22cerq/a7dhg27hvnf51_Yummy.png?width=48&amp;height=48&amp;auto=webp&amp;v=enabled&amp;s=c86358fe49b27f0d4a973d3a245a7bed7a2d5b05", "width": 48}, {"height": 64, "url": "https://preview.redd.it/award_images/t5_22cerq/a7dhg27hvnf51_Yummy.png?width=64&amp;height=64&amp;auto=webp&amp;v=enabled&amp;s=ead840d17df5f79029745fa180cb5885ebcf5c3b", "width": 64}, {"height": 128, "url": "https://preview.redd.it/award_images/t5_22cerq/a7dhg27hvnf51_Yummy.png?width=128&amp;height=128&amp;auto=webp&amp;v=enabled&amp;s=1b2e0fc36df709f8553b1ffbbebd94825519a10e", "width": 128}], "resized_static_icons": [{"height": 16, "url": "https://preview.redd.it/award_images/t5_22cerq/a7dhg27hvnf51_Yummy.png?width=16&amp;height=16&amp;auto=webp&amp;v=enabled&amp;s=a93b87893d897780100ac516aafe9334e60c208e", "width": 16}, {"height": 32, "url": "https://preview.redd.it/award_images/t5_22cerq/a7dhg27hvnf51_Yummy.png?width=32&amp;height=32&amp;auto=webp&amp;v=enabled&amp;s=30112f7a583cb7694fd88dd7d566093ecaba4816", "width": 32}, {"height": 48, "url": "https://preview.redd.it/award_images/t5_22cerq/a7dhg27hvnf51_Yummy.png?width=48&amp;height=48&amp;auto=webp&amp;v=enabled&amp;s=c86358fe49b27f0d4a973d3a245a7bed7a2d5b05", "width": 48}, {"height": 64, "url": "https://preview.redd.it/award_images/t5_22cerq/a7dhg27hvnf51_Yummy.png?width=64&amp;height=64&amp;auto=webp&amp;v=enabled&amp;s=ead840d17df5f79029745fa180cb5885ebcf5c3b", "width": 64}, {"height": 128, "url": "https://preview.redd.it/award_images/t5_22cerq/a7dhg27hvnf51_Yummy.png?width=128&amp;height=128&amp;auto=webp&amp;v=enabled&amp;s=1b2e0fc36df709f8553b1ffbbebd94825519a10e", "width": 128}], "start_date": null, "static_icon_height": 2048, "static_icon_url": "https://i.redd.it/award_images/t5_22cerq/a7dhg27hvnf51_Yummy.png", "static_icon_width": 2048, "sticky_duration_seconds": null, "subreddit_coin_reward": 0, "subreddit_id": null, "tiers_by_required_awardings": null}], "allow_live_comments": true, "approved_at_utc": null, "approved_by": null, "archived": false, "author": "moonshot_69", "author_flair_background_color": "#373c3f", "author_flair_css_class": null, "author_flair_richtext": [{"e": "text", "t": "Teddy unlocks MOASS \ud83e\udd2c\ud83d\udc3b\ud83c\udde8\ud83c\uddf3"}], "author_flair_template_id": "8abdf72e-f3ce-11eb-b3e3-22147bc43b70", "author_flair_text": "Teddy unlocks MOASS \ud83e\udd2c\ud83d\udc3b\ud83c\udde8\ud83c\uddf3", "author_flair_text_color": "light", "author_flair_type": "richtext", "author_fullname": "t2_rpv9h1mq", "author_is_blocked": false, "author_patreon_flair": false, "author_premium": true, "awarders": [], "banned_at_utc": null, "banned_by": null, "can_gild": true, "can_mod_post": false, "category": null, "clicked": false, "content_categories": null, "contest_mode": false, "created": 1676299085.0, "created_utc": 1676299085.0, "discussion_type": null, "distinguished": null, "domain": "reddit.com", "downs": 0, "edited": false, "gallery_data": {"items": [{"id": 240211986, "media_id": "udck3fkawyha1"}, {"id": 240211987, "media_id": "o4363fkawyha1"}, {"id": 240211988, "media_id": "b9z3pekawyha1"}, {"id": 240211989, "media_id": "y9uksekawyha1"}, {"id": 240211990, "media_id": "lxky91lawyha1"}, {"id": 240211991, "media_id": "4b3wi1lawyha1"}, {"id": 240211992, "media_id": "s66iyekawyha1"}, {"id": 240211993, "media_id": "7k38o1lawyha1"}, {"id": 240211994, "media_id": "89jx2fkawyha1"}, {"id": 240211995, "media_id": "ekbumfkawyha1"}, {"id": 240211996, "media_id": "7civrekawyha1"}, {"id": 240211997, "media_id": "gk2alfkawyha1"}, {"id": 240211998, "media_id": "uha7igkawyha1"}, {"id": 240211999, "media_id": "6exhbfkawyha1"}, {"id": 240212000, "media_id": "14eg4fkawyha1"}, {"id": 240212001, "media_id": "04mym0lawyha1"}, {"id": 240212002, "media_id": "0dcmgfkawyha1"}]}, "gilded": 0, "gildings": {}, "hidden": false, "hide_score": false, "id": "111a8vc", "is_created_from_ads_ui": false, "is_crosspostable": true, "is_gallery": true, "is_meta": false, "is_original_content": false, "is_reddit_media_domain": false, "is_robot_indexable": true, "is_self": false, "is_video": false, "likes": null, "link_flair_background_color": "#ffd635", "link_flair_css_class": "", "link_flair_richtext": [{"e": "text", "t": "\ud83d\udca1 Education"}], "link_flair_template_id": "37ec242e-984f-11eb-94c6-0e8d0acce789", "link_flair_text": "\ud83d\udca1 Education", "link_flair_text_color": "dark", "link_flair_type": "richtext", "locked": false, "media": null, "media_embed": {}, "media_metadata": {"04mym0lawyha1": {"e": "Image", "id": "04mym0lawyha1", "m": "image/jpg", "p": [{"u": "https://preview.redd.it/04mym0lawyha1.jpg?width=108&amp;crop=smart&amp;auto=webp&amp;v=enabled&amp;s=91d904a4f37a02b0bf9f84db1010e7b9f195dfbf", "x": 108, "y": 49}, {"u": "https://preview.redd.it/04mym0lawyha1.jpg?width=216&amp;crop=smart&amp;auto=webp&amp;v=enabled&amp;s=b8f9132f475aebed04fc5c0d8c59636316787833", "x": 216, "y": 99}, {"u": "https://preview.redd.it/04mym0lawyha1.jpg?width=320&amp;crop=smart&amp;auto=webp&amp;v=enabled&amp;s=359c33b9774e104fbb8e0dc9060674f150aa6436", "x": 320, "y": 147}, {"u": "https://preview.redd.it/04mym0lawyha1.jpg?width=640&amp;crop=smart&amp;auto=webp&amp;v=enabled&amp;s=74a0c56f182fd1092ffceeecd6ab09bbfce35a4f", "x": 640, "y": 295}, {"u": "https://preview.redd.it/04mym0lawyha1.jpg?width=960&amp;crop=smart&amp;auto=webp&amp;v=enabled&amp;s=b9ed117babfece4dc94f903cc9ed53494157a60c", "x": 960, "y": 443}, {"u": "https://preview.redd.it/04mym0lawyha1.jpg?width=1080&amp;crop=smart&amp;auto=webp&amp;v=enabled&amp;s=05c36e0acac31e77f59275ff9da736c4260c10e1", "x": 1080, "y": 498}], "s": {"u": "https://preview.redd.it/04mym0lawyha1.jpg?width=2436&amp;format=pjpg&amp;auto=webp&amp;v=enabled&amp;s=423ef79f50fc6c2d2427bfda4fd5238c486f2d60", "x": 2436, "y": 1125}, "status": "valid"}, "0dcmgfkawyha1": {"e": "Image", "id": "0dcmgfkawyha1", "m": "image/jpg", "p": [{"u": "https://preview.redd.it/0dcmgfkawyha1.jpg?width=108&amp;crop=smart&amp;auto=webp&amp;v=enabled&amp;s=689068dd4f21b34b8735f4fadb6e748fedabdd61", "x": 108, "y": 49}, {"u": "https://preview.redd.it/0dcmgfkawyha1.jpg?width=216&amp;crop=smart&amp;auto=webp&amp;v=enabled&amp;s=5ca374cbd5d9af779b329951d750c066a3595a49", "x": 216, "y": 99}, {"u": "https://preview.redd.it/0dcmgfkawyha1.jpg?width=320&amp;crop=smart&amp;auto=webp&amp;v=enabled&amp;s=0f7e5a7b1b08b9ba71a4456a623db541967e20b6", "x": 320, "y": 147}, {"u": "https://preview.redd.it/0dcmgfkawyha1.jpg?width=640&amp;crop=smart&amp;auto=webp&amp;v=enabled&amp;s=517d448619f832caed10208f9b28781c773b35ad", "x": 640, "y": 295}, {"u": "https://preview.redd.it/0dcmgfkawyha1.jpg?width=960&amp;crop=smart&amp;auto=webp&amp;v=enabled&amp;s=88087f843e18e531a10b1be157ad5f3e8846bfde", "x": 960, "y": 443}, {"u": "https://preview.redd.it/0dcmgfkawyha1.jpg?width=1080&amp;crop=smart&amp;auto=webp&amp;v=enabled&amp;s=3366cc91de36276e846d46677694c528fbf5910b", "x": 1080, "y": 498}], "s": {"u": "https://preview.redd.it/0dcmgfkawyha1.jpg?width=2436&amp;format=pjpg&amp;auto=webp&amp;v=enabled&amp;s=fd40647d2e3bf627e45f6ee43bbcf035887d1d42", "x": 2436, "y": 1125}, "status": "valid"}, "14eg4fkawyha1": {"e": "Image", "id": "14eg4fkawyha1", "m": "image/jpg", "p": [{"u": "https://preview.redd.it/14eg4fkawyha1.jpg?width=108&amp;crop=smart&amp;auto=webp&amp;v=enabled&amp;s=6295ee5f4f5af30d20fcd0ddcc98e0b7c671ad85", "x": 108, "y": 49}, {"u": "https://preview.redd.it/14eg4fkawyha1.jpg?width=216&amp;crop=smart&amp;auto=webp&amp;v=enabled&amp;s=2952b0d6622fcc8cb0f524587f987fe2b0deec4d", "x": 216, "y": 99}, {"u": "https://preview.redd.it/14eg4fkawyha1.jpg?width=320&amp;crop=smart&amp;auto=webp&amp;v=enabled&amp;s=850b1107e850bcf6169c574b2e85e05eb7469a53", "x": 320, "y": 147}, {"u": "https://preview.redd.it/14eg4fkawyha1.jpg?width=640&amp;crop=smart&amp;auto=webp&amp;v=enabled&amp;s=0cc2e2301f2d9bfc55277f10f8562f602b93dbc6", "x": 640, "y": 295}, {"u": "https://preview.redd.it/14eg4fkawyha1.jpg?width=960&amp;crop=smart&amp;auto=webp&amp;v=enabled&amp;s=c334a5cbde851bb48dc9b88840090f569ad34e86", "x": 960, "y": 443}, {"u": "https://preview.redd.it/14eg4fkawyha1.jpg?width=1080&amp;crop=smart&amp;auto=webp&amp;v=enabled&amp;s=772d94c584a772c6d5bea9ee81a4513bc2c9ed52", "x": 1080, "y": 498}], "s": {"u": "https://preview.redd.it/14eg4fkawyha1.jpg?width=2436&amp;format=pjpg&amp;auto=webp&amp;v=enabled&amp;s=8a9b7f5dd9d364ae0772a366eac8d414c6b15bb3", "x": 2436, "y": 1125}, "status": "valid"}, "4b3wi1lawyha1": {"e": "Image", "id": "4b3wi1lawyha1", "m": "image/jpg", "p": [{"u": "https://preview.redd.it/4b3wi1lawyha1.jpg?width=108&amp;crop=smart&amp;auto=webp&amp;v=enabled&amp;s=fa9e0408abb277a803c6ff5ade1bf1bfa19e527f", "x": 108, "y": 49}, {"u": "https://preview.redd.it/4b3wi1lawyha1.jpg?width=216&amp;crop=smart&amp;auto=webp&amp;v=enabled&amp;s=67bfd645591aaec071781f0cf44423407515f342", "x": 216, "y": 99}, {"u": "https://preview.redd.it/4b3wi1lawyha1.jpg?width=320&amp;crop=smart&amp;auto=webp&amp;v=enabled&amp;s=17887244ae170320936179084e74350634241a4d", "x": 320, "y": 147}, {"u": "https://preview.redd.it/4b3wi1lawyha1.jpg?width=640&amp;crop=smart&amp;auto=webp&amp;v=enabled&amp;s=920207a012d15f85cdfde7d0b062c2053d1a46f3", "x": 640, "y": 295}, {"u": "https://preview.redd.it/4b3wi1lawyha1.jpg?width=960&amp;crop=smart&amp;auto=webp&amp;v=enabled&amp;s=af4ed6ceeb4e1b173419f2285232281eb44b8311", "x": 960, "y": 443}, {"u": "https://preview.redd.it/4b3wi1lawyha1.jpg?width=1080&amp;crop=smart&amp;auto=webp&amp;v=enabled&amp;s=8aab859e9662de5ead3bfef59a0709e6e8782ff5", "x": 1080, "y": 498}], "s": {"u": "https://preview.redd.it/4b3wi1lawyha1.jpg?width=2436&amp;format=pjpg&amp;auto=webp&amp;v=enabled&amp;s=502ed11a1f9a356aafe55d79d65f4a750fb42908", "x": 2436, "y": 1125}, "status": "valid"}, "6exhbfkawyha1": {"e": "Image", "id": "6exhbfkawyha1", "m": "image/jpg", "p": [{"u": "https://preview.redd.it/6exhbfkawyha1.jpg?width=108&amp;crop=smart&amp;auto=webp&amp;v=enabled&amp;s=957b5fe90dd8bf918f5d50fe28429c8b82b9dc89", "x": 108, "y": 49}, {"u": "https://preview.redd.it/6exhbfkawyha1.jpg?width=216&amp;crop=smart&amp;auto=webp&amp;v=enabled&amp;s=55d758064d6c07ce73a4ecd2d3da0290d23e6cdf", "x": 216, "y": 99}, {"u": "https://preview.redd.it/6exhbfkawyha1.jpg?width=320&amp;crop=smart&amp;auto=webp&amp;v=enabled&amp;s=8951af68d0177a3017c8e27946a948f6da0c276f", "x": 320, "y": 147}, {"u": "https://preview.redd.it/6exhbfkawyha1.jpg?width=640&amp;crop=smart&amp;auto=webp&amp;v=enabled&amp;s=cc437e4689c97f7c2049da5b501782f604ecedbc", "x": 640, "y": 295}, {"u": "https://preview.redd.it/6exhbfkawyha1.jpg?width=960&amp;crop=smart&amp;auto=webp&amp;v=enabled&amp;s=d8611879573ccb56ea699de4c5d3f31640d33500", "x": 960, "y": 443}, {"u": "https://preview.redd.it/6exhbfkawyha1.jpg?width=1080&amp;crop=smart&amp;auto=webp&amp;v=enabled&amp;s=de0983550b11492d9098e128bdc726793f5e9c2c", "x": 1080, "y": 498}], "s": {"u": "https://preview.redd.it/6exhbfkawyha1.jpg?width=2436&amp;format=pjpg&amp;auto=webp&amp;v=enabled&amp;s=a595ede10fb3f436c13bea83a7357e40a749697e", "x": 2436, "y": 1125}, "status": "valid"}, "7civrekawyha1": {"e": "Image", "id": "7civrekawyha1", "m": "image/jpg", "p": [{"u": "https://preview.redd.it/7civrekawyha1.jpg?width=108&amp;crop=smart&amp;auto=webp&amp;v=enabled&amp;s=914044891af7b6cb84e1a915eab69d10af14f199", "x": 108, "y": 49}, {"u": "https://preview.redd.it/7civrekawyha1.jpg?width=216&amp;crop=smart&amp;auto=webp&amp;v=enabled&amp;s=614c895ea632793f88450bdb9c6c438dbcbee83d", "x": 216, "y": 99}, {"u": "https://preview.redd.it/7civrekawyha1.jpg?width=320&amp;crop=smart&amp;auto=webp&amp;v=enabled&amp;s=c059d7747655c50918d9cc0ba212589dc21ec940", "x": 320, "y": 147}, {"u": "https://preview.redd.it/7civrekawyha1.jpg?width=640&amp;crop=smart&amp;auto=webp&amp;v=enabled&amp;s=b5db5e97205d5575949b7dae165311d8290e24c6", "x": 640, "y": 295}, {"u": "https://preview.redd.it/7civrekawyha1.jpg?width=960&amp;crop=smart&amp;auto=webp&amp;v=enabled&amp;s=a1ce7fd63f151209dbd618a537182dd03426dafe", "x": 960, "y": 443}, {"u": "https://preview.redd.it/7civrekawyha1.jpg?width=1080&amp;crop=smart&amp;auto=webp&amp;v=enabled&amp;s=5c25b183b5ad678846241554db75de0cc5f76ef0", "x": 1080, "y": 498}], "s": {"u": "https://preview.redd.it/7civrekawyha1.jpg?width=2436&amp;format=pjpg&amp;auto=webp&amp;v=enabled&amp;s=024f50cc2ac9f9bb94a39f28a4e1825c5d688ff9", "x": 2436, "y": 1125}, "status": "valid"}, "7k38o1lawyha1": {"e": "Image", "id": "7k38o1lawyha1", "m": "image/jpg", "p": [{"u": "https://preview.redd.it/7k38o1lawyha1.jpg?width=108&amp;crop=smart&amp;auto=webp&amp;v=enabled&amp;s=41b08e089c786c2802d800bae2225bb6d28c818d", "x": 108, "y": 49}, {"u": "https://preview.redd.it/7k38o1lawyha1.jpg?width=216&amp;crop=smart&amp;auto=webp&amp;v=enabled&amp;s=f991a9324fad9f1cab3c5e75ffa200803bed777a", "x": 216, "y": 99}, {"u": "https://preview.redd.it/7k38o1lawyha1.jpg?width=320&amp;crop=smart&amp;auto=webp&amp;v=enabled&amp;s=78c91cf0796189fe31261feed8175a5d98496b09", "x": 320, "y": 147}, {"u": "https://preview.redd.it/7k38o1lawyha1.jpg?width=640&amp;crop=smart&amp;auto=webp&amp;v=enabled&amp;s=2f40f0c9dc491add0b5fe8e108f08d17232011ad", "x": 640, "y": 295}, {"u": "https://preview.redd.it/7k38o1lawyha1.jpg?width=960&amp;crop=smart&amp;auto=webp&amp;v=enabled&amp;s=9f13eec1d26f50d59811b789984ca5a13f67e4cb", "x": 960, "y": 443}, {"u": "https://preview.redd.it/7k38o1lawyha1.jpg?width=1080&amp;crop=smart&amp;auto=webp&amp;v=enabled&amp;s=77b3fe6131b279061e5a4c8a579fda8e9a163328", "x": 1080, "y": 498}], "s": {"u": "https://preview.redd.it/7k38o1lawyha1.jpg?width=2436&amp;format=pjpg&amp;auto=webp&amp;v=enabled&amp;s=81fb5e1713fb5d65a5d5532eb393a96ee90d66aa", "x": 2436, "y": 1125}, "status": "valid"}, "89jx2fkawyha1": {"e": "Image", "id": "89jx2fkawyha1", "m": "image/jpg", "p": [{"u": "https://preview.redd.it/89jx2fkawyha1.jpg?width=108&amp;crop=smart&amp;auto=webp&amp;v=enabled&amp;s=c00d0a3823706c4fc6ef3fe5c8fbd4d7d7bf6dfd", "x": 108, "y": 49}, {"u": "https://preview.redd.it/89jx2fkawyha1.jpg?width=216&amp;crop=smart&amp;auto=webp&amp;v=enabled&amp;s=052548a9b40de7f79992ad1621d06b113cd8a46f", "x": 216, "y": 99}, {"u": "https://preview.redd.it/89jx2fkawyha1.jpg?width=320&amp;crop=smart&amp;auto=webp&amp;v=enabled&amp;s=705c258a596a092f8301e4932f23e30e3d9dbd9c", "x": 320, "y": 147}, {"u": "https://preview.redd.it/89jx2fkawyha1.jpg?width=640&amp;crop=smart&amp;auto=webp&amp;v=enabled&amp;s=fb9829df050b3c3dc380aeff8c25d3f225d68766", "x": 640, "y": 295}, {"u": "https://preview.redd.it/89jx2fkawyha1.jpg?width=960&amp;crop=smart&amp;auto=webp&amp;v=enabled&amp;s=984726ee1119a059549e7734158f2c967dfe40b6", "x": 960, "y": 443}, {"u": "https://preview.redd.it/89jx2fkawyha1.jpg?width=1080&amp;crop=smart&amp;auto=webp&amp;v=enabled&amp;s=a687f69a676eb94fc2efeed27bb2967169047f37", "x": 1080, "y": 498}], "s": {"u": "https://preview.redd.it/89jx2fkawyha1.jpg?width=2436&amp;format=pjpg&amp;auto=webp&amp;v=enabled&amp;s=f012033e07aea4dc31bef39f3dcf9b57b594731b", "x": 2436, "y": 1125}, "status": "valid"}, "b9z3pekawyha1": {"e": "Image", "id": "b9z3pekawyha1", "m": "image/jpg", "p": [{"u": "https://preview.redd.it/b9z3pekawyha1.jpg?width=108&amp;crop=smart&amp;auto=webp&amp;v=enabled&amp;s=94be2b9bebad87000aad50c59384ccb1622d2f0a", "x": 108, "y": 49}, {"u": "https://preview.redd.it/b9z3pekawyha1.jpg?width=216&amp;crop=smart&amp;auto=webp&amp;v=enabled&amp;s=e6c64f3421185ec0f6c026d95c46933b9559b605", "x": 216, "y": 99}, {"u": "https://preview.redd.it/b9z3pekawyha1.jpg?width=320&amp;crop=smart&amp;auto=webp&amp;v=enabled&amp;s=488a6edee4799c99ae5f804b4c27c59398fab84f", "x": 320, "y": 147}, {"u": "https://preview.redd.it/b9z3pekawyha1.jpg?width=640&amp;crop=smart&amp;auto=webp&amp;v=enabled&amp;s=f0aebfc5f74439a33f88d131f8be3f2321a7baab", "x": 640, "y": 295}, {"u": "https://preview.redd.it/b9z3pekawyha1.jpg?width=960&amp;crop=smart&amp;auto=webp&amp;v=enabled&amp;s=1f4041f4aaa4b879b77370bfe75e16f7fa73ed88", "x": 960, "y": 443}, {"u": "https://preview.redd.it/b9z3pekawyha1.jpg?width=1080&amp;crop=smart&amp;auto=webp&amp;v=enabled&amp;s=68f6ec85d7975f1bd87d7dad28af65ba300f756e", "x": 1080, "y": 498}], "s": {"u": "https://preview.redd.it/b9z3pekawyha1.jpg?width=2436&amp;format=pjpg&amp;auto=webp&amp;v=enabled&amp;s=33e73a76fb3d2b0b36c669f5ebb0dce0db835421", "x": 2436, "y": 1125}, "status": "valid"}, "ekbumfkawyha1": {"e": "Image", "id": "ekbumfkawyha1", "m": "image/jpg", "p": [{"u": "https://preview.redd.it/ekbumfkawyha1.jpg?width=108&amp;crop=smart&amp;auto=webp&amp;v=enabled&amp;s=0c4146e4dd6a164b6b45da9ccdcd2ad0d29fd4c6", "x": 108, "y": 49}, {"u": "https://preview.redd.it/ekbumfkawyha1.jpg?width=216&amp;crop=smart&amp;auto=webp&amp;v=enabled&amp;s=9083cc7ebfbf6df5156ec41a094adc8ec9c95fde", "x": 216, "y": 99}, {"u": "https://preview.redd.it/ekbumfkawyha1.jpg?width=320&amp;crop=smart&amp;auto=webp&amp;v=enabled&amp;s=7b9855abf8fc2ce474960908cf6d47faa0394096", "x": 320, "y": 147}, {"u": "https://preview.redd.it/ekbumfkawyha1.jpg?width=640&amp;crop=smart&amp;auto=webp&amp;v=enabled&amp;s=da71c7ee5ebd6071a7b7bfcfdbf2c00c2dd6a3f3", "x": 640, "y": 295}, {"u": "https://preview.redd.it/ekbumfkawyha1.jpg?width=960&amp;crop=smart&amp;auto=webp&amp;v=enabled&amp;s=710a877adae573deb088ac348a33f9fe58a1588a", "x": 960, "y": 443}, {"u": "https://preview.redd.it/ekbumfkawyha1.jpg?width=1080&amp;crop=smart&amp;auto=webp&amp;v=enabled&amp;s=09e98358e1a74aaae6c61c65ee298f8d4698a3eb", "x": 1080, "y": 498}], "s": {"u": "https://preview.redd.it/ekbumfkawyha1.jpg?width=2436&amp;format=pjpg&amp;auto=webp&amp;v=enabled&amp;s=f6a773d799be5775058f9838f1dc82003d31d648", "x": 2436, "y": 1125}, "status": "valid"}, "gk2alfkawyha1": {"e": "Image", "id": "gk2alfkawyha1", "m": "image/jpg", "p": [{"u": "https://preview.redd.it/gk2alfkawyha1.jpg?width=108&amp;crop=smart&amp;auto=webp&amp;v=enabled&amp;s=38e8264e064b35336051fc0b1e3afab996c05e3c", "x": 108, "y": 49}, {"u": "https://preview.redd.it/gk2alfkawyha1.jpg?width=216&amp;crop=smart&amp;auto=webp&amp;v=enabled&amp;s=3ea72e0a9c96df547b980e6b0d77008e566e7d68", "x": 216, "y": 99}, {"u": "https://preview.redd.it/gk2alfkawyha1.jpg?width=320&amp;crop=smart&amp;auto=webp&amp;v=enabled&amp;s=7fb0920a938f0b32ffc1a7d4a26eceddac7d6c96", "x": 320, "y": 147}, {"u": "https://preview.redd.it/gk2alfkawyha1.jpg?width=640&amp;crop=smart&amp;auto=webp&amp;v=enabled&amp;s=c34b77a4e589547e75aa36f5eda9a835c6f59f65", "x": 640, "y": 295}, {"u": "https://preview.redd.it/gk2alfkawyha1.jpg?width=960&amp;crop=smart&amp;auto=webp&amp;v=enabled&amp;s=98ee3fdd7f97556253fa947539a68988a36abdbb", "x": 960, "y": 443}, {"u": "https://preview.redd.it/gk2alfkawyha1.jpg?width=1080&amp;crop=smart&amp;auto=webp&amp;v=enabled&amp;s=763807a1e48d76a5cfffa280f657602d9411e853", "x": 1080, "y": 498}], "s": {"u": "https://preview.redd.it/gk2alfkawyha1.jpg?width=2436&amp;format=pjpg&amp;auto=webp&amp;v=enabled&amp;s=61b115e301d7ff7761346d517337fa31f46606c6", "x": 2436, "y": 1125}, "status": "valid"}, "lxky91lawyha1": {"e": "Image", "id": "lxky91lawyha1", "m": "image/jpg", "p": [{"u": "https://preview.redd.it/lxky91lawyha1.jpg?width=108&amp;crop=smart&amp;auto=webp&amp;v=enabled&amp;s=3dea9a0ed35a92e136d4c96ac6319d01264898a2", "x": 108, "y": 49}, {"u": "https://preview.redd.it/lxky91lawyha1.jpg?width=216&amp;crop=smart&amp;auto=webp&amp;v=enabled&amp;s=a1e35e0a620e9e866856dfdbc1148b5492088a88", "x": 216, "y": 99}, {"u": "https://preview.redd.it/lxky91lawyha1.jpg?width=320&amp;crop=smart&amp;auto=webp&amp;v=enabled&amp;s=25147d45838024fdb8265560979fbfab66752c19", "x": 320, "y": 147}, {"u": "https://preview.redd.it/lxky91lawyha1.jpg?width=640&amp;crop=smart&amp;auto=webp&amp;v=enabled&amp;s=44cdd9a4b61ecce3c54e22528d8f91e2852ef958", "x": 640, "y": 295}, {"u": "https://preview.redd.it/lxky91lawyha1.jpg?width=960&amp;crop=smart&amp;auto=webp&amp;v=enabled&amp;s=8a1e0ece9577ddf46b0d6f90bb58f2f9cba56a05", "x": 960, "y": 443}, {"u": "https://preview.redd.it/lxky91lawyha1.jpg?width=1080&amp;crop=smart&amp;auto=webp&amp;v=enabled&amp;s=9f9d42530eb73141e422ae336a3896c6b9ef3ac5", "x": 1080, "y": 498}], "s": {"u": "https://preview.redd.it/lxky91lawyha1.jpg?width=2436&amp;format=pjpg&amp;auto=webp&amp;v=enabled&amp;s=ee3fa0db5a00ebc866011f1ead91cf47056fd9df", "x": 2436, "y": 1125}, "status": "valid"}, "o4363fkawyha1": {"e": "Image", "id": "o4363fkawyha1", "m": "image/jpg", "p": [{"u": "https://preview.redd.it/o4363fkawyha1.jpg?width=108&amp;crop=smart&amp;auto=webp&amp;v=enabled&amp;s=926bd83730691b9f96102f27fec9e29524f54441", "x": 108, "y": 49}, {"u": "https://preview.redd.it/o4363fkawyha1.jpg?width=216&amp;crop=smart&amp;auto=webp&amp;v=enabled&amp;s=f2d1eea1604ddcf4df08007ab8aede27fe226452", "x": 216, "y": 99}, {"u": "https://preview.redd.it/o4363fkawyha1.jpg?width=320&amp;crop=smart&amp;auto=webp&amp;v=enabled&amp;s=42c5bbb6f1a1b778c43c90f8587a241cde27fe21", "x": 320, "y": 147}, {"u": "https://preview.redd.it/o4363fkawyha1.jpg?width=640&amp;crop=smart&amp;auto=webp&amp;v=enabled&amp;s=879e776e62b9edff9ec8956cc9815e93a0310e59", "x": 640, "y": 295}, {"u": "https://preview.redd.it/o4363fkawyha1.jpg?width=960&amp;crop=smart&amp;auto=webp&amp;v=enabled&amp;s=fae3a1817fcd677230ecc9af1ecbd9cf7d126e1b", "x": 960, "y": 443}, {"u": "https://preview.redd.it/o4363fkawyha1.jpg?width=1080&amp;crop=smart&amp;auto=webp&amp;v=enabled&amp;s=4bd2589ca291f9752ae858ffd19732bd0fb1bdd6", "x": 1080, "y": 498}], "s": {"u": "https://preview.redd.it/o4363fkawyha1.jpg?width=2436&amp;format=pjpg&amp;auto=webp&amp;v=enabled&amp;s=43d4c1649fee9ac47f3abafe63a90ccc15dd2709", "x": 2436, "y": 1125}, "status": "valid"}, "s66iyekawyha1": {"e": "Image", "id": "s66iyekawyha1", "m": "image/jpg", "p": [{"u": "https://preview.redd.it/s66iyekawyha1.jpg?width=108&amp;crop=smart&amp;auto=webp&amp;v=enabled&amp;s=9e447642979bbfd2c9537cf07cf9c4acad51ae8b", "x": 108, "y": 49}, {"u": "https://preview.redd.it/s66iyekawyha1.jpg?width=216&amp;crop=smart&amp;auto=webp&amp;v=enabled&amp;s=f9bf4f4529fc9718a595930f58e05082d02de59d", "x": 216, "y": 99}, {"u": "https://preview.redd.it/s66iyekawyha1.jpg?width=320&amp;crop=smart&amp;auto=webp&amp;v=enabled&amp;s=6e6705fd9deb06579e56fbcfae3a8c85d7a2e1aa", "x": 320, "y": 147}, {"u": "https://preview.redd.it/s66iyekawyha1.jpg?width=640&amp;crop=smart&amp;auto=webp&amp;v=enabled&amp;s=a6545d60d0480870481c849e8469e37b753162f3", "x": 640, "y": 295}, {"u": "https://preview.redd.it/s66iyekawyha1.jpg?width=960&amp;crop=smart&amp;auto=webp&amp;v=enabled&amp;s=c05ed7f1072213d9411ecea939967fba5d0e6c5b", "x": 960, "y": 443}, {"u": "https://preview.redd.it/s66iyekawyha1.jpg?width=1080&amp;crop=smart&amp;auto=webp&amp;v=enabled&amp;s=9946aba2293d5b1457829f98f57b3fe9fa03b3f6", "x": 1080, "y": 498}], "s": {"u": "https://preview.redd.it/s66iyekawyha1.jpg?width=2436&amp;format=pjpg&amp;auto=webp&amp;v=enabled&amp;s=30c6597b10c1812367e5ce694bfabe7a5b3cf61b", "x": 2436, "y": 1125}, "status": "valid"}, "udck3fkawyha1": {"e": "Image", "id": "udck3fkawyha1", "m": "image/jpg", "p": [{"u": "https://preview.redd.it/udck3fkawyha1.jpg?width=108&amp;crop=smart&amp;auto=webp&amp;v=enabled&amp;s=0b38b68c9c37b9238ce2979e6090d88953aabb0a", "x": 108, "y": 49}, {"u": "https://preview.redd.it/udck3fkawyha1.jpg?width=216&amp;crop=smart&amp;auto=webp&amp;v=enabled&amp;s=8c668b06ffd873b844d4121e33f92be09de56bf3", "x": 216, "y": 99}, {"u": "https://preview.redd.it/udck3fkawyha1.jpg?width=320&amp;crop=smart&amp;auto=webp&amp;v=enabled&amp;s=3183bc79c37706b93e81686854bf714e818cef7c", "x": 320, "y": 147}, {"u": "https://preview.redd.it/udck3fkawyha1.jpg?width=640&amp;crop=smart&amp;auto=webp&amp;v=enabled&amp;s=0bed2b171e6af90dd41b8562e72a198abca8552f", "x": 640, "y": 295}, {"u": "https://preview.redd.it/udck3fkawyha1.jpg?width=960&amp;crop=smart&amp;auto=webp&amp;v=enabled&amp;s=ccaa451259e8f8bb0deb109646bcdbe588f843b7", "x": 960, "y": 443}, {"u": "https://preview.redd.it/udck3fkawyha1.jpg?width=1080&amp;crop=smart&amp;auto=webp&amp;v=enabled&amp;s=9f847316c31ff410fc6834f54c93299473190050", "x": 1080, "y": 498}], "s": {"u": "https://preview.redd.it/udck3fkawyha1.jpg?width=2436&amp;format=pjpg&amp;auto=webp&amp;v=enabled&amp;s=c09513e724f66004e0f59506a420c25bced24767", "x": 2436, "y": 1125}, "status": "valid"}, "uha7igkawyha1": {"e": "Image", "id": "uha7igkawyha1", "m": "image/jpg", "p": [{"u": "https://preview.redd.it/uha7igkawyha1.jpg?width=108&amp;crop=smart&amp;auto=webp&amp;v=enabled&amp;s=79fff429a4981bfcf5f7e8fef8a77a504727839c", "x": 108, "y": 49}, {"u": "https://preview.redd.it/uha7igkawyha1.jpg?width=216&amp;crop=smart&amp;auto=webp&amp;v=enabled&amp;s=0c623b4fb9eca9fafdca1f588b4059324eba8016", "x": 216, "y": 99}, {"u": "https://preview.redd.it/uha7igkawyha1.jpg?width=320&amp;crop=smart&amp;auto=webp&amp;v=enabled&amp;s=4a673465294f1f0a96ac867bb44057ee2059e448", "x": 320, "y": 147}, {"u": "https://preview.redd.it/uha7igkawyha1.jpg?width=640&amp;crop=smart&amp;auto=webp&amp;v=enabled&amp;s=e8987055907b70da2285e813f7ad4f309e351d3d", "x": 640, "y": 295}, {"u": "https://preview.redd.it/uha7igkawyha1.jpg?width=960&amp;crop=smart&amp;auto=webp&amp;v=enabled&amp;s=2db2a7b701745e6862e2b3c11e590be2db1bce86", "x": 960, "y": 443}, {"u": "https://preview.redd.it/uha7igkawyha1.jpg?width=1080&amp;crop=smart&amp;auto=webp&amp;v=enabled&amp;s=2bed04a9c456a2120f17f8b96b01178b7f6c21a1", "x": 1080, "y": 498}], "s": {"u": "https://preview.redd.it/uha7igkawyha1.jpg?width=2436&amp;format=pjpg&amp;auto=webp&amp;v=enabled&amp;s=0528fdee569a4c7260c76e04340ee3680705397e", "x": 2436, "y": 1125}, "status": "valid"}, "y9uksekawyha1": {"e": "Image", "id": "y9uksekawyha1", "m": "image/jpg", "p": [{"u": "https://preview.redd.it/y9uksekawyha1.jpg?width=108&amp;crop=smart&amp;auto=webp&amp;v=enabled&amp;s=304be9abc584dbd16e9c42f8ee1ffc88757b0222", "x": 108, "y": 49}, {"u": "https://preview.redd.it/y9uksekawyha1.jpg?width=216&amp;crop=smart&amp;auto=webp&amp;v=enabled&amp;s=d09313a3ac2b0b9836974b2a96fdb0dace8224d7", "x": 216, "y": 99}, {"u": "https://preview.redd.it/y9uksekawyha1.jpg?width=320&amp;crop=smart&amp;auto=webp&amp;v=enabled&amp;s=35b60be33f5210cb57d507cb5e5178b878c476b4", "x": 320, "y": 147}, {"u": "https://preview.redd.it/y9uksekawyha1.jpg?width=640&amp;crop=smart&amp;auto=webp&amp;v=enabled&amp;s=7a791884b401aea5fe84a4c1fbadf19a835f4525", "x": 640, "y": 295}, {"u": "https://preview.redd.it/y9uksekawyha1.jpg?width=960&amp;crop=smart&amp;auto=webp&amp;v=enabled&amp;s=f2ef28a135d38a6516df6d269d2faad1f0858973", "x": 960, "y": 443}, {"u": "https://preview.redd.it/y9uksekawyha1.jpg?width=1080&amp;crop=smart&amp;auto=webp&amp;v=enabled&amp;s=64b953464136139270c9b4d68adb9c3927a6d8a2", "x": 1080, "y": 498}], "s": {"u": "https://preview.redd.it/y9uksekawyha1.jpg?width=2436&amp;format=pjpg&amp;auto=webp&amp;v=enabled&amp;s=a70498455fe519b295afd34a4f1b04b253347df5", "x": 2436, "y": 1125}, "status": "valid"}}, "media_only": false, "mod_note": null, "mod_reason_by": null, "mod_reason_title": null, "mod_reports": [], "name": "t3_111a8vc", "no_follow": false, "num_comments": 23, "num_crossposts": 4, "num_reports": null, "over_18": false, "parent_whitelist_status": "all_ads", "permalink": "/r/Superstonk/comments/111a8vc/uperuvian_bull_dollar_endgame_slideshow_adapted/", "pinned": false, "pwls": 6, "quarantine": false, "removal_reason": null, "removed_by": null, "removed_by_category": null, "report_reasons": null, "saved": false, "score": 1688, "secure_media": null, "secure_media_embed": {}, "selftext": "", "selftext_html": null, "send_replies": true, "spoiler": false, "stickied": false, "subreddit": "Superstonk", "subreddit_id": "t5_43zwn1", "subreddit_name_prefixed": "r/Superstonk", "subreddit_subscribers": 861557, "subreddit_type": "public", "suggested_sort": null, "thumbnail": "https://b.thumbs.redditmedia.com/5eIFWqDQQjHu0tIUfLduxog1Cdz9x-CjQewfMcvzqzg.jpg", "thumbnail_height": 64, "thumbnail_width": 140, "title": "u/peruvian_bull \u201cDollar Endgame\u201d - slideshow adapted part 1", "top_awarded_type": null, "total_awards_received": 3, "treatment_tags": [], "ups": 1688, "upvote_ratio": 0.97, "url": "https://www.reddit.com/gallery/111a8vc", "url_overridden_by_dest": "https://www.reddit.com/gallery/111a8vc", "user_reports": [], "view_count": null, "visited": false, "whitelist_status": "all_ads", "wls": 6}], "discussion_type": null, "distinguished": null, "domain": "reddit.com", "edited": false, "gilded": 0, "gildings": {}, "hidden": false, "hide_score": false, "id": "111bg28", "is_created_from_ads_ui": false, "is_crosspostable": true, "is_meta": false, "is_original_content": false, "is_reddit_media_domain": false, "is_robot_indexable": true, "is_self": false, "is_video": false, "link_flair_background_color": "", "link_flair_css_class": null, "link_flair_richtext": [], "link_flair_text": null, "link_flair_text_color": "dark", "link_flair_type": "text", "locked": false, "media": null, "media_embed": {}, "media_only": false, "name": "t3_111bg28", "no_follow": false, "num_comments": 2, "num_crossposts": 0, "over_18": false, "parent_whitelist_status": null, "permalink": "/r/ThePPShow/comments/111bg28/uperuvian_bull_dollar_endgame_slideshow_adapted/", "pinned": false, "pwls": null, "quarantine": false, "removed_by": null, "removed_by_category": null, "retrieved_on": 1678329510, "score": 6, "secure_media": null, "secure_media_embed": {}, "selftext": "", "send_replies": false, "spoiler": false, "stickied": false, "subreddit": "ThePPShow", "subreddit_id": "t5_7q5o7y", "subreddit_name_prefixed": "r/ThePPShow", "subreddit_subscribers": 581, "subreddit_type": "public", "suggested_sort": null, "thumbnail": "https://b.thumbs.redditmedia.com/5eIFWqDQQjHu0tIUfLduxog1Cdz9x-CjQewfMcvzqzg.jpg", "thumbnail_height": 64, "thumbnail_width": 140, "title": "u/peruvian_bull \u201cDollar Endgame\u201d - slideshow adapted part 1", "top_awarded_type": null, "total_awards_received": 0, "treatment_tags": [], "upvote_ratio": 1.0, "url": "https://www.reddit.com/gallery/111a8vc", "url_overridden_by_dest": "https://www.reddit.com/gallery/111a8vc", "view_count": null, "whitelist_status": null, "wls": null}, {"all_awardings": [], "allow_live_comments": false, "archived": false, "author": "the_small_farmer", "author_created_utc": 1611650393, "author_flair_background_color": null, "author_flair_css_class": null, "author_flair_richtext": [], "author_flair_template_id": null, "author_flair_text": null, "author_flair_text_color": null, "author_flair_type": "text", "author_fullname": "t2_9zzaasnx", "author_patreon_flair": false, "author_premium": false, "awarders": [], "banned_by": null, "can_gild": true, "can_mod_post": false, "category": null, "content_categories": null, "contest_mode": false, "created_utc": 1676275846, "discussion_type": null, "distinguished": null, "domain": "v.redd.it", "edited": false, "gilded": 0, "gildings": {}, "hidden": false, "hide_score": false, "id": "111322x", "is_created_from_ads_ui": false, "is_crosspostable": false, "is_meta": false, "is_original_content": false, "is_reddit_media_domain": true, "is_robot_indexable": false, "is_self": false, "is_video": true, "link_flair_background_color": "", "link_flair_css_class": null, "link_flair_richtext": [], "link_flair_text": null, "link_flair_text_color": "dark", "link_flair_type": "text", "locked": false, "media": {"reddit_video": {"bitrate_kbps": 600, "dash_url": "https://v.redd.it/tyokxdypgyha1/DASHPlaylist.mpd?a=1680921837%2CODI1Mjk4Yjk2ZDI1MGFmNzc5ZDFlMTk2M2M2Y2FlYTA3ZmU2MmNiOTRlYjc3YjcwM2MzMWYxNzQ3NTM5MjBkZA%3D%3D&amp;v=1&amp;f=sd", "duration": 5, "fallback_url": "https://v.redd.it/tyokxdypgyha1/DASH_240.mp4?source=fallback", "height": 234, "hls_url": "https://v.redd.it/tyokxdypgyha1/HLSPlaylist.m3u8?a=1680921837%2CMjJjMTg4NWE0YzBhZWU3ZGE0MjRhZTliMjMzMTFlZTk3NmE5ZGY5MjM4MzQzZTJkODBiNTQ0ZDk3NDFhOTBiOA%3D%3D&amp;v=1&amp;f=sd", "is_gif": false, "scrubber_media_url": "https://v.redd.it/tyokxdypgyha1/DASH_96.mp4", "transcoding_status": "completed", "width": 426}}, "media_embed": {}, "media_only": false, "name": "t3_111322x", "no_follow": true, "num_comments": 1, "num_crossposts": 0, "over_18": false, "parent_whitelist_status": null, "permalink": "/r/ThePPShow/comments/111322x/super_bowl_ad/", "pinned": false, "pwls": null, "quarantine": false, "removed_by": null, "removed_by_category": "moderator", "retrieved_on": 1678329838, "score": 2, "secure_media": {"reddit_video": {"bitrate_kbps": 600, "dash_url": "https://v.redd.it/tyokxdypgyha1/DASHPlaylist.mpd?a=1680921837%2CODI1Mjk4Yjk2ZDI1MGFmNzc5ZDFlMTk2M2M2Y2FlYTA3ZmU2MmNiOTRlYjc3YjcwM2MzMWYxNzQ3NTM5MjBkZA%3D%3D&amp;v=1&amp;f=sd", "duration": 5, "fallback_url": "https://v.redd.it/tyokxdypgyha1/DASH_240.mp4?source=fallback", "height": 234, "hls_url": "https://v.redd.it/tyokxdypgyha1/HLSPlaylist.m3u8?a=1680921837%2CMjJjMTg4NWE0YzBhZWU3ZGE0MjRhZTliMjMzMTFlZTk3NmE5ZGY5MjM4MzQzZTJkODBiNTQ0ZDk3NDFhOTBiOA%3D%3D&amp;v=1&amp;f=sd", "is_gif": false, "scrubber_media_url": "https://v.redd.it/tyokxdypgyha1/DASH_96.mp4", "transcoding_status": "completed", "width": 426}}, "secure_media_embed": {}, "selftext": "", "send_replies": true, "spoiler": false, "stickied": false, "subreddit": "ThePPShow", "subreddit_id": "t5_7q5o7y", "subreddit_name_prefixed": "r/ThePPShow", "subreddit_subscribers": 581, "subreddit_type": "public", "suggested_sort": null, "thumbnail": "default", "thumbnail_height": 77, "thumbnail_width": 140, "title": "Super Bowl Ad", "top_awarded_type": null, "total_awards_received": 0, "treatment_tags": [], "upvote_ratio": 0.75, "url": "https://v.redd.it/tyokxdypgyha1", "url_overridden_by_dest": "https://v.redd.it/tyokxdypgyha1", "view_count": null, "whitelist_status": null, "wls": null}, {"all_awardings": [], "allow_live_comments": false, "archived": false, "author": "[deleted]", "author_created_utc": null, "author_flair_background_color": "", "author_flair_css_class": null, "author_flair_template_id": null, "author_flair_text": null, "author_flair_text_color": "dark", "awarders": [], "banned_by": null, "can_gild": false, "can_mod_post": false, "category": null, "content_categories": null, "contest_mode": false, "created_utc": 1676267209, "discussion_type": null, "distinguished": null, "domain": "i.redd.it", "edited": false, "gilded": 0, "gildings": {}, "hidden": false, "hide_score": false, "id": "1110rlr", "is_created_from_ads_ui": false, "is_crosspostable": true, "is_meta": false, "is_original_content": false, "is_reddit_media_domain": true, "is_robot_indexable": true, "is_self": false, "is_video": false, "link_flair_background_color": "", "link_flair_css_class": null, "link_flair_richtext": [], "link_flair_text": null, "link_flair_text_color": "dark", "link_flair_type": "text", "locked": false, "media": null, "media_embed": {}, "media_only": false, "name": "t3_1110rlr", "no_follow": false, "num_comments": 0, "num_crossposts": 0, "over_18": false, "parent_whitelist_status": null, "permalink": "/r/ThePPShow/comments/1110rlr/_/", "pinned": false, "post_hint": "image", "preview": {"enabled": true, "images": [{"id": "nZz7kjd9zoBqQVQShtttO3RfcbYp48UzeCXo2CJYzvE", "resolutions": [{"height": 87, "url": "https://preview.redd.it/uldb8ed1rxha1.jpg?width=108&amp;crop=smart&amp;auto=webp&amp;v=enabled&amp;s=53e42d0ce1fc102d8d8a2d315adab498d1f08879", "width": 108}, {"height": 175, "url": "https://preview.redd.it/uldb8ed1rxha1.jpg?width=216&amp;crop=smart&amp;auto=webp&amp;v=enabled&amp;s=88a65594760808a37094852f3b9eaaca46867873", "width": 216}, {"height": 259, "url": "https://preview.redd.it/uldb8ed1rxha1.jpg?width=320&amp;crop=smart&amp;auto=webp&amp;v=enabled&amp;s=2da7952df28ed897d2a11e9de718ebf1dc7a1d5f", "width": 320}, {"height": 518, "url": "https://preview.redd.it/uldb8ed1rxha1.jpg?width=640&amp;crop=smart&amp;auto=webp&amp;v=enabled&amp;s=bd399bbe86c5a87ee09b22676b9bb1d9aeb9971e", "width": 640}, {"height": 777, "url": "https://preview.redd.it/uldb8ed1rxha1.jpg?width=960&amp;crop=smart&amp;auto=webp&amp;v=enabled&amp;s=0b58d500e851ef7feb15ca4823297400fe738876", "width": 960}, {"height": 875, "url": "https://preview.redd.it/uldb8ed1rxha1.jpg?width=1080&amp;crop=smart&amp;auto=webp&amp;v=enabled&amp;s=28e58470d848671f92a61841a67918186a95f435", "width": 1080}], "source": {"height": 948, "url": "https://preview.redd.it/uldb8ed1rxha1.jpg?auto=webp&amp;v=enabled&amp;s=a460b4753cc88a12cb8c12a34fbb27f1798ecc7a", "width": 1170}, "variants": {}}]}, "pwls": null, "quarantine": false, "removed_by": null, "removed_by_category": null, "retrieved_on": 1678329934, "score": 2, "secure_media": null, "secure_media_embed": {}, "selftext": "", "send_replies": true, "spoiler": false, "stickied": false, "subreddit": "ThePPShow", "subreddit_id": "t5_7q5o7y", "subreddit_name_prefixed": "r/ThePPShow", "subreddit_subscribers": 581, "subreddit_type": "public", "suggested_sort": null, "thumbnail": "https://b.thumbs.redditmedia.com/JQbUiNuvXAK2xT7iyALqbh-mGdJUpML9JELu1WykEOs.jpg", "thumbnail_height": 113, "thumbnail_width": 140, "title": ":-)", "top_awarded_type": null, "total_awards_received": 0, "treatment_tags": [], "upvote_ratio": 1.0, "url": "https://i.redd.it/uldb8ed1rxha1.jpg", "url_overridden_by_dest": "https://i.redd.it/uldb8ed1rxha1.jpg", "view_count": null, "whitelist_status": null, "wls": null}, {"all_awardings": [], "allow_live_comments": false, "archived": false, "author": "the_small_farmer", "author_created_utc": 1611650393, "author_flair_background_color": null, "author_flair_css_class": null, "author_flair_richtext": [], "author_flair_template_id": null, "author_flair_text": null, "author_flair_text_color": null, "author_flair_type": "text", "author_fullname": "t2_9zzaasnx", "author_patreon_flair": false, "author_premium": false, "awarders": [], "banned_by": null, "can_gild": true, "can_mod_post": false, "category": null, "content_categories": null, "contest_mode": false, "created_utc": 1676259096, "discussion_type": null, "distinguished": null, "domain": "i.redd.it", "edited": false, "gilded": 0, "gildings": {}, "hidden": false, "hide_score": false, "id": "110y92p", "is_created_from_ads_ui": false, "is_crosspostable": true, "is_meta": false, "is_original_content": false, "is_reddit_media_domain": true, "is_robot_indexable": true, "is_self": false, "is_video": false, "link_flair_background_color": "", "link_flair_css_class": null, "link_flair_richtext": [], "link_flair_text": null, "link_flair_text_color": "dark", "link_flair_type": "text", "locked": false, "media": null, "media_embed": {}, "media_only": false, "name": "t3_110y92p", "no_follow": false, "num_comments": 4, "num_crossposts": 0, "over_18": false, "parent_whitelist_status": null, "permalink": "/r/ThePPShow/comments/110y92p/a_loser_today_and_a_loser_tomorrow/", "pinned": false, "post_hint": "image", "preview": {"enabled": true, "images": [{"id": "-chrO-n6bDiNZO_VyIyTP2ZgkzKsye1G3FQulOI0DZ0", "resolutions": [{"height": 174, "url": "https://preview.redd.it/t7vdbpuw2xha1.jpg?width=108&amp;crop=smart&amp;auto=webp&amp;v=enabled&amp;s=627066909fc2c8a87705621f01143b526b8b6e7b", "width": 108}, {"height": 349, "url": "https://preview.redd.it/t7vdbpuw2xha1.jpg?width=216&amp;crop=smart&amp;auto=webp&amp;v=enabled&amp;s=c824d333d669b30e223ac5711ddba892f7053ee5", "width": 216}, {"height": 517, "url": "https://preview.redd.it/t7vdbpuw2xha1.jpg?width=320&amp;crop=smart&amp;auto=webp&amp;v=enabled&amp;s=fd96552d351e3ac62bbdd837a314e22454360c6d", "width": 320}, {"height": 1035, "url": "https://preview.redd.it/t7vdbpuw2xha1.jpg?width=640&amp;crop=smart&amp;auto=webp&amp;v=enabled&amp;s=e5d06f556d1624df7efefebeb61eacd1d7faebda", "width": 640}, {"height": 1553, "url": "https://preview.redd.it/t7vdbpuw2xha1.jpg?width=960&amp;crop=smart&amp;auto=webp&amp;v=enabled&amp;s=6a6847cced3ca093534157c2e4d6fc646f495633", "width": 960}, {"height": 1747, "url": "https://preview.redd.it/t7vdbpuw2xha1.jpg?width=1080&amp;crop=smart&amp;auto=webp&amp;v=enabled&amp;s=f9c0e66fedcd798c2f16fb0315ebe7fa9b3110db", "width": 1080}], "source": {"height": 1893, "url": "https://preview.redd.it/t7vdbpuw2xha1.jpg?auto=webp&amp;v=enabled&amp;s=89b0cb536404e9cf77eb710418afa8b4dd8c3ae0", "width": 1170}, "variants": {}}]}, "pwls": null, "quarantine": false, "removed_by": null, "removed_by_category": null, "retrieved_on": 1678330041, "score": 17, "secure_media": null, "secure_media_embed": {}, "selftext": "A Loser Today and a Loser Tomorrow", "send_replies": false, "spoiler": false, "stickied": false, "subreddit": "ThePPShow", "subreddit_id": "t5_7q5o7y", "subreddit_name_prefixed": "r/ThePPShow", "subreddit_subscribers": 581, "subreddit_type": "public", "suggested_sort": null, "thumbnail": "https://b.thumbs.redditmedia.com/WBPYFFrfDT6KM4AP-nfltz_k6OOCYd7x8jDVc3YaafM.jpg", "thumbnail_height": 140, "thumbnail_width": 140, "title": "A Loser Today and a Loser Tomorrow", "top_awarded_type": null, "total_awards_received": 0, "treatment_tags": [], "upvote_ratio": 1.0, "url": "https://i.redd.it/t7vdbpuw2xha1.jpg", "url_overridden_by_dest": "https://i.redd.it/t7vdbpuw2xha1.jpg", "view_count": null, "whitelist_status": null, "wls": null}], "metadata": {"op_a": 58, "op_b": 49, "total": 107}, "error": null}