{"data": [{"all_awardings": [{"award_sub_type": "GLOBAL", "award_type": "global", "awardings_required_to_grant_benefits": null, "coin_price": 1800, "coin_reward": 0, "count": 1, "days_of_drip_extension": 31, "days_of_premium": 31, "description": "Gives 700 Reddit Coins and a month of r/lounge access and ad-free browsing.", "end_date": null, "giver_coin_reward": null, "icon_format": null, "icon_height": 512, "icon_url": "https://www.redditstatic.com/gold/awards/icon/platinum_512.png", "icon_width": 512, "id": "gid_3", "is_enabled": true, "is_new": false, "name": "Platinum", "penny_donate": null, "penny_price": null, "resized_icons": [{"height": 16, "url": "https://www.redditstatic.com/gold/awards/icon/platinum_16.png", "width": 16}, {"height": 32, "url": "https://www.redditstatic.com/gold/awards/icon/platinum_32.png", "width": 32}, {"height": 48, "url": "https://www.redditstatic.com/gold/awards/icon/platinum_48.png", "width": 48}, {"height": 64, "url": "https://www.redditstatic.com/gold/awards/icon/platinum_64.png", "width": 64}, {"height": 128, "url": "https://www.redditstatic.com/gold/awards/icon/platinum_128.png", "width": 128}], "resized_static_icons": [{"height": 16, "url": "https://www.redditstatic.com/gold/awards/icon/platinum_16.png", "width": 16}, {"height": 32, "url": "https://www.redditstatic.com/gold/awards/icon/platinum_32.png", "width": 32}, {"height": 48, "url": "https://www.redditstatic.com/gold/awards/icon/platinum_48.png", "width": 48}, {"height": 64, "url": "https://www.redditstatic.com/gold/awards/icon/platinum_64.png", "width": 64}, {"height": 128, "url": "https://www.redditstatic.com/gold/awards/icon/platinum_128.png", "width": 128}], "start_date": null, "static_icon_height": 512, "static_icon_url": "https://www.redditstatic.com/gold/awards/icon/platinum_512.png", "static_icon_width": 512, "sticky_duration_seconds": null, "subreddit_coin_reward": 0, "subreddit_id": null, "tiers_by_required_awardings": null}], "allow_live_comments": false, "archived": false, "author": "moonshot_69", "author_created_utc": 1662328354, "author_flair_background_color": null, "author_flair_css_class": null, "author_flair_richtext": [], "author_flair_template_id": null, "author_flair_text": null, "author_flair_text_color": null, "author_flair_type": "text", "author_fullname": "t2_rpv9h1mq", "author_patreon_flair": false, "author_premium": true, "awarders": [], "banned_by": null, "can_gild": true, "can_mod_post": false, "category": null, "content_categories": null, "contest_mode": false, "created_utc": 1674924932, "crosspost_parent": "t3_10njiut", "crosspost_parent_list": [{"all_awardings": [], "allow_live_comments": true, "approved_at_utc": null, "approved_by": null, "archived": false, "author": "moonshot_69", "author_flair_background_color": "#d3d6da", "author_flair_css_class": null, "author_flair_richtext": [], "author_flair_template_id": "481f78aa-a004-11ed-ac31-5e57c8d9e576", "author_flair_text": "Kais Maleej", "author_flair_text_color": "dark", "author_flair_type": "text", "author_fullname": "t2_rpv9h1mq", "author_is_blocked": false, "author_patreon_flair": false, "author_premium": true, "awarders": [], "banned_at_utc": null, "banned_by": null, "can_gild": true, "can_mod_post": false, "category": null, "clicked": false, "content_categories": null, "contest_mode": false, "created": 1674924534.0, "created_utc": 1674924534.0, "discussion_type": null, "distinguished": null, "domain": "reddit.com", "downs": 0, "edited": false, "gallery_data": {"items": [{"id": 234505541, "media_id": "6ixyx5l1dtea1"}, {"id": 234505542, "media_id": "ureo6ol1dtea1"}, {"id": 234505543, "media_id": "7ix34pl1dtea1"}, {"id": 234505544, "media_id": "aa7vjal1dtea1"}, {"id": 234505545, "media_id": "7632p6l1dtea1"}, {"id": 234505546, "media_id": "1yhsm7l1dtea1"}, {"id": 234505547, "media_id": "nj5l66l1dtea1"}, {"id": 234505548, "media_id": "0cmif7l1dtea1"}, {"id": 234505549, "media_id": "zvicdpl1dtea1"}, {"id": 234505550, "media_id": "lk2zlol1dtea1"}, {"id": 234505551, "media_id": "dno6qpl1dtea1"}, {"id": 234505552, "media_id": "e2yj7pl1dtea1"}, {"id": 234505553, "media_id": "dfhe4pl1dtea1"}, {"id": 234505554, "media_id": "71r4mpl1dtea1"}, {"id": 234505555, "media_id": "z5ddzol1dtea1"}, {"id": 234505556, "media_id": "71ft2tl1dtea1"}, {"id": 234505557, "media_id": "tzhrmtl1dtea1"}]}, "gilded": 0, "gildings": {}, "hidden": false, "hide_score": false, "id": "10njiut", "is_created_from_ads_ui": false, "is_crosspostable": true, "is_gallery": true, "is_meta": false, "is_original_content": false, "is_reddit_media_domain": false, "is_robot_indexable": true, "is_self": false, "is_video": false, "likes": null, "link_flair_background_color": "#46d160", "link_flair_css_class": "", "link_flair_richtext": [], "link_flair_template_id": "80fe723c-9c23-11ed-9b55-7ab6cab9aad5", "link_flair_text": "Kais Maleej", "link_flair_text_color": "dark", "link_flair_type": "text", "locked": false, "media": null, "media_embed": {}, "media_metadata": {"0cmif7l1dtea1": {"e": "Image", "id": "0cmif7l1dtea1", "m": "image/jpg", "p": [{"u": "https://preview.redd.it/0cmif7l1dtea1.jpg?width=108&amp;crop=smart&amp;auto=webp&amp;v=enabled&amp;s=d484221b66ebbc3b247875a7bfff292a7012e7ec", "x": 108, "y": 49}, {"u": "https://preview.redd.it/0cmif7l1dtea1.jpg?width=216&amp;crop=smart&amp;auto=webp&amp;v=enabled&amp;s=c56ab8cb85cf3f876354eba1617806c261ed31ec", "x": 216, "y": 99}, {"u": "https://preview.redd.it/0cmif7l1dtea1.jpg?width=320&amp;crop=smart&amp;auto=webp&amp;v=enabled&amp;s=5e12048e3702b0c9799c7e4706b4a0bf3d7c0b12", "x": 320, "y": 147}, {"u": "https://preview.redd.it/0cmif7l1dtea1.jpg?width=640&amp;crop=smart&amp;auto=webp&amp;v=enabled&amp;s=138c4f34237b64ad1c9c6e9cffc7096e8f40e240", "x": 640, "y": 295}, {"u": "https://preview.redd.it/0cmif7l1dtea1.jpg?width=960&amp;crop=smart&amp;auto=webp&amp;v=enabled&amp;s=bc0593e35cc48cffd83f69b72c3aeff90e661f6b", "x": 960, "y": 443}, {"u": "https://preview.redd.it/0cmif7l1dtea1.jpg?width=1080&amp;crop=smart&amp;auto=webp&amp;v=enabled&amp;s=8e89ffe0315d4256506406254bd3a0f44eb83efc", "x": 1080, "y": 498}], "s": {"u": "https://preview.redd.it/0cmif7l1dtea1.jpg?width=2436&amp;format=pjpg&amp;auto=webp&amp;v=enabled&amp;s=231135c869ead0e7a2c0aad05a75a3993ecd373c", "x": 2436, "y": 1125}, "status": "valid"}, "1yhsm7l1dtea1": {"e": "Image", "id": "1yhsm7l1dtea1", "m": "image/jpg", "p": [{"u": "https://preview.redd.it/1yhsm7l1dtea1.jpg?width=108&amp;crop=smart&amp;auto=webp&amp;v=enabled&amp;s=a56cab6314b35e5eeb3dcedfcf7b08d96d330b3a", "x": 108, "y": 49}, {"u": "https://preview.redd.it/1yhsm7l1dtea1.jpg?width=216&amp;crop=smart&amp;auto=webp&amp;v=enabled&amp;s=b03d68e619df4c1200e6cc00b02f393574186ac0", "x": 216, "y": 99}, {"u": "https://preview.redd.it/1yhsm7l1dtea1.jpg?width=320&amp;crop=smart&amp;auto=webp&amp;v=enabled&amp;s=a4ff4e578090be51c360f4b0bfaff75e35793a23", "x": 320, "y": 147}, {"u": "https://preview.redd.it/1yhsm7l1dtea1.jpg?width=640&amp;crop=smart&amp;auto=webp&amp;v=enabled&amp;s=51edab6c344d4e7d38591f094d19cbb450401068", "x": 640, "y": 295}, {"u": "https://preview.redd.it/1yhsm7l1dtea1.jpg?width=960&amp;crop=smart&amp;auto=webp&amp;v=enabled&amp;s=7299b6fd419f0ad10f3bba3953e2ef31fd76c867", "x": 960, "y": 443}, {"u": "https://preview.redd.it/1yhsm7l1dtea1.jpg?width=1080&amp;crop=smart&amp;auto=webp&amp;v=enabled&amp;s=77e24653387cc44df39bff46e857b08d233e1966", "x": 1080, "y": 498}], "s": {"u": "https://preview.redd.it/1yhsm7l1dtea1.jpg?width=2436&amp;format=pjpg&amp;auto=webp&amp;v=enabled&amp;s=13049f2eee6ee9e742668470e381356807771821", "x": 2436, "y": 1125}, "status": "valid"}, "6ixyx5l1dtea1": {"e": "Image", "id": "6ixyx5l1dtea1", "m": "image/jpg", "p": [{"u": "https://preview.redd.it/6ixyx5l1dtea1.jpg?width=108&amp;crop=smart&amp;auto=webp&amp;v=enabled&amp;s=4c86e2e288fc2b9beb7ba6c8c41a890271da3673", "x": 108, "y": 49}, {"u": "https://preview.redd.it/6ixyx5l1dtea1.jpg?width=216&amp;crop=smart&amp;auto=webp&amp;v=enabled&amp;s=12a32520f8123e660f8596471b9fae446d8571f6", "x": 216, "y": 99}, {"u": "https://preview.redd.it/6ixyx5l1dtea1.jpg?width=320&amp;crop=smart&amp;auto=webp&amp;v=enabled&amp;s=8fe63e4873448087988f09a902aebdbe0a732484", "x": 320, "y": 147}, {"u": "https://preview.redd.it/6ixyx5l1dtea1.jpg?width=640&amp;crop=smart&amp;auto=webp&amp;v=enabled&amp;s=1a56e4b2d598b4367dfcadd77954f474edcb9ac0", "x": 640, "y": 295}, {"u": "https://preview.redd.it/6ixyx5l1dtea1.jpg?width=960&amp;crop=smart&amp;auto=webp&amp;v=enabled&amp;s=b0ec9cffb2a4740a30d53c51efd1ac3b1162f477", "x": 960, "y": 443}, {"u": "https://preview.redd.it/6ixyx5l1dtea1.jpg?width=1080&amp;crop=smart&amp;auto=webp&amp;v=enabled&amp;s=a095d831cf3726fc68d9a6698784573a74b29e26", "x": 1080, "y": 498}], "s": {"u": "https://preview.redd.it/6ixyx5l1dtea1.jpg?width=2436&amp;format=pjpg&amp;auto=webp&amp;v=enabled&amp;s=07e37068a7b714cf2d84b4008cc99fc33d914aaf", "x": 2436, "y": 1125}, "status": "valid"}, "71ft2tl1dtea1": {"e": "Image", "id": "71ft2tl1dtea1", "m": "image/jpg", "p": [{"u": "https://preview.redd.it/71ft2tl1dtea1.jpg?width=108&amp;crop=smart&amp;auto=webp&amp;v=enabled&amp;s=39158c258135bac6041cad7958e21a613af20c1c", "x": 108, "y": 49}, {"u": "https://preview.redd.it/71ft2tl1dtea1.jpg?width=216&amp;crop=smart&amp;auto=webp&amp;v=enabled&amp;s=3011d3c77bb45a31839685552a8270abc65a4192", "x": 216, "y": 99}, {"u": "https://preview.redd.it/71ft2tl1dtea1.jpg?width=320&amp;crop=smart&amp;auto=webp&amp;v=enabled&amp;s=4af28a41e07d4f227c085fc0dff65af7172f891d", "x": 320, "y": 147}, {"u": "https://preview.redd.it/71ft2tl1dtea1.jpg?width=640&amp;crop=smart&amp;auto=webp&amp;v=enabled&amp;s=d0f7d6035430344e2fa385cc123e5f6a3bb3b5ee", "x": 640, "y": 295}, {"u": "https://preview.redd.it/71ft2tl1dtea1.jpg?width=960&amp;crop=smart&amp;auto=webp&amp;v=enabled&amp;s=729cb0550dd09ed720b4ad47dcd1af844df0d6b2", "x": 960, "y": 443}, {"u": "https://preview.redd.it/71ft2tl1dtea1.jpg?width=1080&amp;crop=smart&amp;auto=webp&amp;v=enabled&amp;s=48d5975db237adac8467fcb643108fe9ebd69f3f", "x": 1080, "y": 498}], "s": {"u": "https://preview.redd.it/71ft2tl1dtea1.jpg?width=2436&amp;format=pjpg&amp;auto=webp&amp;v=enabled&amp;s=9fecc5535a924395eaf1d2260d06135c9c336238", "x": 2436, "y": 1125}, "status": "valid"}, "71r4mpl1dtea1": {"e": "Image", "id": "71r4mpl1dtea1", "m": "image/jpg", "p": [{"u": "https://preview.redd.it/71r4mpl1dtea1.jpg?width=108&amp;crop=smart&amp;auto=webp&amp;v=enabled&amp;s=375f84181730a0dd5f16872305bb15c6c250a4c4", "x": 108, "y": 49}, {"u": "https://preview.redd.it/71r4mpl1dtea1.jpg?width=216&amp;crop=smart&amp;auto=webp&amp;v=enabled&amp;s=fbbce9610e753220ad5fdffd982fa0635302e266", "x": 216, "y": 99}, {"u": "https://preview.redd.it/71r4mpl1dtea1.jpg?width=320&amp;crop=smart&amp;auto=webp&amp;v=enabled&amp;s=b4c6a6a99895924efa49934faf6997dae13c9037", "x": 320, "y": 147}, {"u": "https://preview.redd.it/71r4mpl1dtea1.jpg?width=640&amp;crop=smart&amp;auto=webp&amp;v=enabled&amp;s=b9158c62a25d16a32a437edb2db344da433d57de", "x": 640, "y": 295}, {"u": "https://preview.redd.it/71r4mpl1dtea1.jpg?width=960&amp;crop=smart&amp;auto=webp&amp;v=enabled&amp;s=ccb63d8f8483f5416bef88d08d0952b24a514a0c", "x": 960, "y": 443}, {"u": "https://preview.redd.it/71r4mpl1dtea1.jpg?width=1080&amp;crop=smart&amp;auto=webp&amp;v=enabled&amp;s=9396d4ed0e4ec6b2cb000e471ca661888f4e7b05", "x": 1080, "y": 498}], "s": {"u": "https://preview.redd.it/71r4mpl1dtea1.jpg?width=2436&amp;format=pjpg&amp;auto=webp&amp;v=enabled&amp;s=fbce912c7f3851dee25a0000920e7342188da083", "x": 2436, "y": 1125}, "status": "valid"}, "7632p6l1dtea1": {"e": "Image", "id": "7632p6l1dtea1", "m": "image/jpg", "p": [{"u": "https://preview.redd.it/7632p6l1dtea1.jpg?width=108&amp;crop=smart&amp;auto=webp&amp;v=enabled&amp;s=f47be6ee923d44515a91a40c51a71f9ebc76880f", "x": 108, "y": 49}, {"u": "https://preview.redd.it/7632p6l1dtea1.jpg?width=216&amp;crop=smart&amp;auto=webp&amp;v=enabled&amp;s=1bc124bc929e28eb6ad8befef55647f4d7dea1da", "x": 216, "y": 99}, {"u": "https://preview.redd.it/7632p6l1dtea1.jpg?width=320&amp;crop=smart&amp;auto=webp&amp;v=enabled&amp;s=9adb571c32e73245a0617b46fa600b16ace010be", "x": 320, "y": 147}, {"u": "https://preview.redd.it/7632p6l1dtea1.jpg?width=640&amp;crop=smart&amp;auto=webp&amp;v=enabled&amp;s=f16fd008c0ac652c9044fe2f0c8e9caaf6169f40", "x": 640, "y": 295}, {"u": "https://preview.redd.it/7632p6l1dtea1.jpg?width=960&amp;crop=smart&amp;auto=webp&amp;v=enabled&amp;s=30db676959bf1c0c654e2ae1b8531bc982abcda9", "x": 960, "y": 443}, {"u": "https://preview.redd.it/7632p6l1dtea1.jpg?width=1080&amp;crop=smart&amp;auto=webp&amp;v=enabled&amp;s=76902744a35fa5117c8426d28d84c3e67ee58795", "x": 1080, "y": 498}], "s": {"u": "https://preview.redd.it/7632p6l1dtea1.jpg?width=2436&amp;format=pjpg&amp;auto=webp&amp;v=enabled&amp;s=5ec8d486df8c2926044110910da752dc541fe2ea", "x": 2436, "y": 1125}, "status": "valid"}, "7ix34pl1dtea1": {"e": "Image", "id": "7ix34pl1dtea1", "m": "image/jpg", "p": [{"u": "https://preview.redd.it/7ix34pl1dtea1.jpg?width=108&amp;crop=smart&amp;auto=webp&amp;v=enabled&amp;s=b1253525eaf4d56730f6377611a34c8906460968", "x": 108, "y": 49}, {"u": "https://preview.redd.it/7ix34pl1dtea1.jpg?width=216&amp;crop=smart&amp;auto=webp&amp;v=enabled&amp;s=16164d9333c6cff40cbf111d4597057faf0632ae", "x": 216, "y": 99}, {"u": "https://preview.redd.it/7ix34pl1dtea1.jpg?width=320&amp;crop=smart&amp;auto=webp&amp;v=enabled&amp;s=c3ef6e706314ffd3106b52e440c4378278bd6d1b", "x": 320, "y": 147}, {"u": "https://preview.redd.it/7ix34pl1dtea1.jpg?width=640&amp;crop=smart&amp;auto=webp&amp;v=enabled&amp;s=89cfbc4ca646cce52e27d2da55499589988a5236", "x": 640, "y": 295}, {"u": "https://preview.redd.it/7ix34pl1dtea1.jpg?width=960&amp;crop=smart&amp;auto=webp&amp;v=enabled&amp;s=6b2edf29087233566b04b47e6376f54b49db8275", "x": 960, "y": 443}, {"u": "https://preview.redd.it/7ix34pl1dtea1.jpg?width=1080&amp;crop=smart&amp;auto=webp&amp;v=enabled&amp;s=7283338418cecad29e9f1dadef481a81e39bb6af", "x": 1080, "y": 498}], "s": {"u": "https://preview.redd.it/7ix34pl1dtea1.jpg?width=2436&amp;format=pjpg&amp;auto=webp&amp;v=enabled&amp;s=ca3a1a1085d429c2f9fd990d9e7571fcf3783f9a", "x": 2436, "y": 1125}, "status": "valid"}, "aa7vjal1dtea1": {"e": "Image", "id": "aa7vjal1dtea1", "m": "image/jpg", "p": [{"u": "https://preview.redd.it/aa7vjal1dtea1.jpg?width=108&amp;crop=smart&amp;auto=webp&amp;v=enabled&amp;s=0ced87cd7c0527d58bfe96eb87fed6983e521215", "x": 108, "y": 49}, {"u": "https://preview.redd.it/aa7vjal1dtea1.jpg?width=216&amp;crop=smart&amp;auto=webp&amp;v=enabled&amp;s=6ce233840866e38fe180d636df82b3969bf2f0db", "x": 216, "y": 99}, {"u": "https://preview.redd.it/aa7vjal1dtea1.jpg?width=320&amp;crop=smart&amp;auto=webp&amp;v=enabled&amp;s=40a25024055231c636b9562a907fa1c1a9c237ca", "x": 320, "y": 147}, {"u": "https://preview.redd.it/aa7vjal1dtea1.jpg?width=640&amp;crop=smart&amp;auto=webp&amp;v=enabled&amp;s=9af88adcc4428dd3f5f48bb32f874b8133d4e1b9", "x": 640, "y": 295}, {"u": "https://preview.redd.it/aa7vjal1dtea1.jpg?width=960&amp;crop=smart&amp;auto=webp&amp;v=enabled&amp;s=daf0f1670153dd772fe98b35561de58c82f3051b", "x": 960, "y": 443}, {"u": "https://preview.redd.it/aa7vjal1dtea1.jpg?width=1080&amp;crop=smart&amp;auto=webp&amp;v=enabled&amp;s=40f195fa930726fdd8bea932f7cc3b3f4a5b4508", "x": 1080, "y": 498}], "s": {"u": "https://preview.redd.it/aa7vjal1dtea1.jpg?width=2436&amp;format=pjpg&amp;auto=webp&amp;v=enabled&amp;s=6cd9c8270e43d5816de2c244bbbd8a331fbed780", "x": 2436, "y": 1125}, "status": "valid"}, "dfhe4pl1dtea1": {"e": "Image", "id": "dfhe4pl1dtea1", "m": "image/jpg", "p": [{"u": "https://preview.redd.it/dfhe4pl1dtea1.jpg?width=108&amp;crop=smart&amp;auto=webp&amp;v=enabled&amp;s=26e1788090cfd95f88b18f4380710e885406064a", "x": 108, "y": 49}, {"u": "https://preview.redd.it/dfhe4pl1dtea1.jpg?width=216&amp;crop=smart&amp;auto=webp&amp;v=enabled&amp;s=be9fbd8dbaa11cdd85a54a2473f356c2be91b35a", "x": 216, "y": 99}, {"u": "https://preview.redd.it/dfhe4pl1dtea1.jpg?width=320&amp;crop=smart&amp;auto=webp&amp;v=enabled&amp;s=8f93c0b36bb7a040ca89553a2408cfcfab875423", "x": 320, "y": 147}, {"u": "https://preview.redd.it/dfhe4pl1dtea1.jpg?width=640&amp;crop=smart&amp;auto=webp&amp;v=enabled&amp;s=b20ed83edeef949f417f41a9b4c68368a9f19e9c", "x": 640, "y": 295}, {"u": "https://preview.redd.it/dfhe4pl1dtea1.jpg?width=960&amp;crop=smart&amp;auto=webp&amp;v=enabled&amp;s=4822f9c3126903a3e87814c0bcf6f1fef9e702bd", "x": 960, "y": 443}, {"u": "https://preview.redd.it/dfhe4pl1dtea1.jpg?width=1080&amp;crop=smart&amp;auto=webp&amp;v=enabled&amp;s=15f0b97378583192c248faceaef664b18aaebfab", "x": 1080, "y": 498}], "s": {"u": "https://preview.redd.it/dfhe4pl1dtea1.jpg?width=2436&amp;format=pjpg&amp;auto=webp&amp;v=enabled&amp;s=e37797bc6ebbadca7a199be34e06009e4c5d2069", "x": 2436, "y": 1125}, "status": "valid"}, "dno6qpl1dtea1": {"e": "Image", "id": "dno6qpl1dtea1", "m": "image/jpg", "p": [{"u": "https://preview.redd.it/dno6qpl1dtea1.jpg?width=108&amp;crop=smart&amp;auto=webp&amp;v=enabled&amp;s=aaaa0f7c575d750e740f323fce527e84ddb5ecd6", "x": 108, "y": 49}, {"u": "https://preview.redd.it/dno6qpl1dtea1.jpg?width=216&amp;crop=smart&amp;auto=webp&amp;v=enabled&amp;s=ba0b5a8474e752f111cfb9cdfbcec14b3b0ec66a", "x": 216, "y": 99}, {"u": "https://preview.redd.it/dno6qpl1dtea1.jpg?width=320&amp;crop=smart&amp;auto=webp&amp;v=enabled&amp;s=51e921445a74ecf5bdca12834896f94e562858f2", "x": 320, "y": 147}, {"u": "https://preview.redd.it/dno6qpl1dtea1.jpg?width=640&amp;crop=smart&amp;auto=webp&amp;v=enabled&amp;s=05768557150a3678bc4de967d373ec3957683212", "x": 640, "y": 295}, {"u": "https://preview.redd.it/dno6qpl1dtea1.jpg?width=960&amp;crop=smart&amp;auto=webp&amp;v=enabled&amp;s=65892f0a81f7e095e6e710dd05556fef3ea530f9", "x": 960, "y": 443}, {"u": "https://preview.redd.it/dno6qpl1dtea1.jpg?width=1080&amp;crop=smart&amp;auto=webp&amp;v=enabled&amp;s=a5e3a6b89e6b7289f5510f61e0849cb54527b449", "x": 1080, "y": 498}], "s": {"u": "https://preview.redd.it/dno6qpl1dtea1.jpg?width=2436&amp;format=pjpg&amp;auto=webp&amp;v=enabled&amp;s=7366d4cec325642b90424ad4f9e3028c0710c9b2", "x": 2436, "y": 1125}, "status": "valid"}, "e2yj7pl1dtea1": {"e": "Image", "id": "e2yj7pl1dtea1", "m": "image/jpg", "p": [{"u": "https://preview.redd.it/e2yj7pl1dtea1.jpg?width=108&amp;crop=smart&amp;auto=webp&amp;v=enabled&amp;s=a76cd710f18bbc1c8f512ca3db656a8e5c613618", "x": 108, "y": 49}, {"u": "https://preview.redd.it/e2yj7pl1dtea1.jpg?width=216&amp;crop=smart&amp;auto=webp&amp;v=enabled&amp;s=e71e6d36aba9431e6a920af4d2dbf77a95150107", "x": 216, "y": 99}, {"u": "https://preview.redd.it/e2yj7pl1dtea1.jpg?width=320&amp;crop=smart&amp;auto=webp&amp;v=enabled&amp;s=201087a16be59168f95c6d345810d20d7ae39a0c", "x": 320, "y": 147}, {"u": "https://preview.redd.it/e2yj7pl1dtea1.jpg?width=640&amp;crop=smart&amp;auto=webp&amp;v=enabled&amp;s=d5ea637bb696468fa7239b246a6a0e5bbf05c24d", "x": 640, "y": 295}, {"u": "https://preview.redd.it/e2yj7pl1dtea1.jpg?width=960&amp;crop=smart&amp;auto=webp&amp;v=enabled&amp;s=a2fd902cdbcb84fde90e0edb79b2f6b9ccbcfe0d", "x": 960, "y": 443}, {"u": "https://preview.redd.it/e2yj7pl1dtea1.jpg?width=1080&amp;crop=smart&amp;auto=webp&amp;v=enabled&amp;s=98aa45c4425acfe37111ccaf76da5d785bac5f46", "x": 1080, "y": 498}], "s": {"u": "https://preview.redd.it/e2yj7pl1dtea1.jpg?width=2436&amp;format=pjpg&amp;auto=webp&amp;v=enabled&amp;s=531643a3d5e5dd99956d9b0e86ba4888d9476318", "x": 2436, "y": 1125}, "status": "valid"}, "lk2zlol1dtea1": {"e": "Image", "id": "lk2zlol1dtea1", "m": "image/jpg", "p": [{"u": "https://preview.redd.it/lk2zlol1dtea1.jpg?width=108&amp;crop=smart&amp;auto=webp&amp;v=enabled&amp;s=c519444e83cf9dfd6f0bbefcb57c1679196b535b", "x": 108, "y": 49}, {"u": "https://preview.redd.it/lk2zlol1dtea1.jpg?width=216&amp;crop=smart&amp;auto=webp&amp;v=enabled&amp;s=2d5c252c87882401da25c10a2a1a53388ad02c61", "x": 216, "y": 99}, {"u": "https://preview.redd.it/lk2zlol1dtea1.jpg?width=320&amp;crop=smart&amp;auto=webp&amp;v=enabled&amp;s=9205869f399959e696f1a688d9ef344374d984c9", "x": 320, "y": 147}, {"u": "https://preview.redd.it/lk2zlol1dtea1.jpg?width=640&amp;crop=smart&amp;auto=webp&amp;v=enabled&amp;s=7b4b13eb04f70f55ff79688e9a09dc8cf97b1ffb", "x": 640, "y": 295}, {"u": "https://preview.redd.it/lk2zlol1dtea1.jpg?width=960&amp;crop=smart&amp;auto=webp&amp;v=enabled&amp;s=da2f2b59436609b58d2cf219b5142bd497a199ad", "x": 960, "y": 443}, {"u": "https://preview.redd.it/lk2zlol1dtea1.jpg?width=1080&amp;crop=smart&amp;auto=webp&amp;v=enabled&amp;s=bd4444b9a36f9846eb053d338a55ef7c4067443f", "x": 1080, "y": 498}], "s": {"u": "https://preview.redd.it/lk2zlol1dtea1.jpg?width=2436&amp;format=pjpg&amp;auto=webp&amp;v=enabled&amp;s=2301088031bc2c82a091bd4cca30768562f41c15", "x": 2436, "y": 1125}, "status": "valid"}, "nj5l66l1dtea1": {"e": "Image", "id": "nj5l66l1dtea1", "m": "image/jpg", "p": [{"u": "https://preview.redd.it/nj5l66l1dtea1.jpg?width=108&amp;crop=smart&amp;auto=webp&amp;v=enabled&amp;s=70aaa99ae0a53df1829209fe22ff723c4dc64dc2", "x": 108, "y": 49}, {"u": "https://preview.redd.it/nj5l66l1dtea1.jpg?width=216&amp;crop=smart&amp;auto=webp&amp;v=enabled&amp;s=5289f4cbd970d03bc6710f66bf119a120a0ca26f", "x": 216, "y": 99}, {"u": "https://preview.redd.it/nj5l66l1dtea1.jpg?width=320&amp;crop=smart&amp;auto=webp&amp;v=enabled&amp;s=65cff1ae2a79bb13ea88befa555dadb0b034d193", "x": 320, "y": 147}, {"u": "https://preview.redd.it/nj5l66l1dtea1.jpg?width=640&amp;crop=smart&amp;auto=webp&amp;v=enabled&amp;s=fc75edaadac975d13e5f09ba14d023006a9c26ee", "x": 640, "y": 295}, {"u": "https://preview.redd.it/nj5l66l1dtea1.jpg?width=960&amp;crop=smart&amp;auto=webp&amp;v=enabled&amp;s=d5dd860d24eee5d7ca9c8fb333a9995c9deeecb5", "x": 960, "y": 443}, {"u": "https://preview.redd.it/nj5l66l1dtea1.jpg?width=1080&amp;crop=smart&amp;auto=webp&amp;v=enabled&amp;s=917cb0a67673847fa2440ee4c86157e6ccb1b64a", "x": 1080, "y": 498}], "s": {"u": "https://preview.redd.it/nj5l66l1dtea1.jpg?width=2436&amp;format=pjpg&amp;auto=webp&amp;v=enabled&amp;s=44563278f3c2757cbfc6155f962284e74ac0d5cb", "x": 2436, "y": 1125}, "status": "valid"}, "tzhrmtl1dtea1": {"e": "Image", "id": "tzhrmtl1dtea1", "m": "image/jpg", "p": [{"u": "https://preview.redd.it/tzhrmtl1dtea1.jpg?width=108&amp;crop=smart&amp;auto=webp&amp;v=enabled&amp;s=a2dd89a8beedd83b8416c4d7a7cc24b3e772b17b", "x": 108, "y": 49}, {"u": "https://preview.redd.it/tzhrmtl1dtea1.jpg?width=216&amp;crop=smart&amp;auto=webp&amp;v=enabled&amp;s=596420ea69cb07679415eab62ff6c102812a941f", "x": 216, "y": 99}, {"u": "https://preview.redd.it/tzhrmtl1dtea1.jpg?width=320&amp;crop=smart&amp;auto=webp&amp;v=enabled&amp;s=12f9d2a3184ef5534f2cfd8d8e0ce75aa537d933", "x": 320, "y": 147}, {"u": "https://preview.redd.it/tzhrmtl1dtea1.jpg?width=640&amp;crop=smart&amp;auto=webp&amp;v=enabled&amp;s=2e51f92d47bf40a95927452289ae2dde783f19e5", "x": 640, "y": 295}, {"u": "https://preview.redd.it/tzhrmtl1dtea1.jpg?width=960&amp;crop=smart&amp;auto=webp&amp;v=enabled&amp;s=25ea55f7451ba0185c3ba5bd764dc2819b24fb3d", "x": 960, "y": 443}, {"u": "https://preview.redd.it/tzhrmtl1dtea1.jpg?width=1080&amp;crop=smart&amp;auto=webp&amp;v=enabled&amp;s=74f445b3a4c61f47919e8ea71b52cd38f7563ea7", "x": 1080, "y": 498}], "s": {"u": "https://preview.redd.it/tzhrmtl1dtea1.jpg?width=2436&amp;format=pjpg&amp;auto=webp&amp;v=enabled&amp;s=ac21e324a37566f27642219b7f2208d20bf8a7c6", "x": 2436, "y": 1125}, "status": "valid"}, "ureo6ol1dtea1": {"e": "Image", "id": "ureo6ol1dtea1", "m": "image/jpg", "p": [{"u": "https://preview.redd.it/ureo6ol1dtea1.jpg?width=108&amp;crop=smart&amp;auto=webp&amp;v=enabled&amp;s=5cdcbd6c4d5a8a166dc7e959bc0f3f34c55c9a1a", "x": 108, "y": 49}, {"u": "https://preview.redd.it/ureo6ol1dtea1.jpg?width=216&amp;crop=smart&amp;auto=webp&amp;v=enabled&amp;s=2c6dc593da473c80f7d14d338db0fa7083bbd70a", "x": 216, "y": 99}, {"u": "https://preview.redd.it/ureo6ol1dtea1.jpg?width=320&amp;crop=smart&amp;auto=webp&amp;v=enabled&amp;s=27b0296777ce74754fe06e8255cc0cde99e2131a", "x": 320, "y": 147}, {"u": "https://preview.redd.it/ureo6ol1dtea1.jpg?width=640&amp;crop=smart&amp;auto=webp&amp;v=enabled&amp;s=77af632a1f6646f3be6eef58112b5d8621d487bd", "x": 640, "y": 295}, {"u": "https://preview.redd.it/ureo6ol1dtea1.jpg?width=960&amp;crop=smart&amp;auto=webp&amp;v=enabled&amp;s=1a9d7b122b5eab0b639eb571ae0d892e2d86c391", "x": 960, "y": 443}, {"u": "https://preview.redd.it/ureo6ol1dtea1.jpg?width=1080&amp;crop=smart&amp;auto=webp&amp;v=enabled&amp;s=0c7ade1df438c1f06c708aca2369b484eeeb0235", "x": 1080, "y": 498}], "s": {"u": "https://preview.redd.it/ureo6ol1dtea1.jpg?width=2436&amp;format=pjpg&amp;auto=webp&amp;v=enabled&amp;s=64b682db48daf97582c72129a865ef8a557235df", "x": 2436, "y": 1125}, "status": "valid"}, "z5ddzol1dtea1": {"e": "Image", "id": "z5ddzol1dtea1", "m": "image/jpg", "p": [{"u": "https://preview.redd.it/z5ddzol1dtea1.jpg?width=108&amp;crop=smart&amp;auto=webp&amp;v=enabled&amp;s=3319980c567541bf64ff5fe63b9e4de5428ff5dd", "x": 108, "y": 49}, {"u": "https://preview.redd.it/z5ddzol1dtea1.jpg?width=216&amp;crop=smart&amp;auto=webp&amp;v=enabled&amp;s=2b87f071854b1e81e37385109d8110c5fe8abd25", "x": 216, "y": 99}, {"u": "https://preview.redd.it/z5ddzol1dtea1.jpg?width=320&amp;crop=smart&amp;auto=webp&amp;v=enabled&amp;s=cfd2633e7ef8918946564651909a83330980f096", "x": 320, "y": 147}, {"u": "https://preview.redd.it/z5ddzol1dtea1.jpg?width=640&amp;crop=smart&amp;auto=webp&amp;v=enabled&amp;s=c119aa2717a7e1a74a4a001c00a70fbf3b8f4f7a", "x": 640, "y": 295}, {"u": "https://preview.redd.it/z5ddzol1dtea1.jpg?width=960&amp;crop=smart&amp;auto=webp&amp;v=enabled&amp;s=f428c90a609ac7ce28096c3d23d27cf508b12058", "x": 960, "y": 443}, {"u": "https://preview.redd.it/z5ddzol1dtea1.jpg?width=1080&amp;crop=smart&amp;auto=webp&amp;v=enabled&amp;s=7deb5d2bf42c281d5e9ea9d5f78f99486197cba7", "x": 1080, "y": 498}], "s": {"u": "https://preview.redd.it/z5ddzol1dtea1.jpg?width=2436&amp;format=pjpg&amp;auto=webp&amp;v=enabled&amp;s=1f8ece59c619688805384df537cdd0406841e1d4", "x": 2436, "y": 1125}, "status": "valid"}, "zvicdpl1dtea1": {"e": "Image", "id": "zvicdpl1dtea1", "m": "image/jpg", "p": [{"u": "https://preview.redd.it/zvicdpl1dtea1.jpg?width=108&amp;crop=smart&amp;auto=webp&amp;v=enabled&amp;s=0d3b846b0a287ad473f847c2127e447909635acd", "x": 108, "y": 49}, {"u": "https://preview.redd.it/zvicdpl1dtea1.jpg?width=216&amp;crop=smart&amp;auto=webp&amp;v=enabled&amp;s=0d5c20820ad4f4f0c5bd29074a67b0cefd4899b1", "x": 216, "y": 99}, {"u": "https://preview.redd.it/zvicdpl1dtea1.jpg?width=320&amp;crop=smart&amp;auto=webp&amp;v=enabled&amp;s=72cbd18fcaa7866096fd7a3a85c036674465fd02", "x": 320, "y": 147}, {"u": "https://preview.redd.it/zvicdpl1dtea1.jpg?width=640&amp;crop=smart&amp;auto=webp&amp;v=enabled&amp;s=d8e006ba6cf3bdf39618e1637ed50d1e2fb7c216", "x": 640, "y": 295}, {"u": "https://preview.redd.it/zvicdpl1dtea1.jpg?width=960&amp;crop=smart&amp;auto=webp&amp;v=enabled&amp;s=5d0bc390f89f2231ddee1cfaafff32ca8adc9fa3", "x": 960, "y": 443}, {"u": "https://preview.redd.it/zvicdpl1dtea1.jpg?width=1080&amp;crop=smart&amp;auto=webp&amp;v=enabled&amp;s=08e2eb7ea2c70aa3c3cad8ed710cbdca33c03349", "x": 1080, "y": 498}], "s": {"u": "https://preview.redd.it/zvicdpl1dtea1.jpg?width=2436&amp;format=pjpg&amp;auto=webp&amp;v=enabled&amp;s=787196f76ea4a971418d2002b6c69fe13bec268c", "x": 2436, "y": 1125}, "status": "valid"}}, "media_only": false, "mod_note": null, "mod_reason_by": null, "mod_reason_title": null, "mod_reports": [], "name": "t3_10njiut", "no_follow": false, "num_comments": 11, "num_crossposts": 2, "num_reports": null, "over_18": false, "parent_whitelist_status": null, "permalink": "/r/bbby_remastered/comments/10njiut/the_situation_part_x/", "pinned": false, "pwls": null, "quarantine": false, "removal_reason": null, "removed_by": null, "removed_by_category": null, "report_reasons": null, "saved": false, "score": 21, "secure_media": null, "secure_media_embed": {}, "selftext": "", "selftext_html": null, "send_replies": true, "spoiler": false, "stickied": false, "subreddit": "bbby_remastered", "subreddit_id": "t5_7tgjqd", "subreddit_name_prefixed": "r/bbby_remastered", "subreddit_subscribers": 656, "subreddit_type": "public", "suggested_sort": null, "thumbnail": "https://b.thumbs.redditmedia.com/njkPiM49ZBun5Y1Og-6Z44OxICDDcxiyFCR31Rhsm4Y.jpg", "thumbnail_height": 64, "thumbnail_width": 140, "title": "The Situation Part X", "top_awarded_type": null, "total_awards_received": 0, "treatment_tags": [], "ups": 21, "upvote_ratio": 0.97, "url": "https://www.reddit.com/gallery/10njiut", "url_overridden_by_dest": "https://www.reddit.com/gallery/10njiut", "user_reports": [], "view_count": null, "visited": false, "whitelist_status": null, "wls": null}], "discussion_type": null, "distinguished": null, "domain": "reddit.com", "edited": false, "gilded": 0, "gildings": {"gid_3": 1}, "hidden": false, "hide_score": false, "id": "10njods", "is_created_from_ads_ui": false, "is_crosspostable": true, "is_meta": false, "is_original_content": false, "is_reddit_media_domain": false, "is_robot_indexable": true, "is_self": false, "is_video": false, "link_flair_background_color": "", "link_flair_css_class": null, "link_flair_richtext": [], "link_flair_text": null, "link_flair_text_color": "dark", "link_flair_type": "text", "locked": false, "media": null, "media_embed": {}, "media_only": false, "name": "t3_10njods", "no_follow": false, "num_comments": 7, "num_crossposts": 0, "over_18": false, "parent_whitelist_status": null, "permalink": "/r/ThePPShow/comments/10njods/the_situation_part_x/", "pinned": false, "pwls": null, "quarantine": false, "removed_by": null, "removed_by_category": null, "retrieved_on": 1676226910, "score": 8, "secure_media": null, "secure_media_embed": {}, "selftext": "", "send_replies": false, "spoiler": false, "stickied": false, "subreddit": "ThePPShow", "subreddit_id": "t5_7q5o7y", "subreddit_name_prefixed": "r/ThePPShow", "subreddit_subscribers": 327, "subreddit_type": "public", "suggested_sort": null, "thumbnail": "https://b.thumbs.redditmedia.com/njkPiM49ZBun5Y1Og-6Z44OxICDDcxiyFCR31Rhsm4Y.jpg", "thumbnail_height": 64, "thumbnail_width": 140, "title": "The Situation Part X", "top_awarded_type": null, "total_awards_received": 1, "treatment_tags": [], "upvote_ratio": 1.0, "url": "https://www.reddit.com/gallery/10njiut", "url_overridden_by_dest": "https://www.reddit.com/gallery/10njiut", "view_count": null, "whitelist_status": null, "wls": null}, {"all_awardings": [], "allow_live_comments": false, "archived": false, "author": "ppseeds", "author_created_utc": 1518222553, "author_flair_background_color": null, "author_flair_css_class": null, "author_flair_richtext": [], "author_flair_template_id": null, "author_flair_text": null, "author_flair_text_color": null, "author_flair_type": "text", "author_fullname": "t2_w7v9rg0", "author_patreon_flair": false, "author_premium": true, "awarders": [], "banned_by": null, "can_gild": true, "can_mod_post": false, "category": null, "content_categories": null, "contest_mode": false, "created_utc": 1674872860, "discussion_type": null, "distinguished": null, "domain": "youtube.com", "edited": false, "gilded": 0, "gildings": {}, "hidden": false, "hide_score": false, "id": "10n3o9n", "is_created_from_ads_ui": false, "is_crosspostable": false, "is_meta": false, "is_original_content": false, "is_reddit_media_domain": false, "is_robot_indexable": false, "is_self": false, "is_video": false, "link_flair_background_color": "#ffd635", "link_flair_css_class": "", "link_flair_richtext": [], "link_flair_template_id": "cf8e4b00-8f0a-11ed-bcf5-ea5ecab695a0", "link_flair_text": "Stream Live Chat", "link_flair_text_color": "dark", "link_flair_type": "text", "locked": false, "media": {"oembed": {"author_name": "ThePPshow", "author_url": "https://www.youtube.com/@ThePPshow", "height": 200, "html": "&lt;iframe width=\"356\" height=\"200\" src=\"https://www.youtube.com/embed/xHR2AComSsM?feature=oembed&amp;enablejsapi=1\" frameborder=\"0\" allow=\"accelerometer; autoplay; clipboard-write; encrypted-media; gyroscope; picture-in-picture; web-share\" allowfullscreen title=\"ThePPShow BBBY Livestream\"&gt;&lt;/iframe&gt;", "provider_name": "YouTube", "provider_url": "https://www.youtube.com/", "thumbnail_height": 360, "thumbnail_url": "https://i.ytimg.com/vi/xHR2AComSsM/hqdefault.jpg", "thumbnail_width": 480, "title": "ThePPShow BBBY Livestream", "type": "video", "version": "1.0", "width": 356}, "type": "youtube.com"}, "media_embed": {"content": "&lt;iframe width=\"356\" height=\"200\" src=\"https://www.youtube.com/embed/xHR2AComSsM?feature=oembed&amp;enablejsapi=1\" frameborder=\"0\" allow=\"accelerometer; autoplay; clipboard-write; encrypted-media; gyroscope; picture-in-picture; web-share\" allowfullscreen title=\"ThePPShow BBBY Livestream\"&gt;&lt;/iframe&gt;", "height": 200, "scrolling": false, "width": 356}, "media_only": false, "name": "t3_10n3o9n", "no_follow": true, "num_comments": 0, "num_crossposts": 0, "over_18": false, "parent_whitelist_status": null, "permalink": "/r/ThePPShow/comments/10n3o9n/stream_is_starting_shortly_come_hang_out_lets/", "pinned": false, "pwls": null, "quarantine": false, "removed_by": null, "removed_by_category": "author", "retrieved_on": 1676227388, "score": 7, "secure_media": {"oembed": {"author_name": "ThePPshow", "author_url": "https://www.youtube.com/@ThePPshow", "height": 200, "html": "&lt;iframe width=\"356\" height=\"200\" src=\"https://www.youtube.com/embed/xHR2AComSsM?feature=oembed&amp;enablejsapi=1\" frameborder=\"0\" allow=\"accelerometer; autoplay; clipboard-write; encrypted-media; gyroscope; picture-in-picture; web-share\" allowfullscreen title=\"ThePPShow BBBY Livestream\"&gt;&lt;/iframe&gt;", "provider_name": "YouTube", "provider_url": "https://www.youtube.com/", "thumbnail_height": 360, "thumbnail_url": "https://i.ytimg.com/vi/xHR2AComSsM/hqdefault.jpg", "thumbnail_width": 480, "title": "ThePPShow BBBY Livestream", "type": "video", "version": "1.0", "width": 356}, "type": "youtube.com"}, "secure_media_embed": {"content": "&lt;iframe width=\"356\" height=\"200\" src=\"https://www.youtube.com/embed/xHR2AComSsM?feature=oembed&amp;enablejsapi=1\" frameborder=\"0\" allow=\"accelerometer; autoplay; clipboard-write; encrypted-media; gyroscope; picture-in-picture; web-share\" allowfullscreen title=\"ThePPShow BBBY Livestream\"&gt;&lt;/iframe&gt;", "height": 200, "media_domain_url": "https://www.redditmedia.com/mediaembed/10n3o9n", "scrolling": false, "width": 356}, "selftext": "", "send_replies": true, "spoiler": false, "stickied": false, "subreddit": "ThePPShow", "subreddit_id": "t5_7q5o7y", "subreddit_name_prefixed": "r/ThePPShow", "subreddit_subscribers": 327, "subreddit_type": "public", "suggested_sort": null, "thumbnail": "default", "thumbnail_height": 105, "thumbnail_width": 140, "title": "Stream is starting shortly! Come hang out lets talk our fav stocks!!", "top_awarded_type": null, "total_awards_received": 0, "treatment_tags": [], "upvote_ratio": 1.0, "url": "https://www.youtube.com/watch?v=xHR2AComSsM", "url_overridden_by_dest": "https://www.youtube.com/watch?v=xHR2AComSsM", "view_count": null, "whitelist_status": null, "wls": null}, {"all_awardings": [], "allow_live_comments": false, "archived": false, "author": "moonshot_69", "author_created_utc": 1662328354, "author_flair_background_color": null, "author_flair_css_class": null, "author_flair_richtext": [], "author_flair_template_id": null, "author_flair_text": null, "author_flair_text_color": null, "author_flair_type": "text", "author_fullname": "t2_rpv9h1mq", "author_patreon_flair": false, "author_premium": true, "awarders": [], "banned_by": null, "can_gild": true, "can_mod_post": false, "category": null, "content_categories": null, "contest_mode": false, "created_utc": 1674872444, "discussion_type": null, "distinguished": null, "domain": "i.redd.it", "edited": false, "gilded": 0, "gildings": {}, "hidden": false, "hide_score": false, "id": "10n3ix3", "is_created_from_ads_ui": false, "is_crosspostable": true, "is_meta": false, "is_original_content": false, "is_reddit_media_domain": true, "is_robot_indexable": true, "is_self": false, "is_video": false, "link_flair_background_color": "", "link_flair_css_class": null, "link_flair_richtext": [], "link_flair_text": null, "link_flair_text_color": "dark", "link_flair_type": "text", "locked": false, "media": null, "media_embed": {}, "media_only": false, "name": "t3_10n3ix3", "no_follow": false, "num_comments": 1, "num_crossposts": 0, "over_18": false, "parent_whitelist_status": null, "permalink": "/r/ThePPShow/comments/10n3ix3/well_to_be_fair_i_am_regarded_thanks_for_laugh_pp/", "pinned": false, "post_hint": "image", "preview": {"enabled": true, "images": [{"id": "CcnszILheiTgEVgzzyEBFvA08UKlYcc6eCLsFeJGll4", "resolutions": [{"height": 216, "url": "https://preview.redd.it/8x1vkroljqea1.jpg?width=108&amp;crop=smart&amp;auto=webp&amp;v=enabled&amp;s=27685b7ac9fdb464af56eb49d5fe7fa0866ced65", "width": 108}, {"height": 432, "url": "https://preview.redd.it/8x1vkroljqea1.jpg?width=216&amp;crop=smart&amp;auto=webp&amp;v=enabled&amp;s=56f53795a2885bfc817a784cbde291ce3c4962da", "width": 216}, {"height": 640, "url": "https://preview.redd.it/8x1vkroljqea1.jpg?width=320&amp;crop=smart&amp;auto=webp&amp;v=enabled&amp;s=96f76adf81f8d1b6001def4cfccf610f410a0cea", "width": 320}, {"height": 1280, "url": "https://preview.redd.it/8x1vkroljqea1.jpg?width=640&amp;crop=smart&amp;auto=webp&amp;v=enabled&amp;s=0e4f5f8678f90d28ee38e7cc6a16016c0433c2db", "width": 640}, {"height": 1920, "url": "https://preview.redd.it/8x1vkroljqea1.jpg?width=960&amp;crop=smart&amp;auto=webp&amp;v=enabled&amp;s=ed642e2185d8e704d5f92011a3eeb5bef6ef863a", "width": 960}, {"height": 2160, "url": "https://preview.redd.it/8x1vkroljqea1.jpg?width=1080&amp;crop=smart&amp;auto=webp&amp;v=enabled&amp;s=92290aec7976b1c217bd4d69431f71729e17a15d", "width": 1080}], "source": {"height": 2436, "url": "https://preview.redd.it/8x1vkroljqea1.jpg?auto=webp&amp;v=enabled&amp;s=45ed273cf72a19ebfd53a56a2582f1a5104ab9f0", "width": 1125}, "variants": {}}]}, "pwls": null, "quarantine": false, "removed_by": null, "removed_by_category": null, "retrieved_on": 1676227391, "score": 4, "secure_media": null, "secure_media_embed": {}, "selftext": "", "send_replies": true, "spoiler": false, "stickied": false, "subreddit": "ThePPShow", "subreddit_id": "t5_7q5o7y", "subreddit_name_prefixed": "r/ThePPShow", "subreddit_subscribers": 327, "subreddit_type": "public", "suggested_sort": null, "thumbnail": "https://b.thumbs.redditmedia.com/yIabs65iUqFBHTABa_wS5x4hwF_7n32RWyW_WdTH72A.jpg", "thumbnail_height": 140, "thumbnail_width": 140, "title": "Well to be fair I am regarded, thanks for laugh pp", "top_awarded_type": null, "total_awards_received": 0, "treatment_tags": [], "upvote_ratio": 0.75, "url": "https://i.redd.it/8x1vkroljqea1.jpg", "url_overridden_by_dest": "https://i.redd.it/8x1vkroljqea1.jpg", "view_count": null, "whitelist_status": null, "wls": null}], "metadata": {"op_a": 54, "op_b": 50, "total": 104}, "error": null}