{"data": [{"all_awardings": [], "allow_live_comments": false, "archived": false, "author": "ppseeds", "author_created_utc": 1518222553, "author_flair_background_color": null, "author_flair_css_class": null, "author_flair_richtext": [], "author_flair_template_id": null, "author_flair_text": null, "author_flair_text_color": null, "author_flair_type": "text", "author_fullname": "t2_w7v9rg0", "author_patreon_flair": false, "author_premium": true, "awarders": [], "banned_by": null, "can_gild": true, "can_mod_post": false, "category": null, "content_categories": null, "contest_mode": false, "created_utc": 1675207841, "discussion_type": null, "distinguished": null, "domain": "i.redd.it", "edited": false, "gilded": 0, "gildings": {}, "hidden": false, "hide_score": false, "id": "10qe1x5", "is_created_from_ads_ui": false, "is_crosspostable": false, "is_meta": false, "is_original_content": false, "is_reddit_media_domain": true, "is_robot_indexable": false, "is_self": false, "is_video": false, "link_flair_background_color": "#ffd635", "link_flair_css_class": "", "link_flair_richtext": [], "link_flair_template_id": "b389bcaa-8f0a-11ed-9b6e-1e9f599434b1", "link_flair_text": "Stream announcement ", "link_flair_text_color": "dark", "link_flair_type": "text", "locked": false, "media": null, "media_embed": {}, "media_only": false, "name": "t3_10qe1x5", "no_follow": true, "num_comments": 28, "num_crossposts": 0, "over_18": false, "parent_whitelist_status": null, "permalink": "/r/ThePPShow/comments/10qe1x5/will_he_take_the_bait/", "pinned": false, "pwls": null, "quarantine": false, "removed_by": null, "removed_by_category": "author", "retrieved_on": 1676223829, "score": 31, "secure_media": null, "secure_media_embed": {}, "selftext": "", "send_replies": true, "spoiler": false, "stickied": false, "subreddit": "ThePPShow", "subreddit_id": "t5_7q5o7y", "subreddit_name_prefixed": "r/ThePPShow", "subreddit_subscribers": 327, "subreddit_type": "public", "suggested_sort": null, "thumbnail": "default", "thumbnail_height": 140, "thumbnail_width": 140, "title": "Will he take the bait?", "top_awarded_type": null, "total_awards_received": 0, "treatment_tags": [], "upvote_ratio": 0.89, "url": "https://i.redd.it/ao452nrz8ifa1.jpg", "url_overridden_by_dest": "https://i.redd.it/ao452nrz8ifa1.jpg", "view_count": null, "whitelist_status": null, "wls": null}, {"all_awardings": [], "allow_live_comments": false, "archived": false, "author": "TayneTheBetaSequence", "author_created_utc": 1548451516, "author_flair_background_color": null, "author_flair_css_class": null, "author_flair_richtext": [], "author_flair_template_id": null, "author_flair_text": null, "author_flair_text_color": null, "author_flair_type": "text", "author_fullname": "t2_2thg63s7", "author_patreon_flair": false, "author_premium": true, "awarders": [], "banned_by": null, "can_gild": true, "can_mod_post": false, "category": null, "content_categories": null, "contest_mode": false, "created_utc": 1675203013, "discussion_type": null, "distinguished": null, "domain": "i.redd.it", "edited": false, "gilded": 0, "gildings": {}, "hidden": false, "hide_score": false, "id": "10qc3l0", "is_created_from_ads_ui": false, "is_crosspostable": false, "is_meta": false, "is_original_content": false, "is_reddit_media_domain": true, "is_robot_indexable": false, "is_self": false, "is_video": false, "link_flair_background_color": "", "link_flair_css_class": null, "link_flair_richtext": [], "link_flair_text": null, "link_flair_text_color": "dark", "link_flair_type": "text", "locked": false, "media": null, "media_embed": {}, "media_only": false, "name": "t3_10qc3l0", "no_follow": true, "num_comments": 15, "num_crossposts": 0, "over_18": false, "parent_whitelist_status": null, "permalink": "/r/ThePPShow/comments/10qc3l0/poolboy_responded_to_me_bbby_wont_let_me_post_it/", "pinned": false, "pwls": null, "quarantine": false, "removed_by": null, "removed_by_category": "moderator", "retrieved_on": 1676223891, "score": 29, "secure_media": null, "secure_media_embed": {}, "selftext": "[removed]", "send_replies": true, "spoiler": false, "stickied": false, "subreddit": "ThePPShow", "subreddit_id": "t5_7q5o7y", "subreddit_name_prefixed": "r/ThePPShow", "subreddit_subscribers": 327, "subreddit_type": "public", "suggested_sort": null, "thumbnail": "default", "thumbnail_height": 140, "thumbnail_width": 140, "title": "Poolboy responded to me! BBBY won't let me post it.", "top_awarded_type": null, "total_awards_received": 0, "treatment_tags": [], "upvote_ratio": 1.0, "url": "https://i.redd.it/ozb9yoymuhfa1.jpg", "url_overridden_by_dest": "https://i.redd.it/ozb9yoymuhfa1.jpg", "view_count": null, "whitelist_status": null, "wls": null}, {"all_awardings": [], "allow_live_comments": false, "archived": false, "author": "BeWaryOfCrab", "author_created_utc": 1673543512, "author_flair_background_color": null, "author_flair_css_class": null, "author_flair_richtext": [], "author_flair_template_id": null, "author_flair_text": null, "author_flair_text_color": null, "author_flair_type": "text", "author_fullname": "t2_u3j9h4pd", "author_patreon_flair": false, "author_premium": false, "awarders": [], "banned_by": null, "can_gild": true, "can_mod_post": false, "category": null, "content_categories": null, "contest_mode": false, "created_utc": 1675200099, "discussion_type": null, "distinguished": null, "domain": "self.ThePPShow", "edited": false, "gilded": 0, "gildings": {}, "hidden": false, "hide_score": false, "id": "10qavn2", "is_created_from_ads_ui": false, "is_crosspostable": true, "is_meta": false, "is_original_content": false, "is_reddit_media_domain": false, "is_robot_indexable": true, "is_self": true, "is_video": false, "link_flair_background_color": "", "link_flair_css_class": null, "link_flair_richtext": [], "link_flair_text": null, "link_flair_text_color": "dark", "link_flair_type": "text", "locked": false, "media": null, "media_embed": {}, "media_metadata": {"wbwcof544gfa1": {"e": "AnimatedImage", "id": "wbwcof544gfa1", "m": "image/gif", "p": [{"u": "https://preview.redd.it/wbwcof544gfa1.gif?width=108&amp;crop=smart&amp;format=png8&amp;v=enabled&amp;s=1f07783fb57a6796fab565126661fdd1d6636d81", "x": 108, "y": 55}, {"u": "https://preview.redd.it/wbwcof544gfa1.gif?width=216&amp;crop=smart&amp;format=png8&amp;v=enabled&amp;s=cb985511f1e0b37549f9c910e1994d13d2ba4553", "x": 216, "y": 110}, {"u": "https://preview.redd.it/wbwcof544gfa1.gif?width=320&amp;crop=smart&amp;format=png8&amp;v=enabled&amp;s=d68abab548bf01d16177b2bd73f286095a8ad825", "x": 320, "y": 164}, {"u": "https://preview.redd.it/wbwcof544gfa1.gif?width=640&amp;crop=smart&amp;format=png8&amp;v=enabled&amp;s=c9de22189a663200507b409dbbac853c532b444e", "x": 640, "y": 328}, {"u": "https://preview.redd.it/wbwcof544gfa1.gif?width=960&amp;crop=smart&amp;format=png8&amp;v=enabled&amp;s=6181f6e12ae1e45294118ac7d03c84014d30be59", "x": 960, "y": 492}, {"u": "https://preview.redd.it/wbwcof544gfa1.gif?width=1080&amp;crop=smart&amp;format=png8&amp;v=enabled&amp;s=be8d7899a855bc6dfa4986def8720bb280deb0fb", "x": 1080, "y": 553}], "s": {"gif": "https://i.redd.it/wbwcof544gfa1.gif", "mp4": "https://preview.redd.it/wbwcof544gfa1.gif?format=mp4&amp;v=enabled&amp;s=f3383875a22b35df72b02e9009465c637d70b1eb", "x": 2277, "y": 1167}, "status": "valid"}}, "media_only": false, "name": "t3_10qavn2", "no_follow": false, "num_comments": 1, "num_crossposts": 0, "over_18": false, "parent_whitelist_status": null, "permalink": "/r/ThePPShow/comments/10qavn2/monthly_candle_spinning_top/", "pinned": false, "pwls": null, "quarantine": false, "removed_by": null, "removed_by_category": null, "retrieved_on": 1676223930, "score": 4, "secure_media": null, "secure_media_embed": {}, "selftext": "Can any one with TA experience say if, after a full month of non stop FUD attacks and three huge dips, we close with this candle that it is a bullish sign?\n\nhttps://i.redd.it/wbwcof544gfa1.gif", "send_replies": true, "spoiler": false, "stickied": false, "subreddit": "ThePPShow", "subreddit_id": "t5_7q5o7y", "subreddit_name_prefixed": "r/ThePPShow", "subreddit_subscribers": 327, "subreddit_type": "public", "suggested_sort": null, "thumbnail": "https://b.thumbs.redditmedia.com/NRKHBCbApRKINPdl29qFRSF3o7SE-W3IKw00kgDbbzY.jpg", "thumbnail_height": 71, "thumbnail_width": 140, "title": "Monthly candle , spinning top ?", "top_awarded_type": null, "total_awards_received": 0, "treatment_tags": [], "upvote_ratio": 1.0, "url": "https://www.reddit.com/r/ThePPShow/comments/10qavn2/monthly_candle_spinning_top/", "view_count": null, "whitelist_status": null, "wls": null}, {"all_awardings": [], "allow_live_comments": false, "archived": false, "author": "moonshot_69", "author_created_utc": 1662328354, "author_flair_background_color": null, "author_flair_css_class": null, "author_flair_richtext": [], "author_flair_template_id": null, "author_flair_text": null, "author_flair_text_color": null, "author_flair_type": "text", "author_fullname": "t2_rpv9h1mq", "author_patreon_flair": false, "author_premium": true, "awarders": [], "banned_by": null, "can_gild": true, "can_mod_post": false, "category": null, "content_categories": null, "contest_mode": false, "created_utc": 1675178219, "crosspost_parent": "t3_10pzt8q", "crosspost_parent_list": [{"all_awardings": [{"award_sub_type": "GLOBAL", "award_type": "global", "awardings_required_to_grant_benefits": null, "coin_price": 1800, "coin_reward": 0, "count": 1, "days_of_drip_extension": 31, "days_of_premium": 31, "description": "Gives 700 Reddit Coins and a month of r/lounge access and ad-free browsing.", "end_date": null, "giver_coin_reward": null, "icon_format": null, "icon_height": 512, "icon_url": "https://www.redditstatic.com/gold/awards/icon/platinum_512.png", "icon_width": 512, "id": "gid_3", "is_enabled": true, "is_new": false, "name": "Platinum", "penny_donate": null, "penny_price": null, "resized_icons": [{"height": 16, "url": "https://www.redditstatic.com/gold/awards/icon/platinum_16.png", "width": 16}, {"height": 32, "url": "https://www.redditstatic.com/gold/awards/icon/platinum_32.png", "width": 32}, {"height": 48, "url": "https://www.redditstatic.com/gold/awards/icon/platinum_48.png", "width": 48}, {"height": 64, "url": "https://www.redditstatic.com/gold/awards/icon/platinum_64.png", "width": 64}, {"height": 128, "url": "https://www.redditstatic.com/gold/awards/icon/platinum_128.png", "width": 128}], "resized_static_icons": [{"height": 16, "url": "https://www.redditstatic.com/gold/awards/icon/platinum_16.png", "width": 16}, {"height": 32, "url": "https://www.redditstatic.com/gold/awards/icon/platinum_32.png", "width": 32}, {"height": 48, "url": "https://www.redditstatic.com/gold/awards/icon/platinum_48.png", "width": 48}, {"height": 64, "url": "https://www.redditstatic.com/gold/awards/icon/platinum_64.png", "width": 64}, {"height": 128, "url": "https://www.redditstatic.com/gold/awards/icon/platinum_128.png", "width": 128}], "start_date": null, "static_icon_height": 512, "static_icon_url": "https://www.redditstatic.com/gold/awards/icon/platinum_512.png", "static_icon_width": 512, "sticky_duration_seconds": null, "subreddit_coin_reward": 0, "subreddit_id": null, "tiers_by_required_awardings": null}, {"award_sub_type": "PREMIUM", "award_type": "global", "awardings_required_to_grant_benefits": null, "coin_price": 30, "coin_reward": 0, "count": 3, "days_of_drip_extension": null, "days_of_premium": null, "description": "A glowing commendation for all to see", "end_date": null, "giver_coin_reward": null, "icon_format": "APNG", "icon_height": 2048, "icon_url": "https://www.redditstatic.com/gold/awards/icon/Illuminati_512.png", "icon_width": 2048, "id": "award_b4ff447e-05a5-42dc-9002-63568807cfe6", "is_enabled": true, "is_new": false, "name": "All-Seeing Upvote", "penny_donate": null, "penny_price": null, "resized_icons": [{"height": 16, "url": "https://www.redditstatic.com/gold/awards/icon/Illuminati_16.png", "width": 16}, {"height": 32, "url": "https://www.redditstatic.com/gold/awards/icon/Illuminati_32.png", "width": 32}, {"height": 48, "url": "https://www.redditstatic.com/gold/awards/icon/Illuminati_48.png", "width": 48}, {"height": 64, "url": "https://www.redditstatic.com/gold/awards/icon/Illuminati_64.png", "width": 64}, {"height": 128, "url": "https://www.redditstatic.com/gold/awards/icon/Illuminati_128.png", "width": 128}], "resized_static_icons": [{"height": 16, "url": "https://preview.redd.it/award_images/t5_q0gj4/am40b8b08l581_All-SeeingUpvote2.png?width=16&amp;height=16&amp;auto=webp&amp;v=enabled&amp;s=25880d00e4283ff6a3851b64c83fea465c3fac48", "width": 16}, {"height": 32, "url": "https://preview.redd.it/award_images/t5_q0gj4/am40b8b08l581_All-SeeingUpvote2.png?width=32&amp;height=32&amp;auto=webp&amp;v=enabled&amp;s=67fae0c2af26488b9d70cb7afe877086707cf1d1", "width": 32}, {"height": 48, "url": "https://preview.redd.it/award_images/t5_q0gj4/am40b8b08l581_All-SeeingUpvote2.png?width=48&amp;height=48&amp;auto=webp&amp;v=enabled&amp;s=3033c6583809a27b998883b7c56c158102cb0420", "width": 48}, {"height": 64, "url": "https://preview.redd.it/award_images/t5_q0gj4/am40b8b08l581_All-SeeingUpvote2.png?width=64&amp;height=64&amp;auto=webp&amp;v=enabled&amp;s=cccb48d7518eaba72894a7ac4214bb70c7120793", "width": 64}, {"height": 128, "url": "https://preview.redd.it/award_images/t5_q0gj4/am40b8b08l581_All-SeeingUpvote2.png?width=128&amp;height=128&amp;auto=webp&amp;v=enabled&amp;s=4101e0eff424bbd818195853387db358bec74ed0", "width": 128}], "start_date": null, "static_icon_height": 2048, "static_icon_url": "https://i.redd.it/award_images/t5_q0gj4/am40b8b08l581_All-SeeingUpvote2.png", "static_icon_width": 2048, "sticky_duration_seconds": null, "subreddit_coin_reward": 0, "subreddit_id": null, "tiers_by_required_awardings": null}, {"award_sub_type": "GLOBAL", "award_type": "global", "awardings_required_to_grant_benefits": null, "coin_price": 50, "coin_reward": 0, "count": 1, "days_of_drip_extension": null, "days_of_premium": null, "description": "I'm in this with you.", "end_date": null, "giver_coin_reward": null, "icon_format": "PNG", "icon_height": 2048, "icon_url": "https://i.redd.it/award_images/t5_q0gj4/p4yzxkaed5f61_oldtakemyenergy.png", "icon_width": 2048, "id": "award_02d9ab2c-162e-4c01-8438-317a016ed3d9", "is_enabled": true, "is_new": false, "name": "Take My Energy", "penny_donate": null, "penny_price": 0, "resized_icons": [{"height": 16, "url": "https://preview.redd.it/award_images/t5_q0gj4/p4yzxkaed5f61_oldtakemyenergy.png?width=16&amp;height=16&amp;auto=webp&amp;v=enabled&amp;s=32add54efce28cc8ce035c5e2bc89a27286a815e", "width": 16}, {"height": 32, "url": "https://preview.redd.it/award_images/t5_q0gj4/p4yzxkaed5f61_oldtakemyenergy.png?width=32&amp;height=32&amp;auto=webp&amp;v=enabled&amp;s=dfb00ece05340570177df7cfa1af6d2737c0910b", "width": 32}, {"height": 48, "url": "https://preview.redd.it/award_images/t5_q0gj4/p4yzxkaed5f61_oldtakemyenergy.png?width=48&amp;height=48&amp;auto=webp&amp;v=enabled&amp;s=e8b0b87b868f6cd6313e2c90975dac636e4a0412", "width": 48}, {"height": 64, "url": "https://preview.redd.it/award_images/t5_q0gj4/p4yzxkaed5f61_oldtakemyenergy.png?width=64&amp;height=64&amp;auto=webp&amp;v=enabled&amp;s=2a3ad7ec2ccc57b6c65b17e2b57647a81f335039", "width": 64}, {"height": 128, "url": "https://preview.redd.it/award_images/t5_q0gj4/p4yzxkaed5f61_oldtakemyenergy.png?width=128&amp;height=128&amp;auto=webp&amp;v=enabled&amp;s=d4a8ca64b391e8b057408067d77f503752c29b7e", "width": 128}], "resized_static_icons": [{"height": 16, "url": "https://preview.redd.it/award_images/t5_q0gj4/jtw7x06j68361_TakeMyEnergyElf.png?width=16&amp;height=16&amp;auto=webp&amp;v=enabled&amp;s=4efb20a46b5cee58042da74830ee914d1547236c", "width": 16}, {"height": 32, "url": "https://preview.redd.it/award_images/t5_q0gj4/jtw7x06j68361_TakeMyEnergyElf.png?width=32&amp;height=32&amp;auto=webp&amp;v=enabled&amp;s=83e8bea70baef2140842017e967f163a9f530a9d", "width": 32}, {"height": 48, "url": "https://preview.redd.it/award_images/t5_q0gj4/jtw7x06j68361_TakeMyEnergyElf.png?width=48&amp;height=48&amp;auto=webp&amp;v=enabled&amp;s=14fb29ce140b35a21a7cc7ee1c4d212ce0b1179d", "width": 48}, {"height": 64, "url": "https://preview.redd.it/award_images/t5_q0gj4/jtw7x06j68361_TakeMyEnergyElf.png?width=64&amp;height=64&amp;auto=webp&amp;v=enabled&amp;s=533b05085677b48f15004bd7f9ff19ec5b29099f", "width": 64}, {"height": 128, "url": "https://preview.redd.it/award_images/t5_q0gj4/jtw7x06j68361_TakeMyEnergyElf.png?width=128&amp;height=128&amp;auto=webp&amp;v=enabled&amp;s=6f767b3c289e5cb2a733b24da5f4c46d9c079bc7", "width": 128}], "start_date": null, "static_icon_height": 2048, "static_icon_url": "https://i.redd.it/award_images/t5_q0gj4/jtw7x06j68361_TakeMyEnergyElf.png", "static_icon_width": 2048, "sticky_duration_seconds": null, "subreddit_coin_reward": 0, "subreddit_id": null, "tiers_by_required_awardings": null}, {"award_sub_type": "PREMIUM", "award_type": "global", "awardings_required_to_grant_benefits": null, "coin_price": 20, "coin_reward": 0, "count": 1, "days_of_drip_extension": null, "days_of_premium": null, "description": "Can't stop seeing stars", "end_date": null, "giver_coin_reward": null, "icon_format": "APNG", "icon_height": 512, "icon_url": "https://www.redditstatic.com/gold/awards/icon/Starstruck_512.png", "icon_width": 512, "id": "award_abb865cf-620b-4219-8777-3658cf9091fb", "is_enabled": true, "is_new": false, "name": "Starstruck", "penny_donate": null, "penny_price": 0, "resized_icons": [{"height": 16, "url": "https://www.redditstatic.com/gold/awards/icon/Starstruck_16.png", "width": 16}, {"height": 32, "url": "https://www.redditstatic.com/gold/awards/icon/Starstruck_32.png", "width": 32}, {"height": 48, "url": "https://www.redditstatic.com/gold/awards/icon/Starstruck_48.png", "width": 48}, {"height": 64, "url": "https://www.redditstatic.com/gold/awards/icon/Starstruck_64.png", "width": 64}, {"height": 128, "url": "https://www.redditstatic.com/gold/awards/icon/Starstruck_128.png", "width": 128}], "resized_static_icons": [{"height": 16, "url": "https://preview.redd.it/award_images/t5_22cerq/snotiq9vxyn51_Starstruck.png?width=16&amp;height=16&amp;auto=webp&amp;v=enabled&amp;s=33eba03e0a6defb8abde795039b68e67e88b065e", "width": 16}, {"height": 32, "url": "https://preview.redd.it/award_images/t5_22cerq/snotiq9vxyn51_Starstruck.png?width=32&amp;height=32&amp;auto=webp&amp;v=enabled&amp;s=c78ffa7024982f9d4734f29e69627ec6c4c5484f", "width": 32}, {"height": 48, "url": "https://preview.redd.it/award_images/t5_22cerq/snotiq9vxyn51_Starstruck.png?width=48&amp;height=48&amp;auto=webp&amp;v=enabled&amp;s=4e130b357daf70f0a9cc7f8bf8b0e70f0e1e17fd", "width": 48}, {"height": 64, "url": "https://preview.redd.it/award_images/t5_22cerq/snotiq9vxyn51_Starstruck.png?width=64&amp;height=64&amp;auto=webp&amp;v=enabled&amp;s=931bd1908b603e61ec971fb9c882d221eb800cc5", "width": 64}, {"height": 128, "url": "https://preview.redd.it/award_images/t5_22cerq/snotiq9vxyn51_Starstruck.png?width=128&amp;height=128&amp;auto=webp&amp;v=enabled&amp;s=ed034a40c86c89af6308aca761ec27b46e6207f0", "width": 128}], "start_date": null, "static_icon_height": 512, "static_icon_url": "https://i.redd.it/award_images/t5_22cerq/snotiq9vxyn51_Starstruck.png", "static_icon_width": 512, "sticky_duration_seconds": null, "subreddit_coin_reward": 0, "subreddit_id": null, "tiers_by_required_awardings": null}, {"award_sub_type": "GLOBAL", "award_type": "global", "awardings_required_to_grant_benefits": null, "coin_price": 100, "coin_reward": 0, "count": 1, "days_of_drip_extension": null, "days_of_premium": null, "description": "C'est magnifique", "end_date": null, "giver_coin_reward": null, "icon_format": "PNG", "icon_height": 2048, "icon_url": "https://i.redd.it/award_images/t5_22cerq/2juh333m40n51_Masterpiece.png", "icon_width": 2048, "id": "award_b4072731-c0fb-4440-adc7-1063d6a5e6a0", "is_enabled": true, "is_new": false, "name": "Masterpiece", "penny_donate": null, "penny_price": 0, "resized_icons": [{"height": 16, "url": "https://preview.redd.it/award_images/t5_22cerq/2juh333m40n51_Masterpiece.png?width=16&amp;height=16&amp;auto=webp&amp;v=enabled&amp;s=f162f61ae363f12c02888e737f2cb16c1ef1ec76", "width": 16}, {"height": 32, "url": "https://preview.redd.it/award_images/t5_22cerq/2juh333m40n51_Masterpiece.png?width=32&amp;height=32&amp;auto=webp&amp;v=enabled&amp;s=302682d840033201255a2fe2a105ec45cf67a693", "width": 32}, {"height": 48, "url": "https://preview.redd.it/award_images/t5_22cerq/2juh333m40n51_Masterpiece.png?width=48&amp;height=48&amp;auto=webp&amp;v=enabled&amp;s=f3f42da8b2928719f6af5f911ee64bff5e974e99", "width": 48}, {"height": 64, "url": "https://preview.redd.it/award_images/t5_22cerq/2juh333m40n51_Masterpiece.png?width=64&amp;height=64&amp;auto=webp&amp;v=enabled&amp;s=c7cd07a1e46f052689ccab7ad98a6ae6c817d3fa", "width": 64}, {"height": 128, "url": "https://preview.redd.it/award_images/t5_22cerq/2juh333m40n51_Masterpiece.png?width=128&amp;height=128&amp;auto=webp&amp;v=enabled&amp;s=293a8a8f684b86bd4ecf9c5a02d4fb00fc37a105", "width": 128}], "resized_static_icons": [{"height": 16, "url": "https://preview.redd.it/award_images/t5_22cerq/2juh333m40n51_Masterpiece.png?width=16&amp;height=16&amp;auto=webp&amp;v=enabled&amp;s=f162f61ae363f12c02888e737f2cb16c1ef1ec76", "width": 16}, {"height": 32, "url": "https://preview.redd.it/award_images/t5_22cerq/2juh333m40n51_Masterpiece.png?width=32&amp;height=32&amp;auto=webp&amp;v=enabled&amp;s=302682d840033201255a2fe2a105ec45cf67a693", "width": 32}, {"height": 48, "url": "https://preview.redd.it/award_images/t5_22cerq/2juh333m40n51_Masterpiece.png?width=48&amp;height=48&amp;auto=webp&amp;v=enabled&amp;s=f3f42da8b2928719f6af5f911ee64bff5e974e99", "width": 48}, {"height": 64, "url": "https://preview.redd.it/award_images/t5_22cerq/2juh333m40n51_Masterpiece.png?width=64&amp;height=64&amp;auto=webp&amp;v=enabled&amp;s=c7cd07a1e46f052689ccab7ad98a6ae6c817d3fa", "width": 64}, {"height": 128, "url": "https://preview.redd.it/award_images/t5_22cerq/2juh333m40n51_Masterpiece.png?width=128&amp;height=128&amp;auto=webp&amp;v=enabled&amp;s=293a8a8f684b86bd4ecf9c5a02d4fb00fc37a105", "width": 128}], "start_date": null, "static_icon_height": 2048, "static_icon_url": "https://i.redd.it/award_images/t5_22cerq/2juh333m40n51_Masterpiece.png", "static_icon_width": 2048, "sticky_duration_seconds": null, "subreddit_coin_reward": 0, "subreddit_id": null, "tiers_by_required_awardings": null}], "allow_live_comments": true, "approved_at_utc": null, "approved_by": null, "archived": false, "author": "moonshot_69", "author_flair_background_color": "#373c3f", "author_flair_css_class": null, "author_flair_richtext": [{"e": "text", "t": "Done fucking around. 01/10/2023 \ud83e\uddd1\ud83c\udffd\u200d\ud83d\ude80\ud83d\ude80"}], "author_flair_template_id": "8abdf72e-f3ce-11eb-b3e3-22147bc43b70", "author_flair_text": "Done fucking around. 01/10/2023 \ud83e\uddd1\ud83c\udffd\u200d\ud83d\ude80\ud83d\ude80", "author_flair_text_color": "light", "author_flair_type": "richtext", "author_fullname": "t2_rpv9h1mq", "author_is_blocked": false, "author_patreon_flair": false, "author_premium": true, "awarders": [], "banned_at_utc": null, "banned_by": null, "can_gild": true, "can_mod_post": false, "category": null, "clicked": false, "content_categories": null, "contest_mode": false, "created": 1675173708.0, "created_utc": 1675173708.0, "discussion_type": null, "distinguished": null, "domain": "reddit.com", "downs": 0, "edited": false, "gallery_data": {"items": [{"id": 235550605, "media_id": "yznmuiyyxdfa1"}, {"id": 235550606, "media_id": "9tev2iyyxdfa1"}, {"id": 235550607, "media_id": "jeuk11yyxdfa1"}, {"id": 235550608, "media_id": "yhciviyyxdfa1"}, {"id": 235550609, "media_id": "ygyl70yyxdfa1"}, {"id": 235550610, "media_id": "byiwl0yyxdfa1"}, {"id": 235550611, "media_id": "5hiqfiyyxdfa1"}, {"id": 235550612, "media_id": "9rgfp0yyxdfa1"}, {"id": 235550613, "media_id": "ak6d5jyyxdfa1"}, {"id": 235550614, "media_id": "vo0ojjyyxdfa1"}, {"id": 235550615, "media_id": "wdzv18yyxdfa1"}, {"id": 235550616, "media_id": "i5pmt7yyxdfa1"}, {"id": 235550617, "media_id": "swtg0ryyxdfa1"}, {"id": 235550618, "media_id": "dyvwoqyyxdfa1"}, {"id": 235550619, "media_id": "bjyj7qyyxdfa1"}, {"id": 235550620, "media_id": "2h5a2qyyxdfa1"}]}, "gilded": 0, "gildings": {"gid_3": 1}, "hidden": false, "hide_score": false, "id": "10pzt8q", "is_created_from_ads_ui": false, "is_crosspostable": true, "is_gallery": true, "is_meta": false, "is_original_content": false, "is_reddit_media_domain": false, "is_robot_indexable": true, "is_self": false, "is_video": false, "likes": null, "link_flair_background_color": "#ffd635", "link_flair_css_class": "", "link_flair_richtext": [{"e": "text", "t": "\ud83d\udca1 Education"}], "link_flair_template_id": "37ec242e-984f-11eb-94c6-0e8d0acce789", "link_flair_text": "\ud83d\udca1 Education", "link_flair_text_color": "dark", "link_flair_type": "richtext", "locked": false, "media": null, "media_embed": {}, "media_metadata": {"2h5a2qyyxdfa1": {"e": "Image", "id": "2h5a2qyyxdfa1", "m": "image/jpg", "p": [{"u": "https://preview.redd.it/2h5a2qyyxdfa1.jpg?width=108&amp;crop=smart&amp;auto=webp&amp;v=enabled&amp;s=28c99ba8529d7ea4a7502afc4f545b269d301324", "x": 108, "y": 49}, {"u": "https://preview.redd.it/2h5a2qyyxdfa1.jpg?width=216&amp;crop=smart&amp;auto=webp&amp;v=enabled&amp;s=00d6324d28690c680af7dc37369a784e5f609a3d", "x": 216, "y": 99}, {"u": "https://preview.redd.it/2h5a2qyyxdfa1.jpg?width=320&amp;crop=smart&amp;auto=webp&amp;v=enabled&amp;s=286e434b455646a0beabc557d6333f11d475f06e", "x": 320, "y": 147}, {"u": "https://preview.redd.it/2h5a2qyyxdfa1.jpg?width=640&amp;crop=smart&amp;auto=webp&amp;v=enabled&amp;s=e3c9fd559d124cfe89eb493f67dcdd041cdda533", "x": 640, "y": 295}, {"u": "https://preview.redd.it/2h5a2qyyxdfa1.jpg?width=960&amp;crop=smart&amp;auto=webp&amp;v=enabled&amp;s=6a7b9119ace4e640664713046fd8fa73b1169661", "x": 960, "y": 443}, {"u": "https://preview.redd.it/2h5a2qyyxdfa1.jpg?width=1080&amp;crop=smart&amp;auto=webp&amp;v=enabled&amp;s=7b1d127fb422f280a10715373f738c717e7d1a4d", "x": 1080, "y": 498}], "s": {"u": "https://preview.redd.it/2h5a2qyyxdfa1.jpg?width=2436&amp;format=pjpg&amp;auto=webp&amp;v=enabled&amp;s=88f792ad443652157235be999f8fdc3e3fa13327", "x": 2436, "y": 1125}, "status": "valid"}, "5hiqfiyyxdfa1": {"e": "Image", "id": "5hiqfiyyxdfa1", "m": "image/jpg", "p": [{"u": "https://preview.redd.it/5hiqfiyyxdfa1.jpg?width=108&amp;crop=smart&amp;auto=webp&amp;v=enabled&amp;s=f9992f4ab9a0179b4c758aa37ca3e6942e13d168", "x": 108, "y": 49}, {"u": "https://preview.redd.it/5hiqfiyyxdfa1.jpg?width=216&amp;crop=smart&amp;auto=webp&amp;v=enabled&amp;s=2875b77e49e83d65cf7639e074b8e220425c846d", "x": 216, "y": 99}, {"u": "https://preview.redd.it/5hiqfiyyxdfa1.jpg?width=320&amp;crop=smart&amp;auto=webp&amp;v=enabled&amp;s=a7d7bb75a1e7985b836caf92cf711c2d4fe2da10", "x": 320, "y": 147}, {"u": "https://preview.redd.it/5hiqfiyyxdfa1.jpg?width=640&amp;crop=smart&amp;auto=webp&amp;v=enabled&amp;s=4d7bfebe238f04e2715873f9d69d33be6d8b4184", "x": 640, "y": 295}, {"u": "https://preview.redd.it/5hiqfiyyxdfa1.jpg?width=960&amp;crop=smart&amp;auto=webp&amp;v=enabled&amp;s=776c084c83254653aa43c163142f22012fef521f", "x": 960, "y": 443}, {"u": "https://preview.redd.it/5hiqfiyyxdfa1.jpg?width=1080&amp;crop=smart&amp;auto=webp&amp;v=enabled&amp;s=9205112a5ed2371582f164968ed0fac153695948", "x": 1080, "y": 498}], "s": {"u": "https://preview.redd.it/5hiqfiyyxdfa1.jpg?width=2436&amp;format=pjpg&amp;auto=webp&amp;v=enabled&amp;s=07a57269e40b1fab80546e3b1aa675f7de152ee3", "x": 2436, "y": 1125}, "status": "valid"}, "9rgfp0yyxdfa1": {"e": "Image", "id": "9rgfp0yyxdfa1", "m": "image/jpg", "p": [{"u": "https://preview.redd.it/9rgfp0yyxdfa1.jpg?width=108&amp;crop=smart&amp;auto=webp&amp;v=enabled&amp;s=099e031d23e69d62341a38c745925f374917bfbf", "x": 108, "y": 49}, {"u": "https://preview.redd.it/9rgfp0yyxdfa1.jpg?width=216&amp;crop=smart&amp;auto=webp&amp;v=enabled&amp;s=c8456d7d8dde33fe7f3426fb682a5ae2518ad444", "x": 216, "y": 99}, {"u": "https://preview.redd.it/9rgfp0yyxdfa1.jpg?width=320&amp;crop=smart&amp;auto=webp&amp;v=enabled&amp;s=b8f19c7d3be2cb7d3c4e6bbb2194706ece758c78", "x": 320, "y": 147}, {"u": "https://preview.redd.it/9rgfp0yyxdfa1.jpg?width=640&amp;crop=smart&amp;auto=webp&amp;v=enabled&amp;s=875c64d92782e70952c17c7d8549b89f0834251e", "x": 640, "y": 295}, {"u": "https://preview.redd.it/9rgfp0yyxdfa1.jpg?width=960&amp;crop=smart&amp;auto=webp&amp;v=enabled&amp;s=a7faffe11f45a3ffaa430cbf780fac7e58dda3b0", "x": 960, "y": 443}, {"u": "https://preview.redd.it/9rgfp0yyxdfa1.jpg?width=1080&amp;crop=smart&amp;auto=webp&amp;v=enabled&amp;s=ed5e3fb4022a4a0c500c07092a0d1baa58daadf9", "x": 1080, "y": 498}], "s": {"u": "https://preview.redd.it/9rgfp0yyxdfa1.jpg?width=2436&amp;format=pjpg&amp;auto=webp&amp;v=enabled&amp;s=7ff8ff83398acd78780a51992f6a4260608d3013", "x": 2436, "y": 1125}, "status": "valid"}, "9tev2iyyxdfa1": {"e": "Image", "id": "9tev2iyyxdfa1", "m": "image/jpg", "p": [{"u": "https://preview.redd.it/9tev2iyyxdfa1.jpg?width=108&amp;crop=smart&amp;auto=webp&amp;v=enabled&amp;s=8af8aecad87714adbea21268cfe5dc9110c2f8e4", "x": 108, "y": 49}, {"u": "https://preview.redd.it/9tev2iyyxdfa1.jpg?width=216&amp;crop=smart&amp;auto=webp&amp;v=enabled&amp;s=aae3a76a9906c79dd4a7da2f2693e3655bdd70ce", "x": 216, "y": 99}, {"u": "https://preview.redd.it/9tev2iyyxdfa1.jpg?width=320&amp;crop=smart&amp;auto=webp&amp;v=enabled&amp;s=764741a3f8f8f2751b7a680621c620de40ff0d8e", "x": 320, "y": 147}, {"u": "https://preview.redd.it/9tev2iyyxdfa1.jpg?width=640&amp;crop=smart&amp;auto=webp&amp;v=enabled&amp;s=1bbaf398fdc9fae9435786cafdf85ae05851c857", "x": 640, "y": 295}, {"u": "https://preview.redd.it/9tev2iyyxdfa1.jpg?width=960&amp;crop=smart&amp;auto=webp&amp;v=enabled&amp;s=1626392909561dbd5fc60afc132ef74d1f159cb6", "x": 960, "y": 443}, {"u": "https://preview.redd.it/9tev2iyyxdfa1.jpg?width=1080&amp;crop=smart&amp;auto=webp&amp;v=enabled&amp;s=32f77ec59d402430a796697725457fc10b56371c", "x": 1080, "y": 498}], "s": {"u": "https://preview.redd.it/9tev2iyyxdfa1.jpg?width=2436&amp;format=pjpg&amp;auto=webp&amp;v=enabled&amp;s=76f509ce5a8972b18fcbc2848adfa06c0d2a3017", "x": 2436, "y": 1125}, "status": "valid"}, "ak6d5jyyxdfa1": {"e": "Image", "id": "ak6d5jyyxdfa1", "m": "image/jpg", "p": [{"u": "https://preview.redd.it/ak6d5jyyxdfa1.jpg?width=108&amp;crop=smart&amp;auto=webp&amp;v=enabled&amp;s=8caf18a2a06af8031172ffc0ffd61a7a25a83645", "x": 108, "y": 49}, {"u": "https://preview.redd.it/ak6d5jyyxdfa1.jpg?width=216&amp;crop=smart&amp;auto=webp&amp;v=enabled&amp;s=b53789c4e51f05c3c025f2d2fd0de6474831ff49", "x": 216, "y": 99}, {"u": "https://preview.redd.it/ak6d5jyyxdfa1.jpg?width=320&amp;crop=smart&amp;auto=webp&amp;v=enabled&amp;s=780d74cf4cf6b94126b6cd830343439625909002", "x": 320, "y": 147}, {"u": "https://preview.redd.it/ak6d5jyyxdfa1.jpg?width=640&amp;crop=smart&amp;auto=webp&amp;v=enabled&amp;s=32ef505ce8d1aa7d0c687c156575f53e9ea3535f", "x": 640, "y": 295}, {"u": "https://preview.redd.it/ak6d5jyyxdfa1.jpg?width=960&amp;crop=smart&amp;auto=webp&amp;v=enabled&amp;s=0bfcc6f1a401cbdc108faef10c5559ad604dc6c2", "x": 960, "y": 443}, {"u": "https://preview.redd.it/ak6d5jyyxdfa1.jpg?width=1080&amp;crop=smart&amp;auto=webp&amp;v=enabled&amp;s=cbef6583c07210639780d0ad79fbaff904e654bc", "x": 1080, "y": 498}], "s": {"u": "https://preview.redd.it/ak6d5jyyxdfa1.jpg?width=2436&amp;format=pjpg&amp;auto=webp&amp;v=enabled&amp;s=2c03ff7a403800ff1695d6faeeaa6b1362f7eed6", "x": 2436, "y": 1125}, "status": "valid"}, "bjyj7qyyxdfa1": {"e": "Image", "id": "bjyj7qyyxdfa1", "m": "image/jpg", "p": [{"u": "https://preview.redd.it/bjyj7qyyxdfa1.jpg?width=108&amp;crop=smart&amp;auto=webp&amp;v=enabled&amp;s=e59ea67af6aed2a8009cdce985e6a21569f1f5e9", "x": 108, "y": 49}, {"u": "https://preview.redd.it/bjyj7qyyxdfa1.jpg?width=216&amp;crop=smart&amp;auto=webp&amp;v=enabled&amp;s=9d03e32561fa6de00071f67955d7608a96ba71a6", "x": 216, "y": 99}, {"u": "https://preview.redd.it/bjyj7qyyxdfa1.jpg?width=320&amp;crop=smart&amp;auto=webp&amp;v=enabled&amp;s=afa4fc5eca1d7d78f0dae06141a34df033ca6579", "x": 320, "y": 147}, {"u": "https://preview.redd.it/bjyj7qyyxdfa1.jpg?width=640&amp;crop=smart&amp;auto=webp&amp;v=enabled&amp;s=0df8320aaf6911e2af1fdfccc26dc747ea9e024d", "x": 640, "y": 295}, {"u": "https://preview.redd.it/bjyj7qyyxdfa1.jpg?width=960&amp;crop=smart&amp;auto=webp&amp;v=enabled&amp;s=486e0552b3714c549393f6210f3eb4017545ee2c", "x": 960, "y": 443}, {"u": "https://preview.redd.it/bjyj7qyyxdfa1.jpg?width=1080&amp;crop=smart&amp;auto=webp&amp;v=enabled&amp;s=593079ba909f2775af4850a1f623c42e0678c3fb", "x": 1080, "y": 498}], "s": {"u": "https://preview.redd.it/bjyj7qyyxdfa1.jpg?width=2436&amp;format=pjpg&amp;auto=webp&amp;v=enabled&amp;s=05b15c5fe0ee449e8bd45aee87d5eaaab4c9f21a", "x": 2436, "y": 1125}, "status": "valid"}, "byiwl0yyxdfa1": {"e": "Image", "id": "byiwl0yyxdfa1", "m": "image/jpg", "p": [{"u": "https://preview.redd.it/byiwl0yyxdfa1.jpg?width=108&amp;crop=smart&amp;auto=webp&amp;v=enabled&amp;s=04a668f71b43be8ab8335e73fed57fa9382267f5", "x": 108, "y": 49}, {"u": "https://preview.redd.it/byiwl0yyxdfa1.jpg?width=216&amp;crop=smart&amp;auto=webp&amp;v=enabled&amp;s=5e3bb4bcd50cf4a1d51131fb88ba3e8a233bddd2", "x": 216, "y": 99}, {"u": "https://preview.redd.it/byiwl0yyxdfa1.jpg?width=320&amp;crop=smart&amp;auto=webp&amp;v=enabled&amp;s=5ed8df6a16d142f30d44abc96a8ea0ece6c55d14", "x": 320, "y": 147}, {"u": "https://preview.redd.it/byiwl0yyxdfa1.jpg?width=640&amp;crop=smart&amp;auto=webp&amp;v=enabled&amp;s=80f12bf489c182203d4d2daf06f5494df119c2f9", "x": 640, "y": 295}, {"u": "https://preview.redd.it/byiwl0yyxdfa1.jpg?width=960&amp;crop=smart&amp;auto=webp&amp;v=enabled&amp;s=682fe3830d01850e4e75151c4764fdcaa29b58aa", "x": 960, "y": 443}, {"u": "https://preview.redd.it/byiwl0yyxdfa1.jpg?width=1080&amp;crop=smart&amp;auto=webp&amp;v=enabled&amp;s=bec53613f88b0c58660b84ae4bdb980cddf3b857", "x": 1080, "y": 498}], "s": {"u": "https://preview.redd.it/byiwl0yyxdfa1.jpg?width=2436&amp;format=pjpg&amp;auto=webp&amp;v=enabled&amp;s=a287a2f47cf9598fdd858e15ea907ac5c005e196", "x": 2436, "y": 1125}, "status": "valid"}, "dyvwoqyyxdfa1": {"e": "Image", "id": "dyvwoqyyxdfa1", "m": "image/jpg", "p": [{"u": "https://preview.redd.it/dyvwoqyyxdfa1.jpg?width=108&amp;crop=smart&amp;auto=webp&amp;v=enabled&amp;s=7b2ce5cd84346e2cbe5e9f27d72569c0aacfc49a", "x": 108, "y": 49}, {"u": "https://preview.redd.it/dyvwoqyyxdfa1.jpg?width=216&amp;crop=smart&amp;auto=webp&amp;v=enabled&amp;s=007014b6c866b28ad22b9df79ed074f514bdd2dc", "x": 216, "y": 99}, {"u": "https://preview.redd.it/dyvwoqyyxdfa1.jpg?width=320&amp;crop=smart&amp;auto=webp&amp;v=enabled&amp;s=cd88d967085ebf5972de787bb82ee87e4051bb00", "x": 320, "y": 147}, {"u": "https://preview.redd.it/dyvwoqyyxdfa1.jpg?width=640&amp;crop=smart&amp;auto=webp&amp;v=enabled&amp;s=f5ba7f91f096e23ea3f80d1a7dd54f1895d2b712", "x": 640, "y": 295}, {"u": "https://preview.redd.it/dyvwoqyyxdfa1.jpg?width=960&amp;crop=smart&amp;auto=webp&amp;v=enabled&amp;s=b189cf33a1be30ede4c41d608e1f0d1402f4344f", "x": 960, "y": 443}, {"u": "https://preview.redd.it/dyvwoqyyxdfa1.jpg?width=1080&amp;crop=smart&amp;auto=webp&amp;v=enabled&amp;s=a893f2ad1f40c03349168282cfb6eeb42b5f936d", "x": 1080, "y": 498}], "s": {"u": "https://preview.redd.it/dyvwoqyyxdfa1.jpg?width=2436&amp;format=pjpg&amp;auto=webp&amp;v=enabled&amp;s=b3c1551461c0513615f235f3ebe06ae8c0b8d662", "x": 2436, "y": 1125}, "status": "valid"}, "i5pmt7yyxdfa1": {"e": "Image", "id": "i5pmt7yyxdfa1", "m": "image/jpg", "p": [{"u": "https://preview.redd.it/i5pmt7yyxdfa1.jpg?width=108&amp;crop=smart&amp;auto=webp&amp;v=enabled&amp;s=1b6742a89e83f28631b9d80071997597a0218c51", "x": 108, "y": 49}, {"u": "https://preview.redd.it/i5pmt7yyxdfa1.jpg?width=216&amp;crop=smart&amp;auto=webp&amp;v=enabled&amp;s=e1b76f925767020c6a6a39614b959a9c6eddf746", "x": 216, "y": 99}, {"u": "https://preview.redd.it/i5pmt7yyxdfa1.jpg?width=320&amp;crop=smart&amp;auto=webp&amp;v=enabled&amp;s=964b9aa8d0bcdf6695caea1067619f122e2352a9", "x": 320, "y": 147}, {"u": "https://preview.redd.it/i5pmt7yyxdfa1.jpg?width=640&amp;crop=smart&amp;auto=webp&amp;v=enabled&amp;s=df34396a2f89539f27cacd261bd04eebb0ecd6bb", "x": 640, "y": 295}, {"u": "https://preview.redd.it/i5pmt7yyxdfa1.jpg?width=960&amp;crop=smart&amp;auto=webp&amp;v=enabled&amp;s=d59912c252091c347f0a1e0f7bacd938fbb84259", "x": 960, "y": 443}, {"u": "https://preview.redd.it/i5pmt7yyxdfa1.jpg?width=1080&amp;crop=smart&amp;auto=webp&amp;v=enabled&amp;s=d450dfc01cc7d47b96218e75a4770c87a5ffd6c9", "x": 1080, "y": 498}], "s": {"u": "https://preview.redd.it/i5pmt7yyxdfa1.jpg?width=2436&amp;format=pjpg&amp;auto=webp&amp;v=enabled&amp;s=2caec2d28b9016ecf0adb0e43eced0a8b798b3da", "x": 2436, "y": 1125}, "status": "valid"}, "jeuk11yyxdfa1": {"e": "Image", "id": "jeuk11yyxdfa1", "m": "image/jpg", "p": [{"u": "https://preview.redd.it/jeuk11yyxdfa1.jpg?width=108&amp;crop=smart&amp;auto=webp&amp;v=enabled&amp;s=f0d7df1431a55b840789d7dd057b5e24f49e0552", "x": 108, "y": 49}, {"u": "https://preview.redd.it/jeuk11yyxdfa1.jpg?width=216&amp;crop=smart&amp;auto=webp&amp;v=enabled&amp;s=63bbbfb30001b9ac4ff9376f5ae5bb30ba3b444a", "x": 216, "y": 99}, {"u": "https://preview.redd.it/jeuk11yyxdfa1.jpg?width=320&amp;crop=smart&amp;auto=webp&amp;v=enabled&amp;s=2e8d076d7ba210658ddf0824c40ad64f9d5af8e5", "x": 320, "y": 147}, {"u": "https://preview.redd.it/jeuk11yyxdfa1.jpg?width=640&amp;crop=smart&amp;auto=webp&amp;v=enabled&amp;s=fb8a8676e35a8b705e0c8eb7bfc6830bed3c460c", "x": 640, "y": 295}, {"u": "https://preview.redd.it/jeuk11yyxdfa1.jpg?width=960&amp;crop=smart&amp;auto=webp&amp;v=enabled&amp;s=f831e4522aad1e91ba32105e3af412ef808f1eea", "x": 960, "y": 443}, {"u": "https://preview.redd.it/jeuk11yyxdfa1.jpg?width=1080&amp;crop=smart&amp;auto=webp&amp;v=enabled&amp;s=1022f8578820f399b4778f83c8be63ea8365c212", "x": 1080, "y": 498}], "s": {"u": "https://preview.redd.it/jeuk11yyxdfa1.jpg?width=2436&amp;format=pjpg&amp;auto=webp&amp;v=enabled&amp;s=f76fc06fe9090bb45d884a4c4cadcaf43f157709", "x": 2436, "y": 1125}, "status": "valid"}, "swtg0ryyxdfa1": {"e": "Image", "id": "swtg0ryyxdfa1", "m": "image/jpg", "p": [{"u": "https://preview.redd.it/swtg0ryyxdfa1.jpg?width=108&amp;crop=smart&amp;auto=webp&amp;v=enabled&amp;s=5ec34c4a38867e29dc4a7ec9b919b88bbfc16659", "x": 108, "y": 49}, {"u": "https://preview.redd.it/swtg0ryyxdfa1.jpg?width=216&amp;crop=smart&amp;auto=webp&amp;v=enabled&amp;s=248a38389c2b306d044ae3b7730b20be95d9e542", "x": 216, "y": 99}, {"u": "https://preview.redd.it/swtg0ryyxdfa1.jpg?width=320&amp;crop=smart&amp;auto=webp&amp;v=enabled&amp;s=563c045a57e60366138c035fed83d7de0fcb3ea9", "x": 320, "y": 147}, {"u": "https://preview.redd.it/swtg0ryyxdfa1.jpg?width=640&amp;crop=smart&amp;auto=webp&amp;v=enabled&amp;s=04d55c94ef6d24510c6da73006e1a221f0686c37", "x": 640, "y": 295}, {"u": "https://preview.redd.it/swtg0ryyxdfa1.jpg?width=960&amp;crop=smart&amp;auto=webp&amp;v=enabled&amp;s=baf0523499c27ea76e4ef9723abe2f075eb3ffe5", "x": 960, "y": 443}, {"u": "https://preview.redd.it/swtg0ryyxdfa1.jpg?width=1080&amp;crop=smart&amp;auto=webp&amp;v=enabled&amp;s=6e19691bc741c599aa17eb230e6a63f7e9bdd994", "x": 1080, "y": 498}], "s": {"u": "https://preview.redd.it/swtg0ryyxdfa1.jpg?width=2436&amp;format=pjpg&amp;auto=webp&amp;v=enabled&amp;s=f68d4389002479897653f12fcae9c2032a7d2604", "x": 2436, "y": 1125}, "status": "valid"}, "vo0ojjyyxdfa1": {"e": "Image", "id": "vo0ojjyyxdfa1", "m": "image/jpg", "p": [{"u": "https://preview.redd.it/vo0ojjyyxdfa1.jpg?width=108&amp;crop=smart&amp;auto=webp&amp;v=enabled&amp;s=fd100ac176b74adc0362dc532e389119a9126bd9", "x": 108, "y": 49}, {"u": "https://preview.redd.it/vo0ojjyyxdfa1.jpg?width=216&amp;crop=smart&amp;auto=webp&amp;v=enabled&amp;s=c81c1c7ddb68f27abf9c5a66dfd630b3a7a23cad", "x": 216, "y": 99}, {"u": "https://preview.redd.it/vo0ojjyyxdfa1.jpg?width=320&amp;crop=smart&amp;auto=webp&amp;v=enabled&amp;s=5b075510bd43821f076e5fd133cf31f70193be10", "x": 320, "y": 147}, {"u": "https://preview.redd.it/vo0ojjyyxdfa1.jpg?width=640&amp;crop=smart&amp;auto=webp&amp;v=enabled&amp;s=4a77d96394eeb79ea873466fc513723f9c0e1514", "x": 640, "y": 295}, {"u": "https://preview.redd.it/vo0ojjyyxdfa1.jpg?width=960&amp;crop=smart&amp;auto=webp&amp;v=enabled&amp;s=98f2eeed152530dc49c890eaeae2da79e20cb617", "x": 960, "y": 443}, {"u": "https://preview.redd.it/vo0ojjyyxdfa1.jpg?width=1080&amp;crop=smart&amp;auto=webp&amp;v=enabled&amp;s=d16a9c2326c24cafa245f156ef8ca3f85ac2cb7f", "x": 1080, "y": 498}], "s": {"u": "https://preview.redd.it/vo0ojjyyxdfa1.jpg?width=2436&amp;format=pjpg&amp;auto=webp&amp;v=enabled&amp;s=d7321f9d10824031d3503876a0c35853be9332ed", "x": 2436, "y": 1125}, "status": "valid"}, "wdzv18yyxdfa1": {"e": "Image", "id": "wdzv18yyxdfa1", "m": "image/jpg", "p": [{"u": "https://preview.redd.it/wdzv18yyxdfa1.jpg?width=108&amp;crop=smart&amp;auto=webp&amp;v=enabled&amp;s=1385980b64c2cffd4afa2ccbceed669921349cfa", "x": 108, "y": 49}, {"u": "https://preview.redd.it/wdzv18yyxdfa1.jpg?width=216&amp;crop=smart&amp;auto=webp&amp;v=enabled&amp;s=a989690723a87952743156139ca43c8f1ffd8583", "x": 216, "y": 99}, {"u": "https://preview.redd.it/wdzv18yyxdfa1.jpg?width=320&amp;crop=smart&amp;auto=webp&amp;v=enabled&amp;s=0ee1a7805dce3c3b6b1ac48d6d466a130b075c95", "x": 320, "y": 147}, {"u": "https://preview.redd.it/wdzv18yyxdfa1.jpg?width=640&amp;crop=smart&amp;auto=webp&amp;v=enabled&amp;s=8f44fc26abb591156c384ee9b05a0ddd042d945f", "x": 640, "y": 295}, {"u": "https://preview.redd.it/wdzv18yyxdfa1.jpg?width=960&amp;crop=smart&amp;auto=webp&amp;v=enabled&amp;s=10d2aa9683d59248f5fefe2014b90f69d1e94fab", "x": 960, "y": 443}, {"u": "https://preview.redd.it/wdzv18yyxdfa1.jpg?width=1080&amp;crop=smart&amp;auto=webp&amp;v=enabled&amp;s=cd50cbd38c5066543cbd011dd6510ce672dbcf82", "x": 1080, "y": 498}], "s": {"u": "https://preview.redd.it/wdzv18yyxdfa1.jpg?width=2436&amp;format=pjpg&amp;auto=webp&amp;v=enabled&amp;s=bafc8ea55345bef899fe1b9dfba19caca33579a1", "x": 2436, "y": 1125}, "status": "valid"}, "ygyl70yyxdfa1": {"e": "Image", "id": "ygyl70yyxdfa1", "m": "image/jpg", "p": [{"u": "https://preview.redd.it/ygyl70yyxdfa1.jpg?width=108&amp;crop=smart&amp;auto=webp&amp;v=enabled&amp;s=56276636c384f2f370e3bee7f769bfd7362f2a0b", "x": 108, "y": 49}, {"u": "https://preview.redd.it/ygyl70yyxdfa1.jpg?width=216&amp;crop=smart&amp;auto=webp&amp;v=enabled&amp;s=48d99f03096ffa33cf52b2b68d8fabc4a70c152b", "x": 216, "y": 99}, {"u": "https://preview.redd.it/ygyl70yyxdfa1.jpg?width=320&amp;crop=smart&amp;auto=webp&amp;v=enabled&amp;s=c3d0fe22e75eaa8bb0309aae333e59820c268314", "x": 320, "y": 147}, {"u": "https://preview.redd.it/ygyl70yyxdfa1.jpg?width=640&amp;crop=smart&amp;auto=webp&amp;v=enabled&amp;s=e62d5793da99ce21a84fa5a7b7bb2dd375522c25", "x": 640, "y": 295}, {"u": "https://preview.redd.it/ygyl70yyxdfa1.jpg?width=960&amp;crop=smart&amp;auto=webp&amp;v=enabled&amp;s=c303ccf361924d95baa31217e4461decf5cbdf60", "x": 960, "y": 443}, {"u": "https://preview.redd.it/ygyl70yyxdfa1.jpg?width=1080&amp;crop=smart&amp;auto=webp&amp;v=enabled&amp;s=0480d6dddb6c517fbb2070d3268ebacbf1917216", "x": 1080, "y": 498}], "s": {"u": "https://preview.redd.it/ygyl70yyxdfa1.jpg?width=2436&amp;format=pjpg&amp;auto=webp&amp;v=enabled&amp;s=905a3811e0b3a7fa374391145f1b9b9e4afb5b91", "x": 2436, "y": 1125}, "status": "valid"}, "yhciviyyxdfa1": {"e": "Image", "id": "yhciviyyxdfa1", "m": "image/jpg", "p": [{"u": "https://preview.redd.it/yhciviyyxdfa1.jpg?width=108&amp;crop=smart&amp;auto=webp&amp;v=enabled&amp;s=7f441528d4c404c93ba67666c625049e72a4079e", "x": 108, "y": 49}, {"u": "https://preview.redd.it/yhciviyyxdfa1.jpg?width=216&amp;crop=smart&amp;auto=webp&amp;v=enabled&amp;s=56654ff2d6fba1b83296fc2946b31e8fe4b676b7", "x": 216, "y": 99}, {"u": "https://preview.redd.it/yhciviyyxdfa1.jpg?width=320&amp;crop=smart&amp;auto=webp&amp;v=enabled&amp;s=f823c58445a3168f496db9545f7f077dd73200f0", "x": 320, "y": 147}, {"u": "https://preview.redd.it/yhciviyyxdfa1.jpg?width=640&amp;crop=smart&amp;auto=webp&amp;v=enabled&amp;s=2927a99600fe1490102b5c50a380be60bab55d9a", "x": 640, "y": 295}, {"u": "https://preview.redd.it/yhciviyyxdfa1.jpg?width=960&amp;crop=smart&amp;auto=webp&amp;v=enabled&amp;s=9a27f58c0bc409a6403cbcc9e03f530b876bdb63", "x": 960, "y": 443}, {"u": "https://preview.redd.it/yhciviyyxdfa1.jpg?width=1080&amp;crop=smart&amp;auto=webp&amp;v=enabled&amp;s=695bd8fad62f29efa63d327e0ed39ac6f43fa159", "x": 1080, "y": 498}], "s": {"u": "https://preview.redd.it/yhciviyyxdfa1.jpg?width=2436&amp;format=pjpg&amp;auto=webp&amp;v=enabled&amp;s=94ef3a4c3cccce920b4a12565f11315abe206474", "x": 2436, "y": 1125}, "status": "valid"}, "yznmuiyyxdfa1": {"e": "Image", "id": "yznmuiyyxdfa1", "m": "image/jpg", "p": [{"u": "https://preview.redd.it/yznmuiyyxdfa1.jpg?width=108&amp;crop=smart&amp;auto=webp&amp;v=enabled&amp;s=f001185f693e31fab4ced1fbcf43cf7bd9528aa6", "x": 108, "y": 49}, {"u": "https://preview.redd.it/yznmuiyyxdfa1.jpg?width=216&amp;crop=smart&amp;auto=webp&amp;v=enabled&amp;s=b2cc16f5f07f8bb6cb7da40c012b44a4957fce13", "x": 216, "y": 99}, {"u": "https://preview.redd.it/yznmuiyyxdfa1.jpg?width=320&amp;crop=smart&amp;auto=webp&amp;v=enabled&amp;s=010fefb367610a189a04632535a8ca52ce0fa2f7", "x": 320, "y": 147}, {"u": "https://preview.redd.it/yznmuiyyxdfa1.jpg?width=640&amp;crop=smart&amp;auto=webp&amp;v=enabled&amp;s=68b84bea3bae724de2fb410f7406bae712c8e245", "x": 640, "y": 295}, {"u": "https://preview.redd.it/yznmuiyyxdfa1.jpg?width=960&amp;crop=smart&amp;auto=webp&amp;v=enabled&amp;s=3d2bb62eedbc5b095cc67f4aed560de1b8ba7e1d", "x": 960, "y": 443}, {"u": "https://preview.redd.it/yznmuiyyxdfa1.jpg?width=1080&amp;crop=smart&amp;auto=webp&amp;v=enabled&amp;s=291fe631d6e3240e43c75cb7c83efd02e1e8897e", "x": 1080, "y": 498}], "s": {"u": "https://preview.redd.it/yznmuiyyxdfa1.jpg?width=2436&amp;format=pjpg&amp;auto=webp&amp;v=enabled&amp;s=5d154f68450b2ba120ab487f6c0ad0bdf0a5a298", "x": 2436, "y": 1125}, "status": "valid"}}, "media_only": false, "mod_note": null, "mod_reason_by": null, "mod_reason_title": null, "mod_reports": [], "name": "t3_10pzt8q", "no_follow": false, "num_comments": 53, "num_crossposts": 5, "num_reports": null, "over_18": false, "parent_whitelist_status": "all_ads", "permalink": "/r/Superstonk/comments/10pzt8q/uatobitt_a_house_of_cards_slideshow_adapted_part/", "pinned": false, "pwls": 6, "quarantine": false, "removal_reason": null, "removed_by": null, "removed_by_category": null, "report_reasons": null, "saved": false, "score": 3395, "secure_media": null, "secure_media_embed": {}, "selftext": "", "selftext_html": null, "send_replies": true, "spoiler": false, "stickied": false, "subreddit": "Superstonk", "subreddit_id": "t5_43zwn1", "subreddit_name_prefixed": "r/Superstonk", "subreddit_subscribers": 859705, "subreddit_type": "public", "suggested_sort": null, "thumbnail": "https://b.thumbs.redditmedia.com/FIP7uSRmeZQI4c9dUx7wWtjBRYr3HYfKevFowZiZ5qA.jpg", "thumbnail_height": 64, "thumbnail_width": 140, "title": "u/atobitt \u201cA House of Cards\u201d - slideshow adapted part 1/3", "top_awarded_type": null, "total_awards_received": 7, "treatment_tags": [], "ups": 3395, "upvote_ratio": 0.98, "url": "https://www.reddit.com/gallery/10pzt8q", "url_overridden_by_dest": "https://www.reddit.com/gallery/10pzt8q", "user_reports": [], "view_count": null, "visited": false, "whitelist_status": "all_ads", "wls": 6}], "discussion_type": null, "distinguished": null, "domain": "reddit.com", "edited": false, "gilded": 0, "gildings": {}, "hidden": false, "hide_score": false, "id": "10q1m7o", "is_created_from_ads_ui": false, "is_crosspostable": true, "is_meta": false, "is_original_content": false, "is_reddit_media_domain": false, "is_robot_indexable": true, "is_self": false, "is_video": false, "link_flair_background_color": "", "link_flair_css_class": null, "link_flair_richtext": [], "link_flair_text": null, "link_flair_text_color": "dark", "link_flair_type": "text", "locked": false, "media": null, "media_embed": {}, "media_only": false, "name": "t3_10q1m7o", "no_follow": false, "num_comments": 0, "num_crossposts": 0, "over_18": false, "parent_whitelist_status": null, "permalink": "/r/ThePPShow/comments/10q1m7o/uatobitt_a_house_of_cards_slideshow_adapted_part/", "pinned": false, "pwls": null, "quarantine": false, "removed_by": null, "removed_by_category": null, "retrieved_on": 1676224220, "score": 11, "secure_media": null, "secure_media_embed": {}, "selftext": "", "send_replies": false, "spoiler": false, "stickied": false, "subreddit": "ThePPShow", "subreddit_id": "t5_7q5o7y", "subreddit_name_prefixed": "r/ThePPShow", "subreddit_subscribers": 327, "subreddit_type": "public", "suggested_sort": null, "thumbnail": "https://b.thumbs.redditmedia.com/FIP7uSRmeZQI4c9dUx7wWtjBRYr3HYfKevFowZiZ5qA.jpg", "thumbnail_height": 64, "thumbnail_width": 140, "title": "u/atobitt \u201cA House of Cards\u201d - slideshow adapted part 1/3", "top_awarded_type": null, "total_awards_received": 0, "treatment_tags": [], "upvote_ratio": 1.0, "url": "https://www.reddit.com/gallery/10pzt8q", "url_overridden_by_dest": "https://www.reddit.com/gallery/10pzt8q", "view_count": null, "whitelist_status": null, "wls": null}, {"all_awardings": [], "allow_live_comments": false, "archived": false, "author": "ppseeds", "author_created_utc": 1518222553, "author_flair_background_color": null, "author_flair_css_class": null, "author_flair_richtext": [], "author_flair_template_id": null, "author_flair_text": null, "author_flair_text_color": null, "author_flair_type": "text", "author_fullname": "t2_w7v9rg0", "author_patreon_flair": false, "author_premium": true, "awarders": [], "banned_by": null, "can_gild": true, "can_mod_post": false, "category": null, "content_categories": null, "contest_mode": false, "created_utc": 1675154484, "discussion_type": null, "distinguished": null, "domain": "twitter.com", "edited": false, "gilded": 0, "gildings": {}, "hidden": false, "hide_score": false, "id": "10pt96d", "is_created_from_ads_ui": false, "is_crosspostable": false, "is_meta": false, "is_original_content": false, "is_reddit_media_domain": false, "is_robot_indexable": false, "is_self": false, "is_video": false, "link_flair_background_color": "#ffd635", "link_flair_css_class": "", "link_flair_richtext": [], "link_flair_template_id": "b389bcaa-8f0a-11ed-9b6e-1e9f599434b1", "link_flair_text": "Stream announcement ", "link_flair_text_color": "dark", "link_flair_type": "text", "locked": false, "media": null, "media_embed": {}, "media_only": false, "name": "t3_10pt96d", "no_follow": true, "num_comments": 15, "num_crossposts": 0, "over_18": false, "parent_whitelist_status": null, "permalink": "/r/ThePPShow/comments/10pt96d/i_made_a_twitter_to_spread_the_word_about_the/", "pinned": false, "pwls": null, "quarantine": false, "removed_by": null, "removed_by_category": "author", "retrieved_on": 1676224457, "score": 20, "secure_media": null, "secure_media_embed": {}, "selftext": "", "send_replies": false, "spoiler": false, "stickied": false, "subreddit": "ThePPShow", "subreddit_id": "t5_7q5o7y", "subreddit_name_prefixed": "r/ThePPShow", "subreddit_subscribers": 327, "subreddit_type": "public", "suggested_sort": null, "thumbnail": "default", "thumbnail_height": 48, "thumbnail_width": 48, "title": "I made a Twitter to spread the word about the ppshow!", "top_awarded_type": null, "total_awards_received": 0, "treatment_tags": [], "upvote_ratio": 0.89, "url": "http://Twitter.com/@Theppseedsshow", "url_overridden_by_dest": "http://Twitter.com/@Theppseedsshow", "view_count": null, "whitelist_status": null, "wls": null}, {"all_awardings": [], "allow_live_comments": false, "archived": false, "author": "ppseeds", "author_created_utc": 1518222553, "author_flair_background_color": null, "author_flair_css_class": null, "author_flair_richtext": [], "author_flair_template_id": null, "author_flair_text": null, "author_flair_text_color": null, "author_flair_type": "text", "author_fullname": "t2_w7v9rg0", "author_patreon_flair": false, "author_premium": true, "awarders": [], "banned_by": null, "can_gild": true, "can_mod_post": false, "category": null, "content_categories": null, "contest_mode": false, "created_utc": 1675125503, "discussion_type": null, "distinguished": null, "domain": "youtube.com", "edited": false, "gilded": 0, "gildings": {}, "hidden": false, "hide_score": false, "id": "10pj8ur", "is_created_from_ads_ui": false, "is_crosspostable": false, "is_meta": false, "is_original_content": false, "is_reddit_media_domain": false, "is_robot_indexable": false, "is_self": false, "is_video": false, "link_flair_background_color": "#ffd635", "link_flair_css_class": "", "link_flair_richtext": [], "link_flair_template_id": "cf8e4b00-8f0a-11ed-bcf5-ea5ecab695a0", "link_flair_text": "Stream Live Chat", "link_flair_text_color": "dark", "link_flair_type": "text", "locked": false, "media": {"oembed": {"author_name": "ThePPshow", "author_url": "https://www.youtube.com/@ThePPshow", "height": 200, "html": "&lt;iframe width=\"356\" height=\"200\" src=\"https://www.youtube.com/embed/mhm4ds9lT1k?feature=oembed&amp;enablejsapi=1\" frameborder=\"0\" allow=\"accelerometer; autoplay; clipboard-write; encrypted-media; gyroscope; picture-in-picture; web-share\" allowfullscreen title=\"ThePPShow BBBY Livestream\"&gt;&lt;/iframe&gt;", "provider_name": "YouTube", "provider_url": "https://www.youtube.com/", "thumbnail_height": 360, "thumbnail_url": "https://i.ytimg.com/vi/mhm4ds9lT1k/hqdefault.jpg", "thumbnail_width": 480, "title": "ThePPShow BBBY Livestream", "type": "video", "version": "1.0", "width": 356}, "type": "youtube.com"}, "media_embed": {"content": "&lt;iframe width=\"356\" height=\"200\" src=\"https://www.youtube.com/embed/mhm4ds9lT1k?feature=oembed&amp;enablejsapi=1\" frameborder=\"0\" allow=\"accelerometer; autoplay; clipboard-write; encrypted-media; gyroscope; picture-in-picture; web-share\" allowfullscreen title=\"ThePPShow BBBY Livestream\"&gt;&lt;/iframe&gt;", "height": 200, "scrolling": false, "width": 356}, "media_only": false, "name": "t3_10pj8ur", "no_follow": true, "num_comments": 2, "num_crossposts": 0, "over_18": false, "parent_whitelist_status": null, "permalink": "/r/ThePPShow/comments/10pj8ur/stream_is_starting_shortly_see_you_then_come_talk/", "pinned": false, "pwls": null, "quarantine": false, "removed_by": null, "removed_by_category": "author", "retrieved_on": 1676224748, "score": 13, "secure_media": {"oembed": {"author_name": "ThePPshow", "author_url": "https://www.youtube.com/@ThePPshow", "height": 200, "html": "&lt;iframe width=\"356\" height=\"200\" src=\"https://www.youtube.com/embed/mhm4ds9lT1k?feature=oembed&amp;enablejsapi=1\" frameborder=\"0\" allow=\"accelerometer; autoplay; clipboard-write; encrypted-media; gyroscope; picture-in-picture; web-share\" allowfullscreen title=\"ThePPShow BBBY Livestream\"&gt;&lt;/iframe&gt;", "provider_name": "YouTube", "provider_url": "https://www.youtube.com/", "thumbnail_height": 360, "thumbnail_url": "https://i.ytimg.com/vi/mhm4ds9lT1k/hqdefault.jpg", "thumbnail_width": 480, "title": "ThePPShow BBBY Livestream", "type": "video", "version": "1.0", "width": 356}, "type": "youtube.com"}, "secure_media_embed": {"content": "&lt;iframe width=\"356\" height=\"200\" src=\"https://www.youtube.com/embed/mhm4ds9lT1k?feature=oembed&amp;enablejsapi=1\" frameborder=\"0\" allow=\"accelerometer; autoplay; clipboard-write; encrypted-media; gyroscope; picture-in-picture; web-share\" allowfullscreen title=\"ThePPShow BBBY Livestream\"&gt;&lt;/iframe&gt;", "height": 200, "media_domain_url": "https://www.redditmedia.com/mediaembed/10pj8ur", "scrolling": false, "width": 356}, "selftext": "", "send_replies": true, "spoiler": false, "stickied": false, "subreddit": "ThePPShow", "subreddit_id": "t5_7q5o7y", "subreddit_name_prefixed": "r/ThePPShow", "subreddit_subscribers": 327, "subreddit_type": "public", "suggested_sort": null, "thumbnail": "default", "thumbnail_height": 105, "thumbnail_width": 140, "title": "Stream is starting shortly! See you then! Come talk about your fav stock BBBY!", "top_awarded_type": null, "total_awards_received": 0, "treatment_tags": [], "upvote_ratio": 1.0, "url": "https://www.youtube.com/watch?v=mhm4ds9lT1k", "url_overridden_by_dest": "https://www.youtube.com/watch?v=mhm4ds9lT1k", "view_count": null, "whitelist_status": null, "wls": null}], "metadata": {"op_a": 55, "op_b": 50, "total": 105}, "error": null}