{"data": [{"all_awardings": [], "allow_live_comments": false, "archived": false, "author": "Rai95", "author_created_utc": 1469492309, "author_flair_background_color": null, "author_flair_css_class": null, "author_flair_richtext": [], "author_flair_template_id": null, "author_flair_text": null, "author_flair_text_color": null, "author_flair_type": "text", "author_fullname": "t2_zt5al", "author_patreon_flair": false, "author_premium": false, "awarders": [], "banned_by": null, "can_gild": true, "can_mod_post": false, "category": null, "content_categories": null, "contest_mode": false, "created_utc": 1678318858, "discussion_type": null, "distinguished": null, "domain": "twitter.com", "edited": false, "gilded": 0, "gildings": {}, "hidden": false, "hide_score": false, "id": "11mc6wz", "is_created_from_ads_ui": false, "is_crosspostable": true, "is_meta": false, "is_original_content": false, "is_reddit_media_domain": false, "is_robot_indexable": true, "is_self": false, "is_video": false, "link_flair_background_color": "", "link_flair_css_class": null, "link_flair_richtext": [], "link_flair_text": null, "link_flair_text_color": "dark", "link_flair_type": "text", "locked": false, "media": {"oembed": {"author_name": "Kais MAALEJ", "author_url": "https://twitter.com/kaismaalej", "cache_age": 3153600000, "height": null, "html": "&lt;blockquote class=\"twitter-video\"&gt;&lt;p lang=\"en\" dir=\"ltr\"&gt;&lt;a href=\"https://twitter.com/search?q=%24BBBY&amp;amp;src=ctag&amp;amp;ref_src=twsrc%5Etfw\"&gt;$BBBY&lt;/a&gt; is the next AMAZON under Ryan COHEN &lt;a href=\"https://twitter.com/ryancohen?ref_src=twsrc%5Etfw\"&gt;@ryancohen&lt;/a&gt; leadership: You can buy your sex toys online from BED BATH &amp;amp; BEYOND &lt;a href=\"https://t.co/PzQTSNKEE6\"&gt;pic.twitter.com/PzQTSNKEE6&lt;/a&gt;&lt;/p&gt;&amp;mdash; Kais MAALEJ (@kaismaalej) &lt;a href=\"https://twitter.com/kaismaalej/status/1633493067683581952?ref_src=twsrc%5Etfw\"&gt;March 8, 2023&lt;/a&gt;&lt;/blockquote&gt;\n&lt;script async src=\"https://platform.twitter.com/widgets.js\" charset=\"utf-8\"&gt;&lt;/script&gt;\n", "provider_name": "Twitter", "provider_url": "https://twitter.com", "type": "rich", "url": "https://twitter.com/kaismaalej/status/1633493067683581952", "version": "1.0", "width": 350}, "type": "twitter.com"}, "media_embed": {"content": "&lt;blockquote class=\"twitter-video\"&gt;&lt;p lang=\"en\" dir=\"ltr\"&gt;&lt;a href=\"https://twitter.com/search?q=%24BBBY&amp;amp;src=ctag&amp;amp;ref_src=twsrc%5Etfw\"&gt;$BBBY&lt;/a&gt; is the next AMAZON under Ryan COHEN &lt;a href=\"https://twitter.com/ryancohen?ref_src=twsrc%5Etfw\"&gt;@ryancohen&lt;/a&gt; leadership: You can buy your sex toys online from BED BATH &amp;amp; BEYOND &lt;a href=\"https://t.co/PzQTSNKEE6\"&gt;pic.twitter.com/PzQTSNKEE6&lt;/a&gt;&lt;/p&gt;&amp;mdash; Kais MAALEJ (@kaismaalej) &lt;a href=\"https://twitter.com/kaismaalej/status/1633493067683581952?ref_src=twsrc%5Etfw\"&gt;March 8, 2023&lt;/a&gt;&lt;/blockquote&gt;\n&lt;script async src=\"https://platform.twitter.com/widgets.js\" charset=\"utf-8\"&gt;&lt;/script&gt;\n", "height": 200, "scrolling": false, "width": 350}, "media_only": false, "name": "t3_11mc6wz", "no_follow": false, "num_comments": 5, "num_crossposts": 0, "over_18": false, "parent_whitelist_status": null, "permalink": "/r/ThePPShow/comments/11mc6wz/pp_getting_creative/", "pinned": false, "post_hint": "link", "preview": {"enabled": false, "images": [{"id": "itJ2TWn6bx8mGsrXSHcHTQwgKSE1DPjteXtK27wPSBc", "resolutions": [{"height": 108, "url": "https://external-preview.redd.it/TLBdJVQ3s_YGPEctapK1kWpof5YNWFLi--MD1Xd2EWY.jpg?width=108&amp;crop=smart&amp;auto=webp&amp;v=enabled&amp;s=8bd5fae04e5ed405327399356e9210245f1d9d69", "width": 108}], "source": {"height": 140, "url": "https://external-preview.redd.it/TLBdJVQ3s_YGPEctapK1kWpof5YNWFLi--MD1Xd2EWY.jpg?auto=webp&amp;v=enabled&amp;s=a50dbc2acf5d227c8c240ff2e0f4189873df3a38", "width": 140}, "variants": {}}]}, "pwls": null, "quarantine": false, "removed_by": null, "removed_by_category": null, "retrieved_on": 1681015660, "score": 8, "secure_media": {"oembed": {"author_name": "Kais MAALEJ", "author_url": "https://twitter.com/kaismaalej", "cache_age": 3153600000, "height": null, "html": "&lt;blockquote class=\"twitter-video\"&gt;&lt;p lang=\"en\" dir=\"ltr\"&gt;&lt;a href=\"https://twitter.com/search?q=%24BBBY&amp;amp;src=ctag&amp;amp;ref_src=twsrc%5Etfw\"&gt;$BBBY&lt;/a&gt; is the next AMAZON under Ryan COHEN &lt;a href=\"https://twitter.com/ryancohen?ref_src=twsrc%5Etfw\"&gt;@ryancohen&lt;/a&gt; leadership: You can buy your sex toys online from BED BATH &amp;amp; BEYOND &lt;a href=\"https://t.co/PzQTSNKEE6\"&gt;pic.twitter.com/PzQTSNKEE6&lt;/a&gt;&lt;/p&gt;&amp;mdash; Kais MAALEJ (@kaismaalej) &lt;a href=\"https://twitter.com/kaismaalej/status/1633493067683581952?ref_src=twsrc%5Etfw\"&gt;March 8, 2023&lt;/a&gt;&lt;/blockquote&gt;\n&lt;script async src=\"https://platform.twitter.com/widgets.js\" charset=\"utf-8\"&gt;&lt;/script&gt;\n", "provider_name": "Twitter", "provider_url": "https://twitter.com", "type": "rich", "url": "https://twitter.com/kaismaalej/status/1633493067683581952", "version": "1.0", "width": 350}, "type": "twitter.com"}, "secure_media_embed": {"content": "&lt;blockquote class=\"twitter-video\"&gt;&lt;p lang=\"en\" dir=\"ltr\"&gt;&lt;a href=\"https://twitter.com/search?q=%24BBBY&amp;amp;src=ctag&amp;amp;ref_src=twsrc%5Etfw\"&gt;$BBBY&lt;/a&gt; is the next AMAZON under Ryan COHEN &lt;a href=\"https://twitter.com/ryancohen?ref_src=twsrc%5Etfw\"&gt;@ryancohen&lt;/a&gt; leadership: You can buy your sex toys online from BED BATH &amp;amp; BEYOND &lt;a href=\"https://t.co/PzQTSNKEE6\"&gt;pic.twitter.com/PzQTSNKEE6&lt;/a&gt;&lt;/p&gt;&amp;mdash; Kais MAALEJ (@kaismaalej) &lt;a href=\"https://twitter.com/kaismaalej/status/1633493067683581952?ref_src=twsrc%5Etfw\"&gt;March 8, 2023&lt;/a&gt;&lt;/blockquote&gt;\n&lt;script async src=\"https://platform.twitter.com/widgets.js\" charset=\"utf-8\"&gt;&lt;/script&gt;\n", "height": 200, "media_domain_url": "https://www.redditmedia.com/mediaembed/11mc6wz", "scrolling": false, "width": 350}, "selftext": "", "send_replies": false, "spoiler": false, "stickied": false, "subreddit": "ThePPShow", "subreddit_id": "t5_7q5o7y", "subreddit_name_prefixed": "r/ThePPShow", "subreddit_subscribers": 1240, "subreddit_type": "public", "suggested_sort": null, "thumbnail": "https://b.thumbs.redditmedia.com/LqpOP7kkoQ_plpsAS9SyTJ-tuLRxK6gOPUfP_5G-86I.jpg", "thumbnail_height": 140, "thumbnail_width": 140, "title": "PP getting creative", "top_awarded_type": null, "total_awards_received": 0, "treatment_tags": [], "upvote_ratio": 1.0, "url": "https://twitter.com/kaismaalej/status/1633493067683581952?s=46&amp;t=XEi1Pa4g16h3C3KrNQ8A3A", "url_overridden_by_dest": "https://twitter.com/kaismaalej/status/1633493067683581952?s=46&amp;t=XEi1Pa4g16h3C3KrNQ8A3A", "view_count": null, "whitelist_status": null, "wls": null}, {"all_awardings": [], "allow_live_comments": false, "archived": false, "author": "33rus", "author_created_utc": 1511570771, "author_flair_background_color": null, "author_flair_css_class": null, "author_flair_richtext": [], "author_flair_template_id": null, "author_flair_text": null, "author_flair_text_color": null, "author_flair_type": "text", "author_fullname": "t2_2ia59g", "author_patreon_flair": false, "author_premium": false, "awarders": [], "banned_by": null, "can_gild": true, "can_mod_post": false, "category": null, "content_categories": null, "contest_mode": false, "created_utc": 1678314217, "crosspost_parent": "t3_11m86mc", "crosspost_parent_list": [{"all_awardings": [], "allow_live_comments": true, "approved_at_utc": null, "approved_by": null, "archived": false, "author": "GildDigger", "author_flair_background_color": "#dadada", "author_flair_css_class": null, "author_flair_richtext": [{"e": "text", "t": "Freshly Squeezed\u2122\ud83e\udd8d Voted \u2705"}], "author_flair_template_id": "170be134-adaf-11eb-a09e-0e8ce9bf0a4f", "author_flair_text": "Freshly Squeezed\u2122\ud83e\udd8d Voted \u2705", "author_flair_text_color": "light", "author_flair_type": "richtext", "author_fullname": "t2_1azox2vm", "author_is_blocked": false, "author_patreon_flair": false, "author_premium": false, "awarders": [], "banned_at_utc": null, "banned_by": null, "can_gild": true, "can_mod_post": false, "category": null, "clicked": false, "content_categories": null, "contest_mode": false, "created": 1678309628.0, "created_utc": 1678309628.0, "discussion_type": null, "distinguished": null, "domain": "gamestop.gcs-web.com", "downs": 0, "edited": false, "gilded": 0, "gildings": {}, "hidden": false, "hide_score": false, "id": "11m86mc", "is_created_from_ads_ui": false, "is_crosspostable": true, "is_meta": false, "is_original_content": false, "is_reddit_media_domain": false, "is_robot_indexable": true, "is_self": false, "is_video": false, "likes": null, "link_flair_background_color": "#ffd635", "link_flair_css_class": "", "link_flair_richtext": [{"e": "text", "t": "\ud83d\udca1 Education"}], "link_flair_template_id": "37ec242e-984f-11eb-94c6-0e8d0acce789", "link_flair_text": "\ud83d\udca1 Education", "link_flair_text_color": "dark", "link_flair_type": "richtext", "locked": false, "media": null, "media_embed": {}, "media_only": false, "mod_note": null, "mod_reason_by": null, "mod_reason_title": null, "mod_reports": [], "name": "t3_11m86mc", "no_follow": false, "num_comments": 95, "num_crossposts": 1, "num_reports": null, "over_18": false, "parent_whitelist_status": "all_ads", "permalink": "/r/Superstonk/comments/11m86mc/gamestop_announces_release_date_for_fourth/", "pinned": false, "pwls": 6, "quarantine": false, "removal_reason": null, "removed_by": null, "removed_by_category": null, "report_reasons": null, "saved": false, "score": 3333, "secure_media": null, "secure_media_embed": {}, "selftext": "", "selftext_html": null, "send_replies": false, "spoiler": false, "stickied": false, "subreddit": "Superstonk", "subreddit_id": "t5_43zwn1", "subreddit_name_prefixed": "r/Superstonk", "subreddit_subscribers": 874408, "subreddit_type": "public", "suggested_sort": null, "thumbnail": "default", "thumbnail_height": null, "thumbnail_width": null, "title": "GameStop Announces Release Date for Fourth Quarter and Full Year Fiscal 2022 Results | Gamestop Corp.", "top_awarded_type": null, "total_awards_received": 0, "treatment_tags": [], "ups": 3333, "upvote_ratio": 0.99, "url": "https://gamestop.gcs-web.com/news-releases/news-release-details/gamestop-announces-release-date-fourth-quarter-and-full-year-0", "url_overridden_by_dest": "https://gamestop.gcs-web.com/news-releases/news-release-details/gamestop-announces-release-date-fourth-quarter-and-full-year-0", "user_reports": [], "view_count": null, "visited": false, "whitelist_status": "all_ads", "wls": 6}], "discussion_type": null, "distinguished": null, "domain": "gamestop.gcs-web.com", "edited": false, "gilded": 0, "gildings": {}, "hidden": false, "hide_score": false, "id": "11ma66u", "is_created_from_ads_ui": false, "is_crosspostable": true, "is_meta": false, "is_original_content": false, "is_reddit_media_domain": false, "is_robot_indexable": true, "is_self": false, "is_video": false, "link_flair_background_color": "", "link_flair_css_class": null, "link_flair_richtext": [], "link_flair_text": null, "link_flair_text_color": "dark", "link_flair_type": "text", "locked": false, "media": null, "media_embed": {}, "media_only": false, "name": "t3_11ma66u", "no_follow": false, "num_comments": 1, "num_crossposts": 0, "over_18": false, "parent_whitelist_status": null, "permalink": "/r/ThePPShow/comments/11ma66u/gamestop_announces_release_date_for_fourth/", "pinned": false, "pwls": null, "quarantine": false, "removed_by": null, "removed_by_category": null, "retrieved_on": 1681015733, "score": 5, "secure_media": null, "secure_media_embed": {}, "selftext": "", "send_replies": false, "spoiler": false, "stickied": false, "subreddit": "ThePPShow", "subreddit_id": "t5_7q5o7y", "subreddit_name_prefixed": "r/ThePPShow", "subreddit_subscribers": 1240, "subreddit_type": "public", "suggested_sort": null, "thumbnail": "default", "thumbnail_height": null, "thumbnail_width": null, "title": "GameStop Announces Release Date for Fourth Quarter and Full Year Fiscal 2022 Results | Gamestop Corp.", "top_awarded_type": null, "total_awards_received": 0, "treatment_tags": [], "upvote_ratio": 1.0, "url": "https://gamestop.gcs-web.com/news-releases/news-release-details/gamestop-announces-release-date-fourth-quarter-and-full-year-0", "url_overridden_by_dest": "https://gamestop.gcs-web.com/news-releases/news-release-details/gamestop-announces-release-date-fourth-quarter-and-full-year-0", "view_count": null, "whitelist_status": null, "wls": null}, {"all_awardings": [], "allow_live_comments": false, "archived": false, "author": "calibull2019", "author_created_utc": 1659657946, "author_flair_background_color": null, "author_flair_css_class": null, "author_flair_richtext": [], "author_flair_template_id": null, "author_flair_text": null, "author_flair_text_color": null, "author_flair_type": "text", "author_fullname": "t2_qxyp6d3x", "author_patreon_flair": false, "author_premium": false, "awarders": [], "banned_by": null, "can_gild": true, "can_mod_post": false, "category": null, "content_categories": null, "contest_mode": false, "created_utc": 1678306426, "discussion_type": null, "distinguished": null, "domain": "i.redd.it", "edited": false, "gilded": 0, "gildings": {}, "hidden": false, "hide_score": false, "id": "11m6snp", "is_created_from_ads_ui": false, "is_crosspostable": true, "is_meta": false, "is_original_content": false, "is_reddit_media_domain": true, "is_robot_indexable": true, "is_self": false, "is_video": false, "link_flair_background_color": "", "link_flair_css_class": null, "link_flair_richtext": [], "link_flair_text": null, "link_flair_text_color": "dark", "link_flair_type": "text", "locked": false, "media": null, "media_embed": {}, "media_only": false, "name": "t3_11m6snp", "no_follow": false, "num_comments": 8, "num_crossposts": 0, "over_18": false, "parent_whitelist_status": null, "permalink": "/r/ThePPShow/comments/11m6snp/buy_buy_baby_down_rc_tweet_hmmm/", "pinned": false, "post_hint": "image", "preview": {"enabled": true, "images": [{"id": "sOE7PwIwXHgdDAmqbtUfK8eNmgk-VvIasMKwShZoRnA", "resolutions": [{"height": 191, "url": "https://preview.redd.it/lgefyj6o6mma1.jpg?width=108&amp;crop=smart&amp;auto=webp&amp;v=enabled&amp;s=d06b0169e35a78629ee3c963b32dd85976e240c6", "width": 108}, {"height": 383, "url": "https://preview.redd.it/lgefyj6o6mma1.jpg?width=216&amp;crop=smart&amp;auto=webp&amp;v=enabled&amp;s=01f1c25ac462ebadef7d922b0d3774e40e5dc737", "width": 216}, {"height": 568, "url": "https://preview.redd.it/lgefyj6o6mma1.jpg?width=320&amp;crop=smart&amp;auto=webp&amp;v=enabled&amp;s=d08046f740289b91729d4708d37794481974f3a6", "width": 320}, {"height": 1136, "url": "https://preview.redd.it/lgefyj6o6mma1.jpg?width=640&amp;crop=smart&amp;auto=webp&amp;v=enabled&amp;s=cd41ac52308f873e969127bb12cca5d628930aa1", "width": 640}, {"height": 1705, "url": "https://preview.redd.it/lgefyj6o6mma1.jpg?width=960&amp;crop=smart&amp;auto=webp&amp;v=enabled&amp;s=59312a1519be598b8322fc383839d58be176a30e", "width": 960}, {"height": 1918, "url": "https://preview.redd.it/lgefyj6o6mma1.jpg?width=1080&amp;crop=smart&amp;auto=webp&amp;v=enabled&amp;s=5d7ffce0f5170b70d90cbb25cad69dc326f8c5dc", "width": 1080}], "source": {"height": 4000, "url": "https://preview.redd.it/lgefyj6o6mma1.jpg?auto=webp&amp;v=enabled&amp;s=b02ae308ee94a9128ce5c14ed82e5436bb59a309", "width": 2252}, "variants": {}}]}, "pwls": null, "quarantine": false, "removed_by": null, "removed_by_category": null, "retrieved_on": 1681015856, "score": 14, "secure_media": null, "secure_media_embed": {}, "selftext": "", "send_replies": true, "spoiler": false, "stickied": false, "subreddit": "ThePPShow", "subreddit_id": "t5_7q5o7y", "subreddit_name_prefixed": "r/ThePPShow", "subreddit_subscribers": 1240, "subreddit_type": "public", "suggested_sort": null, "thumbnail": "https://b.thumbs.redditmedia.com/mfriUoga2fQP5oa70_Akj3LRQbEiTk9FNyguqL5samw.jpg", "thumbnail_height": 140, "thumbnail_width": 140, "title": "buy buy baby down / RC tweet hmmm", "top_awarded_type": null, "total_awards_received": 0, "treatment_tags": [], "upvote_ratio": 1.0, "url": "https://i.redd.it/lgefyj6o6mma1.jpg", "url_overridden_by_dest": "https://i.redd.it/lgefyj6o6mma1.jpg", "view_count": null, "whitelist_status": null, "wls": null}, {"all_awardings": [], "allow_live_comments": false, "archived": false, "author": "Aware_Skirt", "author_created_utc": 1590737291, "author_flair_background_color": null, "author_flair_css_class": null, "author_flair_richtext": [], "author_flair_template_id": null, "author_flair_text": null, "author_flair_text_color": null, "author_flair_type": "text", "author_fullname": "t2_6lwygj6r", "author_patreon_flair": false, "author_premium": false, "awarders": [], "banned_by": null, "can_gild": true, "can_mod_post": false, "category": null, "content_categories": null, "contest_mode": false, "created_utc": 1678305304, "discussion_type": null, "distinguished": null, "domain": "self.ThePPShow", "edited": false, "gilded": 0, "gildings": {}, "hidden": false, "hide_score": false, "id": "11m6a1t", "is_created_from_ads_ui": false, "is_crosspostable": true, "is_meta": false, "is_original_content": false, "is_reddit_media_domain": false, "is_robot_indexable": true, "is_self": true, "is_video": false, "link_flair_background_color": "", "link_flair_css_class": null, "link_flair_richtext": [], "link_flair_text": null, "link_flair_text_color": "dark", "link_flair_type": "text", "locked": false, "media": null, "media_embed": {}, "media_only": false, "name": "t3_11m6a1t", "no_follow": false, "num_comments": 15, "num_crossposts": 0, "over_18": false, "parent_whitelist_status": null, "permalink": "/r/ThePPShow/comments/11m6a1t/rc_tweets_when_were_at_an_all_time_low_and_8k/", "pinned": false, "pwls": null, "quarantine": false, "removed_by": null, "removed_by_category": null, "retrieved_on": 1681015875, "score": 38, "secure_media": null, "secure_media_embed": {}, "selftext": "And you\u2019re telling me it\u2019s all coincidence he\u2019s not involved?? Fuck you pay me!", "send_replies": true, "spoiler": false, "stickied": false, "subreddit": "ThePPShow", "subreddit_id": "t5_7q5o7y", "subreddit_name_prefixed": "r/ThePPShow", "subreddit_subscribers": 1240, "subreddit_type": "public", "suggested_sort": null, "thumbnail": "self", "thumbnail_height": null, "thumbnail_width": null, "title": "Rc tweets when we\u2019re at an all time low, and 8k drop, right when bbby and buy buy baby sites goes down\u2026", "top_awarded_type": null, "total_awards_received": 0, "treatment_tags": [], "upvote_ratio": 0.95, "url": "https://www.reddit.com/r/ThePPShow/comments/11m6a1t/rc_tweets_when_were_at_an_all_time_low_and_8k/", "view_count": null, "whitelist_status": null, "wls": null}, {"all_awardings": [], "allow_live_comments": true, "archived": false, "author": "[deleted]", "author_created_utc": null, "author_flair_background_color": "", "author_flair_css_class": null, "author_flair_template_id": null, "author_flair_text": null, "author_flair_text_color": "dark", "awarders": [], "banned_by": null, "can_gild": false, "can_mod_post": false, "category": null, "content_categories": null, "contest_mode": false, "created_utc": 1678305226, "discussion_type": "CHAT", "distinguished": null, "domain": "", "edited": false, "gilded": 0, "gildings": {}, "hidden": false, "hide_score": false, "id": "11m68t3", "is_created_from_ads_ui": false, "is_crosspostable": false, "is_meta": false, "is_original_content": false, "is_reddit_media_domain": false, "is_robot_indexable": false, "is_self": true, "is_video": false, "link_flair_background_color": "", "link_flair_css_class": null, "link_flair_richtext": [], "link_flair_text": null, "link_flair_text_color": "dark", "link_flair_type": "text", "locked": false, "media": null, "media_embed": {}, "media_only": false, "name": "t3_11m68t3", "no_follow": false, "num_comments": 0, "num_crossposts": 0, "over_18": false, "parent_whitelist_status": null, "permalink": "/r/ThePPShow/comments/11m68t3/rc_tweets_when_were_at_an_all_time_low_and_8k/", "pinned": false, "pwls": null, "quarantine": false, "removed_by": null, "removed_by_category": "deleted", "retrieved_on": 1681015876, "score": 1, "secure_media": null, "secure_media_embed": {}, "selftext": "[deleted]", "send_replies": true, "spoiler": false, "stickied": false, "subreddit": "ThePPShow", "subreddit_id": "t5_7q5o7y", "subreddit_name_prefixed": "r/ThePPShow", "subreddit_subscribers": 1240, "subreddit_type": "public", "suggested_sort": "new", "thumbnail": "default", "thumbnail_height": null, "thumbnail_width": null, "title": "Rc tweets when we\u2019re at an all time low, and 8k drop, right when bbby and buy buy baby sites goes down\u2026", "top_awarded_type": null, "total_awards_received": 0, "treatment_tags": [], "upvote_ratio": 1.0, "url": "", "view_count": null, "whitelist_status": null, "wls": null}, {"all_awardings": [], "allow_live_comments": false, "archived": false, "author": "calibull2019", "author_created_utc": 1659657946, "author_flair_background_color": null, "author_flair_css_class": null, "author_flair_richtext": [], "author_flair_template_id": null, "author_flair_text": null, "author_flair_text_color": null, "author_flair_type": "text", "author_fullname": "t2_qxyp6d3x", "author_patreon_flair": false, "author_premium": false, "awarders": [], "banned_by": null, "can_gild": true, "can_mod_post": false, "category": null, "content_categories": null, "contest_mode": false, "created_utc": 1678305078, "discussion_type": null, "distinguished": null, "domain": "twitter.com", "edited": false, "gilded": 0, "gildings": {}, "hidden": false, "hide_score": false, "id": "11m66d8", "is_created_from_ads_ui": false, "is_crosspostable": true, "is_meta": false, "is_original_content": false, "is_reddit_media_domain": false, "is_robot_indexable": true, "is_self": false, "is_video": false, "link_flair_background_color": "", "link_flair_css_class": null, "link_flair_richtext": [], "link_flair_text": null, "link_flair_text_color": "dark", "link_flair_type": "text", "locked": false, "media": {"oembed": {"author_name": "Ryan Cohen", "author_url": "https://twitter.com/ryancohen", "cache_age": 3153600000, "height": null, "html": "&lt;blockquote class=\"twitter-video\"&gt;&lt;p lang=\"ja\" dir=\"ltr\"&gt;\u4f60\u597d&lt;/p&gt;&amp;mdash; Ryan Cohen (@ryancohen) &lt;a href=\"https://twitter.com/ryancohen/status/1633552435267379202?ref_src=twsrc%5Etfw\"&gt;March 8, 2023&lt;/a&gt;&lt;/blockquote&gt;\n&lt;script async src=\"https://platform.twitter.com/widgets.js\" charset=\"utf-8\"&gt;&lt;/script&gt;\n", "provider_name": "Twitter", "provider_url": "https://twitter.com", "type": "rich", "url": "https://twitter.com/ryancohen/status/1633552435267379202", "version": "1.0", "width": 350}, "type": "twitter.com"}, "media_embed": {"content": "&lt;blockquote class=\"twitter-video\"&gt;&lt;p lang=\"ja\" dir=\"ltr\"&gt;\u4f60\u597d&lt;/p&gt;&amp;mdash; Ryan Cohen (@ryancohen) &lt;a href=\"https://twitter.com/ryancohen/status/1633552435267379202?ref_src=twsrc%5Etfw\"&gt;March 8, 2023&lt;/a&gt;&lt;/blockquote&gt;\n&lt;script async src=\"https://platform.twitter.com/widgets.js\" charset=\"utf-8\"&gt;&lt;/script&gt;\n", "height": 200, "scrolling": false, "width": 350}, "media_only": false, "name": "t3_11m66d8", "no_follow": false, "num_comments": 6, "num_crossposts": 0, "over_18": false, "parent_whitelist_status": null, "permalink": "/r/ThePPShow/comments/11m66d8/hello/", "pinned": false, "post_hint": "link", "preview": {"enabled": false, "images": [{"id": "lVj_5S72N8RB60h2PKq__hlT5GSHDdw-KQHIoOWCjv4", "resolutions": [{"height": 108, "url": "https://external-preview.redd.it/qFDa__T0RoBpPykFExlWZd680n2OYqPnBswvwadugVY.jpg?width=108&amp;crop=smart&amp;auto=webp&amp;v=enabled&amp;s=c5c26c23681dce48f5f19364f21e7e6f794a72da", "width": 108}], "source": {"height": 140, "url": "https://external-preview.redd.it/qFDa__T0RoBpPykFExlWZd680n2OYqPnBswvwadugVY.jpg?auto=webp&amp;v=enabled&amp;s=7cb9e61e3201bc038f4e6808372ffd93fd3ad78d", "width": 140}, "variants": {}}]}, "pwls": null, "quarantine": false, "removed_by": null, "removed_by_category": null, "retrieved_on": 1681015878, "score": 15, "secure_media": {"oembed": {"author_name": "Ryan Cohen", "author_url": "https://twitter.com/ryancohen", "cache_age": 3153600000, "height": null, "html": "&lt;blockquote class=\"twitter-video\"&gt;&lt;p lang=\"ja\" dir=\"ltr\"&gt;\u4f60\u597d&lt;/p&gt;&amp;mdash; Ryan Cohen (@ryancohen) &lt;a href=\"https://twitter.com/ryancohen/status/1633552435267379202?ref_src=twsrc%5Etfw\"&gt;March 8, 2023&lt;/a&gt;&lt;/blockquote&gt;\n&lt;script async src=\"https://platform.twitter.com/widgets.js\" charset=\"utf-8\"&gt;&lt;/script&gt;\n", "provider_name": "Twitter", "provider_url": "https://twitter.com", "type": "rich", "url": "https://twitter.com/ryancohen/status/1633552435267379202", "version": "1.0", "width": 350}, "type": "twitter.com"}, "secure_media_embed": {"content": "&lt;blockquote class=\"twitter-video\"&gt;&lt;p lang=\"ja\" dir=\"ltr\"&gt;\u4f60\u597d&lt;/p&gt;&amp;mdash; Ryan Cohen (@ryancohen) &lt;a href=\"https://twitter.com/ryancohen/status/1633552435267379202?ref_src=twsrc%5Etfw\"&gt;March 8, 2023&lt;/a&gt;&lt;/blockquote&gt;\n&lt;script async src=\"https://platform.twitter.com/widgets.js\" charset=\"utf-8\"&gt;&lt;/script&gt;\n", "height": 200, "media_domain_url": "https://www.redditmedia.com/mediaembed/11m66d8", "scrolling": false, "width": 350}, "selftext": "", "send_replies": true, "spoiler": false, "stickied": false, "subreddit": "ThePPShow", "subreddit_id": "t5_7q5o7y", "subreddit_name_prefixed": "r/ThePPShow", "subreddit_subscribers": 1240, "subreddit_type": "public", "suggested_sort": null, "thumbnail": "https://a.thumbs.redditmedia.com/slLkpZ5T_aDKNlHQwjsQ9gMtJW0Cw8y_OHRSzLwNSm0.jpg", "thumbnail_height": 140, "thumbnail_width": 140, "title": "hello?", "top_awarded_type": null, "total_awards_received": 0, "treatment_tags": [], "upvote_ratio": 0.94, "url": "https://twitter.com/ryancohen/status/1633552435267379202?t=qu-aN_pYOH-wuFslDLXZkQ&amp;s=34", "url_overridden_by_dest": "https://twitter.com/ryancohen/status/1633552435267379202?t=qu-aN_pYOH-wuFslDLXZkQ&amp;s=34", "view_count": null, "whitelist_status": null, "wls": null}, {"all_awardings": [], "allow_live_comments": false, "archived": false, "author": "Euxkan", "author_created_utc": 1611710330, "author_flair_background_color": null, "author_flair_css_class": null, "author_flair_richtext": [], "author_flair_template_id": null, "author_flair_text": null, "author_flair_text_color": null, "author_flair_type": "text", "author_fullname": "t2_8guwsbir", "author_patreon_flair": false, "author_premium": false, "awarders": [], "banned_by": null, "can_gild": true, "can_mod_post": false, "category": null, "content_categories": null, "contest_mode": false, "created_utc": 1678302766, "discussion_type": null, "distinguished": null, "domain": "self.ThePPShow", "edited": false, "gilded": 0, "gildings": {}, "hidden": false, "hide_score": false, "id": "11m5500", "is_created_from_ads_ui": false, "is_crosspostable": true, "is_meta": false, "is_original_content": false, "is_reddit_media_domain": false, "is_robot_indexable": true, "is_self": true, "is_video": false, "link_flair_background_color": "", "link_flair_css_class": null, "link_flair_richtext": [], "link_flair_text": null, "link_flair_text_color": "dark", "link_flair_type": "text", "locked": false, "media": null, "media_embed": {}, "media_only": false, "name": "t3_11m5500", "no_follow": false, "num_comments": 5, "num_crossposts": 0, "over_18": false, "parent_whitelist_status": null, "permalink": "/r/ThePPShow/comments/11m5500/anyone_still_holding_are_you_still_holding/", "pinned": false, "pwls": null, "quarantine": false, "removed_by": null, "removed_by_category": null, "retrieved_on": 1681015916, "score": 5, "secure_media": null, "secure_media_embed": {}, "selftext": "I am new to Option and +90% down. Is anyone here in the same shoe as I am and any plans. I have bunch of 2024 Jan C's which I do not worry but my March and April... I do. Not asking FA. Just share your NFA thoughts.", "send_replies": true, "spoiler": false, "stickied": false, "subreddit": "ThePPShow", "subreddit_id": "t5_7q5o7y", "subreddit_name_prefixed": "r/ThePPShow", "subreddit_subscribers": 1240, "subreddit_type": "public", "suggested_sort": null, "thumbnail": "self", "thumbnail_height": null, "thumbnail_width": null, "title": "Anyone still holding Are you still holding March-17 $C3 and $5C?", "top_awarded_type": null, "total_awards_received": 0, "treatment_tags": [], "upvote_ratio": 1.0, "url": "https://www.reddit.com/r/ThePPShow/comments/11m5500/anyone_still_holding_are_you_still_holding/", "view_count": null, "whitelist_status": null, "wls": null}, {"all_awardings": [], "allow_live_comments": false, "archived": false, "author": "ppseeds", "author_created_utc": 1518222553, "author_flair_background_color": null, "author_flair_css_class": null, "author_flair_richtext": [], "author_flair_template_id": null, "author_flair_text": null, "author_flair_text_color": null, "author_flair_type": "text", "author_fullname": "t2_w7v9rg0", "author_patreon_flair": false, "author_premium": true, "awarders": [], "banned_by": null, "can_gild": true, "can_mod_post": false, "category": null, "content_categories": null, "contest_mode": false, "created_utc": 1678297370, "discussion_type": null, "distinguished": null, "domain": "self.ThePPShow", "edited": false, "gilded": 0, "gildings": {}, "hidden": false, "hide_score": false, "id": "11m2rfn", "is_created_from_ads_ui": false, "is_crosspostable": true, "is_meta": false, "is_original_content": false, "is_reddit_media_domain": false, "is_robot_indexable": true, "is_self": true, "is_video": false, "link_flair_background_color": "#ffd635", "link_flair_css_class": "", "link_flair_richtext": [], "link_flair_template_id": "b389bcaa-8f0a-11ed-9b6e-1e9f599434b1", "link_flair_text": "Stream announcement ", "link_flair_text_color": "dark", "link_flair_type": "text", "locked": false, "media": null, "media_embed": {}, "media_only": false, "name": "t3_11m2rfn", "no_follow": false, "num_comments": 20, "num_crossposts": 0, "over_18": false, "parent_whitelist_status": null, "permalink": "/r/ThePPShow/comments/11m2rfn/theppshow_tonight_at_7pmct/", "pinned": false, "pwls": null, "quarantine": false, "removed_by": null, "removed_by_category": null, "retrieved_on": 1681016005, "score": 27, "secure_media": null, "secure_media_embed": {}, "selftext": "", "send_replies": true, "spoiler": false, "stickied": false, "subreddit": "ThePPShow", "subreddit_id": "t5_7q5o7y", "subreddit_name_prefixed": "r/ThePPShow", "subreddit_subscribers": 1240, "subreddit_type": "public", "suggested_sort": null, "thumbnail": "self", "thumbnail_height": null, "thumbnail_width": null, "title": "ThePPShow tonight at 7PMCT!!", "top_awarded_type": null, "total_awards_received": 0, "treatment_tags": [], "upvote_ratio": 1.0, "url": "https://www.reddit.com/r/ThePPShow/comments/11m2rfn/theppshow_tonight_at_7pmct/", "view_count": null, "whitelist_status": null, "wls": null}, {"all_awardings": [], "allow_live_comments": false, "archived": false, "author": "moonshot_69", "author_created_utc": 1662328354, "author_flair_background_color": null, "author_flair_css_class": null, "author_flair_richtext": [], "author_flair_template_id": null, "author_flair_text": null, "author_flair_text_color": null, "author_flair_type": "text", "author_fullname": "t2_rpv9h1mq", "author_patreon_flair": false, "author_premium": true, "awarders": [], "banned_by": null, "can_gild": true, "can_mod_post": false, "category": null, "content_categories": null, "contest_mode": false, "created_utc": 1678293384, "discussion_type": null, "distinguished": null, "domain": "self.ThePPShow", "edited": false, "gilded": 0, "gildings": {}, "hidden": false, "hide_score": false, "id": "11m0zig", "is_created_from_ads_ui": false, "is_crosspostable": true, "is_meta": false, "is_original_content": false, "is_reddit_media_domain": false, "is_robot_indexable": true, "is_self": true, "is_video": false, "link_flair_background_color": "", "link_flair_css_class": null, "link_flair_richtext": [], "link_flair_text": null, "link_flair_text_color": "dark", "link_flair_type": "text", "locked": false, "media": null, "media_embed": {}, "media_only": false, "name": "t3_11m0zig", "no_follow": false, "num_comments": 11, "num_crossposts": 0, "over_18": false, "parent_whitelist_status": null, "permalink": "/r/ThePPShow/comments/11m0zig/can_someone_give_me_the_too_long_didnt_listen/", "pinned": false, "pwls": null, "quarantine": false, "removed_by": null, "removed_by_category": null, "retrieved_on": 1681016071, "score": 5, "secure_media": null, "secure_media_embed": {}, "selftext": "", "send_replies": true, "spoiler": false, "stickied": false, "subreddit": "ThePPShow", "subreddit_id": "t5_7q5o7y", "subreddit_name_prefixed": "r/ThePPShow", "subreddit_subscribers": 1240, "subreddit_type": "public", "suggested_sort": null, "thumbnail": "self", "thumbnail_height": null, "thumbnail_width": null, "title": "Can someone give me the too long didn\u2019t listen TLDL on ABC\u2019s theory that the merger was delayed on February 12th or something like that", "top_awarded_type": null, "total_awards_received": 0, "treatment_tags": [], "upvote_ratio": 0.78, "url": "https://www.reddit.com/r/ThePPShow/comments/11m0zig/can_someone_give_me_the_too_long_didnt_listen/", "view_count": null, "whitelist_status": null, "wls": null}, {"all_awardings": [], "allow_live_comments": false, "archived": false, "author": "ppseeds", "author_created_utc": 1518222553, "author_flair_background_color": null, "author_flair_css_class": null, "author_flair_richtext": [], "author_flair_template_id": null, "author_flair_text": null, "author_flair_text_color": null, "author_flair_type": "text", "author_fullname": "t2_w7v9rg0", "author_patreon_flair": false, "author_premium": true, "awarders": [], "banned_by": null, "can_gild": true, "can_mod_post": false, "category": null, "content_categories": null, "contest_mode": false, "created_utc": 1678256921, "discussion_type": null, "distinguished": "moderator", "domain": "i.redd.it", "edited": false, "gilded": 0, "gildings": {}, "hidden": false, "hide_score": false, "id": "11lommu", "is_created_from_ads_ui": false, "is_crosspostable": true, "is_meta": false, "is_original_content": false, "is_reddit_media_domain": true, "is_robot_indexable": true, "is_self": false, "is_video": false, "link_flair_background_color": "#ffd635", "link_flair_css_class": "", "link_flair_richtext": [], "link_flair_template_id": "b479f938-a5ec-11ed-8dc6-06e6317e03d0", "link_flair_text": "memes", "link_flair_text_color": "dark", "link_flair_type": "text", "locked": false, "media": null, "media_embed": {}, "media_only": false, "name": "t3_11lommu", "no_follow": false, "num_comments": 13, "num_crossposts": 0, "over_18": false, "parent_whitelist_status": null, "permalink": "/r/ThePPShow/comments/11lommu/well_fuck_what_am_i_supposed_to_do_now_for_2/", "pinned": false, "post_hint": "image", "preview": {"enabled": true, "images": [{"id": "fGd5wQEAhcNtyDLRANecMjSCopfRWwFS5OYiehMCkA8", "resolutions": [{"height": 73, "url": "https://preview.redd.it/gstflysg3ima1.jpg?width=108&amp;crop=smart&amp;auto=webp&amp;v=enabled&amp;s=993141a21ab727f8919b1959a55661cac7ab610c", "width": 108}, {"height": 146, "url": "https://preview.redd.it/gstflysg3ima1.jpg?width=216&amp;crop=smart&amp;auto=webp&amp;v=enabled&amp;s=048dba24ad40a74b77b3442b64cf9c102445db62", "width": 216}, {"height": 217, "url": "https://preview.redd.it/gstflysg3ima1.jpg?width=320&amp;crop=smart&amp;auto=webp&amp;v=enabled&amp;s=e6e93eab8892ba82fcff742101f5d4d92ac067db", "width": 320}, {"height": 434, "url": "https://preview.redd.it/gstflysg3ima1.jpg?width=640&amp;crop=smart&amp;auto=webp&amp;v=enabled&amp;s=f07af8740a7e07ea5cc5b112423de46cc091bc44", "width": 640}, {"height": 651, "url": "https://preview.redd.it/gstflysg3ima1.jpg?width=960&amp;crop=smart&amp;auto=webp&amp;v=enabled&amp;s=48636eb13527edb74aec66c0e22852c6b3fef74a", "width": 960}, {"height": 733, "url": "https://preview.redd.it/gstflysg3ima1.jpg?width=1080&amp;crop=smart&amp;auto=webp&amp;v=enabled&amp;s=b0ccd4eabea74088eca3336e4a2409b10ee51b8c", "width": 1080}], "source": {"height": 1697, "url": "https://preview.redd.it/gstflysg3ima1.jpg?auto=webp&amp;v=enabled&amp;s=fc76879c948341648958e37deec29fad54699945", "width": 2500}, "variants": {}}]}, "pwls": null, "quarantine": false, "removed_by": null, "removed_by_category": null, "retrieved_on": 1681016542, "score": 43, "secure_media": null, "secure_media_embed": {}, "selftext": "", "send_replies": true, "spoiler": false, "stickied": false, "subreddit": "ThePPShow", "subreddit_id": "t5_7q5o7y", "subreddit_name_prefixed": "r/ThePPShow", "subreddit_subscribers": 1240, "subreddit_type": "public", "suggested_sort": null, "thumbnail": "https://b.thumbs.redditmedia.com/uKSxmIO9NTjsZld8wYIxs2ZQZV4fL6SlW71Recf51ho.jpg", "thumbnail_height": 95, "thumbnail_width": 140, "title": "Well fuck what am I supposed to do now for 2 weeks? Guess UCopy will need to hold things down with me.", "top_awarded_type": null, "total_awards_received": 0, "treatment_tags": [], "upvote_ratio": 0.96, "url": "https://i.redd.it/gstflysg3ima1.jpg", "url_overridden_by_dest": "https://i.redd.it/gstflysg3ima1.jpg", "view_count": null, "whitelist_status": null, "wls": null}, {"all_awardings": [], "allow_live_comments": false, "archived": false, "author": "New-Incident8521", "author_created_utc": 1622774288, "author_flair_background_color": null, "author_flair_css_class": null, "author_flair_richtext": [], "author_flair_template_id": null, "author_flair_text": null, "author_flair_text_color": null, "author_flair_type": "text", "author_fullname": "t2_cil2r55c", "author_patreon_flair": false, "author_premium": false, "awarders": [], "banned_by": null, "can_gild": true, "can_mod_post": false, "category": null, "content_categories": null, "contest_mode": false, "created_utc": 1678252860, "crosspost_parent": "t3_11la00t", "crosspost_parent_list": [{"all_awardings": [], "allow_live_comments": true, "approved_at_utc": null, "approved_by": null, "archived": false, "author": "AkkarinPrime", "author_flair_background_color": "#373c3f", "author_flair_css_class": null, "author_flair_richtext": [{"e": "text", "t": "Yuki, Yuna and Apes on Tour"}], "author_flair_template_id": "8abdf72e-f3ce-11eb-b3e3-22147bc43b70", "author_flair_text": "Yuki, Yuna and Apes on Tour", "author_flair_text_color": "light", "author_flair_type": "richtext", "author_fullname": "t2_3og09m2c", "author_is_blocked": false, "author_patreon_flair": false, "author_premium": true, "awarders": [], "banned_at_utc": null, "banned_by": null, "can_gild": true, "can_mod_post": false, "category": null, "clicked": false, "content_categories": null, "contest_mode": false, "created": 1678220185.0, "created_utc": 1678220185.0, "discussion_type": null, "distinguished": null, "domain": "twitter.com", "downs": 0, "edited": false, "gilded": 0, "gildings": {}, "hidden": false, "hide_score": false, "id": "11la00t", "is_created_from_ads_ui": false, "is_crosspostable": true, "is_meta": false, "is_original_content": false, "is_reddit_media_domain": false, "is_robot_indexable": true, "is_self": false, "is_video": false, "likes": null, "link_flair_background_color": "#ff4500", "link_flair_css_class": "", "link_flair_richtext": [{"e": "text", "t": "\ud83d\udcf3Social Media"}], "link_flair_template_id": "21bdcf8c-b694-11eb-840a-0e77b07c6f39", "link_flair_text": "\ud83d\udcf3Social Media", "link_flair_text_color": "light", "link_flair_type": "richtext", "locked": false, "media": {"oembed": {"author_name": "Bloomberg TV", "author_url": "https://twitter.com/BloombergTV", "cache_age": 3153600000, "height": null, "html": "&lt;blockquote class=\"twitter-video\"&gt;&lt;p lang=\"en\" dir=\"ltr\"&gt;NEW: Citadel CEO Ken Griffin joins Bloomberg TV in Palm Beach, Florida for an exclusive interview &lt;a href=\"https://t.co/L4enkHalQ1\"&gt;https://t.co/L4enkHalQ1&lt;/a&gt; &lt;a href=\"https://t.co/uK5gszasZd\"&gt;pic.twitter.com/uK5gszasZd&lt;/a&gt;&lt;/p&gt;&amp;mdash; Bloomberg TV (@BloombergTV) &lt;a href=\"https://twitter.com/BloombergTV/status/1633199241689706499?ref_src=twsrc%5Etfw\"&gt;March 7, 2023&lt;/a&gt;&lt;/blockquote&gt;\n&lt;script async src=\"https://platform.twitter.com/widgets.js\" charset=\"utf-8\"&gt;&lt;/script&gt;\n", "provider_name": "Twitter", "provider_url": "https://twitter.com", "type": "rich", "url": "https://twitter.com/BloombergTV/status/1633199241689706499", "version": "1.0", "width": 350}, "type": "twitter.com"}, "media_embed": {"content": "&lt;blockquote class=\"twitter-video\"&gt;&lt;p lang=\"en\" dir=\"ltr\"&gt;NEW: Citadel CEO Ken Griffin joins Bloomberg TV in Palm Beach, Florida for an exclusive interview &lt;a href=\"https://t.co/L4enkHalQ1\"&gt;https://t.co/L4enkHalQ1&lt;/a&gt; &lt;a href=\"https://t.co/uK5gszasZd\"&gt;pic.twitter.com/uK5gszasZd&lt;/a&gt;&lt;/p&gt;&amp;mdash; Bloomberg TV (@BloombergTV) &lt;a href=\"https://twitter.com/BloombergTV/status/1633199241689706499?ref_src=twsrc%5Etfw\"&gt;March 7, 2023&lt;/a&gt;&lt;/blockquote&gt;\n&lt;script async src=\"https://platform.twitter.com/widgets.js\" charset=\"utf-8\"&gt;&lt;/script&gt;\n", "height": 200, "scrolling": false, "width": 350}, "media_only": false, "mod_note": null, "mod_reason_by": null, "mod_reason_title": null, "mod_reports": [], "name": "t3_11la00t", "no_follow": false, "num_comments": 52, "num_crossposts": 2, "num_reports": null, "over_18": false, "parent_whitelist_status": "all_ads", "permalink": "/r/Superstonk/comments/11la00t/citadel_ceo_ken_griffin_joins_bloomberg_tv_for_an/", "pinned": false, "post_hint": "link", "preview": {"enabled": false, "images": [{"id": "pG-cSaqV_9b0aNX6WTlSTN1CP4C4YLe17X2LvvfRiWY", "resolutions": [{"height": 60, "url": "https://external-preview.redd.it/Aa-aDPrTof6u5Hr8Z604AhLu9LJ8zsXiVFQtuTmU37A.jpg?width=108&amp;crop=smart&amp;auto=webp&amp;v=enabled&amp;s=e17f029ad6abeb20935beac7e618281261a7f64b", "width": 108}], "source": {"height": 78, "url": "https://external-preview.redd.it/Aa-aDPrTof6u5Hr8Z604AhLu9LJ8zsXiVFQtuTmU37A.jpg?auto=webp&amp;v=enabled&amp;s=810030da5e6fa847d809e86798cdd4707a020ef6", "width": 140}, "variants": {}}]}, "pwls": 6, "quarantine": false, "removal_reason": null, "removed_by": null, "removed_by_category": null, "report_reasons": null, "saved": false, "score": 486, "secure_media": {"oembed": {"author_name": "Bloomberg TV", "author_url": "https://twitter.com/BloombergTV", "cache_age": 3153600000, "height": null, "html": "&lt;blockquote class=\"twitter-video\"&gt;&lt;p lang=\"en\" dir=\"ltr\"&gt;NEW: Citadel CEO Ken Griffin joins Bloomberg TV in Palm Beach, Florida for an exclusive interview &lt;a href=\"https://t.co/L4enkHalQ1\"&gt;https://t.co/L4enkHalQ1&lt;/a&gt; &lt;a href=\"https://t.co/uK5gszasZd\"&gt;pic.twitter.com/uK5gszasZd&lt;/a&gt;&lt;/p&gt;&amp;mdash; Bloomberg TV (@BloombergTV) &lt;a href=\"https://twitter.com/BloombergTV/status/1633199241689706499?ref_src=twsrc%5Etfw\"&gt;March 7, 2023&lt;/a&gt;&lt;/blockquote&gt;\n&lt;script async src=\"https://platform.twitter.com/widgets.js\" charset=\"utf-8\"&gt;&lt;/script&gt;\n", "provider_name": "Twitter", "provider_url": "https://twitter.com", "type": "rich", "url": "https://twitter.com/BloombergTV/status/1633199241689706499", "version": "1.0", "width": 350}, "type": "twitter.com"}, "secure_media_embed": {"content": "&lt;blockquote class=\"twitter-video\"&gt;&lt;p lang=\"en\" dir=\"ltr\"&gt;NEW: Citadel CEO Ken Griffin joins Bloomberg TV in Palm Beach, Florida for an exclusive interview &lt;a href=\"https://t.co/L4enkHalQ1\"&gt;https://t.co/L4enkHalQ1&lt;/a&gt; &lt;a href=\"https://t.co/uK5gszasZd\"&gt;pic.twitter.com/uK5gszasZd&lt;/a&gt;&lt;/p&gt;&amp;mdash; Bloomberg TV (@BloombergTV) &lt;a href=\"https://twitter.com/BloombergTV/status/1633199241689706499?ref_src=twsrc%5Etfw\"&gt;March 7, 2023&lt;/a&gt;&lt;/blockquote&gt;\n&lt;script async src=\"https://platform.twitter.com/widgets.js\" charset=\"utf-8\"&gt;&lt;/script&gt;\n", "height": 200, "media_domain_url": "https://www.redditmedia.com/mediaembed/11la00t", "scrolling": false, "width": 350}, "selftext": "", "selftext_html": null, "send_replies": false, "spoiler": false, "stickied": false, "subreddit": "Superstonk", "subreddit_id": "t5_43zwn1", "subreddit_name_prefixed": "r/Superstonk", "subreddit_subscribers": 874407, "subreddit_type": "public", "suggested_sort": null, "thumbnail": "https://b.thumbs.redditmedia.com/REdPuZDUUrZmHY11CqCXxkq0L2bI-HCHTnoqwGvwx_s.jpg", "thumbnail_height": 78, "thumbnail_width": 140, "title": "Citadel CEO Ken Griffin joins BLOOMBERG TV for an exclusive Interview", "top_awarded_type": null, "total_awards_received": 0, "treatment_tags": [], "ups": 486, "upvote_ratio": 0.93, "url": "https://twitter.com/bloombergtv/status/1633199241689706499?s=46&amp;t=lOQjbC3t0JxXNvDO3nYP7w", "url_overridden_by_dest": "https://twitter.com/bloombergtv/status/1633199241689706499?s=46&amp;t=lOQjbC3t0JxXNvDO3nYP7w", "user_reports": [], "view_count": null, "visited": false, "whitelist_status": "all_ads", "wls": 6}], "discussion_type": null, "distinguished": null, "domain": "twitter.com", "edited": false, "gilded": 0, "gildings": {}, "hidden": false, "hide_score": false, "id": "11lnbfh", "is_created_from_ads_ui": false, "is_crosspostable": true, "is_meta": false, "is_original_content": false, "is_reddit_media_domain": false, "is_robot_indexable": true, "is_self": false, "is_video": false, "link_flair_background_color": "", "link_flair_css_class": null, "link_flair_richtext": [], "link_flair_text": null, "link_flair_text_color": "dark", "link_flair_type": "text", "locked": false, "media": {"oembed": {"author_name": "Bloomberg TV", "author_url": "https://twitter.com/BloombergTV", "cache_age": 3153600000, "height": null, "html": "&lt;blockquote class=\"twitter-video\"&gt;&lt;p lang=\"en\" dir=\"ltr\"&gt;NEW: Citadel CEO Ken Griffin joins Bloomberg TV in Palm Beach, Florida for an exclusive interview &lt;a href=\"https://t.co/L4enkHalQ1\"&gt;https://t.co/L4enkHalQ1&lt;/a&gt; &lt;a href=\"https://t.co/uK5gszasZd\"&gt;pic.twitter.com/uK5gszasZd&lt;/a&gt;&lt;/p&gt;&amp;mdash; Bloomberg TV (@BloombergTV) &lt;a href=\"https://twitter.com/BloombergTV/status/1633199241689706499?ref_src=twsrc%5Etfw\"&gt;March 7, 2023&lt;/a&gt;&lt;/blockquote&gt;\n&lt;script async src=\"https://platform.twitter.com/widgets.js\" charset=\"utf-8\"&gt;&lt;/script&gt;\n", "provider_name": "Twitter", "provider_url": "https://twitter.com", "type": "rich", "url": "https://twitter.com/BloombergTV/status/1633199241689706499", "version": "1.0", "width": 350}, "type": "twitter.com"}, "media_embed": {"content": "&lt;blockquote class=\"twitter-video\"&gt;&lt;p lang=\"en\" dir=\"ltr\"&gt;NEW: Citadel CEO Ken Griffin joins Bloomberg TV in Palm Beach, Florida for an exclusive interview &lt;a href=\"https://t.co/L4enkHalQ1\"&gt;https://t.co/L4enkHalQ1&lt;/a&gt; &lt;a href=\"https://t.co/uK5gszasZd\"&gt;pic.twitter.com/uK5gszasZd&lt;/a&gt;&lt;/p&gt;&amp;mdash; Bloomberg TV (@BloombergTV) &lt;a href=\"https://twitter.com/BloombergTV/status/1633199241689706499?ref_src=twsrc%5Etfw\"&gt;March 7, 2023&lt;/a&gt;&lt;/blockquote&gt;\n&lt;script async src=\"https://platform.twitter.com/widgets.js\" charset=\"utf-8\"&gt;&lt;/script&gt;\n", "height": 200, "scrolling": false, "width": 350}, "media_only": false, "name": "t3_11lnbfh", "no_follow": false, "num_comments": 5, "num_crossposts": 0, "over_18": false, "parent_whitelist_status": null, "permalink": "/r/ThePPShow/comments/11lnbfh/citadel_ceo_ken_griffin_joins_bloomberg_tv_for_an/", "pinned": false, "post_hint": "link", "preview": {"enabled": false, "images": [{"id": "pG-cSaqV_9b0aNX6WTlSTN1CP4C4YLe17X2LvvfRiWY", "resolutions": [{"height": 60, "url": "https://external-preview.redd.it/Aa-aDPrTof6u5Hr8Z604AhLu9LJ8zsXiVFQtuTmU37A.jpg?width=108&amp;crop=smart&amp;auto=webp&amp;v=enabled&amp;s=e17f029ad6abeb20935beac7e618281261a7f64b", "width": 108}], "source": {"height": 78, "url": "https://external-preview.redd.it/Aa-aDPrTof6u5Hr8Z604AhLu9LJ8zsXiVFQtuTmU37A.jpg?auto=webp&amp;v=enabled&amp;s=810030da5e6fa847d809e86798cdd4707a020ef6", "width": 140}, "variants": {}}]}, "pwls": null, "quarantine": false, "removed_by": null, "removed_by_category": null, "retrieved_on": 1681016588, "score": 11, "secure_media": {"oembed": {"author_name": "Bloomberg TV", "author_url": "https://twitter.com/BloombergTV", "cache_age": 3153600000, "height": null, "html": "&lt;blockquote class=\"twitter-video\"&gt;&lt;p lang=\"en\" dir=\"ltr\"&gt;NEW: Citadel CEO Ken Griffin joins Bloomberg TV in Palm Beach, Florida for an exclusive interview &lt;a href=\"https://t.co/L4enkHalQ1\"&gt;https://t.co/L4enkHalQ1&lt;/a&gt; &lt;a href=\"https://t.co/uK5gszasZd\"&gt;pic.twitter.com/uK5gszasZd&lt;/a&gt;&lt;/p&gt;&amp;mdash; Bloomberg TV (@BloombergTV) &lt;a href=\"https://twitter.com/BloombergTV/status/1633199241689706499?ref_src=twsrc%5Etfw\"&gt;March 7, 2023&lt;/a&gt;&lt;/blockquote&gt;\n&lt;script async src=\"https://platform.twitter.com/widgets.js\" charset=\"utf-8\"&gt;&lt;/script&gt;\n", "provider_name": "Twitter", "provider_url": "https://twitter.com", "type": "rich", "url": "https://twitter.com/BloombergTV/status/1633199241689706499", "version": "1.0", "width": 350}, "type": "twitter.com"}, "secure_media_embed": {"content": "&lt;blockquote class=\"twitter-video\"&gt;&lt;p lang=\"en\" dir=\"ltr\"&gt;NEW: Citadel CEO Ken Griffin joins Bloomberg TV in Palm Beach, Florida for an exclusive interview &lt;a href=\"https://t.co/L4enkHalQ1\"&gt;https://t.co/L4enkHalQ1&lt;/a&gt; &lt;a href=\"https://t.co/uK5gszasZd\"&gt;pic.twitter.com/uK5gszasZd&lt;/a&gt;&lt;/p&gt;&amp;mdash; Bloomberg TV (@BloombergTV) &lt;a href=\"https://twitter.com/BloombergTV/status/1633199241689706499?ref_src=twsrc%5Etfw\"&gt;March 7, 2023&lt;/a&gt;&lt;/blockquote&gt;\n&lt;script async src=\"https://platform.twitter.com/widgets.js\" charset=\"utf-8\"&gt;&lt;/script&gt;\n", "height": 200, "media_domain_url": "https://www.redditmedia.com/mediaembed/11lnbfh", "scrolling": false, "width": 350}, "selftext": "", "send_replies": false, "spoiler": false, "stickied": false, "subreddit": "ThePPShow", "subreddit_id": "t5_7q5o7y", "subreddit_name_prefixed": "r/ThePPShow", "subreddit_subscribers": 1240, "subreddit_type": "public", "suggested_sort": null, "thumbnail": "https://b.thumbs.redditmedia.com/REdPuZDUUrZmHY11CqCXxkq0L2bI-HCHTnoqwGvwx_s.jpg", "thumbnail_height": 78, "thumbnail_width": 140, "title": "Citadel CEO Ken Griffin joins BLOOMBERG TV for an exclusive Interview. You know he\u2019s a nervous criminal when you pay attention to his hand movement.", "top_awarded_type": null, "total_awards_received": 0, "treatment_tags": [], "upvote_ratio": 0.99, "url": "https://twitter.com/bloombergtv/status/1633199241689706499?s=46&amp;t=lOQjbC3t0JxXNvDO3nYP7w", "url_overridden_by_dest": "https://twitter.com/bloombergtv/status/1633199241689706499?s=46&amp;t=lOQjbC3t0JxXNvDO3nYP7w", "view_count": null, "whitelist_status": null, "wls": null}], "metadata": {"op_a": 63, "op_b": 50, "total": 113}, "error": null}