{"data": [{"all_awardings": [], "allow_live_comments": false, "archived": false, "author": "starshippr", "author_created_utc": 1612092309, "author_flair_background_color": null, "author_flair_css_class": null, "author_flair_richtext": [], "author_flair_template_id": null, "author_flair_text": null, "author_flair_text_color": null, "author_flair_type": "text", "author_fullname": "t2_9at0oc35", "author_patreon_flair": false, "author_premium": false, "awarders": [], "banned_by": null, "can_gild": true, "can_mod_post": false, "category": null, "content_categories": null, "contest_mode": false, "created_utc": 1675722572, "crosspost_parent": "t3_10vk9xw", "crosspost_parent_list": [{"all_awardings": [], "allow_live_comments": false, "approved_at_utc": null, "approved_by": null, "archived": false, "author": "starshippr", "author_flair_background_color": null, "author_flair_css_class": null, "author_flair_richtext": [], "author_flair_template_id": null, "author_flair_text": null, "author_flair_text_color": null, "author_flair_type": "text", "author_fullname": "t2_9at0oc35", "author_is_blocked": false, "author_patreon_flair": false, "author_premium": false, "awarders": [], "banned_at_utc": null, "banned_by": null, "can_gild": true, "can_mod_post": false, "category": null, "clicked": false, "content_categories": null, "contest_mode": false, "created": 1675722517.0, "created_utc": 1675722517.0, "discussion_type": null, "distinguished": null, "domain": "reddit.com", "downs": 0, "edited": false, "gallery_data": {"items": [{"caption": "Official Statement", "id": 237864980, "media_id": "ypq40oju9nga1"}, {"caption": "High-Low game in this day!", "id": 237864981, "media_id": "0k4g9nju9nga1"}, {"caption": "BOBBY TODAY WHEN THE ANNOUNCEMENT WERE MADE!", "id": 237864982, "media_id": "7cyfapju9nga1"}]}, "gilded": 0, "gildings": {}, "hidden": false, "hide_score": false, "id": "10vk9xw", "is_created_from_ads_ui": false, "is_crosspostable": true, "is_gallery": true, "is_meta": false, "is_original_content": false, "is_reddit_media_domain": false, "is_robot_indexable": true, "is_self": false, "is_video": false, "likes": null, "link_flair_background_color": "", "link_flair_css_class": null, "link_flair_richtext": [], "link_flair_text": null, "link_flair_text_color": "dark", "link_flair_type": "text", "locked": false, "media": null, "media_embed": {}, "media_metadata": {"0k4g9nju9nga1": {"e": "Image", "id": "0k4g9nju9nga1", "m": "image/jpg", "p": [{"u": "https://preview.redd.it/0k4g9nju9nga1.jpg?width=108&amp;crop=smart&amp;auto=webp&amp;v=enabled&amp;s=3ecfd73c0779f7f5dacbd183f7029fdace48f853", "x": 108, "y": 216}, {"u": "https://preview.redd.it/0k4g9nju9nga1.jpg?width=216&amp;crop=smart&amp;auto=webp&amp;v=enabled&amp;s=ee8a2c8435a20a995a26561fe4aea7cfd686154f", "x": 216, "y": 432}, {"u": "https://preview.redd.it/0k4g9nju9nga1.jpg?width=320&amp;crop=smart&amp;auto=webp&amp;v=enabled&amp;s=ed02ec7c65fd9f1f36a3874d51387a8ee691ba4a", "x": 320, "y": 640}, {"u": "https://preview.redd.it/0k4g9nju9nga1.jpg?width=640&amp;crop=smart&amp;auto=webp&amp;v=enabled&amp;s=caabb42696cf8422033cde38621ff9134134f75f", "x": 640, "y": 1280}, {"u": "https://preview.redd.it/0k4g9nju9nga1.jpg?width=960&amp;crop=smart&amp;auto=webp&amp;v=enabled&amp;s=4cd15250cfe5f4b02dc28d24487f4cf3a07dc748", "x": 960, "y": 1920}, {"u": "https://preview.redd.it/0k4g9nju9nga1.jpg?width=1080&amp;crop=smart&amp;auto=webp&amp;v=enabled&amp;s=387b4d4fb164e0c07eafdd4aa91600f0dc69f40d", "x": 1080, "y": 2160}], "s": {"u": "https://preview.redd.it/0k4g9nju9nga1.jpg?width=1170&amp;format=pjpg&amp;auto=webp&amp;v=enabled&amp;s=b904c8c7de3e7cf360ca0c3b8aa2b0e3d9603793", "x": 1170, "y": 2532}, "status": "valid"}, "7cyfapju9nga1": {"e": "Image", "id": "7cyfapju9nga1", "m": "image/jpg", "p": [{"u": "https://preview.redd.it/7cyfapju9nga1.jpg?width=108&amp;crop=smart&amp;auto=webp&amp;v=enabled&amp;s=aa6f785d504e78e65fd10f43872a8d6e0a0eeb2e", "x": 108, "y": 216}, {"u": "https://preview.redd.it/7cyfapju9nga1.jpg?width=216&amp;crop=smart&amp;auto=webp&amp;v=enabled&amp;s=b599d81504fb3b4d63bffcf76c6ca089d1865c3a", "x": 216, "y": 432}, {"u": "https://preview.redd.it/7cyfapju9nga1.jpg?width=320&amp;crop=smart&amp;auto=webp&amp;v=enabled&amp;s=22d490e99f72c32777ec70d65f3d9b720ff64e3e", "x": 320, "y": 640}, {"u": "https://preview.redd.it/7cyfapju9nga1.jpg?width=640&amp;crop=smart&amp;auto=webp&amp;v=enabled&amp;s=21fcf95220b459fb08a44d0cdf8e8c6f86742b08", "x": 640, "y": 1280}, {"u": "https://preview.redd.it/7cyfapju9nga1.jpg?width=960&amp;crop=smart&amp;auto=webp&amp;v=enabled&amp;s=feb3b421e840d5c99756e29607b88d6e72e05540", "x": 960, "y": 1920}, {"u": "https://preview.redd.it/7cyfapju9nga1.jpg?width=1080&amp;crop=smart&amp;auto=webp&amp;v=enabled&amp;s=6d4746fc1290880a6786cab5310a6830e06acab4", "x": 1080, "y": 2160}], "s": {"u": "https://preview.redd.it/7cyfapju9nga1.jpg?width=1170&amp;format=pjpg&amp;auto=webp&amp;v=enabled&amp;s=a3a7bb9fbc7157298175b028b05e80dafc20c373", "x": 1170, "y": 2532}, "status": "valid"}, "ypq40oju9nga1": {"e": "Image", "id": "ypq40oju9nga1", "m": "image/jpg", "p": [{"u": "https://preview.redd.it/ypq40oju9nga1.jpg?width=108&amp;crop=smart&amp;auto=webp&amp;v=enabled&amp;s=2c71efc65a3d7ea1b3c9750870ef474d56a19c57", "x": 108, "y": 216}, {"u": "https://preview.redd.it/ypq40oju9nga1.jpg?width=216&amp;crop=smart&amp;auto=webp&amp;v=enabled&amp;s=3a545e8965d1805abc6173ae40287f2b304d83b6", "x": 216, "y": 432}, {"u": "https://preview.redd.it/ypq40oju9nga1.jpg?width=320&amp;crop=smart&amp;auto=webp&amp;v=enabled&amp;s=131b50e3f764bcbf18ef192d88297f568d6fb4c9", "x": 320, "y": 640}, {"u": "https://preview.redd.it/ypq40oju9nga1.jpg?width=640&amp;crop=smart&amp;auto=webp&amp;v=enabled&amp;s=97da7a99beca8c829f9b71571a209477e27ce2b4", "x": 640, "y": 1280}, {"u": "https://preview.redd.it/ypq40oju9nga1.jpg?width=960&amp;crop=smart&amp;auto=webp&amp;v=enabled&amp;s=f78a301011195a2e8871b530406f271ee9decc7d", "x": 960, "y": 1920}, {"u": "https://preview.redd.it/ypq40oju9nga1.jpg?width=1080&amp;crop=smart&amp;auto=webp&amp;v=enabled&amp;s=31d41e4dc43e62597b4238f495c558a2356eaeed", "x": 1080, "y": 2160}], "s": {"u": "https://preview.redd.it/ypq40oju9nga1.jpg?width=1170&amp;format=pjpg&amp;auto=webp&amp;v=enabled&amp;s=6f4e0cf863bc93d1b97b7f2f3fb76a25bad0be36", "x": 1170, "y": 2532}, "status": "valid"}}, "media_only": false, "mod_note": null, "mod_reason_by": null, "mod_reason_title": null, "mod_reports": [], "name": "t3_10vk9xw", "no_follow": false, "num_comments": 17, "num_crossposts": 1, "num_reports": null, "over_18": false, "parent_whitelist_status": null, "permalink": "/r/bbby_remastered/comments/10vk9xw/offering_is_the_catalyst_just_see_what_happened/", "pinned": false, "pwls": null, "quarantine": false, "removal_reason": null, "removed_by": null, "removed_by_category": null, "report_reasons": null, "saved": false, "score": 24, "secure_media": null, "secure_media_embed": {}, "selftext": "", "selftext_html": null, "send_replies": true, "spoiler": false, "stickied": false, "subreddit": "bbby_remastered", "subreddit_id": "t5_7tgjqd", "subreddit_name_prefixed": "r/bbby_remastered", "subreddit_subscribers": 1034, "subreddit_type": "public", "suggested_sort": null, "thumbnail": "https://a.thumbs.redditmedia.com/MNZeYgVnaCCIjRhaL2l8te79QfyqLyZCG32Nlsle0G8.jpg", "thumbnail_height": 140, "thumbnail_width": 140, "title": "Offering is the catalyst! Just see what happened to AMC the days after! \ud83e\udda7\ud83d\ude80", "top_awarded_type": null, "total_awards_received": 0, "treatment_tags": [], "ups": 24, "upvote_ratio": 0.93, "url": "https://www.reddit.com/gallery/10vk9xw", "url_overridden_by_dest": "https://www.reddit.com/gallery/10vk9xw", "user_reports": [], "view_count": null, "visited": false, "whitelist_status": null, "wls": null}], "discussion_type": null, "distinguished": null, "domain": "reddit.com", "edited": false, "gilded": 0, "gildings": {}, "hidden": false, "hide_score": false, "id": "10vkasw", "is_created_from_ads_ui": false, "is_crosspostable": true, "is_meta": false, "is_original_content": false, "is_reddit_media_domain": false, "is_robot_indexable": true, "is_self": false, "is_video": false, "link_flair_background_color": "", "link_flair_css_class": null, "link_flair_richtext": [], "link_flair_text": null, "link_flair_text_color": "dark", "link_flair_type": "text", "locked": false, "media": null, "media_embed": {}, "media_only": false, "name": "t3_10vkasw", "no_follow": false, "num_comments": 3, "num_crossposts": 0, "over_18": false, "parent_whitelist_status": null, "permalink": "/r/ThePPShow/comments/10vkasw/offering_is_the_catalyst_just_see_what_happened/", "pinned": false, "pwls": null, "quarantine": false, "removed_by": null, "removed_by_category": null, "retrieved_on": 1678337850, "score": 9, "secure_media": null, "secure_media_embed": {}, "selftext": "", "send_replies": false, "spoiler": false, "stickied": false, "subreddit": "ThePPShow", "subreddit_id": "t5_7q5o7y", "subreddit_name_prefixed": "r/ThePPShow", "subreddit_subscribers": 582, "subreddit_type": "public", "suggested_sort": null, "thumbnail": "https://a.thumbs.redditmedia.com/MNZeYgVnaCCIjRhaL2l8te79QfyqLyZCG32Nlsle0G8.jpg", "thumbnail_height": 140, "thumbnail_width": 140, "title": "Offering is the catalyst! Just see what happened to AMC the days after! \ud83e\udda7\ud83d\ude80", "top_awarded_type": null, "total_awards_received": 0, "treatment_tags": [], "upvote_ratio": 1.0, "url": "https://www.reddit.com/gallery/10vk9xw", "url_overridden_by_dest": "https://www.reddit.com/gallery/10vk9xw", "view_count": null, "whitelist_status": null, "wls": null}, {"all_awardings": [], "allow_live_comments": false, "archived": false, "author": "starshippr", "author_created_utc": 1612092309, "author_flair_background_color": null, "author_flair_css_class": null, "author_flair_richtext": [], "author_flair_template_id": null, "author_flair_text": null, "author_flair_text_color": null, "author_flair_type": "text", "author_fullname": "t2_9at0oc35", "author_patreon_flair": false, "author_premium": false, "awarders": [], "banned_by": null, "can_gild": true, "can_mod_post": false, "category": null, "content_categories": null, "contest_mode": false, "created_utc": 1675707396, "discussion_type": null, "distinguished": null, "domain": "reddit.com", "edited": false, "gallery_data": {"items": [{"caption": "As you can see the nike pattern is there", "id": 237786291, "media_id": "fgk2kqew0mga1"}, {"caption": "Nothing to see here", "id": 237786292, "media_id": "b0zyorew0mga1"}]}, "gilded": 0, "gildings": {}, "hidden": false, "hide_score": false, "id": "10vdpso", "is_created_from_ads_ui": false, "is_crosspostable": true, "is_gallery": true, "is_meta": false, "is_original_content": false, "is_reddit_media_domain": false, "is_robot_indexable": true, "is_self": false, "is_video": false, "link_flair_background_color": "", "link_flair_css_class": null, "link_flair_richtext": [], "link_flair_text": null, "link_flair_text_color": "dark", "link_flair_type": "text", "locked": false, "media": null, "media_embed": {}, "media_metadata": {"b0zyorew0mga1": {"e": "Image", "id": "b0zyorew0mga1", "m": "image/jpg", "p": [{"u": "https://preview.redd.it/b0zyorew0mga1.jpg?width=108&amp;crop=smart&amp;auto=webp&amp;v=enabled&amp;s=99e901ce6562c2c138467a575a29c495d7621ad7", "x": 108, "y": 106}, {"u": "https://preview.redd.it/b0zyorew0mga1.jpg?width=216&amp;crop=smart&amp;auto=webp&amp;v=enabled&amp;s=08ed2982a22c71368400abb83bf59131097402fe", "x": 216, "y": 212}, {"u": "https://preview.redd.it/b0zyorew0mga1.jpg?width=320&amp;crop=smart&amp;auto=webp&amp;v=enabled&amp;s=15012d0b0bab751177c52b58c9d7008836923605", "x": 320, "y": 315}, {"u": "https://preview.redd.it/b0zyorew0mga1.jpg?width=640&amp;crop=smart&amp;auto=webp&amp;v=enabled&amp;s=1f009ff009bf76c56d1deb617388d82c3e4d2801", "x": 640, "y": 630}, {"u": "https://preview.redd.it/b0zyorew0mga1.jpg?width=960&amp;crop=smart&amp;auto=webp&amp;v=enabled&amp;s=33a625f91f4a4d272e543d7b4efd98510335972e", "x": 960, "y": 946}, {"u": "https://preview.redd.it/b0zyorew0mga1.jpg?width=1080&amp;crop=smart&amp;auto=webp&amp;v=enabled&amp;s=ffa40782ff854a5ce6f4804465df44a8f0722904", "x": 1080, "y": 1064}], "s": {"u": "https://preview.redd.it/b0zyorew0mga1.jpg?width=1170&amp;format=pjpg&amp;auto=webp&amp;v=enabled&amp;s=3c248f727d018c160061f49c531c1da021055a40", "x": 1170, "y": 1153}, "status": "valid"}, "fgk2kqew0mga1": {"e": "Image", "id": "fgk2kqew0mga1", "m": "image/jpg", "p": [{"u": "https://preview.redd.it/fgk2kqew0mga1.jpg?width=108&amp;crop=smart&amp;auto=webp&amp;v=enabled&amp;s=d19249122492d507b29ffce65b857694577aed72", "x": 108, "y": 99}, {"u": "https://preview.redd.it/fgk2kqew0mga1.jpg?width=216&amp;crop=smart&amp;auto=webp&amp;v=enabled&amp;s=b9e67a69bf0b10aca22562b4529689da02546cf9", "x": 216, "y": 199}, {"u": "https://preview.redd.it/fgk2kqew0mga1.jpg?width=320&amp;crop=smart&amp;auto=webp&amp;v=enabled&amp;s=6db27f7a682bd74eb82762172c21e835c5253c78", "x": 320, "y": 295}, {"u": "https://preview.redd.it/fgk2kqew0mga1.jpg?width=640&amp;crop=smart&amp;auto=webp&amp;v=enabled&amp;s=f6e11ffcc46f10bed02290f52ddafb45f981d7c8", "x": 640, "y": 591}, {"u": "https://preview.redd.it/fgk2kqew0mga1.jpg?width=960&amp;crop=smart&amp;auto=webp&amp;v=enabled&amp;s=4f223d0a3fd7b7314cff36b034a1057df03fd460", "x": 960, "y": 887}, {"u": "https://preview.redd.it/fgk2kqew0mga1.jpg?width=1080&amp;crop=smart&amp;auto=webp&amp;v=enabled&amp;s=2cd9c80a7bef596ff72b4ced8ef48cf408a41196", "x": 1080, "y": 997}], "s": {"u": "https://preview.redd.it/fgk2kqew0mga1.jpg?width=3840&amp;format=pjpg&amp;auto=webp&amp;v=enabled&amp;s=9b3c16bc24cc0dfc6b24c105cef6b3e87b2aad06", "x": 3840, "y": 3548}, "status": "valid"}}, "media_only": false, "name": "t3_10vdpso", "no_follow": false, "num_comments": 5, "num_crossposts": 0, "over_18": false, "parent_whitelist_status": null, "permalink": "/r/ThePPShow/comments/10vdpso/rare_nike_pattern_shows_up_options_for_1002_and/", "pinned": false, "pwls": null, "quarantine": false, "removed_by": null, "removed_by_category": null, "retrieved_on": 1678338164, "score": 14, "secure_media": null, "secure_media_embed": {}, "selftext": "", "send_replies": true, "spoiler": false, "stickied": false, "subreddit": "ThePPShow", "subreddit_id": "t5_7q5o7y", "subreddit_name_prefixed": "r/ThePPShow", "subreddit_subscribers": 582, "subreddit_type": "public", "suggested_sort": null, "thumbnail": "https://a.thumbs.redditmedia.com/opafTF2Y0Cvx5pl3cseTj76qom3EEIf0FrTP1Iu82C8.jpg", "thumbnail_height": 129, "thumbnail_width": 140, "title": "Rare nike pattern shows up! Options for 10/02 and 17/02! JUST DO IT!", "top_awarded_type": null, "total_awards_received": 0, "treatment_tags": [], "upvote_ratio": 0.95, "url": "https://www.reddit.com/gallery/10vdpso", "url_overridden_by_dest": "https://www.reddit.com/gallery/10vdpso", "view_count": null, "whitelist_status": null, "wls": null}, {"all_awardings": [], "allow_live_comments": false, "archived": false, "author": "[deleted]", "author_created_utc": null, "author_flair_background_color": "", "author_flair_css_class": null, "author_flair_template_id": null, "author_flair_text": null, "author_flair_text_color": "dark", "awarders": [], "banned_by": null, "can_gild": false, "can_mod_post": false, "category": null, "content_categories": null, "contest_mode": false, "created_utc": 1675703402, "discussion_type": null, "distinguished": null, "domain": "", "edited": false, "gilded": 0, "gildings": {}, "hidden": false, "hide_score": false, "id": "10vby7u", "is_created_from_ads_ui": false, "is_crosspostable": false, "is_meta": false, "is_original_content": false, "is_reddit_media_domain": false, "is_robot_indexable": false, "is_self": true, "is_video": false, "link_flair_background_color": "", "link_flair_css_class": null, "link_flair_richtext": [], "link_flair_text": null, "link_flair_text_color": "dark", "link_flair_type": "text", "locked": false, "media": null, "media_embed": {}, "media_only": false, "name": "t3_10vby7u", "no_follow": false, "num_comments": 0, "num_crossposts": 0, "over_18": false, "parent_whitelist_status": null, "permalink": "/r/ThePPShow/comments/10vby7u/ben_looks_so_much_like_austin_powers_without_the/", "pinned": false, "pwls": null, "quarantine": false, "removed_by": null, "removed_by_category": "deleted", "retrieved_on": 1678338236, "score": 5, "secure_media": null, "secure_media_embed": {}, "selftext": "[deleted]", "send_replies": true, "spoiler": false, "stickied": false, "subreddit": "ThePPShow", "subreddit_id": "t5_7q5o7y", "subreddit_name_prefixed": "r/ThePPShow", "subreddit_subscribers": 582, "subreddit_type": "public", "suggested_sort": null, "thumbnail": "default", "thumbnail_height": null, "thumbnail_width": null, "title": "Ben looks so much like Austin Powers, without the buck teeth though. Is Ben really a biological brother of PP?", "top_awarded_type": null, "total_awards_received": 0, "treatment_tags": [], "upvote_ratio": 1.0, "url": "", "view_count": null, "whitelist_status": null, "wls": null}, {"all_awardings": [], "allow_live_comments": false, "archived": false, "author": "moonshot_69", "author_created_utc": 1662328354, "author_flair_background_color": null, "author_flair_css_class": null, "author_flair_richtext": [], "author_flair_template_id": null, "author_flair_text": null, "author_flair_text_color": null, "author_flair_type": "text", "author_fullname": "t2_rpv9h1mq", "author_patreon_flair": false, "author_premium": true, "awarders": [], "banned_by": null, "can_gild": true, "can_mod_post": false, "category": null, "content_categories": null, "contest_mode": false, "created_utc": 1675701044, "crosspost_parent": "t3_10v6kp3", "crosspost_parent_list": [{"all_awardings": [{"award_sub_type": "PREMIUM", "award_type": "global", "awardings_required_to_grant_benefits": null, "coin_price": 20, "coin_reward": 0, "count": 2, "days_of_drip_extension": null, "days_of_premium": null, "description": "When you follow your heart, love is the answer", "end_date": null, "giver_coin_reward": null, "icon_format": "PNG", "icon_height": 2048, "icon_url": "https://i.redd.it/award_images/t5_22cerq/j3azv69qjfn51_LOVE.png", "icon_width": 2048, "id": "award_5eac457f-ebac-449b-93a7-eb17b557f03c", "is_enabled": true, "is_new": false, "name": "LOVE!", "penny_donate": null, "penny_price": 0, "resized_icons": [{"height": 16, "url": "https://preview.redd.it/award_images/t5_22cerq/j3azv69qjfn51_LOVE.png?width=16&amp;height=16&amp;auto=webp&amp;v=enabled&amp;s=533ce66f630fdfb440d60870cf546133105e1581", "width": 16}, {"height": 32, "url": "https://preview.redd.it/award_images/t5_22cerq/j3azv69qjfn51_LOVE.png?width=32&amp;height=32&amp;auto=webp&amp;v=enabled&amp;s=57ddeb538f6f2e9a2af1de2259956fadfd71be0b", "width": 32}, {"height": 48, "url": "https://preview.redd.it/award_images/t5_22cerq/j3azv69qjfn51_LOVE.png?width=48&amp;height=48&amp;auto=webp&amp;v=enabled&amp;s=7a53f415a006547600c10cc8ec700ba98e9d2006", "width": 48}, {"height": 64, "url": "https://preview.redd.it/award_images/t5_22cerq/j3azv69qjfn51_LOVE.png?width=64&amp;height=64&amp;auto=webp&amp;v=enabled&amp;s=339e45c85e1651cee0ec7b6d767c5cd2fd63aec4", "width": 64}, {"height": 128, "url": "https://preview.redd.it/award_images/t5_22cerq/j3azv69qjfn51_LOVE.png?width=128&amp;height=128&amp;auto=webp&amp;v=enabled&amp;s=90551e3f133cfeceaa1c3f6f9e28f3e7fa0e3f93", "width": 128}], "resized_static_icons": [{"height": 16, "url": "https://preview.redd.it/award_images/t5_22cerq/j3azv69qjfn51_LOVE.png?width=16&amp;height=16&amp;auto=webp&amp;v=enabled&amp;s=533ce66f630fdfb440d60870cf546133105e1581", "width": 16}, {"height": 32, "url": "https://preview.redd.it/award_images/t5_22cerq/j3azv69qjfn51_LOVE.png?width=32&amp;height=32&amp;auto=webp&amp;v=enabled&amp;s=57ddeb538f6f2e9a2af1de2259956fadfd71be0b", "width": 32}, {"height": 48, "url": "https://preview.redd.it/award_images/t5_22cerq/j3azv69qjfn51_LOVE.png?width=48&amp;height=48&amp;auto=webp&amp;v=enabled&amp;s=7a53f415a006547600c10cc8ec700ba98e9d2006", "width": 48}, {"height": 64, "url": "https://preview.redd.it/award_images/t5_22cerq/j3azv69qjfn51_LOVE.png?width=64&amp;height=64&amp;auto=webp&amp;v=enabled&amp;s=339e45c85e1651cee0ec7b6d767c5cd2fd63aec4", "width": 64}, {"height": 128, "url": "https://preview.redd.it/award_images/t5_22cerq/j3azv69qjfn51_LOVE.png?width=128&amp;height=128&amp;auto=webp&amp;v=enabled&amp;s=90551e3f133cfeceaa1c3f6f9e28f3e7fa0e3f93", "width": 128}], "start_date": null, "static_icon_height": 2048, "static_icon_url": "https://i.redd.it/award_images/t5_22cerq/j3azv69qjfn51_LOVE.png", "static_icon_width": 2048, "sticky_duration_seconds": null, "subreddit_coin_reward": 0, "subreddit_id": null, "tiers_by_required_awardings": null}, {"award_sub_type": "PREMIUM", "award_type": "global", "awardings_required_to_grant_benefits": null, "coin_price": 30, "coin_reward": 0, "count": 1, "days_of_drip_extension": null, "days_of_premium": null, "description": "A glittering stamp for a feel-good thing", "end_date": null, "giver_coin_reward": null, "icon_format": null, "icon_height": 2048, "icon_url": "https://i.redd.it/award_images/t5_22cerq/b9ks3a5k7jj41_WholesomeSealofApproval.png", "icon_width": 2048, "id": "award_c4b2e438-16bb-4568-88e7-7893b7662944", "is_enabled": true, "is_new": false, "name": "Wholesome Seal of Approval", "penny_donate": null, "penny_price": null, "resized_icons": [{"height": 16, "url": "https://preview.redd.it/award_images/t5_22cerq/b9ks3a5k7jj41_WholesomeSealofApproval.png?width=16&amp;height=16&amp;auto=webp&amp;v=enabled&amp;s=703f779c36fa6c24a87048219c8ad79c38f588dc", "width": 16}, {"height": 32, "url": "https://preview.redd.it/award_images/t5_22cerq/b9ks3a5k7jj41_WholesomeSealofApproval.png?width=32&amp;height=32&amp;auto=webp&amp;v=enabled&amp;s=f1353fd49988371ae4b98114d2f30ad3abd2435e", "width": 32}, {"height": 48, "url": "https://preview.redd.it/award_images/t5_22cerq/b9ks3a5k7jj41_WholesomeSealofApproval.png?width=48&amp;height=48&amp;auto=webp&amp;v=enabled&amp;s=a6325378b5acbd6940233feeeab0d6cc936467c9", "width": 48}, {"height": 64, "url": "https://preview.redd.it/award_images/t5_22cerq/b9ks3a5k7jj41_WholesomeSealofApproval.png?width=64&amp;height=64&amp;auto=webp&amp;v=enabled&amp;s=aa1d8321e60dc611ebc686f814b0ad996d1056c5", "width": 64}, {"height": 128, "url": "https://preview.redd.it/award_images/t5_22cerq/b9ks3a5k7jj41_WholesomeSealofApproval.png?width=128&amp;height=128&amp;auto=webp&amp;v=enabled&amp;s=4c5a9a5cf1591f7074c67a67339e34fbf34a3107", "width": 128}], "resized_static_icons": [{"height": 16, "url": "https://preview.redd.it/award_images/t5_22cerq/b9ks3a5k7jj41_WholesomeSealofApproval.png?width=16&amp;height=16&amp;auto=webp&amp;v=enabled&amp;s=703f779c36fa6c24a87048219c8ad79c38f588dc", "width": 16}, {"height": 32, "url": "https://preview.redd.it/award_images/t5_22cerq/b9ks3a5k7jj41_WholesomeSealofApproval.png?width=32&amp;height=32&amp;auto=webp&amp;v=enabled&amp;s=f1353fd49988371ae4b98114d2f30ad3abd2435e", "width": 32}, {"height": 48, "url": "https://preview.redd.it/award_images/t5_22cerq/b9ks3a5k7jj41_WholesomeSealofApproval.png?width=48&amp;height=48&amp;auto=webp&amp;v=enabled&amp;s=a6325378b5acbd6940233feeeab0d6cc936467c9", "width": 48}, {"height": 64, "url": "https://preview.redd.it/award_images/t5_22cerq/b9ks3a5k7jj41_WholesomeSealofApproval.png?width=64&amp;height=64&amp;auto=webp&amp;v=enabled&amp;s=aa1d8321e60dc611ebc686f814b0ad996d1056c5", "width": 64}, {"height": 128, "url": "https://preview.redd.it/award_images/t5_22cerq/b9ks3a5k7jj41_WholesomeSealofApproval.png?width=128&amp;height=128&amp;auto=webp&amp;v=enabled&amp;s=4c5a9a5cf1591f7074c67a67339e34fbf34a3107", "width": 128}], "start_date": null, "static_icon_height": 2048, "static_icon_url": "https://i.redd.it/award_images/t5_22cerq/b9ks3a5k7jj41_WholesomeSealofApproval.png", "static_icon_width": 2048, "sticky_duration_seconds": null, "subreddit_coin_reward": 0, "subreddit_id": null, "tiers_by_required_awardings": null}, {"award_sub_type": "COMMUNITY", "award_type": "community", "awardings_required_to_grant_benefits": null, "coin_price": 500, "coin_reward": 0, "count": 1, "days_of_drip_extension": null, "days_of_premium": null, "description": "Shows the Superstonk Award and grants %{coin_symbol}100 Coins to the community. Exclusive to this community.", "end_date": null, "giver_coin_reward": null, "icon_format": null, "icon_height": 2000, "icon_url": "https://i.redd.it/award_images/t5_43zwn1/o65ronr8ea271_Superstonk.png", "icon_width": 2000, "id": "award_878a5b10-79ca-48c9-be97-59c1b52809cc", "is_enabled": true, "is_new": false, "name": "Superstonk", "penny_donate": null, "penny_price": null, "resized_icons": [{"height": 16, "url": "https://preview.redd.it/award_images/t5_43zwn1/o65ronr8ea271_Superstonk.png?width=16&amp;height=16&amp;auto=webp&amp;v=enabled&amp;s=70a452f93c1849bbf876ed311b82038cd2e52a8d", "width": 16}, {"height": 32, "url": "https://preview.redd.it/award_images/t5_43zwn1/o65ronr8ea271_Superstonk.png?width=32&amp;height=32&amp;auto=webp&amp;v=enabled&amp;s=161d1f33d66cf9907dc3a1874e1e43b7fd6c6840", "width": 32}, {"height": 48, "url": "https://preview.redd.it/award_images/t5_43zwn1/o65ronr8ea271_Superstonk.png?width=48&amp;height=48&amp;auto=webp&amp;v=enabled&amp;s=b35276fe1fc5bac6747b209e5ea7d6b997297e5c", "width": 48}, {"height": 64, "url": "https://preview.redd.it/award_images/t5_43zwn1/o65ronr8ea271_Superstonk.png?width=64&amp;height=64&amp;auto=webp&amp;v=enabled&amp;s=6b3617d471ff5712a09adc8ef00d8f5c38df48b2", "width": 64}, {"height": 128, "url": "https://preview.redd.it/award_images/t5_43zwn1/o65ronr8ea271_Superstonk.png?width=128&amp;height=128&amp;auto=webp&amp;v=enabled&amp;s=45ba0c0939e87b874a41704b24a044dd491c2348", "width": 128}], "resized_static_icons": [{"height": 16, "url": "https://preview.redd.it/award_images/t5_43zwn1/o65ronr8ea271_Superstonk.png?width=16&amp;height=16&amp;auto=webp&amp;v=enabled&amp;s=70a452f93c1849bbf876ed311b82038cd2e52a8d", "width": 16}, {"height": 32, "url": "https://preview.redd.it/award_images/t5_43zwn1/o65ronr8ea271_Superstonk.png?width=32&amp;height=32&amp;auto=webp&amp;v=enabled&amp;s=161d1f33d66cf9907dc3a1874e1e43b7fd6c6840", "width": 32}, {"height": 48, "url": "https://preview.redd.it/award_images/t5_43zwn1/o65ronr8ea271_Superstonk.png?width=48&amp;height=48&amp;auto=webp&amp;v=enabled&amp;s=b35276fe1fc5bac6747b209e5ea7d6b997297e5c", "width": 48}, {"height": 64, "url": "https://preview.redd.it/award_images/t5_43zwn1/o65ronr8ea271_Superstonk.png?width=64&amp;height=64&amp;auto=webp&amp;v=enabled&amp;s=6b3617d471ff5712a09adc8ef00d8f5c38df48b2", "width": 64}, {"height": 128, "url": "https://preview.redd.it/award_images/t5_43zwn1/o65ronr8ea271_Superstonk.png?width=128&amp;height=128&amp;auto=webp&amp;v=enabled&amp;s=45ba0c0939e87b874a41704b24a044dd491c2348", "width": 128}], "start_date": null, "static_icon_height": 2000, "static_icon_url": "https://i.redd.it/award_images/t5_43zwn1/o65ronr8ea271_Superstonk.png", "static_icon_width": 2000, "sticky_duration_seconds": null, "subreddit_coin_reward": 100, "subreddit_id": "t5_43zwn1", "tiers_by_required_awardings": null}], "allow_live_comments": true, "approved_at_utc": null, "approved_by": null, "archived": false, "author": "moonshot_69", "author_flair_background_color": "#373c3f", "author_flair_css_class": null, "author_flair_richtext": [{"e": "text", "t": "Teddy unlocks MOASS \ud83e\udd2c\ud83d\udc3b\ud83c\udde8\ud83c\uddf3"}], "author_flair_template_id": "8abdf72e-f3ce-11eb-b3e3-22147bc43b70", "author_flair_text": "Teddy unlocks MOASS \ud83e\udd2c\ud83d\udc3b\ud83c\udde8\ud83c\uddf3", "author_flair_text_color": "light", "author_flair_type": "richtext", "author_fullname": "t2_rpv9h1mq", "author_is_blocked": false, "author_patreon_flair": false, "author_premium": true, "awarders": [], "banned_at_utc": null, "banned_by": null, "can_gild": true, "can_mod_post": false, "category": null, "clicked": false, "content_categories": null, "contest_mode": false, "created": 1675689994.0, "created_utc": 1675689994.0, "discussion_type": null, "distinguished": null, "domain": "reddit.com", "downs": 0, "edited": false, "gallery_data": {"items": [{"id": 237705695, "media_id": "oh8oqae5lkga1"}, {"id": 237705696, "media_id": "gy1iyae5lkga1"}, {"id": 237705697, "media_id": "o4v23ae5lkga1"}, {"id": 237705698, "media_id": "u51q6ae5lkga1"}, {"id": 237705699, "media_id": "8n9ypsd5lkga1"}, {"id": 237705700, "media_id": "g1xj2td5lkga1"}, {"id": 237705701, "media_id": "n77eusd5lkga1"}, {"id": 237705702, "media_id": "0qfhosd5lkga1"}, {"id": 237705703, "media_id": "slffbsd5lkga1"}, {"id": 237705704, "media_id": "rwvqkie5lkga1"}, {"id": 237705705, "media_id": "m6csnje5lkga1"}, {"id": 237705706, "media_id": "lsxmdie5lkga1"}, {"id": 237705707, "media_id": "3vbvyie5lkga1"}, {"id": 237705708, "media_id": "yulybje5lkga1"}]}, "gilded": 0, "gildings": {}, "hidden": false, "hide_score": false, "id": "10v6kp3", "is_created_from_ads_ui": false, "is_crosspostable": true, "is_gallery": true, "is_meta": false, "is_original_content": false, "is_reddit_media_domain": false, "is_robot_indexable": true, "is_self": false, "is_video": false, "likes": null, "link_flair_background_color": "#ffd635", "link_flair_css_class": "", "link_flair_richtext": [{"e": "text", "t": "\ud83d\udca1 Education"}], "link_flair_template_id": "37ec242e-984f-11eb-94c6-0e8d0acce789", "link_flair_text": "\ud83d\udca1 Education", "link_flair_text_color": "dark", "link_flair_type": "richtext", "locked": false, "media": null, "media_embed": {}, "media_metadata": {"0qfhosd5lkga1": {"e": "Image", "id": "0qfhosd5lkga1", "m": "image/jpg", "p": [{"u": "https://preview.redd.it/0qfhosd5lkga1.jpg?width=108&amp;crop=smart&amp;auto=webp&amp;v=enabled&amp;s=8b36f843d64103cc6c8730b111b864d997182a0a", "x": 108, "y": 49}, {"u": "https://preview.redd.it/0qfhosd5lkga1.jpg?width=216&amp;crop=smart&amp;auto=webp&amp;v=enabled&amp;s=43b323140676cc93a6ba60b086e6f5e58bcbcf47", "x": 216, "y": 99}, {"u": "https://preview.redd.it/0qfhosd5lkga1.jpg?width=320&amp;crop=smart&amp;auto=webp&amp;v=enabled&amp;s=0d823cbf345539d4afb2f7f8cdd9cf490b30cb53", "x": 320, "y": 147}, {"u": "https://preview.redd.it/0qfhosd5lkga1.jpg?width=640&amp;crop=smart&amp;auto=webp&amp;v=enabled&amp;s=3444901a9b2cdaac406ebfa8b151adaca25d4de6", "x": 640, "y": 295}, {"u": "https://preview.redd.it/0qfhosd5lkga1.jpg?width=960&amp;crop=smart&amp;auto=webp&amp;v=enabled&amp;s=2b45cc5db820db909d3c784b4faef3c44fdd8d40", "x": 960, "y": 443}, {"u": "https://preview.redd.it/0qfhosd5lkga1.jpg?width=1080&amp;crop=smart&amp;auto=webp&amp;v=enabled&amp;s=1753663aabdaeb7a49eca21bc2189ffad40ca044", "x": 1080, "y": 498}], "s": {"u": "https://preview.redd.it/0qfhosd5lkga1.jpg?width=2436&amp;format=pjpg&amp;auto=webp&amp;v=enabled&amp;s=7c8c4b8881a81ed83a5a7d3dda8267709eaa7b74", "x": 2436, "y": 1125}, "status": "valid"}, "3vbvyie5lkga1": {"e": "Image", "id": "3vbvyie5lkga1", "m": "image/jpg", "p": [{"u": "https://preview.redd.it/3vbvyie5lkga1.jpg?width=108&amp;crop=smart&amp;auto=webp&amp;v=enabled&amp;s=30bd7e0d55e9e5c0f0c23eae4e2755f56ce64340", "x": 108, "y": 49}, {"u": "https://preview.redd.it/3vbvyie5lkga1.jpg?width=216&amp;crop=smart&amp;auto=webp&amp;v=enabled&amp;s=63affeec4b4024d02633a8d6785400b828f36dfa", "x": 216, "y": 99}, {"u": "https://preview.redd.it/3vbvyie5lkga1.jpg?width=320&amp;crop=smart&amp;auto=webp&amp;v=enabled&amp;s=b14dff30ce87ce2a3e66006236fe0ad2706770b7", "x": 320, "y": 147}, {"u": "https://preview.redd.it/3vbvyie5lkga1.jpg?width=640&amp;crop=smart&amp;auto=webp&amp;v=enabled&amp;s=4985956ce89e59b3d5b173aa7ada6de3b0c2bf63", "x": 640, "y": 295}, {"u": "https://preview.redd.it/3vbvyie5lkga1.jpg?width=960&amp;crop=smart&amp;auto=webp&amp;v=enabled&amp;s=9c76482c55a10695a8413bb880a56474afe57c2e", "x": 960, "y": 443}, {"u": "https://preview.redd.it/3vbvyie5lkga1.jpg?width=1080&amp;crop=smart&amp;auto=webp&amp;v=enabled&amp;s=46315097468212fcd05b2804e8025ca95ebbf513", "x": 1080, "y": 498}], "s": {"u": "https://preview.redd.it/3vbvyie5lkga1.jpg?width=2436&amp;format=pjpg&amp;auto=webp&amp;v=enabled&amp;s=145e6e23326ba98ac3d80fd4d394ba6f1763d2d4", "x": 2436, "y": 1125}, "status": "valid"}, "8n9ypsd5lkga1": {"e": "Image", "id": "8n9ypsd5lkga1", "m": "image/jpg", "p": [{"u": "https://preview.redd.it/8n9ypsd5lkga1.jpg?width=108&amp;crop=smart&amp;auto=webp&amp;v=enabled&amp;s=b379b5938ec24d705e935e9a396229b6d4abc429", "x": 108, "y": 49}, {"u": "https://preview.redd.it/8n9ypsd5lkga1.jpg?width=216&amp;crop=smart&amp;auto=webp&amp;v=enabled&amp;s=0a4b477313da00273da6c78eb0aadf4aed1796bb", "x": 216, "y": 99}, {"u": "https://preview.redd.it/8n9ypsd5lkga1.jpg?width=320&amp;crop=smart&amp;auto=webp&amp;v=enabled&amp;s=87d1afea2e5bfe557daefd49d3a1835f77ee568e", "x": 320, "y": 147}, {"u": "https://preview.redd.it/8n9ypsd5lkga1.jpg?width=640&amp;crop=smart&amp;auto=webp&amp;v=enabled&amp;s=08f4136f9137c57ae61a97feada8a0e382fedbb4", "x": 640, "y": 295}, {"u": "https://preview.redd.it/8n9ypsd5lkga1.jpg?width=960&amp;crop=smart&amp;auto=webp&amp;v=enabled&amp;s=6be7821fcd98f1d5f4b4b358b4f19b6fef17a2c3", "x": 960, "y": 443}, {"u": "https://preview.redd.it/8n9ypsd5lkga1.jpg?width=1080&amp;crop=smart&amp;auto=webp&amp;v=enabled&amp;s=5f38c3a0cd0d17fc62ea7d2db106b260b2fe30d3", "x": 1080, "y": 498}], "s": {"u": "https://preview.redd.it/8n9ypsd5lkga1.jpg?width=2436&amp;format=pjpg&amp;auto=webp&amp;v=enabled&amp;s=da439458ba9bc53f35eae73d03c18f841a1adf62", "x": 2436, "y": 1125}, "status": "valid"}, "g1xj2td5lkga1": {"e": "Image", "id": "g1xj2td5lkga1", "m": "image/jpg", "p": [{"u": "https://preview.redd.it/g1xj2td5lkga1.jpg?width=108&amp;crop=smart&amp;auto=webp&amp;v=enabled&amp;s=2970314f00bf7639dcd879ea7290951f9c180fd1", "x": 108, "y": 49}, {"u": "https://preview.redd.it/g1xj2td5lkga1.jpg?width=216&amp;crop=smart&amp;auto=webp&amp;v=enabled&amp;s=1dd4cdcd876c7d5aa1c266a0db64e3a76d168f58", "x": 216, "y": 99}, {"u": "https://preview.redd.it/g1xj2td5lkga1.jpg?width=320&amp;crop=smart&amp;auto=webp&amp;v=enabled&amp;s=596b65573995f50de58103831a6852e5e16f25bf", "x": 320, "y": 147}, {"u": "https://preview.redd.it/g1xj2td5lkga1.jpg?width=640&amp;crop=smart&amp;auto=webp&amp;v=enabled&amp;s=9da639484ed94e3f806f73d7bb46aef14d371394", "x": 640, "y": 295}, {"u": "https://preview.redd.it/g1xj2td5lkga1.jpg?width=960&amp;crop=smart&amp;auto=webp&amp;v=enabled&amp;s=25bc3e39560115e56dd61c721cf399958ebaa340", "x": 960, "y": 443}, {"u": "https://preview.redd.it/g1xj2td5lkga1.jpg?width=1080&amp;crop=smart&amp;auto=webp&amp;v=enabled&amp;s=5802c22c20718a3c335248fcc7974cd09e655c81", "x": 1080, "y": 498}], "s": {"u": "https://preview.redd.it/g1xj2td5lkga1.jpg?width=2436&amp;format=pjpg&amp;auto=webp&amp;v=enabled&amp;s=9d1fae8b6c4578df907a05b7ef81ca19a5729d44", "x": 2436, "y": 1125}, "status": "valid"}, "gy1iyae5lkga1": {"e": "Image", "id": "gy1iyae5lkga1", "m": "image/jpg", "p": [{"u": "https://preview.redd.it/gy1iyae5lkga1.jpg?width=108&amp;crop=smart&amp;auto=webp&amp;v=enabled&amp;s=068a8b5d0078594b663717bd0b26898878877ee9", "x": 108, "y": 49}, {"u": "https://preview.redd.it/gy1iyae5lkga1.jpg?width=216&amp;crop=smart&amp;auto=webp&amp;v=enabled&amp;s=00dbb5d47c21b3cfaa97baf399023f0ce001cbba", "x": 216, "y": 99}, {"u": "https://preview.redd.it/gy1iyae5lkga1.jpg?width=320&amp;crop=smart&amp;auto=webp&amp;v=enabled&amp;s=d0aba7a08c0051eed629b00d1055559d200abf56", "x": 320, "y": 147}, {"u": "https://preview.redd.it/gy1iyae5lkga1.jpg?width=640&amp;crop=smart&amp;auto=webp&amp;v=enabled&amp;s=5db66671f11803bfae5f7f21c4675be0f14bcd8c", "x": 640, "y": 295}, {"u": "https://preview.redd.it/gy1iyae5lkga1.jpg?width=960&amp;crop=smart&amp;auto=webp&amp;v=enabled&amp;s=a131ac03a545b4c8c027b65f05df61363c53ea20", "x": 960, "y": 443}, {"u": "https://preview.redd.it/gy1iyae5lkga1.jpg?width=1080&amp;crop=smart&amp;auto=webp&amp;v=enabled&amp;s=68f1a7c75d74fd5069f7cc3c707eacac21595c24", "x": 1080, "y": 498}], "s": {"u": "https://preview.redd.it/gy1iyae5lkga1.jpg?width=2436&amp;format=pjpg&amp;auto=webp&amp;v=enabled&amp;s=c5a825356c14529db245c8a5d5cc63733fc3d6fb", "x": 2436, "y": 1125}, "status": "valid"}, "lsxmdie5lkga1": {"e": "Image", "id": "lsxmdie5lkga1", "m": "image/jpg", "p": [{"u": "https://preview.redd.it/lsxmdie5lkga1.jpg?width=108&amp;crop=smart&amp;auto=webp&amp;v=enabled&amp;s=fb2c533646f0290b0c02b0674acdada8014b1345", "x": 108, "y": 49}, {"u": "https://preview.redd.it/lsxmdie5lkga1.jpg?width=216&amp;crop=smart&amp;auto=webp&amp;v=enabled&amp;s=19ab32e2ab04fa968cc8b247107db29b485404f4", "x": 216, "y": 99}, {"u": "https://preview.redd.it/lsxmdie5lkga1.jpg?width=320&amp;crop=smart&amp;auto=webp&amp;v=enabled&amp;s=438ed5717a6c8635236e8a879cb7c2c77b1cf287", "x": 320, "y": 147}, {"u": "https://preview.redd.it/lsxmdie5lkga1.jpg?width=640&amp;crop=smart&amp;auto=webp&amp;v=enabled&amp;s=792e6d3430e43d4539e53b0688d3ebbfc8722b57", "x": 640, "y": 295}, {"u": "https://preview.redd.it/lsxmdie5lkga1.jpg?width=960&amp;crop=smart&amp;auto=webp&amp;v=enabled&amp;s=ba3763455638a42f2e802286f370dae65c852e6a", "x": 960, "y": 443}, {"u": "https://preview.redd.it/lsxmdie5lkga1.jpg?width=1080&amp;crop=smart&amp;auto=webp&amp;v=enabled&amp;s=8150aa9b1c2a5bf288304001f2604a0e144e3544", "x": 1080, "y": 498}], "s": {"u": "https://preview.redd.it/lsxmdie5lkga1.jpg?width=2436&amp;format=pjpg&amp;auto=webp&amp;v=enabled&amp;s=ebd13aa0f09f5aacccc89b3b4bf70aa29f75c41b", "x": 2436, "y": 1125}, "status": "valid"}, "m6csnje5lkga1": {"e": "Image", "id": "m6csnje5lkga1", "m": "image/jpg", "p": [{"u": "https://preview.redd.it/m6csnje5lkga1.jpg?width=108&amp;crop=smart&amp;auto=webp&amp;v=enabled&amp;s=8a195f799fe3101fe497492ae67a7f667ed9f352", "x": 108, "y": 49}, {"u": "https://preview.redd.it/m6csnje5lkga1.jpg?width=216&amp;crop=smart&amp;auto=webp&amp;v=enabled&amp;s=1be48088d825ecf79a1be566177ba99377a1e96f", "x": 216, "y": 99}, {"u": "https://preview.redd.it/m6csnje5lkga1.jpg?width=320&amp;crop=smart&amp;auto=webp&amp;v=enabled&amp;s=ab640577368ca94aae96f7fd5ffb443ea8987202", "x": 320, "y": 147}, {"u": "https://preview.redd.it/m6csnje5lkga1.jpg?width=640&amp;crop=smart&amp;auto=webp&amp;v=enabled&amp;s=431120024cfc312f3e76d54a1b239df234f6018d", "x": 640, "y": 295}, {"u": "https://preview.redd.it/m6csnje5lkga1.jpg?width=960&amp;crop=smart&amp;auto=webp&amp;v=enabled&amp;s=9d171ab5b52254aa58ceb0830a5b13fea30e27e1", "x": 960, "y": 443}, {"u": "https://preview.redd.it/m6csnje5lkga1.jpg?width=1080&amp;crop=smart&amp;auto=webp&amp;v=enabled&amp;s=7f770624d7f6fe4ab038474a148c09bf75981803", "x": 1080, "y": 498}], "s": {"u": "https://preview.redd.it/m6csnje5lkga1.jpg?width=2436&amp;format=pjpg&amp;auto=webp&amp;v=enabled&amp;s=8eaa7963637ad6b9c3ba71180f414bef78a7c78e", "x": 2436, "y": 1125}, "status": "valid"}, "n77eusd5lkga1": {"e": "Image", "id": "n77eusd5lkga1", "m": "image/jpg", "p": [{"u": "https://preview.redd.it/n77eusd5lkga1.jpg?width=108&amp;crop=smart&amp;auto=webp&amp;v=enabled&amp;s=1e69077fb1cd438a31fba039add1ac85dfdd86c9", "x": 108, "y": 49}, {"u": "https://preview.redd.it/n77eusd5lkga1.jpg?width=216&amp;crop=smart&amp;auto=webp&amp;v=enabled&amp;s=96318cfd7f812e99b87ae6e637e4254aff7a9c15", "x": 216, "y": 99}, {"u": "https://preview.redd.it/n77eusd5lkga1.jpg?width=320&amp;crop=smart&amp;auto=webp&amp;v=enabled&amp;s=74aab6eabdaaed1fd0435dafe41aa6ad0d73c45f", "x": 320, "y": 147}, {"u": "https://preview.redd.it/n77eusd5lkga1.jpg?width=640&amp;crop=smart&amp;auto=webp&amp;v=enabled&amp;s=082f08ed919acae0a22a0286bbe161ab4dafbf76", "x": 640, "y": 295}, {"u": "https://preview.redd.it/n77eusd5lkga1.jpg?width=960&amp;crop=smart&amp;auto=webp&amp;v=enabled&amp;s=c61e5b52f21039b41d405f73e65c74a75003f7e8", "x": 960, "y": 443}, {"u": "https://preview.redd.it/n77eusd5lkga1.jpg?width=1080&amp;crop=smart&amp;auto=webp&amp;v=enabled&amp;s=5e1e75c56c735d09df9763926b9113195c080d0a", "x": 1080, "y": 498}], "s": {"u": "https://preview.redd.it/n77eusd5lkga1.jpg?width=2436&amp;format=pjpg&amp;auto=webp&amp;v=enabled&amp;s=fc81e3ca927df960b41c724ce9c5db0096fc66a9", "x": 2436, "y": 1125}, "status": "valid"}, "o4v23ae5lkga1": {"e": "Image", "id": "o4v23ae5lkga1", "m": "image/jpg", "p": [{"u": "https://preview.redd.it/o4v23ae5lkga1.jpg?width=108&amp;crop=smart&amp;auto=webp&amp;v=enabled&amp;s=4b0793ba6b2096f933533c48c3309d800bfcade7", "x": 108, "y": 49}, {"u": "https://preview.redd.it/o4v23ae5lkga1.jpg?width=216&amp;crop=smart&amp;auto=webp&amp;v=enabled&amp;s=077f2c95bbc4aba9d3dc0b692f728bae98f0456d", "x": 216, "y": 99}, {"u": "https://preview.redd.it/o4v23ae5lkga1.jpg?width=320&amp;crop=smart&amp;auto=webp&amp;v=enabled&amp;s=92de15272a3e6593f47cff99b617cc377e651adb", "x": 320, "y": 147}, {"u": "https://preview.redd.it/o4v23ae5lkga1.jpg?width=640&amp;crop=smart&amp;auto=webp&amp;v=enabled&amp;s=fa4e0b50e89c9c5c52dd26bde0a0a852c0712d46", "x": 640, "y": 295}, {"u": "https://preview.redd.it/o4v23ae5lkga1.jpg?width=960&amp;crop=smart&amp;auto=webp&amp;v=enabled&amp;s=c20d210dc5023b462438f927fea721c9f0b24d29", "x": 960, "y": 443}, {"u": "https://preview.redd.it/o4v23ae5lkga1.jpg?width=1080&amp;crop=smart&amp;auto=webp&amp;v=enabled&amp;s=39ffb5bf6782f1ef7c85d8dd613bac0f5f2477f8", "x": 1080, "y": 498}], "s": {"u": "https://preview.redd.it/o4v23ae5lkga1.jpg?width=2436&amp;format=pjpg&amp;auto=webp&amp;v=enabled&amp;s=bd46a720021ad34b287bef95c4435c73cce4de3d", "x": 2436, "y": 1125}, "status": "valid"}, "oh8oqae5lkga1": {"e": "Image", "id": "oh8oqae5lkga1", "m": "image/jpg", "p": [{"u": "https://preview.redd.it/oh8oqae5lkga1.jpg?width=108&amp;crop=smart&amp;auto=webp&amp;v=enabled&amp;s=39b76cbd453c621b2345983ac5afca54b2242aef", "x": 108, "y": 49}, {"u": "https://preview.redd.it/oh8oqae5lkga1.jpg?width=216&amp;crop=smart&amp;auto=webp&amp;v=enabled&amp;s=5200364ab5b26d2833e950aa8d64a5a9b4d243a1", "x": 216, "y": 99}, {"u": "https://preview.redd.it/oh8oqae5lkga1.jpg?width=320&amp;crop=smart&amp;auto=webp&amp;v=enabled&amp;s=8219ee31c5e092cf3423dbba5e6f6dabec048754", "x": 320, "y": 147}, {"u": "https://preview.redd.it/oh8oqae5lkga1.jpg?width=640&amp;crop=smart&amp;auto=webp&amp;v=enabled&amp;s=d44af139960ce5de63e019c3744e35cbbb4c386b", "x": 640, "y": 295}, {"u": "https://preview.redd.it/oh8oqae5lkga1.jpg?width=960&amp;crop=smart&amp;auto=webp&amp;v=enabled&amp;s=5aa829c4203dab8479d2b9d17968bf62d5f58ff1", "x": 960, "y": 443}, {"u": "https://preview.redd.it/oh8oqae5lkga1.jpg?width=1080&amp;crop=smart&amp;auto=webp&amp;v=enabled&amp;s=07ada7829c56e04ae6896450abf13a52dfa7e6ba", "x": 1080, "y": 498}], "s": {"u": "https://preview.redd.it/oh8oqae5lkga1.jpg?width=2436&amp;format=pjpg&amp;auto=webp&amp;v=enabled&amp;s=62df80e3b05ee77e8587c5512fece3daba0f4ac3", "x": 2436, "y": 1125}, "status": "valid"}, "rwvqkie5lkga1": {"e": "Image", "id": "rwvqkie5lkga1", "m": "image/jpg", "p": [{"u": "https://preview.redd.it/rwvqkie5lkga1.jpg?width=108&amp;crop=smart&amp;auto=webp&amp;v=enabled&amp;s=4c2930b0dd63cd09053fa0fa18c3a47b6354cd9c", "x": 108, "y": 49}, {"u": "https://preview.redd.it/rwvqkie5lkga1.jpg?width=216&amp;crop=smart&amp;auto=webp&amp;v=enabled&amp;s=86caea4beaff387ee2339b1556a5211b08d795ca", "x": 216, "y": 99}, {"u": "https://preview.redd.it/rwvqkie5lkga1.jpg?width=320&amp;crop=smart&amp;auto=webp&amp;v=enabled&amp;s=e51323f024f6bf330c3c7ff41fb553f7f072ab8c", "x": 320, "y": 147}, {"u": "https://preview.redd.it/rwvqkie5lkga1.jpg?width=640&amp;crop=smart&amp;auto=webp&amp;v=enabled&amp;s=53d66c33f81b03adaee427932dfbe405fb1cbb32", "x": 640, "y": 295}, {"u": "https://preview.redd.it/rwvqkie5lkga1.jpg?width=960&amp;crop=smart&amp;auto=webp&amp;v=enabled&amp;s=8fbdd38da544f4f770746262975734f1e75d2c77", "x": 960, "y": 443}, {"u": "https://preview.redd.it/rwvqkie5lkga1.jpg?width=1080&amp;crop=smart&amp;auto=webp&amp;v=enabled&amp;s=c0036cda2dd37096972ef6ff12294b214162bde7", "x": 1080, "y": 498}], "s": {"u": "https://preview.redd.it/rwvqkie5lkga1.jpg?width=2436&amp;format=pjpg&amp;auto=webp&amp;v=enabled&amp;s=1342a43b8aa6846e4c3032225a125513d5da697a", "x": 2436, "y": 1125}, "status": "valid"}, "slffbsd5lkga1": {"e": "Image", "id": "slffbsd5lkga1", "m": "image/jpg", "p": [{"u": "https://preview.redd.it/slffbsd5lkga1.jpg?width=108&amp;crop=smart&amp;auto=webp&amp;v=enabled&amp;s=1b325c4252483252177cc970962440ad8123c399", "x": 108, "y": 49}, {"u": "https://preview.redd.it/slffbsd5lkga1.jpg?width=216&amp;crop=smart&amp;auto=webp&amp;v=enabled&amp;s=8d3e867a2b92872af0f1c961632782a5ae4abc0f", "x": 216, "y": 99}, {"u": "https://preview.redd.it/slffbsd5lkga1.jpg?width=320&amp;crop=smart&amp;auto=webp&amp;v=enabled&amp;s=81a2c260edb983a1f074dcd65b01c34c0159b5be", "x": 320, "y": 147}, {"u": "https://preview.redd.it/slffbsd5lkga1.jpg?width=640&amp;crop=smart&amp;auto=webp&amp;v=enabled&amp;s=d523d35d6a7deab59931a2c5b7adf67e9872b74b", "x": 640, "y": 295}, {"u": "https://preview.redd.it/slffbsd5lkga1.jpg?width=960&amp;crop=smart&amp;auto=webp&amp;v=enabled&amp;s=aa014704fa0894234931f52aad797fe5654b0069", "x": 960, "y": 443}, {"u": "https://preview.redd.it/slffbsd5lkga1.jpg?width=1080&amp;crop=smart&amp;auto=webp&amp;v=enabled&amp;s=e5656b24b4ea586f89fa53e6c96f74e8e5a6c0e4", "x": 1080, "y": 498}], "s": {"u": "https://preview.redd.it/slffbsd5lkga1.jpg?width=2436&amp;format=pjpg&amp;auto=webp&amp;v=enabled&amp;s=0400ecc924a932235316e8ecc2b5401fdc58e6ef", "x": 2436, "y": 1125}, "status": "valid"}, "u51q6ae5lkga1": {"e": "Image", "id": "u51q6ae5lkga1", "m": "image/jpg", "p": [{"u": "https://preview.redd.it/u51q6ae5lkga1.jpg?width=108&amp;crop=smart&amp;auto=webp&amp;v=enabled&amp;s=fdca4480283fc43c438fe95c24a16cff78ee3d0b", "x": 108, "y": 49}, {"u": "https://preview.redd.it/u51q6ae5lkga1.jpg?width=216&amp;crop=smart&amp;auto=webp&amp;v=enabled&amp;s=ea904ee4da6a1176a3a8c23e71bc7ee31d7bd9d4", "x": 216, "y": 99}, {"u": "https://preview.redd.it/u51q6ae5lkga1.jpg?width=320&amp;crop=smart&amp;auto=webp&amp;v=enabled&amp;s=62d41f6358176308649e71b4ddc33177961dab23", "x": 320, "y": 147}, {"u": "https://preview.redd.it/u51q6ae5lkga1.jpg?width=640&amp;crop=smart&amp;auto=webp&amp;v=enabled&amp;s=6b5fc45a8bd68e5b359a7626f193081b2d515919", "x": 640, "y": 295}, {"u": "https://preview.redd.it/u51q6ae5lkga1.jpg?width=960&amp;crop=smart&amp;auto=webp&amp;v=enabled&amp;s=111dd81f98116d266ad613b0bd99de07a28e1c5b", "x": 960, "y": 443}, {"u": "https://preview.redd.it/u51q6ae5lkga1.jpg?width=1080&amp;crop=smart&amp;auto=webp&amp;v=enabled&amp;s=719b0e080a52e5f591a75e6fcf35cc40c9804fb8", "x": 1080, "y": 498}], "s": {"u": "https://preview.redd.it/u51q6ae5lkga1.jpg?width=2436&amp;format=pjpg&amp;auto=webp&amp;v=enabled&amp;s=eb4b38b8de6b9c87b8efec418ea6a980a6ebc2ce", "x": 2436, "y": 1125}, "status": "valid"}, "yulybje5lkga1": {"e": "Image", "id": "yulybje5lkga1", "m": "image/jpg", "p": [{"u": "https://preview.redd.it/yulybje5lkga1.jpg?width=108&amp;crop=smart&amp;auto=webp&amp;v=enabled&amp;s=4c6d25c5d8abb9638f951b0dd53c68cda8d06584", "x": 108, "y": 49}, {"u": "https://preview.redd.it/yulybje5lkga1.jpg?width=216&amp;crop=smart&amp;auto=webp&amp;v=enabled&amp;s=3bf60d43f2b027cce8a7355d2e9d7f257f6ec03b", "x": 216, "y": 99}, {"u": "https://preview.redd.it/yulybje5lkga1.jpg?width=320&amp;crop=smart&amp;auto=webp&amp;v=enabled&amp;s=586c11d9ff8d07166ee597c73fd71f847a51b1a4", "x": 320, "y": 147}, {"u": "https://preview.redd.it/yulybje5lkga1.jpg?width=640&amp;crop=smart&amp;auto=webp&amp;v=enabled&amp;s=5b6382064e7cb0097af71064f4531ae41e2a1f1f", "x": 640, "y": 295}, {"u": "https://preview.redd.it/yulybje5lkga1.jpg?width=960&amp;crop=smart&amp;auto=webp&amp;v=enabled&amp;s=0691bd95b05e26eb0bfadbf727db861a26af207a", "x": 960, "y": 443}, {"u": "https://preview.redd.it/yulybje5lkga1.jpg?width=1080&amp;crop=smart&amp;auto=webp&amp;v=enabled&amp;s=3d5ae34114cdc670223d125a3e40bf907400f33d", "x": 1080, "y": 498}], "s": {"u": "https://preview.redd.it/yulybje5lkga1.jpg?width=2436&amp;format=pjpg&amp;auto=webp&amp;v=enabled&amp;s=d819894f5c9562b4e5e68e9ff32b924c901638d0", "x": 2436, "y": 1125}, "status": "valid"}}, "media_only": false, "mod_note": null, "mod_reason_by": null, "mod_reason_title": null, "mod_reports": [], "name": "t3_10v6kp3", "no_follow": false, "num_comments": 45, "num_crossposts": 2, "num_reports": null, "over_18": false, "parent_whitelist_status": "all_ads", "permalink": "/r/Superstonk/comments/10v6kp3/ueinfachman_checkmate_we_having_fun_yet_slideshow/", "pinned": false, "pwls": 6, "quarantine": false, "removal_reason": null, "removed_by": null, "removed_by_category": null, "report_reasons": null, "saved": false, "score": 1726, "secure_media": null, "secure_media_embed": {}, "selftext": "", "selftext_html": null, "send_replies": true, "spoiler": false, "stickied": false, "subreddit": "Superstonk", "subreddit_id": "t5_43zwn1", "subreddit_name_prefixed": "r/Superstonk", "subreddit_subscribers": 861561, "subreddit_type": "public", "suggested_sort": null, "thumbnail": "https://b.thumbs.redditmedia.com/3dIGZp5YtkA8CbqzoZ744JAXZZAbGr5Y0rZQEql5zeo.jpg", "thumbnail_height": 64, "thumbnail_width": 140, "title": "u/-einfachman- \u201cCheckmate\u201d / \u201cWe Having Fun Yet\u201d - slideshow adapted", "top_awarded_type": null, "total_awards_received": 4, "treatment_tags": [], "ups": 1726, "upvote_ratio": 0.97, "url": "https://www.reddit.com/gallery/10v6kp3", "url_overridden_by_dest": "https://www.reddit.com/gallery/10v6kp3", "user_reports": [], "view_count": null, "visited": false, "whitelist_status": "all_ads", "wls": 6}], "discussion_type": null, "distinguished": null, "domain": "reddit.com", "edited": false, "gilded": 0, "gildings": {}, "hidden": false, "hide_score": false, "id": "10vay1f", "is_created_from_ads_ui": false, "is_crosspostable": true, "is_meta": false, "is_original_content": false, "is_reddit_media_domain": false, "is_robot_indexable": true, "is_self": false, "is_video": false, "link_flair_background_color": "", "link_flair_css_class": null, "link_flair_richtext": [], "link_flair_text": null, "link_flair_text_color": "dark", "link_flair_type": "text", "locked": false, "media": null, "media_embed": {}, "media_only": false, "name": "t3_10vay1f", "no_follow": true, "num_comments": 0, "num_crossposts": 0, "over_18": false, "parent_whitelist_status": null, "permalink": "/r/ThePPShow/comments/10vay1f/ueinfachman_checkmate_we_having_fun_yet_slideshow/", "pinned": false, "pwls": null, "quarantine": false, "removed_by": null, "removed_by_category": null, "retrieved_on": 1678338276, "score": 1, "secure_media": null, "secure_media_embed": {}, "selftext": "", "send_replies": false, "spoiler": false, "stickied": false, "subreddit": "ThePPShow", "subreddit_id": "t5_7q5o7y", "subreddit_name_prefixed": "r/ThePPShow", "subreddit_subscribers": 582, "subreddit_type": "public", "suggested_sort": null, "thumbnail": "https://b.thumbs.redditmedia.com/3dIGZp5YtkA8CbqzoZ744JAXZZAbGr5Y0rZQEql5zeo.jpg", "thumbnail_height": 64, "thumbnail_width": 140, "title": "u/-einfachman- \u201cCheckmate\u201d / \u201cWe Having Fun Yet\u201d - slideshow adapted", "top_awarded_type": null, "total_awards_received": 0, "treatment_tags": [], "upvote_ratio": 1.0, "url": "https://www.reddit.com/gallery/10v6kp3", "url_overridden_by_dest": "https://www.reddit.com/gallery/10v6kp3", "view_count": null, "whitelist_status": null, "wls": null}, {"all_awardings": [], "allow_live_comments": true, "archived": false, "author": "[deleted]", "author_created_utc": null, "author_flair_background_color": "", "author_flair_css_class": null, "author_flair_template_id": null, "author_flair_text": null, "author_flair_text_color": "dark", "awarders": [], "banned_by": null, "can_gild": false, "can_mod_post": false, "category": null, "content_categories": null, "contest_mode": false, "created_utc": 1675673434, "discussion_type": "CHAT", "distinguished": null, "domain": "", "edited": false, "gallery_data": null, "gilded": 0, "gildings": {}, "hidden": false, "hide_score": false, "id": "10v1wzz", "is_created_from_ads_ui": false, "is_crosspostable": false, "is_gallery": true, "is_meta": false, "is_original_content": false, "is_reddit_media_domain": false, "is_robot_indexable": false, "is_self": false, "is_video": false, "link_flair_background_color": "", "link_flair_css_class": null, "link_flair_richtext": [], "link_flair_text": null, "link_flair_text_color": "dark", "link_flair_type": "text", "locked": false, "media": null, "media_embed": {}, "media_metadata": null, "media_only": false, "name": "t3_10v1wzz", "no_follow": false, "num_comments": 3, "num_crossposts": 0, "over_18": false, "parent_whitelist_status": null, "permalink": "/r/ThePPShow/comments/10v1wzz/tinfoil_of_tinfoils_is_section_17_mentioning/", "pinned": false, "pwls": null, "quarantine": false, "removed_by": null, "removed_by_category": "deleted", "retrieved_on": 1678338635, "score": 3, "secure_media": null, "secure_media_embed": {}, "selftext": "[deleted]", "send_replies": true, "spoiler": false, "stickied": false, "subreddit": "ThePPShow", "subreddit_id": "t5_7q5o7y", "subreddit_name_prefixed": "r/ThePPShow", "subreddit_subscribers": 582, "subreddit_type": "public", "suggested_sort": "new", "thumbnail": "default", "thumbnail_height": 140, "thumbnail_width": 140, "title": "Tinfoil of tinfoils , is section 17 mentioning merge and section 16 having a hidden text reference to Carl Ichan ? On the movie Carl Ichan rentless billionaire there is that picture bellow with both number 17-16a", "top_awarded_type": null, "total_awards_received": 0, "treatment_tags": [], "upvote_ratio": 0.72, "url": "", "url_overridden_by_dest": "", "view_count": null, "whitelist_status": null, "wls": null}, {"all_awardings": [], "allow_live_comments": false, "archived": false, "author": "[deleted]", "author_created_utc": null, "author_flair_background_color": "", "author_flair_css_class": null, "author_flair_template_id": null, "author_flair_text": null, "author_flair_text_color": "dark", "awarders": [], "banned_by": null, "can_gild": false, "can_mod_post": false, "category": null, "content_categories": null, "contest_mode": false, "created_utc": 1675667343, "discussion_type": null, "distinguished": null, "domain": "", "edited": false, "gilded": 0, "gildings": {}, "hidden": false, "hide_score": false, "id": "10v0e2u", "is_created_from_ads_ui": false, "is_crosspostable": false, "is_meta": false, "is_original_content": false, "is_reddit_media_domain": false, "is_robot_indexable": false, "is_self": true, "is_video": false, "link_flair_background_color": "#ffd635", "link_flair_css_class": "", "link_flair_richtext": [], "link_flair_template_id": "b479f938-a5ec-11ed-8dc6-06e6317e03d0", "link_flair_text": "memes", "link_flair_text_color": "dark", "link_flair_type": "text", "locked": false, "media": null, "media_embed": {}, "media_only": false, "name": "t3_10v0e2u", "no_follow": false, "num_comments": 0, "num_crossposts": 0, "over_18": false, "parent_whitelist_status": null, "permalink": "/r/ThePPShow/comments/10v0e2u/alex_chu_is_me_from_the_future_and_our_dreams_are/", "pinned": false, "pwls": null, "quarantine": false, "removed_by": null, "removed_by_category": "deleted", "retrieved_on": 1678338695, "score": 1, "secure_media": null, "secure_media_embed": {}, "selftext": "[deleted]", "send_replies": true, "spoiler": false, "stickied": false, "subreddit": "ThePPShow", "subreddit_id": "t5_7q5o7y", "subreddit_name_prefixed": "r/ThePPShow", "subreddit_subscribers": 582, "subreddit_type": "public", "suggested_sort": null, "thumbnail": "default", "thumbnail_height": null, "thumbnail_width": null, "title": "Alex chu is me from the future and our dreams are colliding", "top_awarded_type": null, "total_awards_received": 0, "treatment_tags": [], "upvote_ratio": 1.0, "url": "", "view_count": null, "whitelist_status": null, "wls": null}, {"all_awardings": [], "allow_live_comments": false, "archived": false, "author": "RegardButtLicker69", "author_created_utc": null, "author_flair_background_color": null, "author_flair_css_class": null, "author_flair_richtext": [], "author_flair_template_id": null, "author_flair_text": null, "author_flair_text_color": null, "author_flair_type": "text", "author_fullname": "t2_4btpz9jz0", "author_patreon_flair": false, "author_premium": false, "awarders": [], "banned_by": null, "can_gild": true, "can_mod_post": false, "category": null, "content_categories": null, "contest_mode": false, "created_utc": 1675664110, "discussion_type": null, "distinguished": null, "domain": "self.ThePPShow", "edited": false, "gilded": 0, "gildings": {}, "hidden": false, "hide_score": false, "id": "10uzhre", "is_created_from_ads_ui": false, "is_crosspostable": false, "is_meta": false, "is_original_content": false, "is_reddit_media_domain": false, "is_robot_indexable": false, "is_self": true, "is_video": false, "link_flair_background_color": "", "link_flair_css_class": null, "link_flair_richtext": [], "link_flair_text": null, "link_flair_text_color": "dark", "link_flair_type": "text", "locked": false, "media": null, "media_embed": {}, "media_only": false, "name": "t3_10uzhre", "no_follow": true, "num_comments": 0, "num_crossposts": 0, "over_18": false, "parent_whitelist_status": null, "permalink": "/r/ThePPShow/comments/10uzhre/how_do_i_get_on_bbby_discords/", "pinned": false, "pwls": null, "quarantine": false, "removed_by": null, "removed_by_category": "moderator", "retrieved_on": 1678338731, "score": 1, "secure_media": null, "secure_media_embed": {}, "selftext": "[removed]", "send_replies": true, "spoiler": false, "stickied": false, "subreddit": "ThePPShow", "subreddit_id": "t5_7q5o7y", "subreddit_name_prefixed": "r/ThePPShow", "subreddit_subscribers": 582, "subreddit_type": "public", "suggested_sort": null, "thumbnail": "default", "thumbnail_height": null, "thumbnail_width": null, "title": "How do I get on bbby discords?", "top_awarded_type": null, "total_awards_received": 0, "treatment_tags": [], "upvote_ratio": 1.0, "url": "https://www.reddit.com/r/ThePPShow/comments/10uzhre/how_do_i_get_on_bbby_discords/", "view_count": null, "whitelist_status": null, "wls": null}, {"all_awardings": [], "allow_live_comments": false, "archived": false, "author": "[deleted]", "author_created_utc": null, "author_flair_background_color": "", "author_flair_css_class": null, "author_flair_template_id": null, "author_flair_text": null, "author_flair_text_color": "dark", "awarders": [], "banned_by": null, "can_gild": false, "can_mod_post": false, "category": null, "content_categories": null, "contest_mode": false, "created_utc": 1675659961, "discussion_type": null, "distinguished": null, "domain": "", "edited": false, "gilded": 0, "gildings": {}, "hidden": false, "hide_score": false, "id": "10uy954", "is_created_from_ads_ui": false, "is_crosspostable": false, "is_meta": false, "is_original_content": false, "is_reddit_media_domain": false, "is_robot_indexable": false, "is_self": true, "is_video": false, "link_flair_background_color": "", "link_flair_css_class": null, "link_flair_richtext": [], "link_flair_text": null, "link_flair_text_color": "dark", "link_flair_type": "text", "locked": false, "media": null, "media_embed": {}, "media_only": false, "name": "t3_10uy954", "no_follow": false, "num_comments": 2, "num_crossposts": 0, "over_18": false, "parent_whitelist_status": null, "permalink": "/r/ThePPShow/comments/10uy954/if_guests_got_bad_microphone_or_connection_issue/", "pinned": false, "pwls": null, "quarantine": false, "removed_by": null, "removed_by_category": "deleted", "retrieved_on": 1678338781, "score": 5, "secure_media": null, "secure_media_embed": {}, "selftext": "[deleted]", "send_replies": true, "spoiler": false, "stickied": false, "subreddit": "ThePPShow", "subreddit_id": "t5_7q5o7y", "subreddit_name_prefixed": "r/ThePPShow", "subreddit_subscribers": 582, "subreddit_type": "public", "suggested_sort": null, "thumbnail": "default", "thumbnail_height": null, "thumbnail_width": null, "title": "If guests got bad microphone or connection issue, tell them to click 'v'.", "top_awarded_type": null, "total_awards_received": 0, "treatment_tags": [], "upvote_ratio": 0.86, "url": "", "view_count": null, "whitelist_status": null, "wls": null}, {"all_awardings": [], "allow_live_comments": false, "archived": false, "author": "[deleted]", "author_created_utc": null, "author_flair_background_color": "", "author_flair_css_class": null, "author_flair_template_id": null, "author_flair_text": null, "author_flair_text_color": "dark", "awarders": [], "banned_by": null, "can_gild": false, "can_mod_post": false, "category": null, "content_categories": null, "contest_mode": false, "created_utc": 1675659575, "discussion_type": null, "distinguished": null, "domain": "", "edited": false, "gilded": 0, "gildings": {}, "hidden": false, "hide_score": false, "id": "10uy4ek", "is_created_from_ads_ui": false, "is_crosspostable": false, "is_meta": false, "is_original_content": false, "is_reddit_media_domain": false, "is_robot_indexable": false, "is_self": true, "is_video": false, "link_flair_background_color": "", "link_flair_css_class": null, "link_flair_richtext": [], "link_flair_text": null, "link_flair_text_color": "dark", "link_flair_type": "text", "locked": false, "media": null, "media_embed": {}, "media_only": false, "name": "t3_10uy4ek", "no_follow": false, "num_comments": 1, "num_crossposts": 0, "over_18": false, "parent_whitelist_status": null, "permalink": "/r/ThePPShow/comments/10uy4ek/here_is_the_full_interpretation_of_pps_nightmare/", "pinned": false, "pwls": null, "quarantine": false, "removed_by": null, "removed_by_category": "deleted", "retrieved_on": 1678338785, "score": 3, "secure_media": null, "secure_media_embed": {}, "selftext": "[deleted]", "send_replies": true, "spoiler": false, "stickied": false, "subreddit": "ThePPShow", "subreddit_id": "t5_7q5o7y", "subreddit_name_prefixed": "r/ThePPShow", "subreddit_subscribers": 582, "subreddit_type": "public", "suggested_sort": null, "thumbnail": "default", "thumbnail_height": null, "thumbnail_width": null, "title": "Here is the full interpretation of PP's nightmare dream he got on Feb 2nd", "top_awarded_type": null, "total_awards_received": 0, "treatment_tags": [], "upvote_ratio": 0.67, "url": "", "view_count": null, "whitelist_status": null, "wls": null}, {"all_awardings": [], "allow_live_comments": false, "archived": false, "author": "[deleted]", "author_created_utc": null, "author_flair_background_color": "", "author_flair_css_class": null, "author_flair_template_id": null, "author_flair_text": null, "author_flair_text_color": "dark", "awarders": [], "banned_by": null, "can_gild": false, "can_mod_post": false, "category": null, "content_categories": null, "contest_mode": false, "created_utc": 1675658329, "discussion_type": null, "distinguished": null, "domain": "", "edited": false, "gilded": 0, "gildings": {}, "hidden": false, "hide_score": false, "id": "10uxqnd", "is_created_from_ads_ui": false, "is_crosspostable": false, "is_meta": false, "is_original_content": false, "is_reddit_media_domain": true, "is_robot_indexable": false, "is_self": false, "is_video": false, "link_flair_background_color": "", "link_flair_css_class": null, "link_flair_richtext": [], "link_flair_text": null, "link_flair_text_color": "dark", "link_flair_type": "text", "locked": false, "media": null, "media_embed": {}, "media_only": false, "name": "t3_10uxqnd", "no_follow": false, "num_comments": 9, "num_crossposts": 0, "over_18": false, "parent_whitelist_status": null, "permalink": "/r/ThePPShow/comments/10uxqnd/oh_the_knee_dream_i_told_you_about_came_true_for/", "pinned": false, "pwls": null, "quarantine": false, "removed_by": null, "removed_by_category": "deleted", "retrieved_on": 1678338801, "score": 4, "secure_media": null, "secure_media_embed": {}, "selftext": "[deleted]", "send_replies": true, "spoiler": false, "stickied": false, "subreddit": "ThePPShow", "subreddit_id": "t5_7q5o7y", "subreddit_name_prefixed": "r/ThePPShow", "subreddit_subscribers": 582, "subreddit_type": "public", "suggested_sort": null, "thumbnail": "default", "thumbnail_height": 74, "thumbnail_width": 140, "title": "Oh the knee dream I told you about came true for myself", "top_awarded_type": null, "total_awards_received": 0, "treatment_tags": [], "upvote_ratio": 0.7, "url": "", "url_overridden_by_dest": "", "view_count": null, "whitelist_status": null, "wls": null}], "metadata": {"op_a": 55, "op_b": 49, "total": 105}, "error": null}