{"data": [{"approved_at_utc": null, "subreddit": "ThePPShow", "selftext": "Walking in a toy store for some last minute Easter gifts and am placing a large gift order for the shills we leave behind to remember us by.\ud83d\udc4b\ud83c\udffb\ud83d\ude80", "author_fullname": "t2_ndvtvyd0", "saved": false, "mod_reason_title": null, "gilded": 0, "clicked": false, "title": "Parting gifts for the shills we leave behind.", "link_flair_richtext": [], "subreddit_name_prefixed": "r/ThePPShow", "hidden": false, "pwls": 6, "link_flair_css_class": null, "downs": 0, "thumbnail_height": 105, "top_awarded_type": null, "hide_score": false, "name": "t3_12g16mo", "quarantine": false, "link_flair_text_color": "dark", "upvote_ratio": 0.96, "author_flair_background_color": null, "subreddit_type": "public", "ups": 24, "total_awards_received": 0, "media_embed": {}, "thumbnail_width": 140, "author_flair_template_id": null, "is_original_content": false, "user_reports": [], "secure_media": null, "is_reddit_media_domain": true, "is_meta": false, "category": null, "secure_media_embed": {}, "link_flair_text": null, "can_mod_post": false, "score": 24, "approved_by": null, "is_created_from_ads_ui": false, "author_premium": false, "thumbnail": "https://b.thumbs.redditmedia.com/73hUH6_KzrkoTSEFJPwTJH_SscR7zN8rcuwMNWEo8Tg.jpg", "edited": false, "author_flair_css_class": null, "author_flair_richtext": [], "gildings": {}, "post_hint": "image", "content_categories": null, "is_self": false, "mod_note": null, "created": 1680994525.0, "link_flair_type": "text", "wls": 6, "removed_by_category": null, "banned_by": null, "author_flair_type": "text", "domain": "i.redd.it", "allow_live_comments": false, "selftext_html": "&lt;!-- SC_OFF --&gt;&lt;div class=\"md\"&gt;&lt;p&gt;Walking in a toy store for some last minute Easter gifts and am placing a large gift order for the shills we leave behind to remember us by.\ud83d\udc4b\ud83c\udffb\ud83d\ude80&lt;/p&gt;\n&lt;/div&gt;&lt;!-- SC_ON --&gt;", "likes": null, "suggested_sort": null, "banned_at_utc": null, "url_overridden_by_dest": "https://i.redd.it/hfj701nr7ssa1.jpg", "view_count": null, "archived": false, "no_follow": false, "is_crosspostable": false, "pinned": false, "over_18": false, "preview": {"images": [{"source": {"url": "https://preview.redd.it/hfj701nr7ssa1.jpg?auto=webp&amp;s=3827533afef617cb63bbdcd0efde961d3203eafb", "width": 4032, "height": 3024}, "resolutions": [{"url": "https://preview.redd.it/hfj701nr7ssa1.jpg?width=108&amp;crop=smart&amp;auto=webp&amp;s=9fb9d93b3faf7d815fa6237ffee4229c133d21a3", "width": 108, "height": 81}, {"url": "https://preview.redd.it/hfj701nr7ssa1.jpg?width=216&amp;crop=smart&amp;auto=webp&amp;s=eb15881894125a4e80be0b9c4e870bcbc98f5366", "width": 216, "height": 162}, {"url": "https://preview.redd.it/hfj701nr7ssa1.jpg?width=320&amp;crop=smart&amp;auto=webp&amp;s=e7f324d73aec56e034e1bd3e4d2fe1c8a67c4f97", "width": 320, "height": 240}, {"url": "https://preview.redd.it/hfj701nr7ssa1.jpg?width=640&amp;crop=smart&amp;auto=webp&amp;s=e3d01a82597e130502bc805f5fef0bf46de704e0", "width": 640, "height": 480}, {"url": "https://preview.redd.it/hfj701nr7ssa1.jpg?width=960&amp;crop=smart&amp;auto=webp&amp;s=e42831f504771586aeda7e262d91caa3cbb4e876", "width": 960, "height": 720}, {"url": "https://preview.redd.it/hfj701nr7ssa1.jpg?width=1080&amp;crop=smart&amp;auto=webp&amp;s=47fda531a61d4c23f0758b8b4f151a24b0f3abf2", "width": 1080, "height": 810}], "variants": {}, "id": "Aap6F5uaJPTlkeq-SQCWH0ojxE4BipPqUWKm3zdt52M"}], "enabled": true}, "all_awardings": [], "awarders": [], "media_only": false, "can_gild": false, "spoiler": false, "locked": false, "author_flair_text": null, "treatment_tags": [], "visited": false, "removed_by": null, "num_reports": null, "distinguished": null, "subreddit_id": "t5_7q5o7y", "author_is_blocked": false, "mod_reason_by": null, "removal_reason": null, "link_flair_background_color": "", "id": "12g16mo", "is_robot_indexable": true, "report_reasons": null, "author": "Fly_Bri_1969", "discussion_type": null, "num_comments": 2, "send_replies": true, "whitelist_status": "all_ads", "contest_mode": false, "mod_reports": [], "author_patreon_flair": false, "author_flair_text_color": null, "permalink": "/r/ThePPShow/comments/12g16mo/parting_gifts_for_the_shills_we_leave_behind/", "parent_whitelist_status": "all_ads", "stickied": false, "url": "https://i.redd.it/hfj701nr7ssa1.jpg", "subreddit_subscribers": 10105, "created_utc": 1680994525.0, "num_crossposts": 0, "media": null, "is_video": false}, {"approved_at_utc": null, "subreddit": "ThePPShow", "selftext": "", "user_reports": [], "saved": false, "mod_reason_title": null, "gilded": 0, "clicked": false, "title": "The DD saved on my phone turned out to be legit", "link_flair_richtext": [], "subreddit_name_prefixed": "r/ThePPShow", "hidden": false, "pwls": 6, "link_flair_css_class": null, "downs": 0, "thumbnail_height": 140, "top_awarded_type": null, "hide_score": false, "name": "t3_12fyju7", "quarantine": false, "link_flair_text_color": "dark", "upvote_ratio": 0.63, "author_flair_background_color": null, "subreddit_type": "public", "ups": 2, "total_awards_received": 0, "media_embed": {}, "thumbnail_width": 140, "author_flair_template_id": null, "is_original_content": false, "author_fullname": "t2_4qf25gvu", "secure_media": null, "is_reddit_media_domain": true, "is_meta": false, "category": null, "secure_media_embed": {}, "link_flair_text": null, "can_mod_post": false, "score": 2, "approved_by": null, "is_created_from_ads_ui": false, "author_premium": false, "thumbnail": "default", "edited": false, "author_flair_css_class": null, "author_flair_richtext": [], "gildings": {}, "content_categories": null, "is_self": false, "mod_note": null, "crosspost_parent_list": [{"approved_at_utc": null, "subreddit": "BBBY", "selftext": "", "author_fullname": "t2_9sphmmhx", "saved": false, "mod_reason_title": null, "gilded": 0, "clicked": false, "title": "The DD saved on my phone turned out to be legit", "link_flair_richtext": [], "subreddit_name_prefixed": "r/BBBY", "hidden": false, "pwls": 6, "link_flair_css_class": "", "downs": 0, "thumbnail_height": 140, "top_awarded_type": null, "hide_score": false, "name": "t3_12fnmdv", "quarantine": false, "link_flair_text_color": "dark", "upvote_ratio": 0.88, "author_flair_background_color": null, "ups": 610, "total_awards_received": 0, "media_embed": {}, "thumbnail_width": 140, "author_flair_template_id": null, "is_original_content": false, "user_reports": [], "secure_media": null, "is_reddit_media_domain": true, "is_meta": false, "category": null, "secure_media_embed": {}, "link_flair_text": "Social Media", "can_mod_post": false, "score": 610, "approved_by": null, "is_created_from_ads_ui": false, "author_premium": true, "thumbnail": "https://b.thumbs.redditmedia.com/PPIgXcJQoQZskbjV8AKolHIpcTvWz8TZ2B2jjS-b_8Q.jpg", "edited": false, "author_flair_css_class": null, "author_flair_richtext": [], "gildings": {}, "post_hint": "image", "content_categories": null, "is_self": false, "subreddit_type": "public", "created": 1680963815.0, "link_flair_type": "text", "wls": 6, "removed_by_category": null, "banned_by": null, "author_flair_type": "text", "domain": "i.redd.it", "allow_live_comments": true, "selftext_html": null, "likes": null, "suggested_sort": null, "banned_at_utc": null, "url_overridden_by_dest": "https://i.redd.it/re4sjmhgopsa1.jpg", "view_count": null, "archived": false, "no_follow": false, "is_crosspostable": false, "pinned": false, "over_18": false, "preview": {"images": [{"source": {"url": "https://preview.redd.it/re4sjmhgopsa1.jpg?auto=webp&amp;s=7184fc5be2593a7aa608d9ac212bc609495d8082", "width": 828, "height": 1792}, "resolutions": [{"url": "https://preview.redd.it/re4sjmhgopsa1.jpg?width=108&amp;crop=smart&amp;auto=webp&amp;s=9ea375772f3f175d262460160ebcc0a4c514a104", "width": 108, "height": 216}, {"url": "https://preview.redd.it/re4sjmhgopsa1.jpg?width=216&amp;crop=smart&amp;auto=webp&amp;s=e7644a10ae5d38c5476991c53e99316c55e29cb1", "width": 216, "height": 432}, {"url": "https://preview.redd.it/re4sjmhgopsa1.jpg?width=320&amp;crop=smart&amp;auto=webp&amp;s=8918656a6b913b13d8807844c4355928d89e6db1", "width": 320, "height": 640}, {"url": "https://preview.redd.it/re4sjmhgopsa1.jpg?width=640&amp;crop=smart&amp;auto=webp&amp;s=45f426f07e54c4192dfa7e0b5974e62ae941b96d", "width": 640, "height": 1280}], "variants": {}, "id": "3FQevJmyFEMKn8O0p8f6THQsMynRifxs4sNTrmimypc"}], "enabled": true}, "all_awardings": [], "awarders": [], "media_only": false, "link_flair_template_id": "e5184b24-d20e-11ec-824a-feb07c370320", "can_gild": false, "spoiler": false, "locked": false, "author_flair_text": null, "treatment_tags": [], "visited": false, "removed_by": null, "mod_note": null, "distinguished": null, "subreddit_id": "t5_3q5hel", "author_is_blocked": false, "mod_reason_by": null, "num_reports": null, "removal_reason": null, "link_flair_background_color": "#b8e0ff", "id": "12fnmdv", "is_robot_indexable": true, "report_reasons": null, "author": "Qsents", "discussion_type": null, "num_comments": 145, "send_replies": true, "whitelist_status": "all_ads", "contest_mode": false, "mod_reports": [], "author_patreon_flair": false, "author_flair_text_color": null, "permalink": "/r/BBBY/comments/12fnmdv/the_dd_saved_on_my_phone_turned_out_to_be_legit/", "parent_whitelist_status": "all_ads", "stickied": false, "url": "https://i.redd.it/re4sjmhgopsa1.jpg", "subreddit_subscribers": 68562, "created_utc": 1680963815.0, "num_crossposts": 1, "media": null, "is_video": false}], "created": 1680988269.0, "link_flair_type": "text", "wls": 6, "removed_by_category": "moderator", "banned_by": null, "author_flair_type": "text", "domain": "i.redd.it", "allow_live_comments": false, "selftext_html": null, "likes": null, "suggested_sort": null, "banned_at_utc": null, "url_overridden_by_dest": "https://i.redd.it/re4sjmhgopsa1.jpg", "view_count": null, "archived": false, "no_follow": true, "is_crosspostable": false, "pinned": false, "over_18": false, "all_awardings": [], "awarders": [], "media_only": false, "can_gild": false, "spoiler": false, "locked": false, "author_flair_text": null, "treatment_tags": [], "visited": false, "removed_by": null, "num_reports": null, "distinguished": null, "subreddit_id": "t5_7q5o7y", "author_is_blocked": false, "mod_reason_by": null, "removal_reason": null, "link_flair_background_color": "", "id": "12fyju7", "is_robot_indexable": false, "report_reasons": null, "author": "Goodgoytrading", "discussion_type": null, "num_comments": 1, "send_replies": true, "whitelist_status": "all_ads", "contest_mode": false, "mod_reports": [], "author_patreon_flair": false, "crosspost_parent": "t3_12fnmdv", "author_flair_text_color": null, "permalink": "/r/ThePPShow/comments/12fyju7/the_dd_saved_on_my_phone_turned_out_to_be_legit/", "parent_whitelist_status": "all_ads", "stickied": false, "url": "https://i.redd.it/re4sjmhgopsa1.jpg", "subreddit_subscribers": 10105, "created_utc": 1680988269.0, "num_crossposts": 0, "media": null, "is_video": false}, {"approved_at_utc": null, "subreddit": "ThePPShow", "selftext": "Just left r/BBBY, the FUD is out of control over there... I recommend everyone to read through this three part blog post if u haven\u00b4t (link below). Big up to the writer Knottylama if you\u00b4re in here! His handle on twitter is [@knotty\\_llama](https://twitter.com/knotty_llama)\n\nIt gives a good summary of what Wild Bill briefly mentioned in yesterday\u00b4s stream, how all of this is planned many years before the GME sneeze and my strong belief is that BBBY will very soon be the next chapter in the Greatest story ever told. Would love to hear more from Wild Bill and further discussions about this on the stream u/ppseeds. Understanding the bigger picture will make us all think past the squeeze and what we are all lucky to be a part of...\n\n[https://iamnotallama999.medium.com/once-upon-a-time-in-the-metaverse-part-iii-heroes-villains-and-the-ones-who-got-lost-in-the-mix-38aea46048d7](https://iamnotallama999.medium.com/once-upon-a-time-in-the-metaverse-part-iii-heroes-villains-and-the-ones-who-got-lost-in-the-mix-38aea46048d7)", "author_fullname": "t2_8fdlg6q6", "saved": false, "mod_reason_title": null, "gilded": 0, "clicked": false, "title": "The greatest story ever told!", "link_flair_richtext": [], "subreddit_name_prefixed": "r/ThePPShow", "hidden": false, "pwls": 6, "link_flair_css_class": null, "downs": 0, "thumbnail_height": null, "top_awarded_type": null, "hide_score": false, "name": "t3_12fvoxa", "quarantine": false, "link_flair_text_color": "dark", "upvote_ratio": 0.87, "author_flair_background_color": null, "subreddit_type": "public", "ups": 29, "total_awards_received": 0, "media_embed": {}, "thumbnail_width": null, "author_flair_template_id": null, "is_original_content": false, "user_reports": [], "secure_media": null, "is_reddit_media_domain": false, "is_meta": false, "category": null, "secure_media_embed": {}, "link_flair_text": null, "can_mod_post": false, "score": 29, "approved_by": null, "is_created_from_ads_ui": false, "author_premium": false, "thumbnail": "self", "edited": false, "author_flair_css_class": null, "author_flair_richtext": [], "gildings": {}, "post_hint": "self", "content_categories": null, "is_self": true, "mod_note": null, "created": 1680981681.0, "link_flair_type": "text", "wls": 6, "removed_by_category": null, "banned_by": null, "author_flair_type": "text", "domain": "self.ThePPShow", "allow_live_comments": false, "selftext_html": "&lt;!-- SC_OFF --&gt;&lt;div class=\"md\"&gt;&lt;p&gt;Just left &lt;a href=\"/r/BBBY\"&gt;r/BBBY&lt;/a&gt;, the FUD is out of control over there... I recommend everyone to read through this three part blog post if u haven\u00b4t (link below). Big up to the writer Knottylama if you\u00b4re in here! His handle on twitter is &lt;a href=\"https://twitter.com/knotty_llama\"&gt;@knotty_llama&lt;/a&gt;&lt;/p&gt;\n\n&lt;p&gt;It gives a good summary of what Wild Bill briefly mentioned in yesterday\u00b4s stream, how all of this is planned many years before the GME sneeze and my strong belief is that BBBY will very soon be the next chapter in the Greatest story ever told. Would love to hear more from Wild Bill and further discussions about this on the stream &lt;a href=\"/u/ppseeds\"&gt;u/ppseeds&lt;/a&gt;. Understanding the bigger picture will make us all think past the squeeze and what we are all lucky to be a part of...&lt;/p&gt;\n\n&lt;p&gt;&lt;a href=\"https://iamnotallama999.medium.com/once-upon-a-time-in-the-metaverse-part-iii-heroes-villains-and-the-ones-who-got-lost-in-the-mix-38aea46048d7\"&gt;https://iamnotallama999.medium.com/once-upon-a-time-in-the-metaverse-part-iii-heroes-villains-and-the-ones-who-got-lost-in-the-mix-38aea46048d7&lt;/a&gt;&lt;/p&gt;\n&lt;/div&gt;&lt;!-- SC_ON --&gt;", "likes": null, "suggested_sort": null, "banned_at_utc": null, "view_count": null, "archived": false, "no_follow": false, "is_crosspostable": false, "pinned": false, "over_18": false, "preview": {"images": [{"source": {"url": "https://external-preview.redd.it/TZFCuYlPQzFixZ_OP49mHpIt_qH74KiHcgDNY0xtlLM.jpg?auto=webp&amp;s=38d8992e7e0cde008b8ffafda215840913fe653e", "width": 48, "height": 48}, "resolutions": [], "variants": {}, "id": "MNYqy-giSeL7nDMqPitD86tiAGskGE2_LQwiB0rbDJg"}], "enabled": false}, "all_awardings": [], "awarders": [], "media_only": false, "can_gild": false, "spoiler": false, "locked": false, "author_flair_text": null, "treatment_tags": [], "visited": false, "removed_by": null, "num_reports": null, "distinguished": null, "subreddit_id": "t5_7q5o7y", "author_is_blocked": false, "mod_reason_by": null, "removal_reason": null, "link_flair_background_color": "", "id": "12fvoxa", "is_robot_indexable": true, "report_reasons": null, "author": "enheldel", "discussion_type": null, "num_comments": 14, "send_replies": true, "whitelist_status": "all_ads", "contest_mode": false, "mod_reports": [], "author_patreon_flair": false, "author_flair_text_color": null, "permalink": "/r/ThePPShow/comments/12fvoxa/the_greatest_story_ever_told/", "parent_whitelist_status": "all_ads", "stickied": false, "url": "https://www.reddit.com/r/ThePPShow/comments/12fvoxa/the_greatest_story_ever_told/", "subreddit_subscribers": 10106, "created_utc": 1680981681.0, "num_crossposts": 0, "media": null, "is_video": false}, {"approved_at_utc": null, "subreddit": "ThePPShow", "selftext": "[deleted]", "user_reports": [], "saved": false, "mod_reason_title": null, "gilded": 0, "clicked": false, "is_gallery": true, "title": "Can someone confirm that the 876 million dilution is actually the post reverse split figures? If so the pre RS price will go to $0.01.", "link_flair_richtext": [], "subreddit_name_prefixed": "r/ThePPShow", "hidden": false, "pwls": 6, "link_flair_css_class": null, "downs": 0, "thumbnail_height": 79, "top_awarded_type": null, "hide_score": false, "media_metadata": null, "name": "t3_12fqhhn", "quarantine": false, "link_flair_text_color": "dark", "upvote_ratio": 0.45, "author_flair_background_color": "", "subreddit_type": "public", "ups": 0, "total_awards_received": 0, "media_embed": {}, "thumbnail_width": 140, "author_flair_template_id": null, "is_original_content": false, "secure_media": null, "is_reddit_media_domain": false, "is_meta": false, "category": null, "secure_media_embed": {}, "gallery_data": null, "link_flair_text": null, "can_mod_post": false, "score": 0, "approved_by": null, "is_created_from_ads_ui": false, "thumbnail": "default", "edited": false, "author_flair_css_class": null, "gildings": {}, "content_categories": null, "is_self": false, "mod_note": null, "created": 1680970486.0, "link_flair_type": "text", "wls": 6, "removed_by_category": "deleted", "banned_by": null, "domain": "", "allow_live_comments": false, "selftext_html": "&lt;!-- SC_OFF --&gt;&lt;div class=\"md\"&gt;&lt;p&gt;[deleted]&lt;/p&gt;\n&lt;/div&gt;&lt;!-- SC_ON --&gt;", "likes": null, "suggested_sort": null, "banned_at_utc": null, "url_overridden_by_dest": "", "view_count": null, "archived": false, "no_follow": true, "is_crosspostable": false, "pinned": false, "over_18": false, "all_awardings": [], "awarders": [], "media_only": false, "can_gild": false, "spoiler": false, "locked": false, "author_flair_text": null, "treatment_tags": [], "visited": false, "removed_by": null, "num_reports": null, "distinguished": null, "subreddit_id": "t5_7q5o7y", "author_is_blocked": false, "mod_reason_by": null, "removal_reason": null, "link_flair_background_color": "", "id": "12fqhhn", "is_robot_indexable": false, "report_reasons": null, "author": "[deleted]", "discussion_type": null, "num_comments": 34, "send_replies": true, "whitelist_status": "all_ads", "contest_mode": false, "mod_reports": [], "author_flair_text_color": "dark", "permalink": "/r/ThePPShow/comments/12fqhhn/can_someone_confirm_that_the_876_million_dilution/", "parent_whitelist_status": "all_ads", "stickied": false, "url": "", "subreddit_subscribers": 10105, "created_utc": 1680970486.0, "num_crossposts": 0, "media": null, "is_video": false}, {"subreddit": "ThePPShow", "selftext": "", "author_fullname": "t2_2mbdmeyy", "gilded": 0, "is_gallery": true, "title": "Can someone confirm that the 876 million dilution is actually the post reverse split figures? If so the pre RS price will go to $0.01.", "link_flair_richtext": [], "subreddit_name_prefixed": "r/ThePPShow", "hidden": false, "pwls": null, "link_flair_css_class": null, "thumbnail_height": 79, "top_awarded_type": null, "hide_score": true, "media_metadata": {"39e2s6bwposa1": {"status": "valid", "e": "Image", "m": "image/png", "p": [{"y": 61, "x": 108, "u": "https://preview.redd.it/39e2s6bwposa1.png?width=108&amp;crop=smart&amp;auto=webp&amp;v=enabled&amp;s=fc420dabecab4227027807a14536d9ea2eff4427"}, {"y": 122, "x": 216, "u": "https://preview.redd.it/39e2s6bwposa1.png?width=216&amp;crop=smart&amp;auto=webp&amp;v=enabled&amp;s=d87ca428b8a41f6ac0eee4f4a933b88a9cbdf45e"}, {"y": 180, "x": 320, "u": "https://preview.redd.it/39e2s6bwposa1.png?width=320&amp;crop=smart&amp;auto=webp&amp;v=enabled&amp;s=9ccf05c58f7271940ef2ea9d37dae31b8570974e"}, {"y": 361, "x": 640, "u": "https://preview.redd.it/39e2s6bwposa1.png?width=640&amp;crop=smart&amp;auto=webp&amp;v=enabled&amp;s=966470ef8b50cd63665524be8bf41df160546004"}, {"y": 542, "x": 960, "u": "https://preview.redd.it/39e2s6bwposa1.png?width=960&amp;crop=smart&amp;auto=webp&amp;v=enabled&amp;s=4375f764da103c00a8b032cefaa691e97d3dc3fe"}, {"y": 610, "x": 1080, "u": "https://preview.redd.it/39e2s6bwposa1.png?width=1080&amp;crop=smart&amp;auto=webp&amp;v=enabled&amp;s=cbcee01ae06a6659a18ebba9586f49313183e29e"}], "s": {"y": 1442, "x": 2550, "u": "https://preview.redd.it/39e2s6bwposa1.png?width=2550&amp;format=png&amp;auto=webp&amp;v=enabled&amp;s=3934b53546e9d446502286a5d9bd1215db1de0af"}, "id": "39e2s6bwposa1"}, "djfii26nqosa1": {"status": "valid", "e": "Image", "m": "image/png", "p": [{"y": 62, "x": 108, "u": "https://preview.redd.it/djfii26nqosa1.png?width=108&amp;crop=smart&amp;auto=webp&amp;v=enabled&amp;s=4328758b85fc3a24d8db864dbd00647a7c67b3bf"}, {"y": 125, "x": 216, "u": "https://preview.redd.it/djfii26nqosa1.png?width=216&amp;crop=smart&amp;auto=webp&amp;v=enabled&amp;s=04f7dcb271f072d6149037a479c4eaed7b18ec65"}, {"y": 185, "x": 320, "u": "https://preview.redd.it/djfii26nqosa1.png?width=320&amp;crop=smart&amp;auto=webp&amp;v=enabled&amp;s=5c1529669da69b2760e64806e1a6675161d03384"}, {"y": 371, "x": 640, "u": "https://preview.redd.it/djfii26nqosa1.png?width=640&amp;crop=smart&amp;auto=webp&amp;v=enabled&amp;s=d337d361dcd43e56b606409ca0630c99880d55d7"}, {"y": 557, "x": 960, "u": "https://preview.redd.it/djfii26nqosa1.png?width=960&amp;crop=smart&amp;auto=webp&amp;v=enabled&amp;s=9ad2ae8afc7277145dc39a1877412922f53b69ec"}, {"y": 627, "x": 1080, "u": "https://preview.redd.it/djfii26nqosa1.png?width=1080&amp;crop=smart&amp;auto=webp&amp;v=enabled&amp;s=1d216b8f349539d561b7a2d2aeab7831ca6eb834"}], "s": {"y": 1428, "x": 2458, "u": "https://preview.redd.it/djfii26nqosa1.png?width=2458&amp;format=png&amp;auto=webp&amp;v=enabled&amp;s=223cc28268ff7accb52df9201b071924b54384d4"}, "id": "djfii26nqosa1"}}, "quarantine": false, "link_flair_text_color": "dark", "upvote_ratio": 1.0, "author_flair_background_color": null, "domain": "reddit.com", "media_embed": {}, "thumbnail_width": 140, "author_flair_template_id": null, "is_original_content": false, "secure_media": null, "is_reddit_media_domain": false, "is_meta": false, "category": null, "secure_media_embed": {}, "gallery_data": {"items": [{"media_id": "39e2s6bwposa1", "id": 261066993}, {"media_id": "djfii26nqosa1", "id": 261066994}]}, "link_flair_text": null, "score": 1, "is_created_from_ads_ui": false, "author_premium": false, "thumbnail": "https://b.thumbs.redditmedia.com/E3pPvuL3hjcsxB9yQcIWZ2pV_sb40sFVyHJ_z4mhfrQ.jpg", "edited": false, "author_flair_css_class": null, "author_flair_richtext": [], "gildings": {}, "content_categories": null, "is_self": false, "subreddit_type": "public", "link_flair_type": "text", "wls": null, "removed_by_category": null, "author_flair_type": "text", "total_awards_received": 0, "allow_live_comments": false, "suggested_sort": null, "url_overridden_by_dest": "https://www.reddit.com/gallery/12fqhhn", "view_count": null, "archived": false, "no_follow": true, "is_crosspostable": true, "pinned": false, "over_18": false, "all_awardings": [], "awarders": [], "media_only": false, "can_gild": true, "spoiler": false, "locked": false, "author_flair_text": null, "treatment_tags": [], "removed_by": null, "distinguished": null, "subreddit_id": "t5_7q5o7y", "link_flair_background_color": "", "id": "12fqhhn", "is_robot_indexable": true, "author": "kingofthecream", "discussion_type": null, "num_comments": 0, "send_replies": true, "whitelist_status": null, "contest_mode": false, "author_patreon_flair": false, "author_flair_text_color": null, "permalink": "/r/ThePPShow/comments/12fqhhn/can_someone_confirm_that_the_876_million_dilution/", "parent_whitelist_status": null, "stickied": false, "url": "https://www.reddit.com/gallery/12fqhhn", "subreddit_subscribers": 1234, "created_utc": 1680970486, "num_crossposts": 0, "media": null, "is_video": false, "retrieved_utc": 1680970498, "updated_utc": 1680970499, "utc_datetime_str": "2023-04-08 16:14:46"}, {"approved_at_utc": null, "subreddit": "ThePPShow", "selftext": "", "user_reports": [], "saved": false, "mod_reason_title": null, "gilded": 0, "clicked": false, "title": "Either they acted with urgency to implement aforementioned suggestions - or they didn\u2019t and RC Verntures could seek to hold the Board accountable", "link_flair_richtext": [], "subreddit_name_prefixed": "r/ThePPShow", "hidden": false, "pwls": 6, "link_flair_css_class": null, "downs": 0, "thumbnail_height": null, "top_awarded_type": null, "hide_score": false, "name": "t3_12fj8ld", "quarantine": false, "link_flair_text_color": "dark", "upvote_ratio": 0.84, "author_flair_background_color": null, "subreddit_type": "public", "ups": 13, "total_awards_received": 0, "media_embed": {}, "thumbnail_width": null, "author_flair_template_id": null, "is_original_content": false, "author_fullname": "t2_rmv4c93h", "secure_media": null, "is_reddit_media_domain": false, "is_meta": false, "category": null, "secure_media_embed": {}, "link_flair_text": null, "can_mod_post": false, "score": 13, "approved_by": null, "is_created_from_ads_ui": false, "author_premium": false, "thumbnail": "default", "edited": false, "author_flair_css_class": null, "author_flair_richtext": [], "gildings": {}, "content_categories": null, "is_self": false, "mod_note": null, "crosspost_parent_list": [{"approved_at_utc": null, "subreddit": "BBBY", "selftext": "I want again to bring to your attention the letter from RC to the Board in march. Mostly to build myself up a little and eat some reassurance crayons. Do with it. What you will.\n\nThe last sentence in his letter: \n\u201eHopefully leadership acts with urgency to implement the aforementioned suggestions. Given that I am the chairman of GameStop and overseeing a systematic transformation, I am not in a position to join BBBYs Board and personally drive the initiatives outlined in this letter. This does not mean, however, that RC Ventures will not seek to hold the Board and management accountable if necessary.\u201c\n\nThe last sentence shows, that RC Ventures meant business.\n\nWe deducted, that the sale of his position had no effect on his cooperation agreement with bbby and also BBBY itself gave that assurance.\n\nWe have not seen any results regarding in the letter mentioned initiatives. What we have seen is a annihilation of the market cap. We have no comment or public statement by RC Ventures that suggest, he is not satisfied with what the company does and did. Also we have no comment on the development of the stock by RC. Given, that it was important to him to mention, that not only he, but also his Board members are \u201eshareholder\u201c driven and dedicated to long term value creation, we can assume, that RC Ventures can absolutely not be happy with the development of the stock. \n\nBUT.\n\nIn the absence of any public action or comment, negatively on the actions of the company or the development of the stock, it is reasonable to assume, RC in fact is satisfied with what the Board does and did, even though it is not yet reflected in the stock. We can assume, that in fact the company and the Board IS acting with urgency to implement the suggestions. \n\nAnd that is also what I see. I see a tremendous transformation. We do not see the results fundamentally in numbers, but that\u2019s not surprising, it takes some time. We have not seen results regarding Baby or a full sale of the company. But that doesn\u2019t mean,  nothing is done in that matter. We heard the language of unlocking value countless of times. \n\nWhat we also see is the public financial market destroying the stock of bbby, a market that, as mentioned in the letter, has not treated bbby well by any means even before. Surely this comes also not as a surprise. There are interests in play, that work against shareholders and the company in the public market. We know that. That is what we see. The attempt to drive us out, the attempt to drive the company out. What they don\u2019t have, and what we have, is a dedicated Board and company, much different then the Company the shorts started to try to destroy. \n\nI bought last week.  I\u2019ll possibly buy next week, even though doubt and fear is tremendous at times. I started buying at a considerably higher cost. Even though Iam at times bewildered with my complete and utter regardedness. I could and did not allow myself to sell at a loss. \n\nToo many cohencidences. \n\nI could be wrong. I hope I\u2019m not. If not, \nIt gonna be wild. You see the scary rollercoaster, you want to drive it. But if you in it it\u2019s maybe really intense and scary. Maybe you have to throw up afterwards. But maybe, you feel happy, light and not only filled with positive energy, but pockets full of coin to be there for your loved ones.\n\nPower to the players.\n\nApeDave\nNot a financial advisor.", "author_fullname": "t2_rmv4c93h", "saved": false, "mod_reason_title": null, "gilded": 0, "clicked": false, "title": "Either they acted with urgency to implement aforementioned suggestions - or they didn\u2019t and RC Verntures could seek to hold the Board accountable", "link_flair_richtext": [], "subreddit_name_prefixed": "r/BBBY", "hidden": false, "pwls": 6, "link_flair_css_class": "", "downs": 0, "thumbnail_height": null, "top_awarded_type": null, "hide_score": false, "name": "t3_12fj8eh", "quarantine": false, "link_flair_text_color": "dark", "upvote_ratio": 0.9, "author_flair_background_color": null, "subreddit_type": "public", "ups": 432, "total_awards_received": 1, "media_embed": {}, "thumbnail_width": null, "author_flair_template_id": null, "is_original_content": false, "user_reports": [], "secure_media": null, "is_reddit_media_domain": false, "is_meta": false, "category": null, "secure_media_embed": {}, "link_flair_text": "\ud83e\udd14 Speculation / Opinion", "can_mod_post": false, "score": 432, "approved_by": null, "is_created_from_ads_ui": false, "author_premium": false, "thumbnail": "self", "edited": 1680954169.0, "author_flair_css_class": null, "author_flair_richtext": [], "gildings": {}, "content_categories": null, "is_self": true, "mod_note": null, "created": 1680953683.0, "link_flair_type": "text", "wls": 6, "removed_by_category": null, "banned_by": null, "author_flair_type": "text", "domain": "self.BBBY", "allow_live_comments": true, "selftext_html": "&lt;!-- SC_OFF --&gt;&lt;div class=\"md\"&gt;&lt;p&gt;I want again to bring to your attention the letter from RC to the Board in march. Mostly to build myself up a little and eat some reassurance crayons. Do with it. What you will.&lt;/p&gt;\n\n&lt;p&gt;The last sentence in his letter: \n\u201eHopefully leadership acts with urgency to implement the aforementioned suggestions. Given that I am the chairman of GameStop and overseeing a systematic transformation, I am not in a position to join BBBYs Board and personally drive the initiatives outlined in this letter. This does not mean, however, that RC Ventures will not seek to hold the Board and management accountable if necessary.\u201c&lt;/p&gt;\n\n&lt;p&gt;The last sentence shows, that RC Ventures meant business.&lt;/p&gt;\n\n&lt;p&gt;We deducted, that the sale of his position had no effect on his cooperation agreement with bbby and also BBBY itself gave that assurance.&lt;/p&gt;\n\n&lt;p&gt;We have not seen any results regarding in the letter mentioned initiatives. What we have seen is a annihilation of the market cap. We have no comment or public statement by RC Ventures that suggest, he is not satisfied with what the company does and did. Also we have no comment on the development of the stock by RC. Given, that it was important to him to mention, that not only he, but also his Board members are \u201eshareholder\u201c driven and dedicated to long term value creation, we can assume, that RC Ventures can absolutely not be happy with the development of the stock. &lt;/p&gt;\n\n&lt;p&gt;BUT.&lt;/p&gt;\n\n&lt;p&gt;In the absence of any public action or comment, negatively on the actions of the company or the development of the stock, it is reasonable to assume, RC in fact is satisfied with what the Board does and did, even though it is not yet reflected in the stock. We can assume, that in fact the company and the Board IS acting with urgency to implement the suggestions. &lt;/p&gt;\n\n&lt;p&gt;And that is also what I see. I see a tremendous transformation. We do not see the results fundamentally in numbers, but that\u2019s not surprising, it takes some time. We have not seen results regarding Baby or a full sale of the company. But that doesn\u2019t mean,  nothing is done in that matter. We heard the language of unlocking value countless of times. &lt;/p&gt;\n\n&lt;p&gt;What we also see is the public financial market destroying the stock of bbby, a market that, as mentioned in the letter, has not treated bbby well by any means even before. Surely this comes also not as a surprise. There are interests in play, that work against shareholders and the company in the public market. We know that. That is what we see. The attempt to drive us out, the attempt to drive the company out. What they don\u2019t have, and what we have, is a dedicated Board and company, much different then the Company the shorts started to try to destroy. &lt;/p&gt;\n\n&lt;p&gt;I bought last week.  I\u2019ll possibly buy next week, even though doubt and fear is tremendous at times. I started buying at a considerably higher cost. Even though Iam at times bewildered with my complete and utter regardedness. I could and did not allow myself to sell at a loss. &lt;/p&gt;\n\n&lt;p&gt;Too many cohencidences. &lt;/p&gt;\n\n&lt;p&gt;I could be wrong. I hope I\u2019m not. If not, \nIt gonna be wild. You see the scary rollercoaster, you want to drive it. But if you in it it\u2019s maybe really intense and scary. Maybe you have to throw up afterwards. But maybe, you feel happy, light and not only filled with positive energy, but pockets full of coin to be there for your loved ones.&lt;/p&gt;\n\n&lt;p&gt;Power to the players.&lt;/p&gt;\n\n&lt;p&gt;ApeDave\nNot a financial advisor.&lt;/p&gt;\n&lt;/div&gt;&lt;!-- SC_ON --&gt;", "likes": null, "suggested_sort": null, "banned_at_utc": null, "view_count": null, "archived": false, "no_follow": false, "is_crosspostable": false, "pinned": false, "over_18": false, "all_awardings": [{"giver_coin_reward": null, "subreddit_id": null, "is_new": false, "days_of_drip_extension": null, "coin_price": 250, "id": "award_3f4e6f36-dacc-4919-b170-9d0201cd258f", "penny_donate": null, "award_sub_type": "GLOBAL", "coin_reward": 0, "icon_url": "https://www.redditstatic.com/gold/awards/icon/Vibing_512.png", "days_of_premium": null, "tiers_by_required_awardings": null, "resized_icons": [{"url": "https://www.redditstatic.com/gold/awards/icon/Vibing_16.png", "width": 16, "height": 16}, {"url": "https://www.redditstatic.com/gold/awards/icon/Vibing_32.png", "width": 32, "height": 32}, {"url": "https://www.redditstatic.com/gold/awards/icon/Vibing_48.png", "width": 48, "height": 48}, {"url": "https://www.redditstatic.com/gold/awards/icon/Vibing_64.png", "width": 64, "height": 64}, {"url": "https://www.redditstatic.com/gold/awards/icon/Vibing_128.png", "width": 128, "height": 128}], "icon_width": 512, "static_icon_width": 512, "start_date": null, "is_enabled": true, "awardings_required_to_grant_benefits": null, "description": "I'm catching the vibration", "end_date": null, "sticky_duration_seconds": null, "subreddit_coin_reward": 0, "count": 1, "static_icon_height": 512, "name": "Vibing", "resized_static_icons": [{"url": "https://preview.redd.it/award_images/t5_22cerq/95cnwtudh5f61_Vibing.png?width=16&amp;height=16&amp;auto=webp&amp;s=5a4409a576a13def135a6d2704cc24ac429e0a84", "width": 16, "height": 16}, {"url": "https://preview.redd.it/award_images/t5_22cerq/95cnwtudh5f61_Vibing.png?width=32&amp;height=32&amp;auto=webp&amp;s=c46f3b51127701b9cd7553b721d9611c6d24faf2", "width": 32, "height": 32}, {"url": "https://preview.redd.it/award_images/t5_22cerq/95cnwtudh5f61_Vibing.png?width=48&amp;height=48&amp;auto=webp&amp;s=757b058c0d348bcbd9d9232c7be89f5677481d8d", "width": 48, "height": 48}, {"url": "https://preview.redd.it/award_images/t5_22cerq/95cnwtudh5f61_Vibing.png?width=64&amp;height=64&amp;auto=webp&amp;s=e9ca78e2da4bd94b2e1393341f62bd7ff172a8c7", "width": 64, "height": 64}, {"url": "https://preview.redd.it/award_images/t5_22cerq/95cnwtudh5f61_Vibing.png?width=128&amp;height=128&amp;auto=webp&amp;s=a8154958a81de483a8e125a92a29c48cd3032bfd", "width": 128, "height": 128}], "icon_format": "APNG", "icon_height": 512, "penny_price": 0, "award_type": "global", "static_icon_url": "https://i.redd.it/award_images/t5_22cerq/95cnwtudh5f61_Vibing.png"}], "awarders": [], "media_only": false, "link_flair_template_id": "4fe0d610-d6d3-11ec-9f0b-02abe9284534", "can_gild": false, "spoiler": false, "locked": false, "author_flair_text": null, "treatment_tags": [], "visited": false, "removed_by": null, "num_reports": null, "distinguished": null, "subreddit_id": "t5_3q5hel", "author_is_blocked": false, "mod_reason_by": null, "removal_reason": null, "link_flair_background_color": "#46d160", "id": "12fj8eh", "is_robot_indexable": true, "report_reasons": null, "author": "ApeDaveApeDave", "discussion_type": null, "num_comments": 171, "send_replies": true, "whitelist_status": "all_ads", "contest_mode": false, "mod_reports": [], "author_patreon_flair": false, "author_flair_text_color": null, "permalink": "/r/BBBY/comments/12fj8eh/either_they_acted_with_urgency_to_implement/", "parent_whitelist_status": "all_ads", "stickied": false, "url": "https://www.reddit.com/r/BBBY/comments/12fj8eh/either_they_acted_with_urgency_to_implement/", "subreddit_subscribers": 68562, "created_utc": 1680953683.0, "num_crossposts": 2, "media": null, "is_video": false}], "created": 1680953699.0, "link_flair_type": "text", "wls": 6, "removed_by_category": null, "banned_by": null, "author_flair_type": "text", "domain": "self.BBBY", "allow_live_comments": false, "selftext_html": null, "likes": null, "suggested_sort": null, "banned_at_utc": null, "url_overridden_by_dest": "/r/BBBY/comments/12fj8eh/either_they_acted_with_urgency_to_implement/", "view_count": null, "archived": false, "no_follow": false, "is_crosspostable": false, "pinned": false, "over_18": false, "all_awardings": [], "awarders": [], "media_only": false, "can_gild": false, "spoiler": false, "locked": false, "author_flair_text": null, "treatment_tags": [], "visited": false, "removed_by": null, "num_reports": null, "distinguished": null, "subreddit_id": "t5_7q5o7y", "author_is_blocked": false, "mod_reason_by": null, "removal_reason": null, "link_flair_background_color": "", "id": "12fj8ld", "is_robot_indexable": true, "report_reasons": null, "author": "ApeDaveApeDave", "discussion_type": null, "num_comments": 6, "send_replies": true, "whitelist_status": "all_ads", "contest_mode": false, "mod_reports": [], "author_patreon_flair": false, "crosspost_parent": "t3_12fj8eh", "author_flair_text_color": null, "permalink": "/r/ThePPShow/comments/12fj8ld/either_they_acted_with_urgency_to_implement/", "parent_whitelist_status": "all_ads", "stickied": false, "url": "/r/BBBY/comments/12fj8eh/either_they_acted_with_urgency_to_implement/", "subreddit_subscribers": 10105, "created_utc": 1680953699.0, "num_crossposts": 0, "media": null, "is_video": false}, {"approved_at_utc": null, "subreddit": "ThePPShow", "selftext": "", "author_fullname": "t2_a4z5c9it", "saved": false, "mod_reason_title": null, "gilded": 0, "clicked": false, "title": "Me looking forward to be millionaire tomorrow like Kais said. And if not: It was a pretty nice entertainment to feel like this for one day \ud83e\udd8d\ud83e\udd1d\ud83d\udcaa", "link_flair_richtext": [], "subreddit_name_prefixed": "r/ThePPShow", "hidden": false, "pwls": 6, "link_flair_css_class": null, "downs": 0, "thumbnail_height": 140, "top_awarded_type": null, "hide_score": false, "name": "t3_12fhwtc", "quarantine": false, "link_flair_text_color": "dark", "upvote_ratio": 0.89, "author_flair_background_color": "", "subreddit_type": "public", "ups": 34, "total_awards_received": 0, "media_embed": {}, "thumbnail_width": 140, "author_flair_template_id": null, "is_original_content": false, "user_reports": [], "secure_media": null, "is_reddit_media_domain": true, "is_meta": false, "category": null, "secure_media_embed": {}, "link_flair_text": null, "can_mod_post": false, "score": 34, "approved_by": null, "is_created_from_ads_ui": false, "author_premium": false, "thumbnail": "https://a.thumbs.redditmedia.com/0v_npEkJoMpyiL300LX3gbVopipKX3ZUL8SBoAhNYW4.jpg", "edited": false, "author_flair_css_class": null, "author_flair_richtext": [{"e": "text", "t": "#10,001 \ud83d\udfe2"}], "gildings": {}, "post_hint": "image", "content_categories": null, "is_self": false, "mod_note": null, "created": 1680949717.0, "link_flair_type": "text", "wls": 6, "removed_by_category": null, "banned_by": null, "author_flair_type": "richtext", "domain": "i.redd.it", "allow_live_comments": false, "selftext_html": null, "likes": null, "suggested_sort": null, "banned_at_utc": null, "url_overridden_by_dest": "https://i.redd.it/wcqd9rf01nsa1.jpg", "view_count": null, "archived": false, "no_follow": false, "is_crosspostable": false, "pinned": false, "over_18": false, "preview": {"images": [{"source": {"url": "https://preview.redd.it/wcqd9rf01nsa1.jpg?auto=webp&amp;s=b09295debc132f434525993dd8fa4bb3c0714fde", "width": 1937, "height": 3066}, "resolutions": [{"url": "https://preview.redd.it/wcqd9rf01nsa1.jpg?width=108&amp;crop=smart&amp;auto=webp&amp;s=64de08847a31138cca0987b2efb6ba77a03fa4b7", "width": 108, "height": 170}, {"url": "https://preview.redd.it/wcqd9rf01nsa1.jpg?width=216&amp;crop=smart&amp;auto=webp&amp;s=11b95b69e3656f3daaa4f96a8d583f50f05d757c", "width": 216, "height": 341}, {"url": "https://preview.redd.it/wcqd9rf01nsa1.jpg?width=320&amp;crop=smart&amp;auto=webp&amp;s=0429ddc4715809c62caa6272be9615cffa764f40", "width": 320, "height": 506}, {"url": "https://preview.redd.it/wcqd9rf01nsa1.jpg?width=640&amp;crop=smart&amp;auto=webp&amp;s=f876c24b32f0a882727385e95224960a49743f87", "width": 640, "height": 1013}, {"url": "https://preview.redd.it/wcqd9rf01nsa1.jpg?width=960&amp;crop=smart&amp;auto=webp&amp;s=f98cb3b7fe05b8288eb7c52f158ac9183ea5899f", "width": 960, "height": 1519}, {"url": "https://preview.redd.it/wcqd9rf01nsa1.jpg?width=1080&amp;crop=smart&amp;auto=webp&amp;s=fe4f8f64d41e9763e141496d95a3b85249514960", "width": 1080, "height": 1709}], "variants": {}, "id": "lWENQMOC4c5xwJFRDmDj9Qbv8vHGViCojh3Ibk55PN0"}], "enabled": true}, "all_awardings": [], "awarders": [], "media_only": false, "can_gild": false, "spoiler": false, "locked": false, "author_flair_text": "#10,001 \ud83d\udfe2", "treatment_tags": [], "visited": false, "removed_by": null, "num_reports": null, "distinguished": null, "subreddit_id": "t5_7q5o7y", "author_is_blocked": false, "mod_reason_by": null, "removal_reason": null, "link_flair_background_color": "", "id": "12fhwtc", "is_robot_indexable": true, "report_reasons": null, "author": "SvenjaSternchen", "discussion_type": null, "num_comments": 16, "send_replies": true, "whitelist_status": "all_ads", "contest_mode": false, "mod_reports": [], "author_patreon_flair": false, "author_flair_text_color": "dark", "permalink": "/r/ThePPShow/comments/12fhwtc/me_looking_forward_to_be_millionaire_tomorrow/", "parent_whitelist_status": "all_ads", "stickied": false, "url": "https://i.redd.it/wcqd9rf01nsa1.jpg", "subreddit_subscribers": 10104, "created_utc": 1680949717.0, "num_crossposts": 0, "media": null, "is_video": false}, {"approved_at_utc": null, "subreddit": "ThePPShow", "selftext": "[removed]", "user_reports": [], "saved": false, "mod_reason_title": null, "gilded": 0, "clicked": false, "title": "[deleted by user]", "link_flair_richtext": [], "subreddit_name_prefixed": "r/ThePPShow", "hidden": false, "pwls": 6, "link_flair_css_class": null, "downs": 0, "thumbnail_height": null, "top_awarded_type": null, "hide_score": false, "name": "t3_12ff5c9", "quarantine": false, "link_flair_text_color": "dark", "upvote_ratio": 0.72, "author_flair_background_color": "", "subreddit_type": "public", "ups": 3, "total_awards_received": 0, "media_embed": {}, "thumbnail_width": null, "author_flair_template_id": null, "is_original_content": false, "secure_media": null, "is_reddit_media_domain": false, "is_meta": false, "category": null, "secure_media_embed": {}, "link_flair_text": null, "can_mod_post": false, "score": 3, "approved_by": null, "is_created_from_ads_ui": false, "thumbnail": "default", "edited": false, "author_flair_css_class": null, "gildings": {}, "content_categories": null, "is_self": true, "mod_note": null, "created": 1680940222.0, "link_flair_type": "text", "wls": 6, "removed_by_category": null, "banned_by": null, "domain": "", "allow_live_comments": false, "selftext_html": "&lt;!-- SC_OFF --&gt;&lt;div class=\"md\"&gt;&lt;p&gt;[removed]&lt;/p&gt;\n&lt;/div&gt;&lt;!-- SC_ON --&gt;", "likes": null, "suggested_sort": null, "banned_at_utc": null, "view_count": null, "archived": false, "no_follow": true, "is_crosspostable": false, "pinned": false, "over_18": false, "all_awardings": [], "awarders": [], "media_only": false, "can_gild": false, "spoiler": false, "locked": false, "author_flair_text": null, "treatment_tags": [], "visited": false, "removed_by": null, "num_reports": null, "distinguished": null, "subreddit_id": "t5_7q5o7y", "author_is_blocked": false, "mod_reason_by": null, "removal_reason": null, "link_flair_background_color": "", "id": "12ff5c9", "is_robot_indexable": false, "report_reasons": null, "author": "[deleted]", "discussion_type": null, "num_comments": 19, "send_replies": true, "whitelist_status": "all_ads", "contest_mode": false, "mod_reports": [], "author_flair_text_color": "dark", "permalink": "/r/ThePPShow/comments/12ff5c9/deleted_by_user/", "parent_whitelist_status": "all_ads", "stickied": false, "url": "", "subreddit_subscribers": 10105, "created_utc": 1680940222.0, "num_crossposts": 0, "media": null, "is_video": false}, {"approved_at_utc": null, "subreddit": "ThePPShow", "selftext": "If you want a deeper understanding of what's happening in the world right now, watch this video by George Sorros from 2009, right after the financial crisis.\n\nhe says that china will be the new engine.\n\nif i were planning a new big company in these times, i would not build it on a sinking ship but work with the new emerging power.\n\nIt's a planned transformation of the system.\n\nwe heard that baba is being split up and cohen wrote the book about teddy goes to china. is there a possibility that there is a connection?\n\n[https://www.youtube.com/watch?v=eYUxlHexxmo](https://www.youtube.com/watch?v=eYUxlHexxmo)", "author_fullname": "t2_7cc8a7qk6", "saved": false, "mod_reason_title": null, "gilded": 0, "clicked": false, "title": "teddy goes to china?", "link_flair_richtext": [], "subreddit_name_prefixed": "r/ThePPShow", "hidden": false, "pwls": 6, "link_flair_css_class": null, "downs": 0, "thumbnail_height": null, "top_awarded_type": null, "hide_score": false, "name": "t3_12f3s0y", "quarantine": false, "link_flair_text_color": "dark", "upvote_ratio": 0.6, "author_flair_background_color": null, "subreddit_type": "public", "ups": 3, "total_awards_received": 0, "media_embed": {}, "thumbnail_width": null, "author_flair_template_id": null, "is_original_content": false, "user_reports": [], "secure_media": null, "is_reddit_media_domain": false, "is_meta": false, "category": null, "secure_media_embed": {}, "link_flair_text": null, "can_mod_post": false, "score": 3, "approved_by": null, "is_created_from_ads_ui": false, "author_premium": false, "thumbnail": "self", "edited": false, "author_flair_css_class": null, "author_flair_richtext": [], "gildings": {}, "post_hint": "self", "content_categories": null, "is_self": true, "mod_note": null, "created": 1680910501.0, "link_flair_type": "text", "wls": 6, "removed_by_category": null, "banned_by": null, "author_flair_type": "text", "domain": "self.ThePPShow", "allow_live_comments": false, "selftext_html": "&lt;!-- SC_OFF --&gt;&lt;div class=\"md\"&gt;&lt;p&gt;If you want a deeper understanding of what&amp;#39;s happening in the world right now, watch this video by George Sorros from 2009, right after the financial crisis.&lt;/p&gt;\n\n&lt;p&gt;he says that china will be the new engine.&lt;/p&gt;\n\n&lt;p&gt;if i were planning a new big company in these times, i would not build it on a sinking ship but work with the new emerging power.&lt;/p&gt;\n\n&lt;p&gt;It&amp;#39;s a planned transformation of the system.&lt;/p&gt;\n\n&lt;p&gt;we heard that baba is being split up and cohen wrote the book about teddy goes to china. is there a possibility that there is a connection?&lt;/p&gt;\n\n&lt;p&gt;&lt;a href=\"https://www.youtube.com/watch?v=eYUxlHexxmo\"&gt;https://www.youtube.com/watch?v=eYUxlHexxmo&lt;/a&gt;&lt;/p&gt;\n&lt;/div&gt;&lt;!-- SC_ON --&gt;", "likes": null, "suggested_sort": null, "banned_at_utc": null, "view_count": null, "archived": false, "no_follow": false, "is_crosspostable": false, "pinned": false, "over_18": false, "preview": {"images": [{"source": {"url": "https://external-preview.redd.it/9a5vvA-zwV83Nkxt1JDcHHrJ-oLWeTB4cCSS8C4ccQ8.jpg?auto=webp&amp;s=32b43b396d2b2c9d956e4424f7ce0230d2f530db", "width": 480, "height": 360}, "resolutions": [{"url": "https://external-preview.redd.it/9a5vvA-zwV83Nkxt1JDcHHrJ-oLWeTB4cCSS8C4ccQ8.jpg?width=108&amp;crop=smart&amp;auto=webp&amp;s=1ab208150a629da588a70d2168e9695551228bbc", "width": 108, "height": 81}, {"url": "https://external-preview.redd.it/9a5vvA-zwV83Nkxt1JDcHHrJ-oLWeTB4cCSS8C4ccQ8.jpg?width=216&amp;crop=smart&amp;auto=webp&amp;s=125d555a24884e8bb4acab962fad7dac7ac1b0d7", "width": 216, "height": 162}, {"url": "https://external-preview.redd.it/9a5vvA-zwV83Nkxt1JDcHHrJ-oLWeTB4cCSS8C4ccQ8.jpg?width=320&amp;crop=smart&amp;auto=webp&amp;s=397f2011dffc04bfa78f1201517b6208451cd589", "width": 320, "height": 240}], "variants": {}, "id": "zDspwahmJmlj3H8lakoJCLhZ0CLHHA4q-skmhAStPXs"}], "enabled": false}, "all_awardings": [], "awarders": [], "media_only": false, "can_gild": false, "spoiler": false, "locked": false, "author_flair_text": null, "treatment_tags": [], "visited": false, "removed_by": null, "num_reports": null, "distinguished": null, "subreddit_id": "t5_7q5o7y", "author_is_blocked": false, "mod_reason_by": null, "removal_reason": null, "link_flair_background_color": "", "id": "12f3s0y", "is_robot_indexable": true, "report_reasons": null, "author": "meister741", "discussion_type": null, "num_comments": 12, "send_replies": true, "whitelist_status": "all_ads", "contest_mode": false, "mod_reports": [], "author_patreon_flair": false, "author_flair_text_color": null, "permalink": "/r/ThePPShow/comments/12f3s0y/teddy_goes_to_china/", "parent_whitelist_status": "all_ads", "stickied": false, "url": "https://www.reddit.com/r/ThePPShow/comments/12f3s0y/teddy_goes_to_china/", "subreddit_subscribers": 10104, "created_utc": 1680910501.0, "num_crossposts": 0, "media": null, "is_video": false}], "metadata": {"op_a": 62, "op_b": 51, "total": 113}, "error": null}