{"data": [{"all_awardings": [], "allow_live_comments": false, "archived": false, "author": "talley702", "author_created_utc": 1552897867, "author_flair_background_color": null, "author_flair_css_class": null, "author_flair_richtext": [], "author_flair_template_id": null, "author_flair_text": null, "author_flair_text_color": null, "author_flair_type": "text", "author_fullname": "t2_3fk41zgk", "author_patreon_flair": false, "author_premium": false, "awarders": [], "banned_by": null, "can_gild": true, "can_mod_post": false, "category": null, "content_categories": null, "contest_mode": false, "created_utc": 1677970206, "discussion_type": null, "distinguished": null, "domain": "youtu.be", "edited": false, "gilded": 0, "gildings": {}, "hidden": false, "hide_score": false, "id": "11ifuva", "is_created_from_ads_ui": false, "is_crosspostable": true, "is_meta": false, "is_original_content": false, "is_reddit_media_domain": false, "is_robot_indexable": true, "is_self": false, "is_video": false, "link_flair_background_color": "", "link_flair_css_class": null, "link_flair_richtext": [], "link_flair_text": null, "link_flair_text_color": "dark", "link_flair_type": "text", "locked": false, "media": {"oembed": {"author_name": "Deep Dive Stocks", "author_url": "https://www.youtube.com/@deepdivestocks", "height": 200, "html": "&lt;iframe width=\"356\" height=\"200\" src=\"https://www.youtube.com/embed/hUzdLacvKYY?feature=oembed&amp;enablejsapi=1\" frameborder=\"0\" allow=\"accelerometer; autoplay; clipboard-write; encrypted-media; gyroscope; picture-in-picture; web-share\" allowfullscreen title=\"Gamma Squeezes and what they do to stocks and the market as a whole.\"&gt;&lt;/iframe&gt;", "provider_name": "YouTube", "provider_url": "https://www.youtube.com/", "thumbnail_height": 360, "thumbnail_url": "https://i.ytimg.com/vi/hUzdLacvKYY/hqdefault.jpg", "thumbnail_width": 480, "title": "Gamma Squeezes and what they do to stocks and the market as a whole.", "type": "video", "version": "1.0", "width": 356}, "type": "youtube.com"}, "media_embed": {"content": "&lt;iframe width=\"356\" height=\"200\" src=\"https://www.youtube.com/embed/hUzdLacvKYY?feature=oembed&amp;enablejsapi=1\" frameborder=\"0\" allow=\"accelerometer; autoplay; clipboard-write; encrypted-media; gyroscope; picture-in-picture; web-share\" allowfullscreen title=\"Gamma Squeezes and what they do to stocks and the market as a whole.\"&gt;&lt;/iframe&gt;", "height": 200, "scrolling": false, "width": 356}, "media_only": false, "name": "t3_11ifuva", "no_follow": false, "num_comments": 1, "num_crossposts": 0, "over_18": false, "parent_whitelist_status": null, "permalink": "/r/ThePPShow/comments/11ifuva/found_a_new_video_on_explaining_gamma_squeezes/", "pinned": false, "post_hint": "rich:video", "preview": {"enabled": false, "images": [{"id": "GeHHHbAmcXLWUHzc5FawLcGS8IiVpCSMWYPcNtuaqqA", "resolutions": [{"height": 81, "url": "https://external-preview.redd.it/TDt-dfbVVGuctg0Uf6TS5eGkcI_HYUfybsHgbB_ilbg.jpg?width=108&amp;crop=smart&amp;auto=webp&amp;v=enabled&amp;s=4200e3d8c2b5ff5f19b4c79c51133e66f9237af9", "width": 108}, {"height": 162, "url": "https://external-preview.redd.it/TDt-dfbVVGuctg0Uf6TS5eGkcI_HYUfybsHgbB_ilbg.jpg?width=216&amp;crop=smart&amp;auto=webp&amp;v=enabled&amp;s=bdda6054f8a548f0537fe14b7bb4a9c15fe2e6a1", "width": 216}, {"height": 240, "url": "https://external-preview.redd.it/TDt-dfbVVGuctg0Uf6TS5eGkcI_HYUfybsHgbB_ilbg.jpg?width=320&amp;crop=smart&amp;auto=webp&amp;v=enabled&amp;s=5516b92e68ed3c50a5fe12c6a5c500ef375be51d", "width": 320}], "source": {"height": 360, "url": "https://external-preview.redd.it/TDt-dfbVVGuctg0Uf6TS5eGkcI_HYUfybsHgbB_ilbg.jpg?auto=webp&amp;v=enabled&amp;s=df69d96c8140525d76e09ba7a219c17bb30867b5", "width": 480}, "variants": {}}]}, "pwls": null, "quarantine": false, "removed_by": null, "removed_by_category": null, "retrieved_on": 1681020525, "score": 8, "secure_media": {"oembed": {"author_name": "Deep Dive Stocks", "author_url": "https://www.youtube.com/@deepdivestocks", "height": 200, "html": "&lt;iframe width=\"356\" height=\"200\" src=\"https://www.youtube.com/embed/hUzdLacvKYY?feature=oembed&amp;enablejsapi=1\" frameborder=\"0\" allow=\"accelerometer; autoplay; clipboard-write; encrypted-media; gyroscope; picture-in-picture; web-share\" allowfullscreen title=\"Gamma Squeezes and what they do to stocks and the market as a whole.\"&gt;&lt;/iframe&gt;", "provider_name": "YouTube", "provider_url": "https://www.youtube.com/", "thumbnail_height": 360, "thumbnail_url": "https://i.ytimg.com/vi/hUzdLacvKYY/hqdefault.jpg", "thumbnail_width": 480, "title": "Gamma Squeezes and what they do to stocks and the market as a whole.", "type": "video", "version": "1.0", "width": 356}, "type": "youtube.com"}, "secure_media_embed": {"content": "&lt;iframe width=\"356\" height=\"200\" src=\"https://www.youtube.com/embed/hUzdLacvKYY?feature=oembed&amp;enablejsapi=1\" frameborder=\"0\" allow=\"accelerometer; autoplay; clipboard-write; encrypted-media; gyroscope; picture-in-picture; web-share\" allowfullscreen title=\"Gamma Squeezes and what they do to stocks and the market as a whole.\"&gt;&lt;/iframe&gt;", "height": 200, "media_domain_url": "https://www.redditmedia.com/mediaembed/11ifuva", "scrolling": false, "width": 356}, "selftext": "", "send_replies": false, "spoiler": false, "stickied": false, "subreddit": "ThePPShow", "subreddit_id": "t5_7q5o7y", "subreddit_name_prefixed": "r/ThePPShow", "subreddit_subscribers": 1240, "subreddit_type": "public", "suggested_sort": null, "thumbnail": "https://b.thumbs.redditmedia.com/DGXkDnykU5sP4FMNuPJnSE0_cebPiCw_8lNM2r4N_Mk.jpg", "thumbnail_height": 105, "thumbnail_width": 140, "title": "Found a new video on explaining gamma squeezes. Enjoy", "top_awarded_type": null, "total_awards_received": 0, "treatment_tags": [], "upvote_ratio": 1.0, "url": "https://youtu.be/hUzdLacvKYY", "url_overridden_by_dest": "https://youtu.be/hUzdLacvKYY", "view_count": null, "whitelist_status": null, "wls": null}, {"all_awardings": [], "allow_live_comments": false, "archived": false, "author": "ppseeds", "author_created_utc": 1518222553, "author_flair_background_color": null, "author_flair_css_class": null, "author_flair_richtext": [], "author_flair_template_id": null, "author_flair_text": null, "author_flair_text_color": null, "author_flair_type": "text", "author_fullname": "t2_w7v9rg0", "author_patreon_flair": false, "author_premium": true, "awarders": [], "banned_by": null, "can_gild": true, "can_mod_post": false, "category": null, "content_categories": null, "contest_mode": false, "created_utc": 1677958817, "discussion_type": null, "distinguished": "moderator", "domain": "i.redd.it", "edited": false, "gilded": 0, "gildings": {}, "hidden": false, "hide_score": false, "id": "11ib0sw", "is_created_from_ads_ui": false, "is_crosspostable": true, "is_meta": false, "is_original_content": false, "is_reddit_media_domain": true, "is_robot_indexable": true, "is_self": false, "is_video": false, "link_flair_background_color": "", "link_flair_css_class": null, "link_flair_richtext": [], "link_flair_text": null, "link_flair_text_color": "dark", "link_flair_type": "text", "locked": false, "media": null, "media_embed": {}, "media_only": false, "name": "t3_11ib0sw", "no_follow": false, "num_comments": 1, "num_crossposts": 0, "over_18": false, "parent_whitelist_status": null, "permalink": "/r/ThePPShow/comments/11ib0sw/guests_when_they_hear_pp_say_there_is_a_2_min/", "pinned": false, "post_hint": "image", "preview": {"enabled": true, "images": [{"id": "nVyPienLlmh-BQkAF7OmN5DNQ6NTbifBHyHw2NbB8jg", "resolutions": [{"height": 108, "url": "https://preview.redd.it/wehvcmz1htla1.gif?width=108&amp;crop=smart&amp;format=png8&amp;v=enabled&amp;s=07bbfc06b6a54534aae43e77124a6c9114291ab7", "width": 108}, {"height": 216, "url": "https://preview.redd.it/wehvcmz1htla1.gif?width=216&amp;crop=smart&amp;format=png8&amp;v=enabled&amp;s=3d9cd149e9110e856502ef27890491bb142cff62", "width": 216}, {"height": 320, "url": "https://preview.redd.it/wehvcmz1htla1.gif?width=320&amp;crop=smart&amp;format=png8&amp;v=enabled&amp;s=33d093ca4276de798a42aa48c8f1ee6a8a0b3331", "width": 320}], "source": {"height": 498, "url": "https://preview.redd.it/wehvcmz1htla1.gif?format=png8&amp;v=enabled&amp;s=bbe248cc48912e411d00d5925ffd8e5fc670221d", "width": 498}, "variants": {"gif": {"resolutions": [{"height": 108, "url": "https://preview.redd.it/wehvcmz1htla1.gif?width=108&amp;crop=smart&amp;v=enabled&amp;s=1cc05097ef047cd2a852b6363b26011223612ec9", "width": 108}, {"height": 216, "url": "https://preview.redd.it/wehvcmz1htla1.gif?width=216&amp;crop=smart&amp;v=enabled&amp;s=de5e9b0b1eb02118fbc2c1c2e70eb8c5df138ffe", "width": 216}, {"height": 320, "url": "https://preview.redd.it/wehvcmz1htla1.gif?width=320&amp;crop=smart&amp;v=enabled&amp;s=6fe3c7ab0b2c3305388cb2703d770fbbe3b9c1a1", "width": 320}], "source": {"height": 498, "url": "https://preview.redd.it/wehvcmz1htla1.gif?s=88b7b6978d0c46d9e6f5d477fda76a388d36162b", "width": 498}}, "mp4": {"resolutions": [{"height": 108, "url": "https://preview.redd.it/wehvcmz1htla1.gif?width=108&amp;format=mp4&amp;v=enabled&amp;s=18dc2a1053ab2a30acb498be02fccd3579381367", "width": 108}, {"height": 216, "url": "https://preview.redd.it/wehvcmz1htla1.gif?width=216&amp;format=mp4&amp;v=enabled&amp;s=d1d3fa59a39dfb612f6a1270f461f284c9600aa4", "width": 216}, {"height": 320, "url": "https://preview.redd.it/wehvcmz1htla1.gif?width=320&amp;format=mp4&amp;v=enabled&amp;s=db26dc138a416a76a3925f23e214e18fe5ff3903", "width": 320}], "source": {"height": 498, "url": "https://preview.redd.it/wehvcmz1htla1.gif?format=mp4&amp;v=enabled&amp;s=a82daab105f5233a6d64bb35c61a0a811ae1eeb4", "width": 498}}}}]}, "pwls": null, "quarantine": false, "removed_by": null, "removed_by_category": null, "retrieved_on": 1681020698, "score": 28, "secure_media": null, "secure_media_embed": {}, "selftext": "", "send_replies": true, "spoiler": false, "stickied": false, "subreddit": "ThePPShow", "subreddit_id": "t5_7q5o7y", "subreddit_name_prefixed": "r/ThePPShow", "subreddit_subscribers": 1240, "subreddit_type": "public", "suggested_sort": null, "thumbnail": "https://b.thumbs.redditmedia.com/LbBTyTprumYQfro-2x33se1eAZxUrCMbxrrsgW7AuGc.jpg", "thumbnail_height": 140, "thumbnail_width": 140, "title": "Guests when they hear pp say there is a 2 min rule if you have a shitty mic or connection", "top_awarded_type": null, "total_awards_received": 0, "treatment_tags": [], "upvote_ratio": 1.0, "url": "https://i.redd.it/wehvcmz1htla1.gif", "url_overridden_by_dest": "https://i.redd.it/wehvcmz1htla1.gif", "view_count": null, "whitelist_status": null, "wls": null}, {"all_awardings": [], "allow_live_comments": false, "archived": false, "author": "33rus", "author_created_utc": 1511570771, "author_flair_background_color": null, "author_flair_css_class": null, "author_flair_richtext": [], "author_flair_template_id": null, "author_flair_text": null, "author_flair_text_color": null, "author_flair_type": "text", "author_fullname": "t2_2ia59g", "author_patreon_flair": false, "author_premium": false, "awarders": [], "banned_by": null, "can_gild": true, "can_mod_post": false, "category": null, "content_categories": null, "contest_mode": false, "created_utc": 1677958772, "discussion_type": null, "distinguished": null, "domain": "i.redd.it", "edited": false, "gilded": 0, "gildings": {}, "hidden": false, "hide_score": false, "id": "11ib030", "is_created_from_ads_ui": false, "is_crosspostable": true, "is_meta": false, "is_original_content": false, "is_reddit_media_domain": true, "is_robot_indexable": true, "is_self": false, "is_video": false, "link_flair_background_color": "", "link_flair_css_class": null, "link_flair_richtext": [], "link_flair_text": null, "link_flair_text_color": "dark", "link_flair_type": "text", "locked": false, "media": null, "media_embed": {}, "media_only": false, "name": "t3_11ib030", "no_follow": false, "num_comments": 20, "num_crossposts": 0, "over_18": false, "parent_whitelist_status": null, "permalink": "/r/ThePPShow/comments/11ib030/abc_face_reveal_monday_be_like/", "pinned": false, "post_hint": "image", "preview": {"enabled": true, "images": [{"id": "iGawEmiKi6Xb8o5CkjJJLeWlQQ5k8uvRnt7ybSC-T6s", "resolutions": [{"height": 113, "url": "https://preview.redd.it/zzwuuzmbzrla1.png?width=108&amp;crop=smart&amp;auto=webp&amp;v=enabled&amp;s=3cd014720aba70efc88fb5d286a37a153165a892", "width": 108}, {"height": 226, "url": "https://preview.redd.it/zzwuuzmbzrla1.png?width=216&amp;crop=smart&amp;auto=webp&amp;v=enabled&amp;s=b936a00c7c9954b33edf31a3031e7c026508ad12", "width": 216}, {"height": 335, "url": "https://preview.redd.it/zzwuuzmbzrla1.png?width=320&amp;crop=smart&amp;auto=webp&amp;v=enabled&amp;s=3e0ab3a57229d0b85139dfc3955c7c54f763db2d", "width": 320}], "source": {"height": 615, "url": "https://preview.redd.it/zzwuuzmbzrla1.png?auto=webp&amp;v=enabled&amp;s=8b60eb2b0364141b2f4007869a033e3c8fc470d9", "width": 586}, "variants": {}}]}, "pwls": null, "quarantine": false, "removed_by": null, "removed_by_category": null, "retrieved_on": 1681020698, "score": 38, "secure_media": null, "secure_media_embed": {}, "selftext": "", "send_replies": true, "spoiler": false, "stickied": false, "subreddit": "ThePPShow", "subreddit_id": "t5_7q5o7y", "subreddit_name_prefixed": "r/ThePPShow", "subreddit_subscribers": 1240, "subreddit_type": "public", "suggested_sort": null, "thumbnail": "https://b.thumbs.redditmedia.com/w3GQ35H9ccT1y0sENVxtDnJBm7bKyogEnQtAf7l1VqA.jpg", "thumbnail_height": 140, "thumbnail_width": 140, "title": "ABC face reveal Monday be like:", "top_awarded_type": null, "total_awards_received": 0, "treatment_tags": [], "upvote_ratio": 0.95, "url": "https://i.redd.it/zzwuuzmbzrla1.png", "url_overridden_by_dest": "https://i.redd.it/zzwuuzmbzrla1.png", "view_count": null, "whitelist_status": null, "wls": null}, {"all_awardings": [], "allow_live_comments": false, "archived": false, "author": "dicemetal", "author_created_utc": null, "author_flair_background_color": null, "author_flair_css_class": null, "author_flair_richtext": [], "author_flair_template_id": null, "author_flair_text": null, "author_flair_text_color": null, "author_flair_type": "text", "author_fullname": "t2_oygs8m7t", "author_patreon_flair": false, "author_premium": false, "awarders": [], "banned_by": null, "can_gild": true, "can_mod_post": false, "category": null, "content_categories": null, "contest_mode": false, "created_utc": 1677934177, "discussion_type": null, "distinguished": null, "domain": "i.redd.it", "edited": false, "gilded": 0, "gildings": {}, "hidden": false, "hide_score": false, "id": "11hyf0p", "is_created_from_ads_ui": false, "is_crosspostable": true, "is_meta": false, "is_original_content": false, "is_reddit_media_domain": true, "is_robot_indexable": true, "is_self": false, "is_video": false, "link_flair_background_color": "", "link_flair_css_class": null, "link_flair_richtext": [], "link_flair_text": null, "link_flair_text_color": "dark", "link_flair_type": "text", "locked": false, "media": null, "media_embed": {}, "media_only": false, "name": "t3_11hyf0p", "no_follow": false, "num_comments": 2, "num_crossposts": 0, "over_18": false, "parent_whitelist_status": null, "permalink": "/r/ThePPShow/comments/11hyf0p/remind_me_in_69_days_the_sho_must_go_on/", "pinned": false, "post_hint": "image", "preview": {"enabled": true, "images": [{"id": "xYrvqmXveHZvSc2DE8mIdmegiABkwxLXUl-jPuADSrk", "resolutions": [{"height": 100, "url": "https://preview.redd.it/14lr4u90ypla1.jpg?width=108&amp;crop=smart&amp;auto=webp&amp;v=enabled&amp;s=8b8238bf12b9a2da6f43705a4881842020df3e08", "width": 108}, {"height": 200, "url": "https://preview.redd.it/14lr4u90ypla1.jpg?width=216&amp;crop=smart&amp;auto=webp&amp;v=enabled&amp;s=d3da590ee0f768d7f12078dcdc1a05a865b64514", "width": 216}, {"height": 296, "url": "https://preview.redd.it/14lr4u90ypla1.jpg?width=320&amp;crop=smart&amp;auto=webp&amp;v=enabled&amp;s=c88eb86e76c49e266fbe78fa298b2befdb8ab193", "width": 320}, {"height": 593, "url": "https://preview.redd.it/14lr4u90ypla1.jpg?width=640&amp;crop=smart&amp;auto=webp&amp;v=enabled&amp;s=dc58243614862d1a842c4e7a75098694e65a0b6d", "width": 640}], "source": {"height": 689, "url": "https://preview.redd.it/14lr4u90ypla1.jpg?auto=webp&amp;v=enabled&amp;s=289f93b81bde15135b1cba047d30cd238ef2b577", "width": 743}, "variants": {}}]}, "pwls": null, "quarantine": false, "removed_by": null, "removed_by_category": null, "retrieved_on": 1681021091, "score": 21, "secure_media": null, "secure_media_embed": {}, "selftext": "", "send_replies": true, "spoiler": false, "stickied": false, "subreddit": "ThePPShow", "subreddit_id": "t5_7q5o7y", "subreddit_name_prefixed": "r/ThePPShow", "subreddit_subscribers": 1240, "subreddit_type": "public", "suggested_sort": null, "thumbnail": "https://b.thumbs.redditmedia.com/CUnB5AHO-1MlWQW8zmu7BM9ekrqfIRYT62hmqoq1oGE.jpg", "thumbnail_height": 129, "thumbnail_width": 140, "title": "\u231b !Remind me in 69 days. The SHO must go on!", "top_awarded_type": null, "total_awards_received": 0, "treatment_tags": [], "upvote_ratio": 1.0, "url": "https://i.redd.it/14lr4u90ypla1.jpg", "url_overridden_by_dest": "https://i.redd.it/14lr4u90ypla1.jpg", "view_count": null, "whitelist_status": null, "wls": null}, {"all_awardings": [], "allow_live_comments": false, "archived": false, "author": "ppseeds", "author_created_utc": 1518222553, "author_flair_background_color": null, "author_flair_css_class": null, "author_flair_richtext": [], "author_flair_template_id": null, "author_flair_text": null, "author_flair_text_color": null, "author_flair_type": "text", "author_fullname": "t2_w7v9rg0", "author_patreon_flair": false, "author_premium": true, "awarders": [], "banned_by": null, "can_gild": true, "can_mod_post": false, "category": null, "content_categories": null, "contest_mode": false, "created_utc": 1677911961, "discussion_type": null, "distinguished": null, "domain": "reddit.com", "edited": false, "gallery_data": {"items": [{"id": 247082380, "media_id": "b2jkqqh74ola1"}, {"id": 247082381, "media_id": "2uyhgqh74ola1"}]}, "gilded": 0, "gildings": {}, "hidden": false, "hide_score": false, "id": "11hs2ou", "is_created_from_ads_ui": false, "is_crosspostable": true, "is_gallery": true, "is_meta": false, "is_original_content": false, "is_reddit_media_domain": false, "is_robot_indexable": true, "is_self": false, "is_video": false, "link_flair_background_color": "#ffd635", "link_flair_css_class": "", "link_flair_richtext": [], "link_flair_template_id": "d96925a0-ae68-11ed-8a4a-0a2543e76d1b", "link_flair_text": "Speculation/Opinion", "link_flair_text_color": "dark", "link_flair_type": "text", "locked": false, "media": null, "media_embed": {}, "media_metadata": {"2uyhgqh74ola1": {"e": "Image", "id": "2uyhgqh74ola1", "m": "image/jpg", "p": [{"u": "https://preview.redd.it/2uyhgqh74ola1.jpg?width=108&amp;crop=smart&amp;auto=webp&amp;v=enabled&amp;s=007446bd2840e058dfaeb38abb0f98ab14f0ff61", "x": 108, "y": 148}, {"u": "https://preview.redd.it/2uyhgqh74ola1.jpg?width=216&amp;crop=smart&amp;auto=webp&amp;v=enabled&amp;s=1f52f36af576584a5cd639919b908622584ab9d0", "x": 216, "y": 297}, {"u": "https://preview.redd.it/2uyhgqh74ola1.jpg?width=320&amp;crop=smart&amp;auto=webp&amp;v=enabled&amp;s=d3b1ba15cf912d89cfb7edd731fe24e9cefad156", "x": 320, "y": 440}, {"u": "https://preview.redd.it/2uyhgqh74ola1.jpg?width=640&amp;crop=smart&amp;auto=webp&amp;v=enabled&amp;s=316003202dfe92e0a5aedd2b05fecd6828e367be", "x": 640, "y": 881}], "s": {"u": "https://preview.redd.it/2uyhgqh74ola1.jpg?width=827&amp;format=pjpg&amp;auto=webp&amp;v=enabled&amp;s=4949e758bc418c637a5e6f05a5611700d460221e", "x": 827, "y": 1139}, "status": "valid"}, "b2jkqqh74ola1": {"e": "Image", "id": "b2jkqqh74ola1", "m": "image/jpg", "p": [{"u": "https://preview.redd.it/b2jkqqh74ola1.jpg?width=108&amp;crop=smart&amp;auto=webp&amp;v=enabled&amp;s=fefbfc6f547d6e555242bf9170d3d87385cc5220", "x": 108, "y": 95}, {"u": "https://preview.redd.it/b2jkqqh74ola1.jpg?width=216&amp;crop=smart&amp;auto=webp&amp;v=enabled&amp;s=b6a03311a40088bcc1ac595e96767ab024c90960", "x": 216, "y": 190}, {"u": "https://preview.redd.it/b2jkqqh74ola1.jpg?width=320&amp;crop=smart&amp;auto=webp&amp;v=enabled&amp;s=7379e15bfb01bece772364d873add7704565077e", "x": 320, "y": 282}, {"u": "https://preview.redd.it/b2jkqqh74ola1.jpg?width=640&amp;crop=smart&amp;auto=webp&amp;v=enabled&amp;s=c8202ff1f4059cd3a0c7567337f3d3132d59a752", "x": 640, "y": 564}], "s": {"u": "https://preview.redd.it/b2jkqqh74ola1.jpg?width=827&amp;format=pjpg&amp;auto=webp&amp;v=enabled&amp;s=10a9812b0a4d89a08e2150810d9f59b02dc7d7d8", "x": 827, "y": 730}, "status": "valid"}}, "media_only": false, "name": "t3_11hs2ou", "no_follow": false, "num_comments": 15, "num_crossposts": 0, "over_18": false, "parent_whitelist_status": null, "permalink": "/r/ThePPShow/comments/11hs2ou/oh_well_guess_its_nothing/", "pinned": false, "pwls": null, "quarantine": false, "removed_by": null, "removed_by_category": null, "retrieved_on": 1681021310, "score": 27, "secure_media": null, "secure_media_embed": {}, "selftext": "", "send_replies": true, "spoiler": false, "stickied": false, "subreddit": "ThePPShow", "subreddit_id": "t5_7q5o7y", "subreddit_name_prefixed": "r/ThePPShow", "subreddit_subscribers": 1240, "subreddit_type": "public", "suggested_sort": null, "thumbnail": "https://b.thumbs.redditmedia.com/nzzx2yTi7oaEiXVHt9qtJRJhSu7VqlmfXyoyL1ErITg.jpg", "thumbnail_height": 123, "thumbnail_width": 140, "title": "Oh well guess it\u2019s nothing", "top_awarded_type": null, "total_awards_received": 0, "treatment_tags": [], "upvote_ratio": 0.97, "url": "https://www.reddit.com/gallery/11hs2ou", "url_overridden_by_dest": "https://www.reddit.com/gallery/11hs2ou", "view_count": null, "whitelist_status": null, "wls": null}, {"all_awardings": [], "allow_live_comments": false, "archived": false, "author": "soothepaste", "author_created_utc": 1674853731, "author_flair_background_color": null, "author_flair_css_class": null, "author_flair_richtext": [], "author_flair_template_id": null, "author_flair_text": null, "author_flair_text_color": null, "author_flair_type": "text", "author_fullname": "t2_3yp5ysvgd", "author_patreon_flair": false, "author_premium": false, "awarders": [], "banned_by": null, "can_gild": true, "can_mod_post": false, "category": null, "content_categories": null, "contest_mode": false, "created_utc": 1677898163, "discussion_type": null, "distinguished": null, "domain": "i.redd.it", "edited": false, "gilded": 0, "gildings": {}, "hidden": false, "hide_score": false, "id": "11hnbh3", "is_created_from_ads_ui": false, "is_crosspostable": true, "is_meta": false, "is_original_content": false, "is_reddit_media_domain": true, "is_robot_indexable": true, "is_self": false, "is_video": false, "link_flair_background_color": "", "link_flair_css_class": null, "link_flair_richtext": [], "link_flair_text": null, "link_flair_text_color": "dark", "link_flair_type": "text", "locked": false, "media": null, "media_embed": {}, "media_only": false, "name": "t3_11hnbh3", "no_follow": false, "num_comments": 5, "num_crossposts": 0, "over_18": false, "parent_whitelist_status": null, "permalink": "/r/ThePPShow/comments/11hnbh3/stop_calling_from_antarctica/", "pinned": false, "post_hint": "image", "preview": {"enabled": true, "images": [{"id": "bDuEDlQqOdHduLE69Ml2WTAKwVHWSRm7URdR2URWOsg", "resolutions": [{"height": 59, "url": "https://preview.redd.it/t0x1wdvogola1.png?width=108&amp;crop=smart&amp;auto=webp&amp;v=enabled&amp;s=28c73979fe7f3e6668b5a7d3ce5b2b49926356dd", "width": 108}, {"height": 119, "url": "https://preview.redd.it/t0x1wdvogola1.png?width=216&amp;crop=smart&amp;auto=webp&amp;v=enabled&amp;s=5468fbba7f9df7a0276a99b35ef028019ed5ad9a", "width": 216}, {"height": 177, "url": "https://preview.redd.it/t0x1wdvogola1.png?width=320&amp;crop=smart&amp;auto=webp&amp;v=enabled&amp;s=ce4a7887338c521d589462773f3c34f9565cba26", "width": 320}, {"height": 354, "url": "https://preview.redd.it/t0x1wdvogola1.png?width=640&amp;crop=smart&amp;auto=webp&amp;v=enabled&amp;s=4a07b11f6b8b1f558e4a73fa36088be9423ed222", "width": 640}, {"height": 531, "url": "https://preview.redd.it/t0x1wdvogola1.png?width=960&amp;crop=smart&amp;auto=webp&amp;v=enabled&amp;s=dda67305fbe6c83b8bac39be54a8a07bc19cb55c", "width": 960}, {"height": 597, "url": "https://preview.redd.it/t0x1wdvogola1.png?width=1080&amp;crop=smart&amp;auto=webp&amp;v=enabled&amp;s=d6c2b64988bc60387d325e2d0a9a104d66352ef4", "width": 1080}], "source": {"height": 687, "url": "https://preview.redd.it/t0x1wdvogola1.png?auto=webp&amp;v=enabled&amp;s=944076a2f405de9b3e1504a99d4fe5e686c936e7", "width": 1242}, "variants": {}}]}, "pwls": null, "quarantine": false, "removed_by": null, "removed_by_category": null, "retrieved_on": 1681021474, "score": 18, "secure_media": null, "secure_media_embed": {}, "selftext": "", "send_replies": true, "spoiler": false, "stickied": false, "subreddit": "ThePPShow", "subreddit_id": "t5_7q5o7y", "subreddit_name_prefixed": "r/ThePPShow", "subreddit_subscribers": 1240, "subreddit_type": "public", "suggested_sort": null, "thumbnail": "https://b.thumbs.redditmedia.com/jf7qW4XocHpFxf5PdwPXUNajvFiMVxbRyYmzW8drRPc.jpg", "thumbnail_height": 77, "thumbnail_width": 140, "title": "stop calling from Antarctica!", "top_awarded_type": null, "total_awards_received": 0, "treatment_tags": [], "upvote_ratio": 1.0, "url": "https://i.redd.it/t0x1wdvogola1.png", "url_overridden_by_dest": "https://i.redd.it/t0x1wdvogola1.png", "view_count": null, "whitelist_status": null, "wls": null}, {"all_awardings": [{"award_sub_type": "PREMIUM", "award_type": "global", "awardings_required_to_grant_benefits": null, "coin_price": 30, "coin_reward": 0, "count": 1, "days_of_drip_extension": null, "days_of_premium": null, "description": "A glittering stamp for a feel-good thing", "end_date": null, "giver_coin_reward": null, "icon_format": null, "icon_height": 2048, "icon_url": "https://i.redd.it/award_images/t5_22cerq/b9ks3a5k7jj41_WholesomeSealofApproval.png", "icon_width": 2048, "id": "award_c4b2e438-16bb-4568-88e7-7893b7662944", "is_enabled": true, "is_new": false, "name": "Wholesome Seal of Approval", "penny_donate": null, "penny_price": null, "resized_icons": [{"height": 16, "url": "https://preview.redd.it/award_images/t5_22cerq/b9ks3a5k7jj41_WholesomeSealofApproval.png?width=16&amp;height=16&amp;auto=webp&amp;v=enabled&amp;s=703f779c36fa6c24a87048219c8ad79c38f588dc", "width": 16}, {"height": 32, "url": "https://preview.redd.it/award_images/t5_22cerq/b9ks3a5k7jj41_WholesomeSealofApproval.png?width=32&amp;height=32&amp;auto=webp&amp;v=enabled&amp;s=f1353fd49988371ae4b98114d2f30ad3abd2435e", "width": 32}, {"height": 48, "url": "https://preview.redd.it/award_images/t5_22cerq/b9ks3a5k7jj41_WholesomeSealofApproval.png?width=48&amp;height=48&amp;auto=webp&amp;v=enabled&amp;s=a6325378b5acbd6940233feeeab0d6cc936467c9", "width": 48}, {"height": 64, "url": "https://preview.redd.it/award_images/t5_22cerq/b9ks3a5k7jj41_WholesomeSealofApproval.png?width=64&amp;height=64&amp;auto=webp&amp;v=enabled&amp;s=aa1d8321e60dc611ebc686f814b0ad996d1056c5", "width": 64}, {"height": 128, "url": "https://preview.redd.it/award_images/t5_22cerq/b9ks3a5k7jj41_WholesomeSealofApproval.png?width=128&amp;height=128&amp;auto=webp&amp;v=enabled&amp;s=4c5a9a5cf1591f7074c67a67339e34fbf34a3107", "width": 128}], "resized_static_icons": [{"height": 16, "url": "https://preview.redd.it/award_images/t5_22cerq/b9ks3a5k7jj41_WholesomeSealofApproval.png?width=16&amp;height=16&amp;auto=webp&amp;v=enabled&amp;s=703f779c36fa6c24a87048219c8ad79c38f588dc", "width": 16}, {"height": 32, "url": "https://preview.redd.it/award_images/t5_22cerq/b9ks3a5k7jj41_WholesomeSealofApproval.png?width=32&amp;height=32&amp;auto=webp&amp;v=enabled&amp;s=f1353fd49988371ae4b98114d2f30ad3abd2435e", "width": 32}, {"height": 48, "url": "https://preview.redd.it/award_images/t5_22cerq/b9ks3a5k7jj41_WholesomeSealofApproval.png?width=48&amp;height=48&amp;auto=webp&amp;v=enabled&amp;s=a6325378b5acbd6940233feeeab0d6cc936467c9", "width": 48}, {"height": 64, "url": "https://preview.redd.it/award_images/t5_22cerq/b9ks3a5k7jj41_WholesomeSealofApproval.png?width=64&amp;height=64&amp;auto=webp&amp;v=enabled&amp;s=aa1d8321e60dc611ebc686f814b0ad996d1056c5", "width": 64}, {"height": 128, "url": "https://preview.redd.it/award_images/t5_22cerq/b9ks3a5k7jj41_WholesomeSealofApproval.png?width=128&amp;height=128&amp;auto=webp&amp;v=enabled&amp;s=4c5a9a5cf1591f7074c67a67339e34fbf34a3107", "width": 128}], "start_date": null, "static_icon_height": 2048, "static_icon_url": "https://i.redd.it/award_images/t5_22cerq/b9ks3a5k7jj41_WholesomeSealofApproval.png", "static_icon_width": 2048, "sticky_duration_seconds": null, "subreddit_coin_reward": 0, "subreddit_id": null, "tiers_by_required_awardings": null}], "allow_live_comments": false, "archived": false, "author": "[deleted]", "author_created_utc": null, "author_flair_background_color": "", "author_flair_css_class": null, "author_flair_template_id": null, "author_flair_text": null, "author_flair_text_color": "dark", "awarders": [], "banned_by": null, "can_gild": false, "can_mod_post": false, "category": null, "content_categories": null, "contest_mode": false, "created_utc": 1677891884, "discussion_type": null, "distinguished": null, "domain": "", "edited": false, "gilded": 0, "gildings": {}, "hidden": false, "hide_score": false, "id": "11hkzjb", "is_created_from_ads_ui": false, "is_crosspostable": false, "is_meta": false, "is_original_content": false, "is_reddit_media_domain": false, "is_robot_indexable": false, "is_self": false, "is_video": false, "link_flair_background_color": "#ffd635", "link_flair_css_class": "", "link_flair_richtext": [], "link_flair_template_id": "cf8e4b00-8f0a-11ed-bcf5-ea5ecab695a0", "link_flair_text": "Stream Live Chat", "link_flair_text_color": "dark", "link_flair_type": "text", "locked": false, "media": {"oembed": {"author_name": "ThePPshow", "author_url": "https://www.youtube.com/@ThePPshow", "height": 200, "html": "&lt;iframe width=\"356\" height=\"200\" src=\"https://www.youtube.com/embed/sSXatrft9No?feature=oembed&amp;enablejsapi=1\" frameborder=\"0\" allow=\"accelerometer; autoplay; clipboard-write; encrypted-media; gyroscope; picture-in-picture; web-share\" allowfullscreen title=\"ThePPShow BBBY Livestream\"&gt;&lt;/iframe&gt;", "provider_name": "YouTube", "provider_url": "https://www.youtube.com/", "thumbnail_height": 360, "thumbnail_url": "https://i.ytimg.com/vi/sSXatrft9No/hqdefault.jpg", "thumbnail_width": 480, "title": "ThePPShow BBBY Livestream", "type": "video", "version": "1.0", "width": 356}, "type": "youtube.com"}, "media_embed": {"content": "&lt;iframe width=\"356\" height=\"200\" src=\"https://www.youtube.com/embed/sSXatrft9No?feature=oembed&amp;enablejsapi=1\" frameborder=\"0\" allow=\"accelerometer; autoplay; clipboard-write; encrypted-media; gyroscope; picture-in-picture; web-share\" allowfullscreen title=\"ThePPShow BBBY Livestream\"&gt;&lt;/iframe&gt;", "height": 200, "scrolling": false, "width": 356}, "media_only": false, "name": "t3_11hkzjb", "no_follow": false, "num_comments": 1, "num_crossposts": 0, "over_18": false, "parent_whitelist_status": null, "permalink": "/r/ThePPShow/comments/11hkzjb/bbby_livestream_starting_shortly_lets_get/", "pinned": false, "pwls": null, "quarantine": false, "removed_by": null, "removed_by_category": "deleted", "retrieved_on": 1681021557, "score": 12, "secure_media": {"oembed": {"author_name": "ThePPshow", "author_url": "https://www.youtube.com/@ThePPshow", "height": 200, "html": "&lt;iframe width=\"356\" height=\"200\" src=\"https://www.youtube.com/embed/sSXatrft9No?feature=oembed&amp;enablejsapi=1\" frameborder=\"0\" allow=\"accelerometer; autoplay; clipboard-write; encrypted-media; gyroscope; picture-in-picture; web-share\" allowfullscreen title=\"ThePPShow BBBY Livestream\"&gt;&lt;/iframe&gt;", "provider_name": "YouTube", "provider_url": "https://www.youtube.com/", "thumbnail_height": 360, "thumbnail_url": "https://i.ytimg.com/vi/sSXatrft9No/hqdefault.jpg", "thumbnail_width": 480, "title": "ThePPShow BBBY Livestream", "type": "video", "version": "1.0", "width": 356}, "type": "youtube.com"}, "secure_media_embed": {"content": "&lt;iframe width=\"356\" height=\"200\" src=\"https://www.youtube.com/embed/sSXatrft9No?feature=oembed&amp;enablejsapi=1\" frameborder=\"0\" allow=\"accelerometer; autoplay; clipboard-write; encrypted-media; gyroscope; picture-in-picture; web-share\" allowfullscreen title=\"ThePPShow BBBY Livestream\"&gt;&lt;/iframe&gt;", "height": 200, "media_domain_url": "https://www.redditmedia.com/mediaembed/11hkzjb", "scrolling": false, "width": 356}, "selftext": "[deleted]", "send_replies": true, "spoiler": false, "stickied": false, "subreddit": "ThePPShow", "subreddit_id": "t5_7q5o7y", "subreddit_name_prefixed": "r/ThePPShow", "subreddit_subscribers": 1240, "subreddit_type": "public", "suggested_sort": null, "thumbnail": "default", "thumbnail_height": 105, "thumbnail_width": 140, "title": "BBBY Livestream starting shortly! Lets get together and talk our fav stock!", "top_awarded_type": null, "total_awards_received": 1, "treatment_tags": [], "upvote_ratio": 1.0, "url": "", "url_overridden_by_dest": "", "view_count": null, "whitelist_status": null, "wls": null}], "metadata": {"op_a": 57, "op_b": 51, "total": 109}, "error": null}