{"data": [{"all_awardings": [], "allow_live_comments": false, "archived": false, "author": "TheWolfOfLosses", "author_created_utc": 1607135677, "author_flair_background_color": null, "author_flair_css_class": null, "author_flair_richtext": [], "author_flair_template_id": null, "author_flair_text": null, "author_flair_text_color": null, "author_flair_type": "text", "author_fullname": "t2_96863xru", "author_patreon_flair": false, "author_premium": true, "awarders": [], "banned_by": null, "can_gild": true, "can_mod_post": false, "category": null, "content_categories": null, "contest_mode": false, "created_utc": 1673305731, "discussion_type": null, "distinguished": null, "domain": "i.redd.it", "edited": false, "gilded": 0, "gildings": {}, "hidden": false, "hide_score": false, "id": "107tavt", "is_created_from_ads_ui": false, "is_crosspostable": true, "is_meta": false, "is_original_content": false, "is_reddit_media_domain": true, "is_robot_indexable": true, "is_self": false, "is_video": false, "link_flair_background_color": "", "link_flair_css_class": null, "link_flair_richtext": [], "link_flair_text": null, "link_flair_text_color": "dark", "link_flair_type": "text", "locked": false, "media": null, "media_embed": {}, "media_only": false, "name": "t3_107tavt", "no_follow": false, "num_comments": 6, "num_crossposts": 0, "over_18": false, "parent_whitelist_status": null, "permalink": "/r/ThePPShow/comments/107tavt/69_members_in_the_sub_and_we_hit_2_at_420/", "pinned": false, "post_hint": "image", "preview": {"enabled": true, "images": [{"id": "3kNxHoolry8gUevWz788epqlnEWW9yjbQZMf6oWNdzI", "resolutions": [{"height": 81, "url": "https://preview.redd.it/5cj3z4n055ba1.jpg?width=108&amp;crop=smart&amp;auto=webp&amp;v=enabled&amp;s=8887ce62bf35b92ecbc70998223e75a9f73f5c05", "width": 108}, {"height": 162, "url": "https://preview.redd.it/5cj3z4n055ba1.jpg?width=216&amp;crop=smart&amp;auto=webp&amp;v=enabled&amp;s=a825390468568bde0a0dabdc9dd170e80f07a137", "width": 216}, {"height": 240, "url": "https://preview.redd.it/5cj3z4n055ba1.jpg?width=320&amp;crop=smart&amp;auto=webp&amp;v=enabled&amp;s=0de26305ce78f2529cca8e56627d040e59468144", "width": 320}, {"height": 480, "url": "https://preview.redd.it/5cj3z4n055ba1.jpg?width=640&amp;crop=smart&amp;auto=webp&amp;v=enabled&amp;s=09758f08710c97924878f1bcd8d14acdc230ad08", "width": 640}, {"height": 720, "url": "https://preview.redd.it/5cj3z4n055ba1.jpg?width=960&amp;crop=smart&amp;auto=webp&amp;v=enabled&amp;s=d81918cd6a7bd8178edf6e07c0542a26e2aec158", "width": 960}, {"height": 810, "url": "https://preview.redd.it/5cj3z4n055ba1.jpg?width=1080&amp;crop=smart&amp;auto=webp&amp;v=enabled&amp;s=3959c669bd379f0a8cf7a6d1fce0c6501ae4301e", "width": 1080}], "source": {"height": 3024, "url": "https://preview.redd.it/5cj3z4n055ba1.jpg?auto=webp&amp;v=enabled&amp;s=4a6d85e263c24521c93694277f88025c7ed27200", "width": 4032}, "variants": {}}]}, "pwls": null, "quarantine": false, "removed_by": null, "removed_by_category": null, "retrieved_on": 1676243701, "score": 20, "secure_media": null, "secure_media_embed": {}, "selftext": "", "send_replies": true, "spoiler": false, "stickied": false, "subreddit": "ThePPShow", "subreddit_id": "t5_7q5o7y", "subreddit_name_prefixed": "r/ThePPShow", "subreddit_subscribers": 329, "subreddit_type": "public", "suggested_sort": null, "thumbnail": "https://b.thumbs.redditmedia.com/jCLFZqe6pcR681N6TvgZma4YzvXlFtCZiG6ylbiiiNU.jpg", "thumbnail_height": 105, "thumbnail_width": 140, "title": "69 members in the sub, and we hit $2 at 4:20\u2026 Cohencidence?", "top_awarded_type": null, "total_awards_received": 0, "treatment_tags": [], "upvote_ratio": 1.0, "url": "https://i.redd.it/5cj3z4n055ba1.jpg", "url_overridden_by_dest": "https://i.redd.it/5cj3z4n055ba1.jpg", "view_count": null, "whitelist_status": null, "wls": null}, {"all_awardings": [], "allow_live_comments": false, "archived": false, "author": "ppseeds", "author_created_utc": 1518222553, "author_flair_background_color": null, "author_flair_css_class": null, "author_flair_richtext": [], "author_flair_template_id": null, "author_flair_text": null, "author_flair_text_color": null, "author_flair_type": "text", "author_fullname": "t2_w7v9rg0", "author_patreon_flair": false, "author_premium": true, "awarders": [], "banned_by": null, "can_gild": true, "can_mod_post": false, "category": null, "content_categories": null, "contest_mode": false, "created_utc": 1673291321, "crosspost_parent": "t3_107gzkf", "crosspost_parent_list": [{"all_awardings": [], "allow_live_comments": true, "approved_at_utc": null, "approved_by": null, "archived": false, "author": "travis_b13", "author_flair_background_color": null, "author_flair_css_class": null, "author_flair_richtext": [], "author_flair_template_id": null, "author_flair_text": null, "author_flair_text_color": null, "author_flair_type": "text", "author_fullname": "t2_ic1iu", "author_is_blocked": false, "author_patreon_flair": false, "author_premium": false, "awarders": [], "banned_at_utc": null, "banned_by": null, "can_gild": true, "can_mod_post": false, "category": null, "clicked": false, "content_categories": null, "contest_mode": false, "created": 1673277644.0, "created_utc": 1673277644.0, "discussion_type": null, "distinguished": null, "domain": "i.redd.it", "downs": 0, "edited": false, "gilded": 0, "gildings": {}, "hidden": false, "hide_score": false, "id": "107gzkf", "is_created_from_ads_ui": false, "is_crosspostable": true, "is_meta": false, "is_original_content": false, "is_reddit_media_domain": true, "is_robot_indexable": true, "is_self": false, "is_video": false, "likes": null, "link_flair_background_color": "#ddbd37", "link_flair_css_class": "", "link_flair_richtext": [], "link_flair_template_id": "871e64ea-d20e-11ec-83b0-2647ce9addd9", "link_flair_text": "\ud83d\udcc8 TA / Charts", "link_flair_text_color": "dark", "link_flair_type": "text", "locked": false, "media": null, "media_embed": {}, "media_only": false, "mod_note": null, "mod_reason_by": null, "mod_reason_title": null, "mod_reports": [], "name": "t3_107gzkf", "no_follow": false, "num_comments": 33, "num_crossposts": 1, "num_reports": null, "over_18": false, "parent_whitelist_status": "no_ads", "permalink": "/r/BBBY/comments/107gzkf/50_of_the_float_has_now_been_traded_today/", "pinned": false, "post_hint": "image", "preview": {"enabled": true, "images": [{"id": "l1Fghszu4DI8xYujRDVdLqp1ganmHZVY9eQ2Ny1Cc0w", "resolutions": [{"height": 56, "url": "https://preview.redd.it/f6ftil4zb1ba1.png?width=108&amp;crop=smart&amp;auto=webp&amp;v=enabled&amp;s=a226e0b75bec2004eaeb58f4cd0b36fc3546aebc", "width": 108}, {"height": 113, "url": "https://preview.redd.it/f6ftil4zb1ba1.png?width=216&amp;crop=smart&amp;auto=webp&amp;v=enabled&amp;s=ca76b8ce75cc4250c77ffcc0ee72dc2acdc65069", "width": 216}, {"height": 167, "url": "https://preview.redd.it/f6ftil4zb1ba1.png?width=320&amp;crop=smart&amp;auto=webp&amp;v=enabled&amp;s=a896f7793d81ca20720445874809b150d4363c87", "width": 320}, {"height": 335, "url": "https://preview.redd.it/f6ftil4zb1ba1.png?width=640&amp;crop=smart&amp;auto=webp&amp;v=enabled&amp;s=19726a7f4ce5dab81a3675ca077a2d2a63510605", "width": 640}], "source": {"height": 488, "url": "https://preview.redd.it/f6ftil4zb1ba1.png?auto=webp&amp;v=enabled&amp;s=e92190bf313ad7afdc17134e7d030e3f1db8f93c", "width": 931}, "variants": {}}]}, "pwls": 0, "quarantine": false, "removal_reason": null, "removed_by": null, "removed_by_category": null, "report_reasons": null, "saved": false, "score": 718, "secure_media": null, "secure_media_embed": {}, "selftext": "", "selftext_html": null, "send_replies": false, "spoiler": false, "stickied": false, "subreddit": "BBBY", "subreddit_id": "t5_3q5hel", "subreddit_name_prefixed": "r/BBBY", "subreddit_subscribers": 52099, "subreddit_type": "public", "suggested_sort": null, "thumbnail": "https://b.thumbs.redditmedia.com/lntig7TtaBv05HpY-Oa0Qj-STizR4OVbfWq-C_8IEuA.jpg", "thumbnail_height": 73, "thumbnail_width": 140, "title": "50% of the float has now been traded today.", "top_awarded_type": null, "total_awards_received": 0, "treatment_tags": [], "ups": 718, "upvote_ratio": 0.97, "url": "https://i.redd.it/f6ftil4zb1ba1.png", "url_overridden_by_dest": "https://i.redd.it/f6ftil4zb1ba1.png", "user_reports": [], "view_count": null, "visited": false, "whitelist_status": "no_ads", "wls": 0}], "discussion_type": null, "distinguished": null, "domain": "i.redd.it", "edited": false, "gilded": 0, "gildings": {}, "hidden": false, "hide_score": false, "id": "107mw5c", "is_created_from_ads_ui": false, "is_crosspostable": true, "is_meta": false, "is_original_content": false, "is_reddit_media_domain": true, "is_robot_indexable": true, "is_self": false, "is_video": false, "link_flair_background_color": "", "link_flair_css_class": null, "link_flair_richtext": [], "link_flair_text": null, "link_flair_text_color": "dark", "link_flair_type": "text", "locked": false, "media": null, "media_embed": {}, "media_only": false, "name": "t3_107mw5c", "no_follow": false, "num_comments": 3, "num_crossposts": 0, "over_18": false, "parent_whitelist_status": null, "permalink": "/r/ThePPShow/comments/107mw5c/50_of_the_float_has_now_been_traded_today/", "pinned": false, "post_hint": "image", "preview": {"enabled": true, "images": [{"id": "l1Fghszu4DI8xYujRDVdLqp1ganmHZVY9eQ2Ny1Cc0w", "resolutions": [{"height": 56, "url": "https://preview.redd.it/f6ftil4zb1ba1.png?width=108&amp;crop=smart&amp;auto=webp&amp;v=enabled&amp;s=a226e0b75bec2004eaeb58f4cd0b36fc3546aebc", "width": 108}, {"height": 113, "url": "https://preview.redd.it/f6ftil4zb1ba1.png?width=216&amp;crop=smart&amp;auto=webp&amp;v=enabled&amp;s=ca76b8ce75cc4250c77ffcc0ee72dc2acdc65069", "width": 216}, {"height": 167, "url": "https://preview.redd.it/f6ftil4zb1ba1.png?width=320&amp;crop=smart&amp;auto=webp&amp;v=enabled&amp;s=a896f7793d81ca20720445874809b150d4363c87", "width": 320}, {"height": 335, "url": "https://preview.redd.it/f6ftil4zb1ba1.png?width=640&amp;crop=smart&amp;auto=webp&amp;v=enabled&amp;s=19726a7f4ce5dab81a3675ca077a2d2a63510605", "width": 640}], "source": {"height": 488, "url": "https://preview.redd.it/f6ftil4zb1ba1.png?auto=webp&amp;v=enabled&amp;s=e92190bf313ad7afdc17134e7d030e3f1db8f93c", "width": 931}, "variants": {}}]}, "pwls": null, "quarantine": false, "removed_by": null, "removed_by_category": null, "retrieved_on": 1676243886, "score": 18, "secure_media": null, "secure_media_embed": {}, "selftext": "", "send_replies": true, "spoiler": false, "stickied": false, "subreddit": "ThePPShow", "subreddit_id": "t5_7q5o7y", "subreddit_name_prefixed": "r/ThePPShow", "subreddit_subscribers": 329, "subreddit_type": "public", "suggested_sort": null, "thumbnail": "https://b.thumbs.redditmedia.com/lntig7TtaBv05HpY-Oa0Qj-STizR4OVbfWq-C_8IEuA.jpg", "thumbnail_height": 73, "thumbnail_width": 140, "title": "50% of the float has now been traded today.", "top_awarded_type": null, "total_awards_received": 0, "treatment_tags": [], "upvote_ratio": 1.0, "url": "https://i.redd.it/f6ftil4zb1ba1.png", "url_overridden_by_dest": "https://i.redd.it/f6ftil4zb1ba1.png", "view_count": null, "whitelist_status": null, "wls": null}, {"all_awardings": [], "allow_live_comments": false, "archived": false, "author": "TheWolfOfLosses", "author_created_utc": 1607135677, "author_flair_background_color": null, "author_flair_css_class": null, "author_flair_richtext": [], "author_flair_template_id": null, "author_flair_text": null, "author_flair_text_color": null, "author_flair_type": "text", "author_fullname": "t2_96863xru", "author_patreon_flair": false, "author_premium": true, "awarders": [], "banned_by": null, "can_gild": true, "can_mod_post": false, "category": null, "content_categories": null, "contest_mode": false, "created_utc": 1673275474, "discussion_type": null, "distinguished": null, "domain": "v.redd.it", "edited": false, "gilded": 0, "gildings": {}, "hidden": false, "hide_score": false, "id": "107g3od", "is_created_from_ads_ui": false, "is_crosspostable": false, "is_meta": false, "is_original_content": false, "is_reddit_media_domain": true, "is_robot_indexable": false, "is_self": false, "is_video": true, "link_flair_background_color": "", "link_flair_css_class": null, "link_flair_richtext": [], "link_flair_text": null, "link_flair_text_color": "dark", "link_flair_type": "text", "locked": false, "media": {"reddit_video": {"bitrate_kbps": 2400, "dash_url": "https://v.redd.it/7rpo1312n2ba1/DASHPlaylist.mpd?a=1678836082%2CY2E2NjhkZjU1YjQ1ZDQ3MTc4N2U1NDExZDE1NDNiNjZmOTM1MDA1YjNjNGNlMWQ3MWZkNWU2MGRmMGNiMzQ2OA%3D%3D&amp;v=1&amp;f=sd", "duration": 15, "fallback_url": "https://v.redd.it/7rpo1312n2ba1/DASH_720.mp4?source=fallback", "height": 720, "hls_url": "https://v.redd.it/7rpo1312n2ba1/HLSPlaylist.m3u8?a=1678836082%2CMmUyNTg0N2MzN2Y4MjJjM2IwYjQzOTkxZDhhNWU2NmZhNDQ1ZmE2MzIxYjg3MDEzZGVjYmRiNzVjZWNlMzU3Mw%3D%3D&amp;v=1&amp;f=sd", "is_gif": false, "scrubber_media_url": "https://v.redd.it/7rpo1312n2ba1/DASH_96.mp4", "transcoding_status": "completed", "width": 720}}, "media_embed": {}, "media_only": false, "name": "t3_107g3od", "no_follow": true, "num_comments": 0, "num_crossposts": 0, "over_18": true, "parent_whitelist_status": null, "permalink": "/r/ThePPShow/comments/107g3od/tits_jacked/", "pinned": false, "pwls": null, "quarantine": false, "removed_by": null, "removed_by_category": "moderator", "retrieved_on": 1676244083, "score": 3, "secure_media": {"reddit_video": {"bitrate_kbps": 2400, "dash_url": "https://v.redd.it/7rpo1312n2ba1/DASHPlaylist.mpd?a=1678836082%2CY2E2NjhkZjU1YjQ1ZDQ3MTc4N2U1NDExZDE1NDNiNjZmOTM1MDA1YjNjNGNlMWQ3MWZkNWU2MGRmMGNiMzQ2OA%3D%3D&amp;v=1&amp;f=sd", "duration": 15, "fallback_url": "https://v.redd.it/7rpo1312n2ba1/DASH_720.mp4?source=fallback", "height": 720, "hls_url": "https://v.redd.it/7rpo1312n2ba1/HLSPlaylist.m3u8?a=1678836082%2CMmUyNTg0N2MzN2Y4MjJjM2IwYjQzOTkxZDhhNWU2NmZhNDQ1ZmE2MzIxYjg3MDEzZGVjYmRiNzVjZWNlMzU3Mw%3D%3D&amp;v=1&amp;f=sd", "is_gif": false, "scrubber_media_url": "https://v.redd.it/7rpo1312n2ba1/DASH_96.mp4", "transcoding_status": "completed", "width": 720}}, "secure_media_embed": {}, "selftext": "", "send_replies": true, "spoiler": false, "stickied": false, "subreddit": "ThePPShow", "subreddit_id": "t5_7q5o7y", "subreddit_name_prefixed": "r/ThePPShow", "subreddit_subscribers": 328, "subreddit_type": "public", "suggested_sort": null, "thumbnail": "default", "thumbnail_height": 140, "thumbnail_width": 140, "title": "Tits jacked \ud83d\udc99+\u2764\ufe0f=\ud83d\udc9c", "top_awarded_type": null, "total_awards_received": 0, "treatment_tags": [], "upvote_ratio": 1.0, "url": "https://v.redd.it/7rpo1312n2ba1", "url_overridden_by_dest": "https://v.redd.it/7rpo1312n2ba1", "view_count": null, "whitelist_status": null, "wls": null}, {"all_awardings": [], "allow_live_comments": false, "archived": false, "author": "ppseeds", "author_created_utc": 1518222553, "author_flair_background_color": null, "author_flair_css_class": null, "author_flair_richtext": [], "author_flair_template_id": null, "author_flair_text": null, "author_flair_text_color": null, "author_flair_type": "text", "author_fullname": "t2_w7v9rg0", "author_patreon_flair": false, "author_premium": true, "awarders": [], "banned_by": null, "can_gild": true, "can_mod_post": false, "category": null, "content_categories": null, "contest_mode": false, "created_utc": 1673247286, "discussion_type": null, "distinguished": null, "domain": "self.ThePPShow", "edited": false, "gilded": 0, "gildings": {}, "hidden": false, "hide_score": false, "id": "1077g29", "is_created_from_ads_ui": false, "is_crosspostable": true, "is_meta": false, "is_original_content": false, "is_reddit_media_domain": false, "is_robot_indexable": true, "is_self": true, "is_video": false, "link_flair_background_color": "#ffd635", "link_flair_css_class": "", "link_flair_richtext": [], "link_flair_template_id": "b389bcaa-8f0a-11ed-9b6e-1e9f599434b1", "link_flair_text": "Stream announcement ", "link_flair_text_color": "dark", "link_flair_type": "text", "locked": false, "media": null, "media_embed": {}, "media_only": false, "name": "t3_1077g29", "no_follow": false, "num_comments": 7, "num_crossposts": 0, "over_18": false, "parent_whitelist_status": null, "permalink": "/r/ThePPShow/comments/1077g29/wednesday_stream_7pmct_featuring_runningwithbearz/", "pinned": false, "pwls": null, "quarantine": false, "removed_by": null, "removed_by_category": null, "retrieved_on": 1676244322, "score": 18, "secure_media": null, "secure_media_embed": {}, "selftext": "Alright so the show will be live this Wednesday at 7PM and there also will be recordings for some of our euro apes that want to tune in or whatever. I will be bringing on my good friend runningwithbearz as we dissect the financials of BBBY earnings after Tuesday to get a better understanding of where the company sits. \n\nLinks will be provided on the stream later this week so you can subscribe:\n\nOn ThePPShow we want everyone to have a chance to come on and talk about their favorite stock. Towards the end if you want to come on and talk your more than welcome to! It\u2019s super easy to join in without a cam and just use voice chat if you want as well. \n\nIf you have any specific questions for bearz please reply in this post so I can gather them for our guest. I\u2019m sure some of you have some questions so let me know. \n\nLooking forward to seeing you guys on Wednesday! Bring the brews. \n\nPp", "send_replies": true, "spoiler": false, "stickied": false, "subreddit": "ThePPShow", "subreddit_id": "t5_7q5o7y", "subreddit_name_prefixed": "r/ThePPShow", "subreddit_subscribers": 328, "subreddit_type": "public", "suggested_sort": null, "thumbnail": "self", "thumbnail_height": null, "thumbnail_width": null, "title": "Wednesday Stream 7PMCT featuring runningwithbearz", "top_awarded_type": null, "total_awards_received": 0, "treatment_tags": [], "upvote_ratio": 0.95, "url": "https://www.reddit.com/r/ThePPShow/comments/1077g29/wednesday_stream_7pmct_featuring_runningwithbearz/", "view_count": null, "whitelist_status": null, "wls": null}, {"all_awardings": [{"award_sub_type": "PREMIUM", "award_type": "global", "awardings_required_to_grant_benefits": null, "coin_price": 30, "coin_reward": 0, "count": 1, "days_of_drip_extension": null, "days_of_premium": null, "description": "A glowing commendation for all to see", "end_date": null, "giver_coin_reward": null, "icon_format": "APNG", "icon_height": 2048, "icon_url": "https://www.redditstatic.com/gold/awards/icon/Illuminati_512.png", "icon_width": 2048, "id": "award_b4ff447e-05a5-42dc-9002-63568807cfe6", "is_enabled": true, "is_new": false, "name": "All-Seeing Upvote", "penny_donate": null, "penny_price": null, "resized_icons": [{"height": 16, "url": "https://www.redditstatic.com/gold/awards/icon/Illuminati_16.png", "width": 16}, {"height": 32, "url": "https://www.redditstatic.com/gold/awards/icon/Illuminati_32.png", "width": 32}, {"height": 48, "url": "https://www.redditstatic.com/gold/awards/icon/Illuminati_48.png", "width": 48}, {"height": 64, "url": "https://www.redditstatic.com/gold/awards/icon/Illuminati_64.png", "width": 64}, {"height": 128, "url": "https://www.redditstatic.com/gold/awards/icon/Illuminati_128.png", "width": 128}], "resized_static_icons": [{"height": 16, "url": "https://preview.redd.it/award_images/t5_q0gj4/am40b8b08l581_All-SeeingUpvote2.png?width=16&amp;height=16&amp;auto=webp&amp;v=enabled&amp;s=25880d00e4283ff6a3851b64c83fea465c3fac48", "width": 16}, {"height": 32, "url": "https://preview.redd.it/award_images/t5_q0gj4/am40b8b08l581_All-SeeingUpvote2.png?width=32&amp;height=32&amp;auto=webp&amp;v=enabled&amp;s=67fae0c2af26488b9d70cb7afe877086707cf1d1", "width": 32}, {"height": 48, "url": "https://preview.redd.it/award_images/t5_q0gj4/am40b8b08l581_All-SeeingUpvote2.png?width=48&amp;height=48&amp;auto=webp&amp;v=enabled&amp;s=3033c6583809a27b998883b7c56c158102cb0420", "width": 48}, {"height": 64, "url": "https://preview.redd.it/award_images/t5_q0gj4/am40b8b08l581_All-SeeingUpvote2.png?width=64&amp;height=64&amp;auto=webp&amp;v=enabled&amp;s=cccb48d7518eaba72894a7ac4214bb70c7120793", "width": 64}, {"height": 128, "url": "https://preview.redd.it/award_images/t5_q0gj4/am40b8b08l581_All-SeeingUpvote2.png?width=128&amp;height=128&amp;auto=webp&amp;v=enabled&amp;s=4101e0eff424bbd818195853387db358bec74ed0", "width": 128}], "start_date": null, "static_icon_height": 2048, "static_icon_url": "https://i.redd.it/award_images/t5_q0gj4/am40b8b08l581_All-SeeingUpvote2.png", "static_icon_width": 2048, "sticky_duration_seconds": null, "subreddit_coin_reward": 0, "subreddit_id": null, "tiers_by_required_awardings": null}, {"award_sub_type": "PREMIUM", "award_type": "global", "awardings_required_to_grant_benefits": null, "coin_price": 20, "coin_reward": 0, "count": 1, "days_of_drip_extension": null, "days_of_premium": null, "description": "When you follow your heart, love is the answer", "end_date": null, "giver_coin_reward": null, "icon_format": "PNG", "icon_height": 2048, "icon_url": "https://i.redd.it/award_images/t5_22cerq/j3azv69qjfn51_LOVE.png", "icon_width": 2048, "id": "award_5eac457f-ebac-449b-93a7-eb17b557f03c", "is_enabled": true, "is_new": false, "name": "LOVE!", "penny_donate": null, "penny_price": 0, "resized_icons": [{"height": 16, "url": "https://preview.redd.it/award_images/t5_22cerq/j3azv69qjfn51_LOVE.png?width=16&amp;height=16&amp;auto=webp&amp;v=enabled&amp;s=533ce66f630fdfb440d60870cf546133105e1581", "width": 16}, {"height": 32, "url": "https://preview.redd.it/award_images/t5_22cerq/j3azv69qjfn51_LOVE.png?width=32&amp;height=32&amp;auto=webp&amp;v=enabled&amp;s=57ddeb538f6f2e9a2af1de2259956fadfd71be0b", "width": 32}, {"height": 48, "url": "https://preview.redd.it/award_images/t5_22cerq/j3azv69qjfn51_LOVE.png?width=48&amp;height=48&amp;auto=webp&amp;v=enabled&amp;s=7a53f415a006547600c10cc8ec700ba98e9d2006", "width": 48}, {"height": 64, "url": "https://preview.redd.it/award_images/t5_22cerq/j3azv69qjfn51_LOVE.png?width=64&amp;height=64&amp;auto=webp&amp;v=enabled&amp;s=339e45c85e1651cee0ec7b6d767c5cd2fd63aec4", "width": 64}, {"height": 128, "url": "https://preview.redd.it/award_images/t5_22cerq/j3azv69qjfn51_LOVE.png?width=128&amp;height=128&amp;auto=webp&amp;v=enabled&amp;s=90551e3f133cfeceaa1c3f6f9e28f3e7fa0e3f93", "width": 128}], "resized_static_icons": [{"height": 16, "url": "https://preview.redd.it/award_images/t5_22cerq/j3azv69qjfn51_LOVE.png?width=16&amp;height=16&amp;auto=webp&amp;v=enabled&amp;s=533ce66f630fdfb440d60870cf546133105e1581", "width": 16}, {"height": 32, "url": "https://preview.redd.it/award_images/t5_22cerq/j3azv69qjfn51_LOVE.png?width=32&amp;height=32&amp;auto=webp&amp;v=enabled&amp;s=57ddeb538f6f2e9a2af1de2259956fadfd71be0b", "width": 32}, {"height": 48, "url": "https://preview.redd.it/award_images/t5_22cerq/j3azv69qjfn51_LOVE.png?width=48&amp;height=48&amp;auto=webp&amp;v=enabled&amp;s=7a53f415a006547600c10cc8ec700ba98e9d2006", "width": 48}, {"height": 64, "url": "https://preview.redd.it/award_images/t5_22cerq/j3azv69qjfn51_LOVE.png?width=64&amp;height=64&amp;auto=webp&amp;v=enabled&amp;s=339e45c85e1651cee0ec7b6d767c5cd2fd63aec4", "width": 64}, {"height": 128, "url": "https://preview.redd.it/award_images/t5_22cerq/j3azv69qjfn51_LOVE.png?width=128&amp;height=128&amp;auto=webp&amp;v=enabled&amp;s=90551e3f133cfeceaa1c3f6f9e28f3e7fa0e3f93", "width": 128}], "start_date": null, "static_icon_height": 2048, "static_icon_url": "https://i.redd.it/award_images/t5_22cerq/j3azv69qjfn51_LOVE.png", "static_icon_width": 2048, "sticky_duration_seconds": null, "subreddit_coin_reward": 0, "subreddit_id": null, "tiers_by_required_awardings": null}], "allow_live_comments": false, "archived": false, "author": "TheWolfOfLosses", "author_created_utc": 1607135677, "author_flair_background_color": null, "author_flair_css_class": null, "author_flair_richtext": [], "author_flair_template_id": null, "author_flair_text": null, "author_flair_text_color": null, "author_flair_type": "text", "author_fullname": "t2_96863xru", "author_patreon_flair": false, "author_premium": true, "awarders": [], "banned_by": null, "can_gild": true, "can_mod_post": false, "category": null, "content_categories": null, "contest_mode": false, "created_utc": 1673242630, "discussion_type": null, "distinguished": null, "domain": "self.ThePPShow", "edited": false, "gilded": 0, "gildings": {}, "hidden": false, "hide_score": false, "id": "1075zas", "is_created_from_ads_ui": false, "is_crosspostable": true, "is_meta": false, "is_original_content": false, "is_reddit_media_domain": false, "is_robot_indexable": true, "is_self": true, "is_video": false, "link_flair_background_color": "", "link_flair_css_class": null, "link_flair_richtext": [], "link_flair_text": null, "link_flair_text_color": "dark", "link_flair_type": "text", "locked": false, "media": null, "media_embed": {}, "media_only": false, "name": "t3_1075zas", "no_follow": false, "num_comments": 7, "num_crossposts": 0, "over_18": false, "parent_whitelist_status": null, "permalink": "/r/ThePPShow/comments/1075zas/my_bigpp_theory/", "pinned": false, "pwls": null, "quarantine": false, "removed_by": null, "removed_by_category": null, "retrieved_on": 1676244364, "score": 13, "secure_media": null, "secure_media_embed": {}, "selftext": "MY Amazon Competitor THEORY!\n\nOk, so we all should know that Ryan Cohen is friends with Larry Cheng, and Carl Icahn. If you don\u2019t know them and their company affiliations, go use google. And refer to my previous post for more background: [Here](https://www.reddit.com/r/BBBY/comments/1072zsb/dragonfly_group_volition_capitall_catterton_ryans/)\n\nMY THEORY:\n\nDragonfly, (through Volition, and/or Catterton funding) OR Volition alone purchases Party City - clearly a strong connection to Volition)\n\nThen Cheng owns party city. (through Volition and/or Dragonfly)\n\nRC Ventures (with Icahn Enterprises) purchases BBBY\u2026 (Maybe even with Kroger?)\n\nBBBY, Gamestop, Party City, and Kroger ALL MERGE TO FORM GMERICA! A MASSIVE AMAZON COMPETITOR. \n\nAnd all of the venture capitalist firms will profit and profit and profit. \n\nNot to mention Vanguard and Blackrock gain a lot from the deal as well.\n\nTop 10 Owners of Party City Holdco Inc\nStockholder\tStake\tShares bought / sold\nBlackRock Fund Advisors\t5.70%\t-140,342\nThe Vanguard Group, Inc.\t5.15%\t+618,957\n\nTop 10 Owners of Bed Bath &amp; Beyond Inc\nStockholder\tStake\tShares owned\nBlackRock Fund Advisors\t13.33%\t10,708,538\nThe Vanguard Group, Inc.\t10.00%\t8,036,719\n\nTop 10 Owners of GameStop Corp\nStockholder\tStake\tShares\nowned\tTotal value ($)\tShares\nbought / sold\tTotal\nchange\nThe Vanguard Group, Inc.\t7.83%\t23,830,749\t624,603,931\t+285,445\t+1.21%\nBlackRock Fund Advisors\t6.36%\t19,371,975\t507,739,465\t+292,367\t+1.53%\n\nTop 10 Owners of Kroger Co\nStockholder\tStake\tShares\nowned\tTotal value ($)\tShares\nbought / sold\tTotal\nchange\nThe Vanguard Group, Inc.\t10.98%\t78,599,303\t3,866,299,715\t+445,095\t+0.57%\nBerkshire Hathaway, Inc. (Investm...\t7.02%\t50,268,823\t2,472,723,403\t-2,168,472\t-4.14%\nBlackRock Fund Advisors\t6.27%\t44,879,640\t2,207,629,492\t+1,104,026\t+2.52%\n\nLet me know what y\u2019all think! Now it\u2019s actually time for bed. Lol.\n\n-TheWolfOfLosses", "send_replies": true, "spoiler": false, "stickied": false, "subreddit": "ThePPShow", "subreddit_id": "t5_7q5o7y", "subreddit_name_prefixed": "r/ThePPShow", "subreddit_subscribers": 328, "subreddit_type": "public", "suggested_sort": null, "thumbnail": "self", "thumbnail_height": null, "thumbnail_width": null, "title": "My bigpp theory\u2026", "top_awarded_type": null, "total_awards_received": 2, "treatment_tags": [], "upvote_ratio": 1.0, "url": "https://www.reddit.com/r/ThePPShow/comments/1075zas/my_bigpp_theory/", "view_count": null, "whitelist_status": null, "wls": null}], "metadata": {"op_a": 55, "op_b": 50, "total": 106}, "error": null}