{"data": [{"all_awardings": [], "allow_live_comments": false, "archived": false, "author": "ppseeds", "author_created_utc": 1518222553, "author_flair_background_color": null, "author_flair_css_class": null, "author_flair_richtext": [], "author_flair_template_id": null, "author_flair_text": null, "author_flair_text_color": null, "author_flair_type": "text", "author_fullname": "t2_w7v9rg0", "author_patreon_flair": false, "author_premium": true, "awarders": [], "banned_by": null, "can_gild": true, "can_mod_post": false, "category": null, "content_categories": null, "contest_mode": false, "created_utc": 1673391163, "crosspost_parent": "t3_108kbh3", "crosspost_parent_list": [{"all_awardings": [{"award_sub_type": "PREMIUM", "award_type": "global", "awardings_required_to_grant_benefits": null, "coin_price": 30, "coin_reward": 0, "count": 1, "days_of_drip_extension": null, "days_of_premium": null, "description": "A glowing commendation for all to see", "end_date": null, "giver_coin_reward": null, "icon_format": "APNG", "icon_height": 2048, "icon_url": "https://www.redditstatic.com/gold/awards/icon/Illuminati_512.png", "icon_width": 2048, "id": "award_b4ff447e-05a5-42dc-9002-63568807cfe6", "is_enabled": true, "is_new": false, "name": "All-Seeing Upvote", "penny_donate": null, "penny_price": null, "resized_icons": [{"height": 16, "url": "https://www.redditstatic.com/gold/awards/icon/Illuminati_16.png", "width": 16}, {"height": 32, "url": "https://www.redditstatic.com/gold/awards/icon/Illuminati_32.png", "width": 32}, {"height": 48, "url": "https://www.redditstatic.com/gold/awards/icon/Illuminati_48.png", "width": 48}, {"height": 64, "url": "https://www.redditstatic.com/gold/awards/icon/Illuminati_64.png", "width": 64}, {"height": 128, "url": "https://www.redditstatic.com/gold/awards/icon/Illuminati_128.png", "width": 128}], "resized_static_icons": [{"height": 16, "url": "https://preview.redd.it/award_images/t5_q0gj4/am40b8b08l581_All-SeeingUpvote2.png?width=16&amp;height=16&amp;auto=webp&amp;v=enabled&amp;s=25880d00e4283ff6a3851b64c83fea465c3fac48", "width": 16}, {"height": 32, "url": "https://preview.redd.it/award_images/t5_q0gj4/am40b8b08l581_All-SeeingUpvote2.png?width=32&amp;height=32&amp;auto=webp&amp;v=enabled&amp;s=67fae0c2af26488b9d70cb7afe877086707cf1d1", "width": 32}, {"height": 48, "url": "https://preview.redd.it/award_images/t5_q0gj4/am40b8b08l581_All-SeeingUpvote2.png?width=48&amp;height=48&amp;auto=webp&amp;v=enabled&amp;s=3033c6583809a27b998883b7c56c158102cb0420", "width": 48}, {"height": 64, "url": "https://preview.redd.it/award_images/t5_q0gj4/am40b8b08l581_All-SeeingUpvote2.png?width=64&amp;height=64&amp;auto=webp&amp;v=enabled&amp;s=cccb48d7518eaba72894a7ac4214bb70c7120793", "width": 64}, {"height": 128, "url": "https://preview.redd.it/award_images/t5_q0gj4/am40b8b08l581_All-SeeingUpvote2.png?width=128&amp;height=128&amp;auto=webp&amp;v=enabled&amp;s=4101e0eff424bbd818195853387db358bec74ed0", "width": 128}], "start_date": null, "static_icon_height": 2048, "static_icon_url": "https://i.redd.it/award_images/t5_q0gj4/am40b8b08l581_All-SeeingUpvote2.png", "static_icon_width": 2048, "sticky_duration_seconds": null, "subreddit_coin_reward": 0, "subreddit_id": null, "tiers_by_required_awardings": null}, {"award_sub_type": "PREMIUM", "award_type": "global", "awardings_required_to_grant_benefits": null, "coin_price": 30, "coin_reward": 0, "count": 1, "days_of_drip_extension": null, "days_of_premium": null, "description": "A golden splash of respect", "end_date": null, "giver_coin_reward": null, "icon_format": null, "icon_height": 2048, "icon_url": "https://i.redd.it/award_images/t5_22cerq/80j20o397jj41_NarwhalSalute.png", "icon_width": 2048, "id": "award_a2506925-fc82-4d6c-ae3b-b7217e09d7f0", "is_enabled": true, "is_new": false, "name": "Narwhal Salute", "penny_donate": null, "penny_price": null, "resized_icons": [{"height": 16, "url": "https://preview.redd.it/award_images/t5_22cerq/80j20o397jj41_NarwhalSalute.png?width=16&amp;height=16&amp;auto=webp&amp;v=enabled&amp;s=8a2a2acbd09705a194b77e9d555b630ec0ed9966", "width": 16}, {"height": 32, "url": "https://preview.redd.it/award_images/t5_22cerq/80j20o397jj41_NarwhalSalute.png?width=32&amp;height=32&amp;auto=webp&amp;v=enabled&amp;s=a1b4dc570c54d4835d396ce6f327cc5df2cd067c", "width": 32}, {"height": 48, "url": "https://preview.redd.it/award_images/t5_22cerq/80j20o397jj41_NarwhalSalute.png?width=48&amp;height=48&amp;auto=webp&amp;v=enabled&amp;s=e4979f617effb9d355397aa2c3f8032870f96fd3", "width": 48}, {"height": 64, "url": "https://preview.redd.it/award_images/t5_22cerq/80j20o397jj41_NarwhalSalute.png?width=64&amp;height=64&amp;auto=webp&amp;v=enabled&amp;s=12d699f41173c6ed50555c5689b463020696a5d3", "width": 64}, {"height": 128, "url": "https://preview.redd.it/award_images/t5_22cerq/80j20o397jj41_NarwhalSalute.png?width=128&amp;height=128&amp;auto=webp&amp;v=enabled&amp;s=5716709f7a329eb81103a5acfee4a545ec0be9b0", "width": 128}], "resized_static_icons": [{"height": 16, "url": "https://preview.redd.it/award_images/t5_22cerq/80j20o397jj41_NarwhalSalute.png?width=16&amp;height=16&amp;auto=webp&amp;v=enabled&amp;s=8a2a2acbd09705a194b77e9d555b630ec0ed9966", "width": 16}, {"height": 32, "url": "https://preview.redd.it/award_images/t5_22cerq/80j20o397jj41_NarwhalSalute.png?width=32&amp;height=32&amp;auto=webp&amp;v=enabled&amp;s=a1b4dc570c54d4835d396ce6f327cc5df2cd067c", "width": 32}, {"height": 48, "url": "https://preview.redd.it/award_images/t5_22cerq/80j20o397jj41_NarwhalSalute.png?width=48&amp;height=48&amp;auto=webp&amp;v=enabled&amp;s=e4979f617effb9d355397aa2c3f8032870f96fd3", "width": 48}, {"height": 64, "url": "https://preview.redd.it/award_images/t5_22cerq/80j20o397jj41_NarwhalSalute.png?width=64&amp;height=64&amp;auto=webp&amp;v=enabled&amp;s=12d699f41173c6ed50555c5689b463020696a5d3", "width": 64}, {"height": 128, "url": "https://preview.redd.it/award_images/t5_22cerq/80j20o397jj41_NarwhalSalute.png?width=128&amp;height=128&amp;auto=webp&amp;v=enabled&amp;s=5716709f7a329eb81103a5acfee4a545ec0be9b0", "width": 128}], "start_date": null, "static_icon_height": 2048, "static_icon_url": "https://i.redd.it/award_images/t5_22cerq/80j20o397jj41_NarwhalSalute.png", "static_icon_width": 2048, "sticky_duration_seconds": null, "subreddit_coin_reward": 0, "subreddit_id": null, "tiers_by_required_awardings": null}, {"award_sub_type": "PREMIUM", "award_type": "global", "awardings_required_to_grant_benefits": null, "coin_price": 30, "coin_reward": 0, "count": 1, "days_of_drip_extension": null, "days_of_premium": null, "description": "A glittering stamp for a feel-good thing", "end_date": null, "giver_coin_reward": null, "icon_format": null, "icon_height": 2048, "icon_url": "https://i.redd.it/award_images/t5_22cerq/b9ks3a5k7jj41_WholesomeSealofApproval.png", "icon_width": 2048, "id": "award_c4b2e438-16bb-4568-88e7-7893b7662944", "is_enabled": true, "is_new": false, "name": "Wholesome Seal of Approval", "penny_donate": null, "penny_price": null, "resized_icons": [{"height": 16, "url": "https://preview.redd.it/award_images/t5_22cerq/b9ks3a5k7jj41_WholesomeSealofApproval.png?width=16&amp;height=16&amp;auto=webp&amp;v=enabled&amp;s=703f779c36fa6c24a87048219c8ad79c38f588dc", "width": 16}, {"height": 32, "url": "https://preview.redd.it/award_images/t5_22cerq/b9ks3a5k7jj41_WholesomeSealofApproval.png?width=32&amp;height=32&amp;auto=webp&amp;v=enabled&amp;s=f1353fd49988371ae4b98114d2f30ad3abd2435e", "width": 32}, {"height": 48, "url": "https://preview.redd.it/award_images/t5_22cerq/b9ks3a5k7jj41_WholesomeSealofApproval.png?width=48&amp;height=48&amp;auto=webp&amp;v=enabled&amp;s=a6325378b5acbd6940233feeeab0d6cc936467c9", "width": 48}, {"height": 64, "url": "https://preview.redd.it/award_images/t5_22cerq/b9ks3a5k7jj41_WholesomeSealofApproval.png?width=64&amp;height=64&amp;auto=webp&amp;v=enabled&amp;s=aa1d8321e60dc611ebc686f814b0ad996d1056c5", "width": 64}, {"height": 128, "url": "https://preview.redd.it/award_images/t5_22cerq/b9ks3a5k7jj41_WholesomeSealofApproval.png?width=128&amp;height=128&amp;auto=webp&amp;v=enabled&amp;s=4c5a9a5cf1591f7074c67a67339e34fbf34a3107", "width": 128}], "resized_static_icons": [{"height": 16, "url": "https://preview.redd.it/award_images/t5_22cerq/b9ks3a5k7jj41_WholesomeSealofApproval.png?width=16&amp;height=16&amp;auto=webp&amp;v=enabled&amp;s=703f779c36fa6c24a87048219c8ad79c38f588dc", "width": 16}, {"height": 32, "url": "https://preview.redd.it/award_images/t5_22cerq/b9ks3a5k7jj41_WholesomeSealofApproval.png?width=32&amp;height=32&amp;auto=webp&amp;v=enabled&amp;s=f1353fd49988371ae4b98114d2f30ad3abd2435e", "width": 32}, {"height": 48, "url": "https://preview.redd.it/award_images/t5_22cerq/b9ks3a5k7jj41_WholesomeSealofApproval.png?width=48&amp;height=48&amp;auto=webp&amp;v=enabled&amp;s=a6325378b5acbd6940233feeeab0d6cc936467c9", "width": 48}, {"height": 64, "url": "https://preview.redd.it/award_images/t5_22cerq/b9ks3a5k7jj41_WholesomeSealofApproval.png?width=64&amp;height=64&amp;auto=webp&amp;v=enabled&amp;s=aa1d8321e60dc611ebc686f814b0ad996d1056c5", "width": 64}, {"height": 128, "url": "https://preview.redd.it/award_images/t5_22cerq/b9ks3a5k7jj41_WholesomeSealofApproval.png?width=128&amp;height=128&amp;auto=webp&amp;v=enabled&amp;s=4c5a9a5cf1591f7074c67a67339e34fbf34a3107", "width": 128}], "start_date": null, "static_icon_height": 2048, "static_icon_url": "https://i.redd.it/award_images/t5_22cerq/b9ks3a5k7jj41_WholesomeSealofApproval.png", "static_icon_width": 2048, "sticky_duration_seconds": null, "subreddit_coin_reward": 0, "subreddit_id": null, "tiers_by_required_awardings": null}], "allow_live_comments": true, "approved_at_utc": null, "approved_by": null, "archived": false, "author": "chunkylunks", "author_flair_background_color": null, "author_flair_css_class": null, "author_flair_richtext": [], "author_flair_template_id": null, "author_flair_text": null, "author_flair_text_color": null, "author_flair_type": "text", "author_fullname": "t2_f1xsnjmi", "author_is_blocked": false, "author_patreon_flair": false, "author_premium": false, "awarders": [], "banned_at_utc": null, "banned_by": null, "can_gild": true, "can_mod_post": false, "category": null, "clicked": false, "content_categories": null, "contest_mode": false, "created": 1673383205.0, "created_utc": 1673383205.0, "discussion_type": null, "distinguished": null, "domain": "i.redd.it", "downs": 0, "edited": false, "gilded": 0, "gildings": {}, "hidden": false, "hide_score": false, "id": "108kbh3", "is_created_from_ads_ui": false, "is_crosspostable": true, "is_meta": false, "is_original_content": false, "is_reddit_media_domain": true, "is_robot_indexable": true, "is_self": false, "is_video": false, "likes": null, "link_flair_background_color": "#0079d3", "link_flair_css_class": "", "link_flair_richtext": [], "link_flair_template_id": "dd2ad61e-dbd9-11ec-9cf3-82b148ae1239", "link_flair_text": "\u2601 Hype/ Fluff", "link_flair_text_color": "light", "link_flair_type": "text", "locked": false, "media": null, "media_embed": {}, "media_only": false, "mod_note": null, "mod_reason_by": null, "mod_reason_title": null, "mod_reports": [], "name": "t3_108kbh3", "no_follow": false, "num_comments": 34, "num_crossposts": 1, "num_reports": null, "over_18": false, "parent_whitelist_status": null, "permalink": "/r/BBBY/comments/108kbh3/bbby_first_100m_volume_day_since_august/", "pinned": false, "post_hint": "image", "preview": {"enabled": true, "images": [{"id": "D9VTjjqZjRELWBStkY_D2yC_i9rc5ukVDl8BGr-wTF0", "resolutions": [{"height": 50, "url": "https://preview.redd.it/7oyotryejbba1.jpg?width=108&amp;crop=smart&amp;auto=webp&amp;v=enabled&amp;s=157f91f13818c2354ff6d2fe7a17f5b3bcec28a3", "width": 108}, {"height": 101, "url": "https://preview.redd.it/7oyotryejbba1.jpg?width=216&amp;crop=smart&amp;auto=webp&amp;v=enabled&amp;s=3f9990bf5c8cd96c357d7f0faf56af8f1e07c2e8", "width": 216}, {"height": 150, "url": "https://preview.redd.it/7oyotryejbba1.jpg?width=320&amp;crop=smart&amp;auto=webp&amp;v=enabled&amp;s=eb4214e638f912a2221b63a9d364d7068ca55a5d", "width": 320}, {"height": 300, "url": "https://preview.redd.it/7oyotryejbba1.jpg?width=640&amp;crop=smart&amp;auto=webp&amp;v=enabled&amp;s=24bcd8b7439d21824bdf152842edb8f5ebce5b22", "width": 640}], "source": {"height": 389, "url": "https://preview.redd.it/7oyotryejbba1.jpg?auto=webp&amp;v=enabled&amp;s=2869854aaf27f8d8f123a6ffd56bdd166511f8b1", "width": 828}, "variants": {}}]}, "pwls": null, "quarantine": false, "removal_reason": null, "removed_by": null, "removed_by_category": null, "report_reasons": null, "saved": false, "score": 839, "secure_media": null, "secure_media_embed": {}, "selftext": "", "selftext_html": null, "send_replies": true, "spoiler": false, "stickied": false, "subreddit": "BBBY", "subreddit_id": "t5_3q5hel", "subreddit_name_prefixed": "r/BBBY", "subreddit_subscribers": 52099, "subreddit_type": "public", "suggested_sort": null, "thumbnail": "https://a.thumbs.redditmedia.com/979DUuOuWkyHPHX6ZFFUQpvuPi4ZJA5FX-2upia-Dd8.jpg", "thumbnail_height": 65, "thumbnail_width": 140, "title": "$BBBY First 100M Volume Day Since August\ud83d\udd25", "top_awarded_type": null, "total_awards_received": 3, "treatment_tags": [], "ups": 839, "upvote_ratio": 0.99, "url": "https://i.redd.it/7oyotryejbba1.jpg", "url_overridden_by_dest": "https://i.redd.it/7oyotryejbba1.jpg", "user_reports": [], "view_count": null, "visited": false, "whitelist_status": null, "wls": null}], "discussion_type": null, "distinguished": null, "domain": "i.redd.it", "edited": false, "gilded": 0, "gildings": {}, "hidden": false, "hide_score": false, "id": "108nrqp", "is_created_from_ads_ui": false, "is_crosspostable": true, "is_meta": false, "is_original_content": false, "is_reddit_media_domain": true, "is_robot_indexable": true, "is_self": false, "is_video": false, "link_flair_background_color": "", "link_flair_css_class": null, "link_flair_richtext": [], "link_flair_text": null, "link_flair_text_color": "dark", "link_flair_type": "text", "locked": false, "media": null, "media_embed": {}, "media_only": false, "name": "t3_108nrqp", "no_follow": false, "num_comments": 11, "num_crossposts": 0, "over_18": false, "parent_whitelist_status": null, "permalink": "/r/ThePPShow/comments/108nrqp/bbby_goddamn_im_ready_to_be_jacked_bbby_100/", "pinned": false, "post_hint": "image", "preview": {"enabled": true, "images": [{"id": "D9VTjjqZjRELWBStkY_D2yC_i9rc5ukVDl8BGr-wTF0", "resolutions": [{"height": 50, "url": "https://preview.redd.it/7oyotryejbba1.jpg?width=108&amp;crop=smart&amp;auto=webp&amp;v=enabled&amp;s=157f91f13818c2354ff6d2fe7a17f5b3bcec28a3", "width": 108}, {"height": 101, "url": "https://preview.redd.it/7oyotryejbba1.jpg?width=216&amp;crop=smart&amp;auto=webp&amp;v=enabled&amp;s=3f9990bf5c8cd96c357d7f0faf56af8f1e07c2e8", "width": 216}, {"height": 150, "url": "https://preview.redd.it/7oyotryejbba1.jpg?width=320&amp;crop=smart&amp;auto=webp&amp;v=enabled&amp;s=eb4214e638f912a2221b63a9d364d7068ca55a5d", "width": 320}, {"height": 300, "url": "https://preview.redd.it/7oyotryejbba1.jpg?width=640&amp;crop=smart&amp;auto=webp&amp;v=enabled&amp;s=24bcd8b7439d21824bdf152842edb8f5ebce5b22", "width": 640}], "source": {"height": 389, "url": "https://preview.redd.it/7oyotryejbba1.jpg?auto=webp&amp;v=enabled&amp;s=2869854aaf27f8d8f123a6ffd56bdd166511f8b1", "width": 828}, "variants": {}}]}, "pwls": null, "quarantine": false, "removed_by": null, "removed_by_category": null, "retrieved_on": 1676242813, "score": 21, "secure_media": null, "secure_media_embed": {}, "selftext": "", "send_replies": false, "spoiler": false, "stickied": false, "subreddit": "ThePPShow", "subreddit_id": "t5_7q5o7y", "subreddit_name_prefixed": "r/ThePPShow", "subreddit_subscribers": 329, "subreddit_type": "public", "suggested_sort": null, "thumbnail": "https://a.thumbs.redditmedia.com/979DUuOuWkyHPHX6ZFFUQpvuPi4ZJA5FX-2upia-Dd8.jpg", "thumbnail_height": 65, "thumbnail_width": 140, "title": "$BBBY goddamn I\u2019m ready to be JACKED BBBY!!!! 100 million volumes!!!!", "top_awarded_type": null, "total_awards_received": 0, "treatment_tags": [], "upvote_ratio": 0.93, "url": "https://i.redd.it/7oyotryejbba1.jpg", "url_overridden_by_dest": "https://i.redd.it/7oyotryejbba1.jpg", "view_count": null, "whitelist_status": null, "wls": null}, {"all_awardings": [], "allow_live_comments": false, "archived": false, "author": "TheWolfOfLosses", "author_created_utc": 1607135677, "author_flair_background_color": null, "author_flair_css_class": null, "author_flair_richtext": [], "author_flair_template_id": null, "author_flair_text": null, "author_flair_text_color": null, "author_flair_type": "text", "author_fullname": "t2_96863xru", "author_patreon_flair": false, "author_premium": true, "awarders": [], "banned_by": null, "can_gild": true, "can_mod_post": false, "category": null, "content_categories": null, "contest_mode": false, "created_utc": 1673386358, "discussion_type": null, "distinguished": null, "domain": "reddit.com", "edited": false, "gallery_data": {"items": [{"id": 228419743, "media_id": "1jat4un9baba1"}, {"id": 228419744, "media_id": "1t297un9baba1"}, {"id": 228419745, "media_id": "myi71vn9baba1"}]}, "gilded": 0, "gildings": {}, "hidden": false, "hide_score": false, "id": "108lnyp", "is_created_from_ads_ui": false, "is_crosspostable": true, "is_gallery": true, "is_meta": false, "is_original_content": false, "is_reddit_media_domain": false, "is_robot_indexable": true, "is_self": false, "is_video": false, "link_flair_background_color": "", "link_flair_css_class": null, "link_flair_richtext": [], "link_flair_text": null, "link_flair_text_color": "dark", "link_flair_type": "text", "locked": false, "media": null, "media_embed": {}, "media_metadata": {"1jat4un9baba1": {"e": "Image", "id": "1jat4un9baba1", "m": "image/jpg", "p": [{"u": "https://preview.redd.it/1jat4un9baba1.jpg?width=108&amp;crop=smart&amp;auto=webp&amp;v=enabled&amp;s=1e954f5d3c21924e914f73e375f8961ed4d0ea3a", "x": 108, "y": 94}, {"u": "https://preview.redd.it/1jat4un9baba1.jpg?width=216&amp;crop=smart&amp;auto=webp&amp;v=enabled&amp;s=8c5ecd80268099129ba8b16357c57b0bbb1c4116", "x": 216, "y": 189}, {"u": "https://preview.redd.it/1jat4un9baba1.jpg?width=320&amp;crop=smart&amp;auto=webp&amp;v=enabled&amp;s=193583f4cbbc601b58ae334ab19b2dbc7619add4", "x": 320, "y": 281}, {"u": "https://preview.redd.it/1jat4un9baba1.jpg?width=640&amp;crop=smart&amp;auto=webp&amp;v=enabled&amp;s=4cf03a491baedbbbdbb60d69f2b69ba121659253", "x": 640, "y": 562}], "s": {"u": "https://preview.redd.it/1jat4un9baba1.jpg?width=828&amp;format=pjpg&amp;auto=webp&amp;v=enabled&amp;s=c5e6cf22e3965acc68e3292d1c0359846d528230", "x": 828, "y": 728}, "status": "valid"}, "1t297un9baba1": {"e": "Image", "id": "1t297un9baba1", "m": "image/jpg", "p": [{"u": "https://preview.redd.it/1t297un9baba1.jpg?width=108&amp;crop=smart&amp;auto=webp&amp;v=enabled&amp;s=daa8dfb9e01d9f584a3206fe44a5ab7f67495761", "x": 108, "y": 114}, {"u": "https://preview.redd.it/1t297un9baba1.jpg?width=216&amp;crop=smart&amp;auto=webp&amp;v=enabled&amp;s=c5a0be175da8fe201d517dfcc2273ba2ac50f9aa", "x": 216, "y": 229}, {"u": "https://preview.redd.it/1t297un9baba1.jpg?width=320&amp;crop=smart&amp;auto=webp&amp;v=enabled&amp;s=3ff405c424f98a375d15df6c41a9698adb7e8d65", "x": 320, "y": 339}, {"u": "https://preview.redd.it/1t297un9baba1.jpg?width=640&amp;crop=smart&amp;auto=webp&amp;v=enabled&amp;s=3af7c9c421c684ae9a37eb1ed228185cb4dd3b76", "x": 640, "y": 678}], "s": {"u": "https://preview.redd.it/1t297un9baba1.jpg?width=828&amp;format=pjpg&amp;auto=webp&amp;v=enabled&amp;s=8cf9e71b4e6c65b470c79fe578636ab990b083aa", "x": 828, "y": 878}, "status": "valid"}, "myi71vn9baba1": {"e": "Image", "id": "myi71vn9baba1", "m": "image/jpg", "p": [{"u": "https://preview.redd.it/myi71vn9baba1.jpg?width=108&amp;crop=smart&amp;auto=webp&amp;v=enabled&amp;s=801afd4ae1465ff629527c22a8cbbbf5472264f6", "x": 108, "y": 99}, {"u": "https://preview.redd.it/myi71vn9baba1.jpg?width=216&amp;crop=smart&amp;auto=webp&amp;v=enabled&amp;s=68ac19ca1e64a3d64c4adb49ff3afbe249f2579d", "x": 216, "y": 198}, {"u": "https://preview.redd.it/myi71vn9baba1.jpg?width=320&amp;crop=smart&amp;auto=webp&amp;v=enabled&amp;s=160b999da82f697adc9c3a0411ee04ec22f06a43", "x": 320, "y": 293}, {"u": "https://preview.redd.it/myi71vn9baba1.jpg?width=640&amp;crop=smart&amp;auto=webp&amp;v=enabled&amp;s=92c8194127e923ad0fd976c09d9c07183b1618ba", "x": 640, "y": 587}, {"u": "https://preview.redd.it/myi71vn9baba1.jpg?width=960&amp;crop=smart&amp;auto=webp&amp;v=enabled&amp;s=264fcfffee727db1cbb208018c1a9eb6bbe8c3b0", "x": 960, "y": 881}, {"u": "https://preview.redd.it/myi71vn9baba1.jpg?width=1080&amp;crop=smart&amp;auto=webp&amp;v=enabled&amp;s=24050adc0d8f9c6b56331ed6e4c3896317b7a3fb", "x": 1080, "y": 992}], "s": {"u": "https://preview.redd.it/myi71vn9baba1.jpg?width=1242&amp;format=pjpg&amp;auto=webp&amp;v=enabled&amp;s=55bca47fe5012e8b18cb1414f22a4d8de2c8d84c", "x": 1242, "y": 1141}, "status": "valid"}}, "media_only": false, "name": "t3_108lnyp", "no_follow": false, "num_comments": 8, "num_crossposts": 0, "over_18": false, "parent_whitelist_status": null, "permalink": "/r/ThePPShow/comments/108lnyp/called_prty_on_sunday_as_part_of_my_mega_post_any/", "pinned": false, "pwls": null, "quarantine": false, "removed_by": null, "removed_by_category": null, "retrieved_on": 1676242874, "score": 6, "secure_media": null, "secure_media_embed": {}, "selftext": "", "send_replies": true, "spoiler": false, "stickied": false, "subreddit": "ThePPShow", "subreddit_id": "t5_7q5o7y", "subreddit_name_prefixed": "r/ThePPShow", "subreddit_subscribers": 329, "subreddit_type": "public", "suggested_sort": null, "thumbnail": "https://b.thumbs.redditmedia.com/ms0UeXDMdiuEKk4b7-708WQ9b43UYWWhP8M2S_GlLSY.jpg", "thumbnail_height": 123, "thumbnail_width": 140, "title": "Called PRTY on Sunday as part of my mega post, any of you regards buy any?", "top_awarded_type": null, "total_awards_received": 0, "treatment_tags": [], "upvote_ratio": 0.75, "url": "https://www.reddit.com/gallery/108lnyp", "url_overridden_by_dest": "https://www.reddit.com/gallery/108lnyp", "view_count": null, "whitelist_status": null, "wls": null}, {"all_awardings": [], "allow_live_comments": false, "archived": false, "author": "[deleted]", "author_created_utc": null, "author_flair_background_color": "", "author_flair_css_class": null, "author_flair_template_id": null, "author_flair_text": null, "author_flair_text_color": "dark", "awarders": [], "banned_by": null, "can_gild": false, "can_mod_post": false, "category": null, "content_categories": null, "contest_mode": false, "created_utc": 1673386287, "discussion_type": null, "distinguished": null, "domain": "", "edited": false, "gallery_data": null, "gilded": 0, "gildings": {}, "hidden": false, "hide_score": false, "id": "108lmu8", "is_created_from_ads_ui": false, "is_crosspostable": false, "is_gallery": true, "is_meta": false, "is_original_content": false, "is_reddit_media_domain": false, "is_robot_indexable": false, "is_self": false, "is_video": false, "link_flair_background_color": "", "link_flair_css_class": null, "link_flair_richtext": [], "link_flair_text": null, "link_flair_text_color": "dark", "link_flair_type": "text", "locked": false, "media": null, "media_embed": {}, "media_metadata": null, "media_only": false, "name": "t3_108lmu8", "no_follow": true, "num_comments": 0, "num_crossposts": 0, "over_18": false, "parent_whitelist_status": null, "permalink": "/r/ThePPShow/comments/108lmu8/i_called_prty_on_sunday_and_never_got_any_big_l/", "pinned": false, "pwls": null, "quarantine": false, "removed_by": null, "removed_by_category": "deleted", "retrieved_on": 1676242875, "score": 1, "secure_media": null, "secure_media_embed": {}, "selftext": "[deleted]", "send_replies": true, "spoiler": false, "stickied": false, "subreddit": "ThePPShow", "subreddit_id": "t5_7q5o7y", "subreddit_name_prefixed": "r/ThePPShow", "subreddit_subscribers": 329, "subreddit_type": "public", "suggested_sort": null, "thumbnail": "default", "thumbnail_height": 93, "thumbnail_width": 140, "title": "I called PRTY on Sunday, and never got any \ud83d\ude02 Big L.", "top_awarded_type": null, "total_awards_received": 0, "treatment_tags": [], "upvote_ratio": 1.0, "url": "", "url_overridden_by_dest": "", "view_count": null, "whitelist_status": null, "wls": null}, {"all_awardings": [], "allow_live_comments": false, "archived": false, "author": "ppseeds", "author_created_utc": 1518222553, "author_flair_background_color": null, "author_flair_css_class": null, "author_flair_richtext": [], "author_flair_template_id": null, "author_flair_text": null, "author_flair_text_color": null, "author_flair_type": "text", "author_fullname": "t2_w7v9rg0", "author_patreon_flair": false, "author_premium": true, "awarders": [], "banned_by": null, "can_gild": true, "can_mod_post": false, "category": null, "content_categories": null, "contest_mode": false, "created_utc": 1673368264, "crosspost_parent": "t3_1088t7m", "crosspost_parent_list": [{"all_awardings": [], "allow_live_comments": true, "approved_at_utc": null, "approved_by": null, "archived": false, "author": "soldieroscar", "author_flair_background_color": null, "author_flair_css_class": null, "author_flair_richtext": [], "author_flair_template_id": null, "author_flair_text": null, "author_flair_text_color": null, "author_flair_type": "text", "author_fullname": "t2_2zg3i4lt", "author_is_blocked": false, "author_patreon_flair": false, "author_premium": false, "awarders": [], "banned_at_utc": null, "banned_by": null, "can_gild": true, "can_mod_post": false, "category": null, "clicked": false, "content_categories": null, "contest_mode": false, "created": 1673354242.0, "created_utc": 1673354242.0, "discussion_type": null, "distinguished": null, "domain": "i.redd.it", "downs": 0, "edited": false, "gilded": 0, "gildings": {}, "hidden": false, "hide_score": false, "id": "1088t7m", "is_created_from_ads_ui": false, "is_crosspostable": true, "is_meta": false, "is_original_content": false, "is_reddit_media_domain": true, "is_robot_indexable": true, "is_self": false, "is_video": false, "likes": null, "link_flair_background_color": "#1a1a1b", "link_flair_css_class": "", "link_flair_richtext": [], "link_flair_template_id": "aa1c126e-78d0-11eb-8057-0ec751e4a429", "link_flair_text": "\ud83d\udde3 Discussion / Question", "link_flair_text_color": "light", "link_flair_type": "text", "locked": false, "media": null, "media_embed": {}, "media_only": false, "mod_note": null, "mod_reason_by": null, "mod_reason_title": null, "mod_reports": [], "name": "t3_1088t7m", "no_follow": false, "num_comments": 24, "num_crossposts": 1, "num_reports": null, "over_18": false, "parent_whitelist_status": "no_ads", "permalink": "/r/BBBY/comments/1088t7m/thats_a_big_jump_in_rewards_members_in_a_small/", "pinned": false, "post_hint": "image", "preview": {"enabled": true, "images": [{"id": "gcngRG4008zeOEeQBGPudGk5WihJq8ISmfwKFoEXR9k", "resolutions": [{"height": 64, "url": "https://preview.redd.it/8a1i47ia59ba1.jpg?width=108&amp;crop=smart&amp;auto=webp&amp;v=enabled&amp;s=5540671bdf205d682b43711df8cd4f03ada0f5fc", "width": 108}, {"height": 129, "url": "https://preview.redd.it/8a1i47ia59ba1.jpg?width=216&amp;crop=smart&amp;auto=webp&amp;v=enabled&amp;s=6c1db8a7509a1f022d5d1d10f9d8d16d58154f65", "width": 216}, {"height": 191, "url": "https://preview.redd.it/8a1i47ia59ba1.jpg?width=320&amp;crop=smart&amp;auto=webp&amp;v=enabled&amp;s=67fe1ad76aa77f5d5fcc3c18909ce16c81d01431", "width": 320}, {"height": 382, "url": "https://preview.redd.it/8a1i47ia59ba1.jpg?width=640&amp;crop=smart&amp;auto=webp&amp;v=enabled&amp;s=55159158ddc16ead8ec037129f1e53131c31ca03", "width": 640}, {"height": 574, "url": "https://preview.redd.it/8a1i47ia59ba1.jpg?width=960&amp;crop=smart&amp;auto=webp&amp;v=enabled&amp;s=a1850e4913b57bbe643822b54bbbf5434e2480e4", "width": 960}, {"height": 645, "url": "https://preview.redd.it/8a1i47ia59ba1.jpg?width=1080&amp;crop=smart&amp;auto=webp&amp;v=enabled&amp;s=488bcab1d8b8b0d6023182fd69d0d951255ce022", "width": 1080}], "source": {"height": 768, "url": "https://preview.redd.it/8a1i47ia59ba1.jpg?auto=webp&amp;v=enabled&amp;s=e060e4653884ed5b112f673f243540b440074786", "width": 1284}, "variants": {}}]}, "pwls": 0, "quarantine": false, "removal_reason": null, "removed_by": null, "removed_by_category": null, "report_reasons": null, "saved": false, "score": 455, "secure_media": null, "secure_media_embed": {}, "selftext": "", "selftext_html": null, "send_replies": true, "spoiler": false, "stickied": false, "subreddit": "BBBY", "subreddit_id": "t5_3q5hel", "subreddit_name_prefixed": "r/BBBY", "subreddit_subscribers": 52099, "subreddit_type": "public", "suggested_sort": null, "thumbnail": "https://b.thumbs.redditmedia.com/MgMJUMerdS3Q53FlDuF3MRmXx8chY33yP60GR7WUvbk.jpg", "thumbnail_height": 83, "thumbnail_width": 140, "title": "Thats a big jump in rewards members in a small amount of time\u2026", "top_awarded_type": null, "total_awards_received": 0, "treatment_tags": [], "ups": 455, "upvote_ratio": 0.97, "url": "https://i.redd.it/8a1i47ia59ba1.jpg", "url_overridden_by_dest": "https://i.redd.it/8a1i47ia59ba1.jpg", "user_reports": [], "view_count": null, "visited": false, "whitelist_status": "no_ads", "wls": 0}], "discussion_type": null, "distinguished": null, "domain": "i.redd.it", "edited": false, "gilded": 0, "gildings": {}, "hidden": false, "hide_score": false, "id": "108e1tr", "is_created_from_ads_ui": false, "is_crosspostable": true, "is_meta": false, "is_original_content": false, "is_reddit_media_domain": true, "is_robot_indexable": true, "is_self": false, "is_video": false, "link_flair_background_color": "", "link_flair_css_class": null, "link_flair_richtext": [], "link_flair_text": null, "link_flair_text_color": "dark", "link_flair_type": "text", "locked": false, "media": null, "media_embed": {}, "media_only": false, "name": "t3_108e1tr", "no_follow": false, "num_comments": 1, "num_crossposts": 0, "over_18": false, "parent_whitelist_status": null, "permalink": "/r/ThePPShow/comments/108e1tr/thats_a_big_jump_in_rewards_members_in_a_small/", "pinned": false, "post_hint": "image", "preview": {"enabled": true, "images": [{"id": "gcngRG4008zeOEeQBGPudGk5WihJq8ISmfwKFoEXR9k", "resolutions": [{"height": 64, "url": "https://preview.redd.it/8a1i47ia59ba1.jpg?width=108&amp;crop=smart&amp;auto=webp&amp;v=enabled&amp;s=5540671bdf205d682b43711df8cd4f03ada0f5fc", "width": 108}, {"height": 129, "url": "https://preview.redd.it/8a1i47ia59ba1.jpg?width=216&amp;crop=smart&amp;auto=webp&amp;v=enabled&amp;s=6c1db8a7509a1f022d5d1d10f9d8d16d58154f65", "width": 216}, {"height": 191, "url": "https://preview.redd.it/8a1i47ia59ba1.jpg?width=320&amp;crop=smart&amp;auto=webp&amp;v=enabled&amp;s=67fe1ad76aa77f5d5fcc3c18909ce16c81d01431", "width": 320}, {"height": 382, "url": "https://preview.redd.it/8a1i47ia59ba1.jpg?width=640&amp;crop=smart&amp;auto=webp&amp;v=enabled&amp;s=55159158ddc16ead8ec037129f1e53131c31ca03", "width": 640}, {"height": 574, "url": "https://preview.redd.it/8a1i47ia59ba1.jpg?width=960&amp;crop=smart&amp;auto=webp&amp;v=enabled&amp;s=a1850e4913b57bbe643822b54bbbf5434e2480e4", "width": 960}, {"height": 645, "url": "https://preview.redd.it/8a1i47ia59ba1.jpg?width=1080&amp;crop=smart&amp;auto=webp&amp;v=enabled&amp;s=488bcab1d8b8b0d6023182fd69d0d951255ce022", "width": 1080}], "source": {"height": 768, "url": "https://preview.redd.it/8a1i47ia59ba1.jpg?auto=webp&amp;v=enabled&amp;s=e060e4653884ed5b112f673f243540b440074786", "width": 1284}, "variants": {}}]}, "pwls": null, "quarantine": false, "removed_by": null, "removed_by_category": null, "retrieved_on": 1676243098, "score": 19, "secure_media": null, "secure_media_embed": {}, "selftext": "", "send_replies": false, "spoiler": false, "stickied": false, "subreddit": "ThePPShow", "subreddit_id": "t5_7q5o7y", "subreddit_name_prefixed": "r/ThePPShow", "subreddit_subscribers": 329, "subreddit_type": "public", "suggested_sort": null, "thumbnail": "https://b.thumbs.redditmedia.com/MgMJUMerdS3Q53FlDuF3MRmXx8chY33yP60GR7WUvbk.jpg", "thumbnail_height": 83, "thumbnail_width": 140, "title": "Thats a big jump in rewards members in a small amount of time\u2026", "top_awarded_type": null, "total_awards_received": 0, "treatment_tags": [], "upvote_ratio": 0.99, "url": "https://i.redd.it/8a1i47ia59ba1.jpg", "url_overridden_by_dest": "https://i.redd.it/8a1i47ia59ba1.jpg", "view_count": null, "whitelist_status": null, "wls": null}, {"all_awardings": [], "allow_live_comments": false, "archived": false, "author": "ppseeds", "author_created_utc": 1518222553, "author_flair_background_color": null, "author_flair_css_class": null, "author_flair_richtext": [], "author_flair_template_id": null, "author_flair_text": null, "author_flair_text_color": null, "author_flair_type": "text", "author_fullname": "t2_w7v9rg0", "author_patreon_flair": false, "author_premium": true, "awarders": [], "banned_by": null, "can_gild": true, "can_mod_post": false, "category": null, "content_categories": null, "contest_mode": false, "created_utc": 1673365225, "crosspost_parent": "t3_1089s3m", "crosspost_parent_list": [{"all_awardings": [{"award_sub_type": "PREMIUM", "award_type": "global", "awardings_required_to_grant_benefits": null, "coin_price": 30, "coin_reward": 0, "count": 2, "days_of_drip_extension": null, "days_of_premium": null, "description": "A glowing commendation for all to see", "end_date": null, "giver_coin_reward": null, "icon_format": "APNG", "icon_height": 2048, "icon_url": "https://www.redditstatic.com/gold/awards/icon/Illuminati_512.png", "icon_width": 2048, "id": "award_b4ff447e-05a5-42dc-9002-63568807cfe6", "is_enabled": true, "is_new": false, "name": "All-Seeing Upvote", "penny_donate": null, "penny_price": null, "resized_icons": [{"height": 16, "url": "https://www.redditstatic.com/gold/awards/icon/Illuminati_16.png", "width": 16}, {"height": 32, "url": "https://www.redditstatic.com/gold/awards/icon/Illuminati_32.png", "width": 32}, {"height": 48, "url": "https://www.redditstatic.com/gold/awards/icon/Illuminati_48.png", "width": 48}, {"height": 64, "url": "https://www.redditstatic.com/gold/awards/icon/Illuminati_64.png", "width": 64}, {"height": 128, "url": "https://www.redditstatic.com/gold/awards/icon/Illuminati_128.png", "width": 128}], "resized_static_icons": [{"height": 16, "url": "https://preview.redd.it/award_images/t5_q0gj4/am40b8b08l581_All-SeeingUpvote2.png?width=16&amp;height=16&amp;auto=webp&amp;v=enabled&amp;s=25880d00e4283ff6a3851b64c83fea465c3fac48", "width": 16}, {"height": 32, "url": "https://preview.redd.it/award_images/t5_q0gj4/am40b8b08l581_All-SeeingUpvote2.png?width=32&amp;height=32&amp;auto=webp&amp;v=enabled&amp;s=67fae0c2af26488b9d70cb7afe877086707cf1d1", "width": 32}, {"height": 48, "url": "https://preview.redd.it/award_images/t5_q0gj4/am40b8b08l581_All-SeeingUpvote2.png?width=48&amp;height=48&amp;auto=webp&amp;v=enabled&amp;s=3033c6583809a27b998883b7c56c158102cb0420", "width": 48}, {"height": 64, "url": "https://preview.redd.it/award_images/t5_q0gj4/am40b8b08l581_All-SeeingUpvote2.png?width=64&amp;height=64&amp;auto=webp&amp;v=enabled&amp;s=cccb48d7518eaba72894a7ac4214bb70c7120793", "width": 64}, {"height": 128, "url": "https://preview.redd.it/award_images/t5_q0gj4/am40b8b08l581_All-SeeingUpvote2.png?width=128&amp;height=128&amp;auto=webp&amp;v=enabled&amp;s=4101e0eff424bbd818195853387db358bec74ed0", "width": 128}], "start_date": null, "static_icon_height": 2048, "static_icon_url": "https://i.redd.it/award_images/t5_q0gj4/am40b8b08l581_All-SeeingUpvote2.png", "static_icon_width": 2048, "sticky_duration_seconds": null, "subreddit_coin_reward": 0, "subreddit_id": null, "tiers_by_required_awardings": null}, {"award_sub_type": "PREMIUM", "award_type": "global", "awardings_required_to_grant_benefits": null, "coin_price": 30, "coin_reward": 0, "count": 1, "days_of_drip_extension": null, "days_of_premium": null, "description": "A golden splash of respect", "end_date": null, "giver_coin_reward": null, "icon_format": null, "icon_height": 2048, "icon_url": "https://i.redd.it/award_images/t5_22cerq/80j20o397jj41_NarwhalSalute.png", "icon_width": 2048, "id": "award_a2506925-fc82-4d6c-ae3b-b7217e09d7f0", "is_enabled": true, "is_new": false, "name": "Narwhal Salute", "penny_donate": null, "penny_price": null, "resized_icons": [{"height": 16, "url": "https://preview.redd.it/award_images/t5_22cerq/80j20o397jj41_NarwhalSalute.png?width=16&amp;height=16&amp;auto=webp&amp;v=enabled&amp;s=8a2a2acbd09705a194b77e9d555b630ec0ed9966", "width": 16}, {"height": 32, "url": "https://preview.redd.it/award_images/t5_22cerq/80j20o397jj41_NarwhalSalute.png?width=32&amp;height=32&amp;auto=webp&amp;v=enabled&amp;s=a1b4dc570c54d4835d396ce6f327cc5df2cd067c", "width": 32}, {"height": 48, "url": "https://preview.redd.it/award_images/t5_22cerq/80j20o397jj41_NarwhalSalute.png?width=48&amp;height=48&amp;auto=webp&amp;v=enabled&amp;s=e4979f617effb9d355397aa2c3f8032870f96fd3", "width": 48}, {"height": 64, "url": "https://preview.redd.it/award_images/t5_22cerq/80j20o397jj41_NarwhalSalute.png?width=64&amp;height=64&amp;auto=webp&amp;v=enabled&amp;s=12d699f41173c6ed50555c5689b463020696a5d3", "width": 64}, {"height": 128, "url": "https://preview.redd.it/award_images/t5_22cerq/80j20o397jj41_NarwhalSalute.png?width=128&amp;height=128&amp;auto=webp&amp;v=enabled&amp;s=5716709f7a329eb81103a5acfee4a545ec0be9b0", "width": 128}], "resized_static_icons": [{"height": 16, "url": "https://preview.redd.it/award_images/t5_22cerq/80j20o397jj41_NarwhalSalute.png?width=16&amp;height=16&amp;auto=webp&amp;v=enabled&amp;s=8a2a2acbd09705a194b77e9d555b630ec0ed9966", "width": 16}, {"height": 32, "url": "https://preview.redd.it/award_images/t5_22cerq/80j20o397jj41_NarwhalSalute.png?width=32&amp;height=32&amp;auto=webp&amp;v=enabled&amp;s=a1b4dc570c54d4835d396ce6f327cc5df2cd067c", "width": 32}, {"height": 48, "url": "https://preview.redd.it/award_images/t5_22cerq/80j20o397jj41_NarwhalSalute.png?width=48&amp;height=48&amp;auto=webp&amp;v=enabled&amp;s=e4979f617effb9d355397aa2c3f8032870f96fd3", "width": 48}, {"height": 64, "url": "https://preview.redd.it/award_images/t5_22cerq/80j20o397jj41_NarwhalSalute.png?width=64&amp;height=64&amp;auto=webp&amp;v=enabled&amp;s=12d699f41173c6ed50555c5689b463020696a5d3", "width": 64}, {"height": 128, "url": "https://preview.redd.it/award_images/t5_22cerq/80j20o397jj41_NarwhalSalute.png?width=128&amp;height=128&amp;auto=webp&amp;v=enabled&amp;s=5716709f7a329eb81103a5acfee4a545ec0be9b0", "width": 128}], "start_date": null, "static_icon_height": 2048, "static_icon_url": "https://i.redd.it/award_images/t5_22cerq/80j20o397jj41_NarwhalSalute.png", "static_icon_width": 2048, "sticky_duration_seconds": null, "subreddit_coin_reward": 0, "subreddit_id": null, "tiers_by_required_awardings": null}, {"award_sub_type": "PREMIUM", "award_type": "global", "awardings_required_to_grant_benefits": null, "coin_price": 30, "coin_reward": 0, "count": 1, "days_of_drip_extension": null, "days_of_premium": null, "description": "A glittering stamp for a feel-good thing", "end_date": null, "giver_coin_reward": null, "icon_format": null, "icon_height": 2048, "icon_url": "https://i.redd.it/award_images/t5_22cerq/b9ks3a5k7jj41_WholesomeSealofApproval.png", "icon_width": 2048, "id": "award_c4b2e438-16bb-4568-88e7-7893b7662944", "is_enabled": true, "is_new": false, "name": "Wholesome Seal of Approval", "penny_donate": null, "penny_price": null, "resized_icons": [{"height": 16, "url": "https://preview.redd.it/award_images/t5_22cerq/b9ks3a5k7jj41_WholesomeSealofApproval.png?width=16&amp;height=16&amp;auto=webp&amp;v=enabled&amp;s=703f779c36fa6c24a87048219c8ad79c38f588dc", "width": 16}, {"height": 32, "url": "https://preview.redd.it/award_images/t5_22cerq/b9ks3a5k7jj41_WholesomeSealofApproval.png?width=32&amp;height=32&amp;auto=webp&amp;v=enabled&amp;s=f1353fd49988371ae4b98114d2f30ad3abd2435e", "width": 32}, {"height": 48, "url": "https://preview.redd.it/award_images/t5_22cerq/b9ks3a5k7jj41_WholesomeSealofApproval.png?width=48&amp;height=48&amp;auto=webp&amp;v=enabled&amp;s=a6325378b5acbd6940233feeeab0d6cc936467c9", "width": 48}, {"height": 64, "url": "https://preview.redd.it/award_images/t5_22cerq/b9ks3a5k7jj41_WholesomeSealofApproval.png?width=64&amp;height=64&amp;auto=webp&amp;v=enabled&amp;s=aa1d8321e60dc611ebc686f814b0ad996d1056c5", "width": 64}, {"height": 128, "url": "https://preview.redd.it/award_images/t5_22cerq/b9ks3a5k7jj41_WholesomeSealofApproval.png?width=128&amp;height=128&amp;auto=webp&amp;v=enabled&amp;s=4c5a9a5cf1591f7074c67a67339e34fbf34a3107", "width": 128}], "resized_static_icons": [{"height": 16, "url": "https://preview.redd.it/award_images/t5_22cerq/b9ks3a5k7jj41_WholesomeSealofApproval.png?width=16&amp;height=16&amp;auto=webp&amp;v=enabled&amp;s=703f779c36fa6c24a87048219c8ad79c38f588dc", "width": 16}, {"height": 32, "url": "https://preview.redd.it/award_images/t5_22cerq/b9ks3a5k7jj41_WholesomeSealofApproval.png?width=32&amp;height=32&amp;auto=webp&amp;v=enabled&amp;s=f1353fd49988371ae4b98114d2f30ad3abd2435e", "width": 32}, {"height": 48, "url": "https://preview.redd.it/award_images/t5_22cerq/b9ks3a5k7jj41_WholesomeSealofApproval.png?width=48&amp;height=48&amp;auto=webp&amp;v=enabled&amp;s=a6325378b5acbd6940233feeeab0d6cc936467c9", "width": 48}, {"height": 64, "url": "https://preview.redd.it/award_images/t5_22cerq/b9ks3a5k7jj41_WholesomeSealofApproval.png?width=64&amp;height=64&amp;auto=webp&amp;v=enabled&amp;s=aa1d8321e60dc611ebc686f814b0ad996d1056c5", "width": 64}, {"height": 128, "url": "https://preview.redd.it/award_images/t5_22cerq/b9ks3a5k7jj41_WholesomeSealofApproval.png?width=128&amp;height=128&amp;auto=webp&amp;v=enabled&amp;s=4c5a9a5cf1591f7074c67a67339e34fbf34a3107", "width": 128}], "start_date": null, "static_icon_height": 2048, "static_icon_url": "https://i.redd.it/award_images/t5_22cerq/b9ks3a5k7jj41_WholesomeSealofApproval.png", "static_icon_width": 2048, "sticky_duration_seconds": null, "subreddit_coin_reward": 0, "subreddit_id": null, "tiers_by_required_awardings": null}], "allow_live_comments": true, "approved_at_utc": null, "approved_by": null, "archived": false, "author": "TheWolfOfLosses", "author_flair_background_color": null, "author_flair_css_class": null, "author_flair_richtext": [], "author_flair_template_id": null, "author_flair_text": null, "author_flair_text_color": null, "author_flair_type": "text", "author_fullname": "t2_96863xru", "author_is_blocked": false, "author_patreon_flair": false, "author_premium": true, "awarders": [], "banned_at_utc": null, "banned_by": null, "can_gild": true, "can_mod_post": false, "category": null, "clicked": false, "content_categories": null, "contest_mode": false, "created": 1673357149.0, "created_utc": 1673357149.0, "discussion_type": null, "distinguished": null, "domain": "self.BBBY", "downs": 0, "edited": false, "gilded": 0, "gildings": {}, "hidden": false, "hide_score": false, "id": "1089s3m", "is_created_from_ads_ui": false, "is_crosspostable": true, "is_meta": false, "is_original_content": false, "is_reddit_media_domain": false, "is_robot_indexable": true, "is_self": true, "is_video": false, "likes": null, "link_flair_background_color": "#dadada", "link_flair_css_class": "", "link_flair_richtext": [], "link_flair_template_id": "b1a25fa0-d218-11ec-afac-1a3a1d5d474a", "link_flair_text": "\ud83d\udcf0 Company News / SEC Filings", "link_flair_text_color": "dark", "link_flair_type": "text", "locked": false, "media": null, "media_embed": {}, "media_only": false, "mod_note": null, "mod_reason_by": null, "mod_reason_title": null, "mod_reports": [], "name": "t3_1089s3m", "no_follow": false, "num_comments": 283, "num_crossposts": 1, "num_reports": null, "over_18": false, "parent_whitelist_status": null, "permalink": "/r/BBBY/comments/1089s3m/this_earnings_call_is/", "pinned": false, "pwls": null, "quarantine": false, "removal_reason": null, "removed_by": null, "removed_by_category": null, "report_reasons": null, "saved": false, "score": 1151, "secure_media": null, "secure_media_embed": {}, "selftext": "Sue is making me hard! \nDropping costs from 500m to 130m! \nWE AINT GOIN BANKRUPT!\n\nStrategic this strategic that! \nAlign those goals! \n\nLotsss of mentions of cost reduction. \n\n\u201comni-experience\u201d\n\nThey\u2019re listening to customers \ud83d\ude42\ud83d\ude01\n\nStill exploring multiple paths through internal and external advisors.\n\nLaser focused on maximizing company value by reconnecting with customers and positioning Bed Bath, Buy Buy Baby and Harmon for future success!! \ud83e\udd42\ud83c\udf7b", "selftext_html": "&lt;!-- SC_OFF --&gt;&lt;div class=\"md\"&gt;&lt;p&gt;Sue is making me hard! \nDropping costs from 500m to 130m! \nWE AINT GOIN BANKRUPT!&lt;/p&gt;\n\n&lt;p&gt;Strategic this strategic that! \nAlign those goals! &lt;/p&gt;\n\n&lt;p&gt;Lotsss of mentions of cost reduction. &lt;/p&gt;\n\n&lt;p&gt;\u201comni-experience\u201d&lt;/p&gt;\n\n&lt;p&gt;They\u2019re listening to customers \ud83d\ude42\ud83d\ude01&lt;/p&gt;\n\n&lt;p&gt;Still exploring multiple paths through internal and external advisors.&lt;/p&gt;\n\n&lt;p&gt;Laser focused on maximizing company value by reconnecting with customers and positioning Bed Bath, Buy Buy Baby and Harmon for future success!! \ud83e\udd42\ud83c\udf7b&lt;/p&gt;\n&lt;/div&gt;&lt;!-- SC_ON --&gt;", "send_replies": true, "spoiler": false, "stickied": false, "subreddit": "BBBY", "subreddit_id": "t5_3q5hel", "subreddit_name_prefixed": "r/BBBY", "subreddit_subscribers": 52099, "subreddit_type": "public", "suggested_sort": null, "thumbnail": "self", "thumbnail_height": null, "thumbnail_width": null, "title": "This earnings call is!! \ud83d\udd25\ud83c\udf89\ud83d\udc9c", "top_awarded_type": null, "total_awards_received": 4, "treatment_tags": [], "ups": 1151, "upvote_ratio": 0.89, "url": "https://www.reddit.com/r/BBBY/comments/1089s3m/this_earnings_call_is/", "user_reports": [], "view_count": null, "visited": false, "whitelist_status": null, "wls": null}], "discussion_type": null, "distinguished": null, "domain": "self.BBBY", "edited": false, "gilded": 0, "gildings": {}, "hidden": false, "hide_score": false, "id": "108ctsp", "is_created_from_ads_ui": false, "is_crosspostable": true, "is_meta": false, "is_original_content": false, "is_reddit_media_domain": false, "is_robot_indexable": true, "is_self": false, "is_video": false, "link_flair_background_color": "", "link_flair_css_class": null, "link_flair_richtext": [], "link_flair_text": null, "link_flair_text_color": "dark", "link_flair_type": "text", "locked": false, "media": null, "media_embed": {}, "media_only": false, "name": "t3_108ctsp", "no_follow": false, "num_comments": 7, "num_crossposts": 0, "over_18": false, "parent_whitelist_status": null, "permalink": "/r/ThePPShow/comments/108ctsp/this_earnings_call_is/", "pinned": false, "pwls": null, "quarantine": false, "removed_by": null, "removed_by_category": null, "retrieved_on": 1676243134, "score": 13, "secure_media": null, "secure_media_embed": {}, "selftext": "", "send_replies": false, "spoiler": false, "stickied": false, "subreddit": "ThePPShow", "subreddit_id": "t5_7q5o7y", "subreddit_name_prefixed": "r/ThePPShow", "subreddit_subscribers": 329, "subreddit_type": "public", "suggested_sort": null, "thumbnail": "default", "thumbnail_height": null, "thumbnail_width": null, "title": "This earnings call is!! \ud83d\udd25\ud83c\udf89\ud83d\udc9c", "top_awarded_type": null, "total_awards_received": 0, "treatment_tags": [], "upvote_ratio": 0.89, "url": "/r/BBBY/comments/1089s3m/this_earnings_call_is/", "url_overridden_by_dest": "/r/BBBY/comments/1089s3m/this_earnings_call_is/", "view_count": null, "whitelist_status": null, "wls": null}], "metadata": {"op_a": 57, "op_b": 49, "total": 108}, "error": null}